timestamp_utc,guild_id,guild_name,user_id,username,created_at_utc,joined_at_utc,account_age_days,has_avatar,suspicion_score,reasons,action_taken,label
2024-06-01T00:00:00,1234567890,Community Hub,335129414373,free_followers_now,2024-02-29T00:00:00,2024-02-29T00:00:00,93,0,0.7001014342632552,"dormant_bot,pattern_mismatch",flagged,1
2024-06-01T00:00:00,1234567890,Community Hub,110877822431,sarah_smith,2021-11-19T00:00:00,2022-11-20T00:00:00,925,1,0.19863813054943144,,none,0
2024-06-01T00:00:00,1234567890,Community Hub,814094402143,q7w8e9r0t1y2,2024-05-02T00:00:00,2024-05-02T07:00:00,30,0,0.8181849320508061,"suspicious_username,no_avatar",warned,1
2024-06-01T00:00:00,1234567890,Community Hub,601698742108,chris_builds,2018-09-28T00:00:00,2020-01-27T00:00:00,2073,1,0.009273642563571938,,none,0
2024-06-01T00:00:00,1234567890,Community Hub,234807578624,a8f7d3k9p2,2024-05-26T00:00:00,2024-05-26T00:00:00,6,0,0.8916565745764825,"new_account,no_avatar,rapid_join",flagged,1
2024-06-01T00:00:00,1234567890,Community Hub,119594908565,follow_back_101,2024-05-30T00:00:00,2024-05-30T00:00:00,2,0,0.8407110896181124,"new_account,no_avatar,rapid_join",flagged,1
2024-06-01T00:00:00,1234567890,Community Hub,875304877722,tom_techie,2021-07-05T00:00:00,2022-04-14T00:00:00,1062,1,0.06562782476403012,,none,0
2024-06-01T00:00:00,1234567890,Community Hub,793060460480,bot_account_7,2024-03-20T00:00:00,2024-03-20T00:00:00,73,0,0.7790950471159382,"dormant_bot,pattern_mismatch",flagged,1
2024-06-01T00:00:00,1234567890,Community Hub,199696939309,emma.j,2017-12-27T00:00:00,2018-06-02T00:00:00,2348,1,0.040956768103994734,,none,0
2024-06-01T00:00:00,1234567890,Community Hub,745019083261,9182736450,2024-05-31T00:00:00,2024-05-31T00:00:00,1,0,0.9622520313779404,"new_account,no_avatar,rapid_join",flagged,1
2024-06-01T00:00:00,1234567890,Community Hub,127013987177,journeys_with_kai,2018-03-03T00:00:00,2018-09-30T00:00:00,2282,1,0.22659416810666935,,none,0
2024-06-01T00:00:00,1234567890,Community Hub,808244289979,airdrop_winner99,2024-05-29T00:00:00,2024-05-29T00:00:00,3,0,0.8453588641227405,"new_account,no_avatar,rapid_join",flagged,1
2024-06-01T00:00:00,1234567890,Community Hub,184944130794,free_followers_now,2024-05-30T00:00:00,2024-05-30T00:00:00,2,0,0.7847975642311444,"new_account,no_avatar,rapid_join",flagged,1
2024-06-01T00:00:00,1234567890,Community Hub,830717827080,the_real_sam,2021-11-28T00:00:00,2023-01-05T00:00:00,916,1,0.08855989573914042,,none,0
2024-06-01T00:00:00,1234567890,Community Hub,208142309372,b.scott.official,2021-07-13T00:00:00,2021-08-03T00:00:00,1054,1,0.028604573872742678,,none,0
2024-06-01T00:00:00,1234567890,Community Hub,487905571789,fit_jessica,2023-05-10T00:00:00,2023-05-11T00:00:00,388,1,0.034685659636265104,,none,0
2024-06-01T00:00:00,1234567890,Community Hub,762299766103,code_master,2019-11-17T00:00:00,2020-01-14T00:00:00,1658,1,0.23462237542750228,,none,0
2024-06-01T00:00:00,1234567890,Community Hub,656486068932,paul_runs,2018-08-23T00:00:00,2019-01-21T00:00:00,2109,1,0.07643140426427877,,none,0
2024-06-01T00:00:00,1234567890,Community Hub,756618780799,user8374629,2024-04-27T00:00:00,2024-04-27T16:00:00,35,0,0.7403163714225331,"suspicious_username,no_avatar",warned,1
2024-06-01T00:00:00,1234567890,Community Hub,372011408300,9182736450,2023-12-06T00:00:00,2023-12-06T00:00:00,178,0,0.8443930809598524,"dormant_bot,pattern_mismatch",flagged,1
2024-06-01T00:00:00,1234567890,Community Hub,742752451209,mike_2023,2023-06-28T00:00:00,2023-11-25T00:00:00,339,1,0.13837758260241942,,none,0
2024-06-01T00:00:00,1234567890,Community Hub,120158741091,get_rich_88,2024-05-17T00:00:00,2024-05-18T04:00:00,15,0,0.7990244504364534,"suspicious_username,no_avatar",warned,1
2024-06-01T00:00:00,1234567890,Community Hub,582073040635,real_human_01234,2023-12-17T00:00:00,2023-12-17T00:00:00,167,0,0.70794618982452,"dormant_bot,pattern_mismatch",flagged,1
2024-06-01T00:00:00,1234567890,Community Hub,269832784903,earn_fast_2024,2024-05-27T00:00:00,2024-05-27T00:00:00,5,0,0.9859464214925435,"new_account,no_avatar,rapid_join",flagged,1
2024-06-01T00:00:00,1234567890,Community Hub,831458414465,free_follower_bot,2024-02-20T00:00:00,2024-02-20T00:00:00,102,0,0.7643817010484011,"dormant_bot,pattern_mismatch",flagged,1
2024-06-01T00:00:00,1234567890,Community Hub,737310053841,code_master,2022-04-08T00:00:00,2023-01-15T00:00:00,785,1,0.1123605490796353,,none,0
2024-06-01T00:00:00,1234567890,Community Hub,392919910060,zz_promo_zz,2024-06-01T00:00:00,2024-06-01T00:00:00,0,0,0.8814795910198326,"new_account,no_avatar,rapid_join",flagged,1
2024-06-01T00:00:00,1234567890,Community Hub,823106470123,grace_beauty,2018-11-29T00:00:00,2020-01-06T00:00:00,2011,1,0.00720553684007455,,none,0
2024-06-01T00:00:00,1234567890,Community Hub,425891992682,chris_builds,2018-10-16T00:00:00,2018-12-13T00:00:00,2055,1,0.17829790169494594,,none,0
2024-06-01T00:00:00,1234567890,Community Hub,458208811958,dev_pete,2021-12-27T00:00:00,2022-07-18T00:00:00,887,1,0.06749189742915512,,none,0
2024-06-01T00:00:00,1234567890,Community Hub,583582158001,fit_jessica,2020-02-05T00:00:00,2020-05-09T00:00:00,1578,1,0.017287251686218613,,none,0
2024-06-01T00:00:00,1234567890,Community Hub,209337248333,daniel_f,2023-04-01T00:00:00,2023-07-12T00:00:00,427,1,0.15627347600500713,,none,0
2024-06-01T00:00:00,1234567890,Community Hub,461602415839,tom_techie,2022-02-01T00:00:00,2022-06-09T00:00:00,851,1,0.24511783295847628,,none,0
2024-06-01T00:00:00,1234567890,Community Hub,444774500875,b.scott.official,2018-10-27T00:00:00,2019-02-03T00:00:00,2044,1,0.01954717397790079,,none,0
2024-06-01T00:00:00,1234567890,Community Hub,812820707767,a8f7d3k9p2,2024-05-27T00:00:00,2024-05-27T00:00:00,5,0,0.9991819395259619,"new_account,no_avatar,rapid_join",flagged,1
2024-06-01T00:00:00,1234567890,Community Hub,450876397175,lisa_writes,2023-05-15T00:00:00,2023-06-14T00:00:00,383,1,0.03211681760840518,,none,0
2024-06-01T00:00:00,1234567890,Community Hub,981873573407,crypto_king_9999,2024-05-18T00:00:00,2024-05-18T02:00:00,14,0,0.7013775274363044,"suspicious_username,no_avatar",warned,1
2024-06-01T00:00:00,1234567890,Community Hub,942665482643,real_human_01234,2024-06-01T00:00:00,2024-06-01T00:00:00,0,0,0.8491767728612875,"new_account,no_avatar,rapid_join",flagged,1
2024-06-01T00:00:00,1234567890,Community Hub,638497168108,bot_account_7,2024-05-26T00:00:00,2024-05-26T00:00:00,6,0,0.8124190810947611,"new_account,no_avatar,rapid_join",flagged,1
2024-06-01T00:00:00,1234567890,Community Hub,176580113262,emma.j,2019-01-08T00:00:00,2019-01-17T00:00:00,1971,1,0.08171857189221618,,none,0
2024-06-01T00:00:00,1234567890,Community Hub,172075463290,amy_joy,2019-11-11T00:00:00,2020-10-21T00:00:00,1664,1,0.0803903657780495,,none,0
2024-06-01T00:00:00,1234567890,Community Hub,102556008718,9182736450,2024-03-17T00:00:00,2024-03-17T00:00:00,76,0,0.6220906133685706,"dormant_bot,pattern_mismatch",flagged,1
2024-06-01T00:00:00,1234567890,Community Hub,539751891769,lena_captures,2018-09-05T00:00:00,2018-12-08T00:00:00,2096,1,0.14213606841388265,,none,0
2024-06-01T00:00:00,1234567890,Community Hub,302193788068,lena_captures,2019-05-16T00:00:00,2019-12-13T00:00:00,1843,1,0.08728820673709481,,none,0
2024-06-01T00:00:00,1234567890,Community Hub,663436789786,a8f7d3k9p2,2024-05-15T00:00:00,2024-05-16T14:00:00,17,0,0.6097853433919355,"suspicious_username,no_avatar",warned,1
2024-06-01T00:00:00,1234567890,Community Hub,218827260927,the_real_sam,2022-02-11T00:00:00,2023-02-07T00:00:00,841,1,0.21270393257284068,,none,0
2024-06-01T00:00:00,1234567890,Community Hub,191444950904,b.scott.official,2018-09-19T00:00:00,2019-04-29T00:00:00,2082,1,0.015895843686447808,,none,0
2024-06-01T00:00:00,1234567890,Community Hub,492141405906,lisa_writes,2018-05-16T00:00:00,2019-03-30T00:00:00,2208,1,0.1999950001622066,,none,0
2024-06-01T00:00:00,1234567890,Community Hub,991971819963,mike_2023,2018-02-11T00:00:00,2018-10-01T00:00:00,2302,1,0.037473858872906995,,none,0
2024-06-01T00:00:00,1234567890,Community Hub,637131023563,crypto_king_9999,2024-04-18T00:00:00,2024-04-18T16:00:00,44,0,0.7126775418650193,"suspicious_username,no_avatar",warned,1
2024-06-01T00:00:00,1234567890,Community Hub,617593455278,free_follower_bot,2024-04-21T00:00:00,2024-04-22T21:00:00,41,0,0.6060730973826184,"suspicious_username,no_avatar",warned,1
2024-06-01T00:00:00,1234567890,Community Hub,687278954327,lisa_writes,2022-11-02T00:00:00,2023-03-03T00:00:00,577,1,0.11775468289141358,,none,0
2024-06-01T00:00:00,1234567890,Community Hub,436491516323,free_followers_now,2024-05-07T00:00:00,2024-05-08T16:00:00,25,0,0.5995784873483816,"suspicious_username,no_avatar",warned,1
2024-06-01T00:00:00,1234567890,Community Hub,630524369620,sarah_smith,2018-09-26T00:00:00,2019-07-12T00:00:00,2075,1,0.05669674242211631,,none,0
2024-06-01T00:00:00,1234567890,Community Hub,659993243779,mindful_maya,2020-06-10T00:00:00,2021-08-27T00:00:00,1452,1,0.22195546928465812,,none,0
2024-06-01T00:00:00,1234567890,Community Hub,724874771584,99882736450,2024-02-10T00:00:00,2024-02-10T00:00:00,112,0,0.7915207541258433,"dormant_bot,pattern_mismatch",flagged,1
2024-06-01T00:00:00,1234567890,Community Hub,331172841557,free_follower_bot,2024-05-27T00:00:00,2024-05-27T00:00:00,5,0,0.9912123033452597,"new_account,no_avatar,rapid_join",flagged,1
2024-06-01T00:00:00,1234567890,Community Hub,746339744421,tradebot_fx,2024-02-11T00:00:00,2024-02-11T00:00:00,111,0,0.7894184888220156,"dormant_bot,pattern_mismatch",flagged,1
2024-06-01T00:00:00,1234567890,Community Hub,542270321464,acc29471838,2024-05-28T00:00:00,2024-05-28T00:00:00,4,0,0.7094472764464944,"new_account,no_avatar,rapid_join",flagged,1
2024-06-01T00:00:00,1234567890,Community Hub,915857514365,john_doe,2021-09-12T00:00:00,2022-03-23T00:00:00,993,1,0.11138691473364593,,none,0
2024-06-01T00:00:00,1234567890,Community Hub,410418786881,crypto_king_9999,2024-05-09T00:00:00,2024-05-09T13:00:00,23,0,0.8083339032662882,"suspicious_username,no_avatar",warned,1
2024-06-01T00:00:00,1234567890,Community Hub,227217790500,photo_by_anna,2017-11-28T00:00:00,2018-03-04T00:00:00,2377,1,0.17743265838894898,,none,0
2024-06-01T00:00:00,1234567890,Community Hub,303533533148,acc29471838,2024-05-19T00:00:00,2024-05-19T19:00:00,13,0,0.6529101268486195,"suspicious_username,no_avatar",warned,1
2024-06-01T00:00:00,1234567890,Community Hub,150217075011,bot_account_7,2024-05-31T00:00:00,2024-05-31T00:00:00,1,0,0.9359081677358158,"new_account,no_avatar,rapid_join",flagged,1
2024-06-01T00:00:00,1234567890,Community Hub,585596994986,crypto_king_9999,2023-12-26T00:00:00,2023-12-26T00:00:00,158,0,0.8300878656068081,"dormant_bot,pattern_mismatch",flagged,1
2024-06-01T00:00:00,1234567890,Community Hub,977216512629,xXx_profit_xXx,2023-12-13T00:00:00,2023-12-13T00:00:00,171,0,0.765600264678187,"dormant_bot,pattern_mismatch",flagged,1
2024-06-01T00:00:00,1234567890,Community Hub,751254604567,photo_by_anna,2019-06-27T00:00:00,2019-12-20T00:00:00,1801,1,0.0749339854136177,,none,0
2024-06-01T00:00:00,1234567890,Community Hub,561932672790,99882736450,2024-05-15T00:00:00,2024-05-16T02:00:00,17,0,0.8511863816575359,"suspicious_username,no_avatar",warned,1
2024-06-01T00:00:00,1234567890,Community Hub,727527145456,amy_joy,2023-08-28T00:00:00,2023-09-24T00:00:00,278,1,0.08169734890441929,,none,0
2024-06-01T00:00:00,1234567890,Community Hub,766007103200,9182736450,2024-05-16T00:00:00,2024-05-16T23:00:00,16,0,0.8582190220680523,"suspicious_username,no_avatar",warned,1
2024-06-01T00:00:00,1234567890,Community Hub,800759626339,9182736450,2024-05-09T00:00:00,2024-05-10T19:00:00,23,0,0.7400741186851033,"suspicious_username,no_avatar",warned,1
2024-06-01T00:00:00,1234567890,Community Hub,425669694744,chris_builds,2022-02-07T00:00:00,2022-11-22T00:00:00,845,1,0.24460649809245252,,none,0
2024-06-01T00:00:00,1234567890,Community Hub,992309901343,q7w8e9r0t1y2,2024-04-26T00:00:00,2024-04-26T14:00:00,36,0,0.7512228303483925,"suspicious_username,no_avatar",warned,1
2024-06-01T00:00:00,1234567890,Community Hub,507689634843,crypto_king_9999,2024-05-26T00:00:00,2024-05-26T00:00:00,6,0,0.9228402709477506,"new_account,no_avatar,rapid_join",flagged,1
2024-06-01T00:00:00,1234567890,Community Hub,264577063036,grace_beauty,2022-01-01T00:00:00,2022-10-23T00:00:00,882,1,0.2349589848906671,,none,0
2024-06-01T00:00:00,1234567890,Community Hub,857175336245,daniel_f,2023-05-16T00:00:00,2023-11-13T00:00:00,382,1,0.14035395123701816,,none,0
2024-06-01T00:00:00,1234567890,Community Hub,366276148603,zz_promo_zz,2024-05-15T00:00:00,2024-05-15T23:00:00,17,0,0.8047788489079788,"suspicious_username,no_avatar",warned,1
2024-06-01T00:00:00,1234567890,Community Hub,161665680627,botanist_beth,2022-03-27T00:00:00,2022-05-28T00:00:00,797,1,0.21090902927887456,,none,0
2024-06-01T00:00:00,1234567890,Community Hub,620003131538,botanist_beth,2017-08-02T00:00:00,2018-11-18T00:00:00,2495,1,0.0894692569653601,,none,0
2024-06-01T00:00:00,1234567890,Community Hub,309538419193,1234567890ab,2024-02-04T00:00:00,2024-02-04T00:00:00,118,0,0.6405594245108087,"dormant_bot,pattern_mismatch",flagged,1
2024-06-01T00:00:00,1234567890,Community Hub,899316976208,lisa_writes,2019-09-06T00:00:00,2020-03-11T00:00:00,1730,1,0.0647075237016114,,none,0
2024-06-01T00:00:00,1234567890,Community Hub,625857221759,emma.j,2020-11-23T00:00:00,2021-06-10T00:00:00,1286,1,0.06699230473661505,,none,0
2024-06-01T00:00:00,1234567890,Community Hub,680950352900,earn_fast_2024,2024-04-26T00:00:00,2024-04-26T20:00:00,36,0,0.564902279530294,"suspicious_username,no_avatar",warned,1
2024-06-01T00:00:00,1234567890,Community Hub,359548910842,real_human_01234,2024-05-01T00:00:00,2024-05-01T00:00:00,31,0,0.5076824220576661,"suspicious_username,no_avatar",warned,1
2024-06-01T00:00:00,1234567890,Community Hub,804540618082,user8374629,2024-01-10T00:00:00,2024-01-10T00:00:00,143,0,0.679435538344608,"dormant_bot,pattern_mismatch",flagged,1
2024-06-01T00:00:00,1234567890,Community Hub,572196645340,q7w8e9r0t1y2,2024-05-23T00:00:00,2024-05-24T10:00:00,9,0,0.6865736873552009,"suspicious_username,no_avatar",warned,1
2024-06-01T00:00:00,1234567890,Community Hub,532314420131,user8374629,2024-04-24T00:00:00,2024-04-24T00:00:00,38,0,0.6060514512617783,"dormant_bot,pattern_mismatch",flagged,1
2024-06-01T00:00:00,1234567890,Community Hub,367797130788,journeys_with_kai,2020-03-25T00:00:00,2020-04-14T00:00:00,1529,1,0.09918291935176685,,none,0
2024-06-01T00:00:00,1234567890,Community Hub,359143244940,the_real_sam,2022-06-27T00:00:00,2022-10-26T00:00:00,705,1,0.12442968155697903,,none,0
2024-06-01T00:00:00,1234567890,Community Hub,751064013120,follow_back_101,2024-05-18T00:00:00,2024-05-18T23:00:00,14,0,0.7625725310471905,"suspicious_username,no_avatar",warned,1
2024-06-01T00:00:00,1234567890,Community Hub,770122008291,nft_dropper_69,2024-05-19T00:00:00,2024-05-20T20:00:00,13,0,0.8377746209601062,"suspicious_username,no_avatar",warned,1
2024-06-01T00:00:00,1234567890,Community Hub,467886526287,xXx_profit_xXx,2023-12-11T00:00:00,2023-12-11T00:00:00,173,0,0.5683343720081021,"dormant_bot,pattern_mismatch",flagged,1
2024-06-01T00:00:00,1234567890,Community Hub,916026848276,everyday_elena,2017-11-10T00:00:00,2018-11-03T00:00:00,2395,1,0.17546483439993119,,none,0
2024-06-01T00:00:00,1234567890,Community Hub,983427982237,grace_beauty,2018-11-15T00:00:00,2020-01-06T00:00:00,2025,1,0.06851413975267673,,none,0
2024-06-01T00:00:00,1234567890,Community Hub,687978654382,9182736450,2024-03-19T00:00:00,2024-03-19T00:00:00,74,0,0.6341326205624507,"dormant_bot,pattern_mismatch",flagged,1
2024-06-01T00:00:00,1234567890,Community Hub,321335772121,earn_fast_2024,2024-04-15T00:00:00,2024-04-15T00:00:00,47,0,0.6625551342267626,"dormant_bot,pattern_mismatch",flagged,1
2024-06-01T00:00:00,1234567890,Community Hub,841224020898,grace_beauty,2018-06-13T00:00:00,2018-08-03T00:00:00,2180,1,0.18439017295002708,,none,0
2024-06-01T00:00:00,1234567890,Community Hub,270433982974,airdrop_winner99,2024-05-29T00:00:00,2024-05-29T00:00:00,3,0,0.7985586962422772,"new_account,no_avatar,rapid_join",flagged,1
2024-06-01T00:00:00,1234567890,Community Hub,710528777111,q7w8e9r0t1y2,2024-04-29T00:00:00,2024-04-30T07:00:00,33,0,0.6762324825713091,"suspicious_username,no_avatar",warned,1
2024-06-01T00:00:00,1234567890,Community Hub,150235950134,q7w8e9r0t1y2,2024-03-04T00:00:00,2024-03-04T00:00:00,89,0,0.6899561810611989,"dormant_bot,pattern_mismatch",flagged,1
2024-06-01T00:00:00,1234567890,Community Hub,875607630133,john_doe,2018-12-14T00:00:00,2018-12-30T00:00:00,1996,1,0.14631418314010947,,none,0
2024-06-01T00:00:00,1234567890,Community Hub,139003297552,lisa_writes,2021-09-13T00:00:00,2022-12-10T00:00:00,992,1,0.06609527685184324,,none,0
2024-06-01T00:00:00,1234567890,Community Hub,737448420993,b.scott.official,2018-01-22T00:00:00,2019-03-21T00:00:00,2322,1,0.11353977402938498,,none,0
2024-06-01T00:00:00,1234567890,Community Hub,628711686529,free_follower_bot,2024-04-26T00:00:00,2024-04-27T18:00:00,36,0,0.7653780831670114,"suspicious_username,no_avatar",warned,1
2024-06-01T00:00:00,1234567890,Community Hub,950390857987,chris_builds,2022-02-28T00:00:00,2022-11-06T00:00:00,824,1,0.017242814330153317,,none,0
2024-06-01T00:00:00,1234567890,Community Hub,147330605707,amy_joy,2021-04-27T00:00:00,2022-04-04T00:00:00,1131,1,0.19603691808931875,,none,0
2024-06-01T00:00:00,1234567890,Community Hub,149877901908,everyday_elena,2021-03-18T00:00:00,2021-05-23T00:00:00,1171,1,0.10058810198662071,,none,0
2024-06-01T00:00:00,1234567890,Community Hub,607960309596,daniel_f,2022-04-10T00:00:00,2022-06-02T00:00:00,783,1,0.19312229787132296,,none,0
2024-06-01T00:00:00,1234567890,Community Hub,841537861248,sarah_smith,2018-02-17T00:00:00,2019-06-24T00:00:00,2296,1,0.14300482568032255,,none,0
2024-06-01T00:00:00,1234567890,Community Hub,564952559035,tom_techie,2020-07-19T00:00:00,2021-05-10T00:00:00,1413,1,0.16732385107686293,,none,0
2024-06-01T00:00:00,1234567890,Community Hub,688883344228,sarah_smith,2019-03-08T00:00:00,2020-04-19T00:00:00,1912,1,0.2407007750248063,,none,0
2024-06-01T00:00:00,1234567890,Community Hub,641505478484,1234567890ab,2024-05-04T00:00:00,2024-05-04T18:00:00,28,0,0.7262602326951526,"suspicious_username,no_avatar",warned,1
2024-06-01T00:00:00,1234567890,Community Hub,493689008298,99882736450,2024-05-26T00:00:00,2024-05-26T00:00:00,6,0,0.7828189283831916,"new_account,no_avatar,rapid_join",flagged,1
2024-06-01T00:00:00,1234567890,Community Hub,853617105954,free_follower_bot,2024-03-04T00:00:00,2024-03-04T00:00:00,89,0,0.8336514128194519,"dormant_bot,pattern_mismatch",flagged,1
2024-06-01T00:00:00,1234567890,Community Hub,340413140954,alex_travel,2017-08-16T00:00:00,2018-06-25T00:00:00,2481,1,0.2428015934522505,,none,0
2024-06-01T00:00:00,1234567890,Community Hub,971593879611,creative_dan,2017-09-07T00:00:00,2018-07-30T00:00:00,2459,1,0.13816723421922797,,none,0
2024-06-01T00:00:00,1234567890,Community Hub,896240526803,tradebot_fx,2024-05-31T00:00:00,2024-05-31T00:00:00,1,0,0.8656399988309529,"new_account,no_avatar,rapid_join",flagged,1
2024-06-01T00:00:00,1234567890,Community Hub,149619632930,mike_2023,2018-08-26T00:00:00,2018-10-21T00:00:00,2106,1,0.10235993284549216,,none,0
2024-06-01T00:00:00,1234567890,Community Hub,406591419268,grace_beauty,2017-09-22T00:00:00,2018-12-28T00:00:00,2444,1,0.021136462989754495,,none,0
2024-06-01T00:00:00,1234567890,Community Hub,513307675294,99882736450,2024-05-03T00:00:00,2024-05-03T19:00:00,29,0,0.8309212206720894,"suspicious_username,no_avatar",warned,1
2024-06-01T00:00:00,1234567890,Community Hub,301726693517,tradebot_fx,2024-03-16T00:00:00,2024-03-16T00:00:00,77,0,0.8280104758842661,"dormant_bot,pattern_mismatch",flagged,1
2024-06-01T00:00:00,1234567890,Community Hub,137837097682,zz_promo_zz,2024-05-28T00:00:00,2024-05-28T00:00:00,4,0,0.848889014384046,"new_account,no_avatar,rapid_join",flagged,1
2024-06-01T00:00:00,1234567890,Community Hub,177721541072,99882736450,2024-05-29T00:00:00,2024-05-29T00:00:00,3,0,0.7798902869294837,"new_account,no_avatar,rapid_join",flagged,1
2024-06-01T00:00:00,1234567890,Community Hub,868305929790,emma.j,2022-04-20T00:00:00,2023-01-04T00:00:00,773,1,0.03720493397917951,,none,0
2024-06-01T00:00:00,1234567890,Community Hub,164612439473,creative_dan,2021-06-15T00:00:00,2022-07-25T00:00:00,1082,1,0.23917055038355747,,none,0
2024-06-01T00:00:00,1234567890,Community Hub,925515746970,q7w8e9r0t1y2,2024-04-30T00:00:00,2024-05-01T12:00:00,32,0,0.7718547174974856,"suspicious_username,no_avatar",warned,1
2024-06-01T00:00:00,1234567890,Community Hub,609844024934,sarah_smith,2020-04-06T00:00:00,2021-01-16T00:00:00,1517,1,0.020265445736229792,,none,0
2024-06-01T00:00:00,1234567890,Community Hub,735048187251,grace_beauty,2018-10-28T00:00:00,2019-11-21T00:00:00,2043,1,0.08052801085711389,,none,0
2024-06-01T00:00:00,1234567890,Community Hub,544837513226,get_rich_88,2024-05-27T00:00:00,2024-05-27T00:00:00,5,0,0.8005197097166344,"new_account,no_avatar,rapid_join",flagged,1
2024-06-01T00:00:00,1234567890,Community Hub,111321054624,code_master,2023-05-17T00:00:00,2023-11-03T00:00:00,381,1,0.1609187142134741,,none,0
2024-06-01T00:00:00,1234567890,Community Hub,158428070938,get_rich_88,2024-02-07T00:00:00,2024-02-07T00:00:00,115,0,0.738373803092837,"dormant_bot,pattern_mismatch",flagged,1
2024-06-01T00:00:00,1234567890,Community Hub,336426918737,real_human_01234,2024-04-14T00:00:00,2024-04-14T00:00:00,48,0,0.7662186216132253,"dormant_bot,pattern_mismatch",flagged,1
2024-06-01T00:00:00,1234567890,Community Hub,789395252395,journeys_with_kai,2022-07-17T00:00:00,2023-05-01T00:00:00,685,1,0.09456409859994314,,none,0
2024-06-01T00:00:00,1234567890,Community Hub,908476202436,grace_beauty,2022-03-19T00:00:00,2022-10-02T00:00:00,805,1,0.22431390607812093,,none,0
2024-06-01T00:00:00,1234567890,Community Hub,882542251836,paul_runs,2018-01-01T00:00:00,2018-11-21T00:00:00,2343,1,0.0459275448961384,,none,0
2024-06-01T00:00:00,1234567890,Community Hub,452353476430,1234567890ab,2024-05-30T00:00:00,2024-05-30T00:00:00,2,0,0.9990921309217237,"new_account,no_avatar,rapid_join",flagged,1
2024-06-01T00:00:00,1234567890,Community Hub,841955161096,airdrop_winner99,2024-04-01T00:00:00,2024-04-01T00:00:00,61,0,0.7785327051231621,"dormant_bot,pattern_mismatch",flagged,1
2024-06-01T00:00:00,1234567890,Community Hub,632245357567,9182736450,2024-01-16T00:00:00,2024-01-16T00:00:00,137,0,0.8491326226910075,"dormant_bot,pattern_mismatch",flagged,1
2024-06-01T00:00:00,1234567890,Community Hub,953561732690,tradebot_fx,2023-12-09T00:00:00,2023-12-09T00:00:00,175,0,0.5552938939831649,"dormant_bot,pattern_mismatch",flagged,1
2024-06-01T00:00:00,1234567890,Community Hub,969840894751,get_rich_88,2024-05-07T00:00:00,2024-05-08T13:00:00,25,0,0.6157769443523715,"suspicious_username,no_avatar",warned,1
2024-06-01T00:00:00,1234567890,Community Hub,611987873454,1234567890ab,2024-05-29T00:00:00,2024-05-29T00:00:00,3,0,0.7629227778429118,"new_account,no_avatar,rapid_join",flagged,1
2024-06-01T00:00:00,1234567890,Community Hub,809078920445,chris_builds,2018-05-15T00:00:00,2019-07-27T00:00:00,2209,1,0.07159773668203864,,none,0
2024-06-01T00:00:00,1234567890,Community Hub,873418826720,nft_dropper_69,2024-03-02T00:00:00,2024-03-02T00:00:00,91,0,0.7691909457085147,"dormant_bot,pattern_mismatch",flagged,1
2024-06-01T00:00:00,1234567890,Community Hub,455854549516,photo_by_anna,2018-07-15T00:00:00,2019-01-30T00:00:00,2148,1,0.026521008715876065,,none,0
2024-06-01T00:00:00,1234567890,Community Hub,262987147221,free_follower_bot,2024-05-12T00:00:00,2024-05-12T11:00:00,20,0,0.5836639067385911,"suspicious_username,no_avatar",warned,1
2024-06-01T00:00:00,1234567890,Community Hub,952291572630,nina_art,2020-01-05T00:00:00,2021-02-17T00:00:00,1609,1,0.19788956540869068,,none,0
2024-06-01T00:00:00,1234567890,Community Hub,366425539422,daniel_f,2019-08-15T00:00:00,2020-05-28T00:00:00,1752,1,0.025531369598065623,,none,0
2024-06-01T00:00:00,1234567890,Community Hub,345423141975,zz_promo_zz,2024-05-26T00:00:00,2024-05-26T00:00:00,6,0,0.8859562068250207,"new_account,no_avatar,rapid_join",flagged,1
2024-06-01T00:00:00,1234567890,Community Hub,358751448565,sarah_smith,2018-12-04T00:00:00,2019-08-08T00:00:00,2006,1,0.21737284327788808,,none,0
2024-06-01T00:00:00,1234567890,Community Hub,891976101669,dev_pete,2020-07-17T00:00:00,2021-06-05T00:00:00,1415,1,0.11514316269068786,,none,0
2024-06-01T00:00:00,1234567890,Community Hub,851546735669,xXx_profit_xXx,2024-04-17T00:00:00,2024-04-17T00:00:00,45,0,0.6746141521995994,"dormant_bot,pattern_mismatch",flagged,1
2024-06-01T00:00:00,1234567890,Community Hub,966575890981,mark_adventure,2022-09-16T00:00:00,2023-01-17T00:00:00,624,1,0.17426753505721482,,none,0
2024-06-01T00:00:00,1234567890,Community Hub,358287520937,everyday_elena,2022-02-16T00:00:00,2022-09-06T00:00:00,836,1,0.18156128691980472,,none,0
2024-06-01T00:00:00,1234567890,Community Hub,370555979600,free_followers_now,2024-05-27T00:00:00,2024-05-27T00:00:00,5,0,0.9164747919929305,"new_account,no_avatar,rapid_join",flagged,1
2024-06-01T00:00:00,1234567890,Community Hub,881313264920,amy_joy,2018-02-07T00:00:00,2018-03-16T00:00:00,2306,1,0.23295175012574,,none,0
2024-06-01T00:00:00,1234567890,Community Hub,259134444721,chef_marco,2021-06-19T00:00:00,2022-10-01T00:00:00,1078,1,0.15968148663365636,,none,0
2024-06-01T00:00:00,1234567890,Community Hub,198620790670,botanist_beth,2020-09-22T00:00:00,2020-10-08T00:00:00,1348,1,0.1902201035113407,,none,0
2024-06-01T00:00:00,1234567890,Community Hub,823903761957,acc29471838,2024-03-01T00:00:00,2024-03-01T00:00:00,92,0,0.6432569907930673,"dormant_bot,pattern_mismatch",flagged,1
2024-06-01T00:00:00,1234567890,Community Hub,116202524336,code_master,2020-07-16T00:00:00,2021-04-23T00:00:00,1416,1,0.08656690751276608,,none,0
2024-06-01T00:00:00,1234567890,Community Hub,209947166205,crypto_king_9999,2024-05-19T00:00:00,2024-05-20T11:00:00,13,0,0.8261570050054796,"suspicious_username,no_avatar",warned,1
2024-06-01T00:00:00,1234567890,Community Hub,195188994600,paul_runs,2018-11-16T00:00:00,2019-12-15T00:00:00,2024,1,0.16836973799616659,,none,0
2024-06-01T00:00:00,1234567890,Community Hub,935140835539,john_doe,2023-03-11T00:00:00,2023-10-15T00:00:00,448,1,0.11293317388975027,,none,0
2024-06-01T00:00:00,1234567890,Community Hub,599499981379,paul_runs,2021-03-01T00:00:00,2021-09-21T00:00:00,1188,1,0.15878355724039359,,none,0
2024-06-01T00:00:00,1234567890,Community Hub,186626600940,xXx_profit_xXx,2024-05-29T00:00:00,2024-05-29T00:00:00,3,0,0.8058805638221433,"new_account,no_avatar,rapid_join",flagged,1
2024-06-01T00:00:00,1234567890,Community Hub,329119488519,earn_fast_2024,2024-04-10T00:00:00,2024-04-10T00:00:00,52,0,0.846154977413953,"dormant_bot,pattern_mismatch",flagged,1
2024-06-01T00:00:00,1234567890,Community Hub,930544408929,zz_promo_zz,2024-05-05T00:00:00,2024-05-05T04:00:00,27,0,0.8636599900030456,"suspicious_username,no_avatar",warned,1
2024-06-01T00:00:00,1234567890,Community Hub,215098233983,xXx_profit_xXx,2024-02-24T00:00:00,2024-02-24T00:00:00,98,0,0.7296922651160092,"dormant_bot,pattern_mismatch",flagged,1
2024-06-01T00:00:00,1234567890,Community Hub,601066730095,nft_dropper_69,2024-06-01T00:00:00,2024-06-01T00:00:00,0,0,0.7177653863689858,"new_account,no_avatar,rapid_join",flagged,1
2024-06-01T00:00:00,1234567890,Community Hub,172197281135,b.scott.official,2020-02-22T00:00:00,2021-03-14T00:00:00,1561,1,0.06864115234173992,,none,0
2024-06-01T00:00:00,1234567890,Community Hub,215142990846,99882736450,2024-04-13T00:00:00,2024-04-13T00:00:00,49,0,0.7616421851639684,"dormant_bot,pattern_mismatch",flagged,1
2024-06-01T00:00:00,1234567890,Community Hub,771089249281,xXx_profit_xXx,2024-06-01T00:00:00,2024-06-01T00:00:00,0,0,0.7102856814293005,"new_account,no_avatar,rapid_join",flagged,1
2024-06-01T00:00:00,1234567890,Community Hub,911327862939,creative_dan,2019-08-31T00:00:00,2020-09-24T00:00:00,1736,1,0.08043458482470559,,none,0
2024-06-01T00:00:00,1234567890,Community Hub,857885873999,user8374629,2024-03-14T00:00:00,2024-03-14T00:00:00,79,0,0.77494866710917,"dormant_bot,pattern_mismatch",flagged,1
2024-06-01T00:00:00,1234567890,Community Hub,853889131071,99882736450,2024-04-27T00:00:00,2024-04-27T00:00:00,35,0,0.7044714235241484,"dormant_bot,pattern_mismatch",flagged,1
2024-06-01T00:00:00,1234567890,Community Hub,227911043365,botanist_beth,2024-01-30T00:00:00,2024-01-31T00:00:00,123,1,0.07945590429813351,,none,0
2024-06-01T00:00:00,1234567890,Community Hub,630636709167,acc29471838,2024-05-27T00:00:00,2024-05-27T00:00:00,5,0,0.8477645860539886,"new_account,no_avatar,rapid_join",flagged,1
2024-06-01T00:00:00,1234567890,Community Hub,220712150733,photo_by_anna,2023-06-22T00:00:00,2023-07-13T00:00:00,345,1,0.19884672837970027,,none,0
2024-06-01T00:00:00,1234567890,Community Hub,899151004182,a8f7d3k9p2,2024-05-16T00:00:00,2024-05-16T04:00:00,16,0,0.6976061166563075,"suspicious_username,no_avatar",warned,1
2024-06-01T00:00:00,1234567890,Community Hub,508482964216,lena_captures,2023-09-21T00:00:00,2023-12-22T00:00:00,254,1,0.11815728814998211,,none,0
2024-06-01T00:00:00,1234567890,Community Hub,821263035221,follow_back_101,2024-05-04T00:00:00,2024-05-04T13:00:00,28,0,0.7978963511649447,"suspicious_username,no_avatar",warned,1
2024-06-01T00:00:00,1234567890,Community Hub,350073605112,airdrop_winner99,2024-05-29T00:00:00,2024-05-29T00:00:00,3,0,0.8663355771547191,"new_account,no_avatar,rapid_join",flagged,1
2024-06-01T00:00:00,1234567890,Community Hub,813200834855,mark_adventure,2022-05-20T00:00:00,2022-07-14T00:00:00,743,1,0.10765946655872205,,none,0
2024-06-01T00:00:00,1234567890,Community Hub,532126457486,xXx_profit_xXx,2024-01-23T00:00:00,2024-01-23T00:00:00,130,0,0.7457524568210776,"dormant_bot,pattern_mismatch",flagged,1
2024-06-01T00:00:00,1234567890,Community Hub,988682916936,crypto_king_9999,2024-06-01T00:00:00,2024-06-01T00:00:00,0,0,0.9034235251510834,"new_account,no_avatar,rapid_join",flagged,1
2024-06-01T00:00:00,1234567890,Community Hub,365019324285,paul_runs,2022-12-09T00:00:00,2023-06-25T00:00:00,540,1,0.01067072030869004,,none,0
2024-06-01T00:00:00,1234567890,Community Hub,857200026356,code_master,2023-07-10T00:00:00,2023-10-04T00:00:00,327,1,0.012627354421910791,,none,0
2024-06-01T00:00:00,1234567890,Community Hub,249875559306,q7w8e9r0t1y2,2023-12-11T00:00:00,2023-12-11T00:00:00,173,0,0.6194483070321786,"dormant_bot,pattern_mismatch",flagged,1
2024-06-01T00:00:00,1234567890,Community Hub,657813603015,a8f7d3k9p2,2024-05-11T00:00:00,2024-05-11T06:00:00,21,0,0.7359782088958291,"suspicious_username,no_avatar",warned,1
2024-06-01T00:00:00,1234567890,Community Hub,746520668171,free_followers_now,2024-06-01T00:00:00,2024-06-01T00:00:00,0,0,0.9980231814788383,"new_account,no_avatar,rapid_join",flagged,1
2024-06-01T00:00:00,1234567890,Community Hub,185796617644,free_follower_bot,2024-05-27T00:00:00,2024-05-27T00:00:00,5,0,0.9197491136571114,"new_account,no_avatar,rapid_join",flagged,1
2024-06-01T00:00:00,1234567890,Community Hub,274212272747,botanist_beth,2020-09-17T00:00:00,2021-02-18T00:00:00,1353,1,0.038344597873905234,,none,0
2024-06-01T00:00:00,1234567890,Community Hub,670882794193,nina_art,2024-01-19T00:00:00,2024-03-24T00:00:00,134,1,0.039304409717906025,,none,0
2024-06-01T00:00:00,1234567890,Community Hub,549873325927,user8374629,2024-04-30T00:00:00,2024-05-01T17:00:00,32,0,0.5462454895849833,"suspicious_username,no_avatar",warned,1
2024-06-01T00:00:00,1234567890,Community Hub,456861866858,botanist_beth,2021-10-30T00:00:00,2022-08-02T00:00:00,945,1,0.04578927399959434,,none,0
2024-06-01T00:00:00,1234567890,Community Hub,865120738272,journeys_with_kai,2021-06-11T00:00:00,2021-09-01T00:00:00,1086,1,0.24934184507356077,,none,0
2024-06-01T00:00:00,1234567890,Community Hub,191637952943,fit_jessica,2020-08-29T00:00:00,2021-07-11T00:00:00,1372,1,0.032644501639260165,,none,0
2024-06-01T00:00:00,1234567890,Community Hub,642883416126,tradebot_fx,2024-05-26T00:00:00,2024-05-26T00:00:00,6,0,0.7195668368756954,"new_account,no_avatar,rapid_join",flagged,1
2024-06-01T00:00:00,1234567890,Community Hub,460166108190,creative_dan,2018-09-28T00:00:00,2019-04-24T00:00:00,2073,1,0.015554710251557552,,none,0
2024-06-01T00:00:00,1234567890,Community Hub,162965869996,john_doe,2023-03-28T00:00:00,2023-08-07T00:00:00,431,1,0.07972556856380186,,none,0
2024-06-01T00:00:00,1234567890,Community Hub,434149176267,zz_promo_zz,2024-04-27T00:00:00,2024-04-28T05:00:00,35,0,0.7379347072774506,"suspicious_username,no_avatar",warned,1
2024-06-01T00:00:00,1234567890,Community Hub,288951699609,free_follower_bot,2023-12-28T00:00:00,2023-12-28T00:00:00,156,0,0.8203241272928796,"dormant_bot,pattern_mismatch",flagged,1
2024-06-01T00:00:00,1234567890,Community Hub,780011757029,journeys_with_kai,2018-06-04T00:00:00,2019-02-07T00:00:00,2189,1,0.1842939471528659,,none,0
2024-06-01T00:00:00,1234567890,Community Hub,735685062673,john_doe,2019-08-12T00:00:00,2020-01-18T00:00:00,1755,1,0.058552957908661774,,none,0
2024-06-01T00:00:00,1234567890,Community Hub,555924817613,lisa_writes,2024-02-14T00:00:00,2024-03-24T00:00:00,108,1,0.24117301532607538,,none,0
2024-06-01T00:00:00,1234567890,Community Hub,784719195437,emma.j,2020-01-31T00:00:00,2021-02-02T00:00:00,1583,1,0.15806626573426497,,none,0
2024-06-01T00:00:00,1234567890,Community Hub,614249357897,botanist_beth,2020-10-03T00:00:00,2021-10-26T00:00:00,1337,1,0.04265815091053993,,none,0
2024-06-01T00:00:00,1234567890,Community Hub,978731900268,1234567890ab,2024-05-14T00:00:00,2024-05-14T12:00:00,18,0,0.8680314332192295,"suspicious_username,no_avatar",warned,1
2024-06-01T00:00:00,1234567890,Community Hub,749312723506,earn_fast_2024,2024-05-22T00:00:00,2024-05-22T08:00:00,10,0,0.5550158568869747,"suspicious_username,no_avatar",warned,1
2024-06-01T00:00:00,1234567890,Community Hub,199446773459,tradebot_fx,2024-05-30T00:00:00,2024-05-30T00:00:00,2,0,0.9215709420983843,"new_account,no_avatar,rapid_join",flagged,1
2024-06-01T00:00:00,1234567890,Community Hub,330492090231,fit_jessica,2022-07-23T00:00:00,2023-06-06T00:00:00,679,1,0.16343874311919948,,none,0
2024-06-01T00:00:00,1234567890,Community Hub,835817648509,xXx_profit_xXx,2024-02-17T00:00:00,2024-02-17T00:00:00,105,0,0.6769948023100151,"dormant_bot,pattern_mismatch",flagged,1
2024-06-01T00:00:00,1234567890,Community Hub,636125094445,mark_adventure,2024-01-13T00:00:00,2024-01-16T00:00:00,140,1,0.050549998764231,,none,0
2024-06-01T00:00:00,1234567890,Community Hub,689894853273,chris_builds,2018-09-27T00:00:00,2019-12-04T00:00:00,2074,1,0.24785771159533496,,none,0
2024-06-01T00:00:00,1234567890,Community Hub,575759155755,everyday_elena,2019-12-11T00:00:00,2020-12-03T00:00:00,1634,1,0.19579857070635398,,none,0
2024-06-01T00:00:00,1234567890,Community Hub,638980755679,grace_beauty,2020-02-09T00:00:00,2021-02-12T00:00:00,1574,1,0.23679518935405877,,none,0
2024-06-01T00:00:00,1234567890,Community Hub,860045968197,free_followers_now,2024-04-15T00:00:00,2024-04-15T00:00:00,47,0,0.8373120710915197,"dormant_bot,pattern_mismatch",flagged,1
2024-06-01T00:00:00,1234567890,Community Hub,222260358891,9182736450,2024-05-31T00:00:00,2024-05-31T00:00:00,1,0,0.8559932794086471,"new_account,no_avatar,rapid_join",flagged,1
2024-06-01T00:00:00,1234567890,Community Hub,632025922672,daniel_f,2018-06-10T00:00:00,2019-08-15T00:00:00,2183,1,0.21141512713174193,,none,0
2024-06-01T00:00:00,1234567890,Community Hub,133902728985,lena_captures,2022-01-05T00:00:00,2022-11-18T00:00:00,878,1,0.08718199407523292,,none,0
2024-06-01T00:00:00,1234567890,Community Hub,559670934159,q7w8e9r0t1y2,2024-05-31T00:00:00,2024-05-31T00:00:00,1,0,0.8218022609354223,"new_account,no_avatar,rapid_join",flagged,1
2024-06-01T00:00:00,1234567890,Community Hub,171902094174,the_real_sam,2019-11-28T00:00:00,2019-12-03T00:00:00,1647,1,0.014172677046214999,,none,0
2024-06-01T00:00:00,1234567890,Community Hub,729283429588,grace_beauty,2023-04-03T00:00:00,2023-10-19T00:00:00,425,1,0.016141532689291777,,none,0
2024-06-01T00:00:00,1234567890,Community Hub,767627637288,emma.j,2018-03-11T00:00:00,2018-12-03T00:00:00,2274,1,0.06078236708151388,,none,0
2024-06-01T00:00:00,1234567890,Community Hub,735030108227,earn_fast_2024,2024-06-01T00:00:00,2024-06-01T00:00:00,0,0,0.8247063275753367,"new_account,no_avatar,rapid_join",flagged,1
2024-06-01T00:00:00,1234567890,Community Hub,731202477344,get_rich_88,2024-02-27T00:00:00,2024-02-27T00:00:00,95,0,0.8236349698290555,"dormant_bot,pattern_mismatch",flagged,1
2024-06-01T00:00:00,1234567890,Community Hub,708263155722,bot_account_7,2024-01-29T00:00:00,2024-01-29T00:00:00,124,0,0.5711767773092741,"dormant_bot,pattern_mismatch",flagged,1
2024-06-01T00:00:00,1234567890,Community Hub,547935328805,grace_beauty,2020-12-26T00:00:00,2021-04-24T00:00:00,1253,1,0.13735900886664412,,none,0
2024-06-01T00:00:00,1234567890,Community Hub,977553021159,daniel_f,2022-02-13T00:00:00,2022-05-11T00:00:00,839,1,0.18578666384735718,,none,0
2024-06-01T00:00:00,1234567890,Community Hub,711819857321,99882736450,2024-05-09T00:00:00,2024-05-09T17:00:00,23,0,0.899071787776339,"suspicious_username,no_avatar",warned,1
2024-06-01T00:00:00,1234567890,Community Hub,215912793045,botanist_beth,2018-05-28T00:00:00,2019-07-09T00:00:00,2196,1,0.12167434139356986,,none,0
2024-06-01T00:00:00,1234567890,Community Hub,493709386986,crypto_king_9999,2024-03-09T00:00:00,2024-03-09T00:00:00,84,0,0.7373711649810426,"dormant_bot,pattern_mismatch",flagged,1
2024-06-01T00:00:00,1234567890,Community Hub,191748207103,b.scott.official,2020-03-13T00:00:00,2021-03-11T00:00:00,1541,1,0.22763133763621954,,none,0
2024-06-01T00:00:00,1234567890,Community Hub,775697139045,a8f7d3k9p2,2023-12-24T00:00:00,2023-12-24T00:00:00,160,0,0.5998763646014272,"dormant_bot,pattern_mismatch",flagged,1
2024-06-01T00:00:00,1234567890,Community Hub,276743652895,free_follower_bot,2024-05-18T00:00:00,2024-05-19T20:00:00,14,0,0.7028774432576047,"suspicious_username,no_avatar",warned,1
2024-06-01T00:00:00,1234567890,Community Hub,612713588245,q7w8e9r0t1y2,2024-03-07T00:00:00,2024-03-07T00:00:00,86,0,0.7572159368176555,"dormant_bot,pattern_mismatch",flagged,1
2024-06-01T00:00:00,1234567890,Community Hub,318956449612,daniel_f,2018-01-20T00:00:00,2018-08-31T00:00:00,2324,1,0.10534402934961096,,none,0
2024-06-01T00:00:00,1234567890,Community Hub,139331634402,real_human_01234,2024-05-31T00:00:00,2024-05-31T00:00:00,1,0,0.8204154925960164,"new_account,no_avatar,rapid_join",flagged,1
2024-06-01T00:00:00,1234567890,Community Hub,551419342873,the_real_sam,2020-08-17T00:00:00,2020-10-24T00:00:00,1384,1,0.10208167074990399,,none,0
2024-06-01T00:00:00,1234567890,Community Hub,354716845696,nft_dropper_69,2024-05-11T00:00:00,2024-05-12T00:00:00,21,0,0.7515110978111148,"suspicious_username,no_avatar",warned,1
2024-06-01T00:00:00,1234567890,Community Hub,713435027198,sarah_smith,2020-04-16T00:00:00,2021-05-24T00:00:00,1507,1,0.19992898591203548,,none,0
2024-06-01T00:00:00,1234567890,Community Hub,518661131241,paul_runs,2023-07-13T00:00:00,2023-07-20T00:00:00,324,1,0.2081247156879116,,none,0
2024-06-01T00:00:00,1234567890,Community Hub,643172380047,follow_back_101,2024-05-07T00:00:00,2024-05-07T17:00:00,25,0,0.6824965472865792,"suspicious_username,no_avatar",warned,1
2024-06-01T00:00:00,1234567890,Community Hub,608951299795,chef_marco,2023-11-12T00:00:00,2023-11-15T00:00:00,202,1,0.18088232182267816,,none,0
2024-06-01T00:00:00,1234567890,Community Hub,344342520494,emma.j,2018-04-25T00:00:00,2018-06-07T00:00:00,2229,1,0.23653123400308218,,none,0
2024-06-01T00:00:00,1234567890,Community Hub,920662541908,9182736450,2024-04-25T00:00:00,2024-04-25T11:00:00,37,0,0.829086225797761,"suspicious_username,no_avatar",warned,1
2024-06-01T00:00:00,1234567890,Community Hub,108409142669,creative_dan,2022-12-01T00:00:00,2022-12-31T00:00:00,548,1,0.1637702255461798,,none,0
2024-06-01T00:00:00,1234567890,Community Hub,574611336894,fit_jessica,2019-10-31T00:00:00,2019-11-30T00:00:00,1675,1,0.10381061314331999,,none,0
2024-06-01T00:00:00,1234567890,Community Hub,283487567719,free_followers_now,2024-04-11T00:00:00,2024-04-11T00:00:00,51,0,0.5528890101273966,"dormant_bot,pattern_mismatch",flagged,1
2024-06-01T00:00:00,1234567890,Community Hub,558948865558,code_master,2023-04-19T00:00:00,2023-10-18T00:00:00,409,1,0.009599068627241164,,none,0
2024-06-01T00:00:00,1234567890,Community Hub,242342237320,tradebot_fx,2024-05-29T00:00:00,2024-05-29T00:00:00,3,0,0.9815113617077591,"new_account,no_avatar,rapid_join",flagged,1
2024-06-01T00:00:00,1234567890,Community Hub,386965677132,airdrop_winner99,2024-05-31T00:00:00,2024-05-31T00:00:00,1,0,0.9451167263593349,"new_account,no_avatar,rapid_join",flagged,1
2024-06-01T00:00:00,1234567890,Community Hub,426510251990,mark_adventure,2018-03-28T00:00:00,2019-03-13T00:00:00,2257,1,0.10157571658585252,,none,0
2024-06-01T00:00:00,1234567890,Community Hub,316224873211,free_followers_now,2024-05-26T00:00:00,2024-05-26T00:00:00,6,0,0.9490937281291211,"new_account,no_avatar,rapid_join",flagged,1
2024-06-01T00:00:00,1234567890,Community Hub,979872119568,code_master,2023-12-23T00:00:00,2024-02-05T00:00:00,161,1,0.010468960672356031,,none,0
2024-06-01T00:00:00,1234567890,Community Hub,703441566728,free_followers_now,2024-04-24T00:00:00,2024-04-25T06:00:00,38,0,0.865720530366973,"suspicious_username,no_avatar",warned,1
2024-06-01T00:00:00,1234567890,Community Hub,329357492538,real_human_01234,2024-06-01T00:00:00,2024-06-01T00:00:00,0,0,0.9469250479241406,"new_account,no_avatar,rapid_join",flagged,1
2024-06-01T00:00:00,1234567890,Community Hub,775292224926,code_master,2022-11-29T00:00:00,2022-12-13T00:00:00,550,1,0.07164881406074558,,none,0
2024-06-01T00:00:00,1234567890,Community Hub,938040070808,photo_by_anna,2022-07-06T00:00:00,2023-05-08T00:00:00,696,1,0.10074972747650099,,none,0
2024-06-01T00:00:00,1234567890,Community Hub,299042420358,follow_back_101,2024-04-25T00:00:00,2024-04-25T00:00:00,37,0,0.7740977556728341,"dormant_bot,pattern_mismatch",flagged,1
2024-06-01T00:00:00,1234567890,Community Hub,323127684342,xXx_profit_xXx,2024-06-01T00:00:00,2024-06-01T00:00:00,0,0,0.7520034997816036,"new_account,no_avatar,rapid_join",flagged,1
2024-06-01T00:00:00,1234567890,Community Hub,292051692200,fit_jessica,2022-07-02T00:00:00,2022-08-27T00:00:00,700,1,0.16184020535976457,,none,0
2024-06-01T00:00:00,1234567890,Community Hub,694969740133,user8374629,2023-12-23T00:00:00,2023-12-23T00:00:00,161,0,0.7823794617958219,"dormant_bot,pattern_mismatch",flagged,1
2024-06-01T00:00:00,1234567890,Community Hub,878821345377,chef_marco,2021-05-29T00:00:00,2021-08-27T00:00:00,1099,1,0.15622508724422365,,none,0
2024-06-01T00:00:00,1234567890,Community Hub,280839182001,acc29471838,2024-04-27T00:00:00,2024-04-27T06:00:00,35,0,0.846247508395486,"suspicious_username,no_avatar",warned,1
2024-06-01T00:00:00,1234567890,Community Hub,893512215374,real_human_01234,2024-05-28T00:00:00,2024-05-28T00:00:00,4,0,0.7204662904285353,"new_account,no_avatar,rapid_join",flagged,1
2024-06-01T00:00:00,1234567890,Community Hub,426870150385,crypto_king_9999,2024-05-21T00:00:00,2024-05-21T14:00:00,11,0,0.7967494686632075,"suspicious_username,no_avatar",warned,1
2024-06-01T00:00:00,1234567890,Community Hub,782555415331,lena_captures,2021-12-26T00:00:00,2022-08-24T00:00:00,888,1,0.06566287503048787,,none,0
2024-06-01T00:00:00,1234567890,Community Hub,169344923999,mindful_maya,2020-02-15T00:00:00,2020-07-20T00:00:00,1568,1,0.12041802901112397,,none,0
2024-06-01T00:00:00,1234567890,Community Hub,201996947410,dev_pete,2019-09-05T00:00:00,2020-01-10T00:00:00,1731,1,0.172743892931667,,none,0
2024-06-01T00:00:00,1234567890,Community Hub,314247779821,earn_fast_2024,2024-05-29T00:00:00,2024-05-29T00:00:00,3,0,0.9281946925426716,"new_account,no_avatar,rapid_join",flagged,1
2024-06-01T00:00:00,1234567890,Community Hub,403799251747,free_follower_bot,2024-05-16T00:00:00,2024-05-17T20:00:00,16,0,0.7970204599535491,"suspicious_username,no_avatar",warned,1
2024-06-01T00:00:00,1234567890,Community Hub,576346276224,free_follower_bot,2024-01-30T00:00:00,2024-01-30T00:00:00,123,0,0.8454518566497681,"dormant_bot,pattern_mismatch",flagged,1
2024-06-01T00:00:00,1234567890,Community Hub,664034321499,daniel_f,2019-11-23T00:00:00,2020-04-12T00:00:00,1652,1,0.12751336575199523,,none,0
2024-06-01T00:00:00,1234567890,Community Hub,960903116454,user8374629,2024-04-29T00:00:00,2024-04-29T19:00:00,33,0,0.8037799034045315,"suspicious_username,no_avatar",warned,1
2024-06-01T00:00:00,1234567890,Community Hub,152326467243,earn_fast_2024,2024-02-08T00:00:00,2024-02-08T00:00:00,114,0,0.6540039006101749,"dormant_bot,pattern_mismatch",flagged,1
2024-06-01T00:00:00,1234567890,Community Hub,717355515702,tradebot_fx,2024-04-19T00:00:00,2024-04-19T00:00:00,43,0,0.8491464753450007,"dormant_bot,pattern_mismatch",flagged,1
2024-06-01T00:00:00,1234567890,Community Hub,988502350452,code_master,2019-10-22T00:00:00,2020-06-03T00:00:00,1684,1,0.24109446749442365,,none,0
2024-06-01T00:00:00,1234567890,Community Hub,523783634384,mike_2023,2020-03-26T00:00:00,2021-02-07T00:00:00,1528,1,0.17743844388278032,,none,0
2024-06-01T00:00:00,1234567890,Community Hub,554613801708,get_rich_88,2024-05-01T00:00:00,2024-05-02T11:00:00,31,0,0.5793662430715131,"suspicious_username,no_avatar",warned,1
2024-06-01T00:00:00,1234567890,Community Hub,247049617517,lena_captures,2022-06-29T00:00:00,2022-08-01T00:00:00,703,1,0.03520322023902159,,none,0
2024-06-01T00:00:00,1234567890,Community Hub,567166718927,xXx_profit_xXx,2024-03-12T00:00:00,2024-03-12T00:00:00,81,0,0.7786690430289318,"dormant_bot,pattern_mismatch",flagged,1
2024-06-01T00:00:00,1234567890,Community Hub,271327429637,xXx_profit_xXx,2024-05-23T00:00:00,2024-05-23T23:00:00,9,0,0.5528918077249062,"suspicious_username,no_avatar",warned,1
2024-06-01T00:00:00,1234567890,Community Hub,239382459834,chris_builds,2021-09-18T00:00:00,2021-12-22T00:00:00,987,1,0.20534200787209797,,none,0
2024-06-01T00:00:00,1234567890,Community Hub,672277609090,user8374629,2024-04-25T00:00:00,2024-04-26T05:00:00,37,0,0.7586099253667963,"suspicious_username,no_avatar",warned,1
2024-06-01T00:00:00,1234567890,Community Hub,328491809297,earn_fast_2024,2024-05-26T00:00:00,2024-05-26T00:00:00,6,0,0.9137270489674164,"new_account,no_avatar,rapid_join",flagged,1
2024-06-01T00:00:00,1234567890,Community Hub,828697329703,botanist_beth,2017-10-28T00:00:00,2018-05-11T00:00:00,2408,1,0.2478571153258253,,none,0
2024-06-01T00:00:00,1234567890,Community Hub,874868593399,mindful_maya,2023-01-16T00:00:00,2023-09-17T00:00:00,502,1,0.17916470663283884,,none,0
2024-06-01T00:00:00,1234567890,Community Hub,263669522897,9182736450,2024-02-01T00:00:00,2024-02-01T00:00:00,121,0,0.7104251991780621,"dormant_bot,pattern_mismatch",flagged,1
2024-06-01T00:00:00,1234567890,Community Hub,836005848628,paul_runs,2019-06-23T00:00:00,2019-11-02T00:00:00,1805,1,0.12013652419065293,,none,0
2024-06-01T00:00:00,1234567890,Community Hub,968743223519,amy_joy,2020-08-26T00:00:00,2021-03-09T00:00:00,1375,1,0.031700722150403204,,none,0
2024-06-01T00:00:00,1234567890,Community Hub,497736098761,real_human_01234,2024-05-29T00:00:00,2024-05-29T00:00:00,3,0,0.9828600718632945,"new_account,no_avatar,rapid_join",flagged,1
2024-06-01T00:00:00,1234567890,Community Hub,323986071046,9182736450,2024-05-18T00:00:00,2024-05-19T14:00:00,14,0,0.8696141695381335,"suspicious_username,no_avatar",warned,1
2024-06-01T00:00:00,1234567890,Community Hub,425865082109,free_followers_now,2024-05-25T00:00:00,2024-05-26T19:00:00,7,0,0.555419911689762,"suspicious_username,no_avatar",warned,1
2024-06-01T00:00:00,1234567890,Community Hub,335515302278,free_followers_now,2024-05-17T00:00:00,2024-05-18T21:00:00,15,0,0.8536582561656063,"suspicious_username,no_avatar",warned,1
2024-06-01T00:00:00,1234567890,Community Hub,516192203900,mindful_maya,2017-09-21T00:00:00,2019-01-25T00:00:00,2445,1,0.09550023894174461,,none,0
2024-06-01T00:00:00,1234567890,Community Hub,718862771518,mike_2023,2019-10-12T00:00:00,2020-06-05T00:00:00,1694,1,0.20993349987428767,,none,0
2024-06-01T00:00:00,1234567890,Community Hub,579936997863,nina_art,2017-11-07T00:00:00,2018-07-28T00:00:00,2398,1,0.2083671509500128,,none,0
2024-06-01T00:00:00,1234567890,Community Hub,100442253049,bot_account_7,2024-03-03T00:00:00,2024-03-03T00:00:00,90,0,0.7385875837246068,"dormant_bot,pattern_mismatch",flagged,1
2024-06-01T00:00:00,1234567890,Community Hub,710526170910,a8f7d3k9p2,2023-12-20T00:00:00,2023-12-20T00:00:00,164,0,0.5532313649232536,"dormant_bot,pattern_mismatch",flagged,1
2024-06-01T00:00:00,1234567890,Community Hub,527721635535,tom_techie,2019-06-04T00:00:00,2020-01-17T00:00:00,1824,1,0.11825070642406393,,none,0
2024-06-01T00:00:00,1234567890,Community Hub,187272205542,surf_with_evan,2018-12-15T00:00:00,2019-06-16T00:00:00,1995,1,0.008890787503909675,,none,0
2024-06-01T00:00:00,1234567890,Community Hub,519152692412,mindful_maya,2022-05-06T00:00:00,2023-01-30T00:00:00,757,1,0.11956768926122271,,none,0
2024-06-01T00:00:00,1234567890,Community Hub,862858515415,1234567890ab,2024-04-21T00:00:00,2024-04-21T00:00:00,41,0,0.6798722782764053,"dormant_bot,pattern_mismatch",flagged,1
2024-06-01T00:00:00,1234567890,Community Hub,203448490113,follow_back_101,2024-05-23T00:00:00,2024-05-23T08:00:00,9,0,0.7348267398078215,"suspicious_username,no_avatar",warned,1
2024-06-01T00:00:00,1234567890,Community Hub,645400238157,creative_dan,2019-09-22T00:00:00,2020-07-05T00:00:00,1714,1,0.0390086513966236,,none,0
2024-06-01T00:00:00,1234567890,Community Hub,873482740059,crypto_king_9999,2024-01-02T00:00:00,2024-01-02T00:00:00,151,0,0.774384446656452,"dormant_bot,pattern_mismatch",flagged,1
2024-06-01T00:00:00,1234567890,Community Hub,119371170135,q7w8e9r0t1y2,2024-05-29T00:00:00,2024-05-29T00:00:00,3,0,0.7987766408212871,"new_account,no_avatar,rapid_join",flagged,1
2024-06-01T00:00:00,1234567890,Community Hub,805093620740,free_followers_now,2024-05-26T00:00:00,2024-05-26T00:00:00,6,0,0.7504381320252723,"new_account,no_avatar,rapid_join",flagged,1
2024-06-01T00:00:00,1234567890,Community Hub,301777928416,botanist_beth,2020-03-19T00:00:00,2020-12-24T00:00:00,1535,1,0.15740267505864425,,none,0
2024-06-01T00:00:00,1234567890,Community Hub,321878622809,lisa_writes,2019-03-03T00:00:00,2020-07-09T00:00:00,1917,1,0.0356594044633087,,none,0
2024-06-01T00:00:00,1234567890,Community Hub,703600187638,xXx_profit_xXx,2024-05-28T00:00:00,2024-05-28T00:00:00,4,0,0.9464364706467376,"new_account,no_avatar,rapid_join",flagged,1
2024-06-01T00:00:00,1234567890,Community Hub,903157684451,1234567890ab,2024-04-20T00:00:00,2024-04-21T12:00:00,42,0,0.8095926854855949,"suspicious_username,no_avatar",warned,1
2024-06-01T00:00:00,1234567890,Community Hub,489113306728,free_followers_now,2024-06-01T00:00:00,2024-06-01T00:00:00,0,0,0.7446752629982974,"new_account,no_avatar,rapid_join",flagged,1
2024-06-01T00:00:00,1234567890,Community Hub,371329130640,tom_techie,2018-11-14T00:00:00,2019-03-04T00:00:00,2026,1,0.15349889366200004,,none,0
2024-06-01T00:00:00,1234567890,Community Hub,998706681513,zz_promo_zz,2024-05-31T00:00:00,2024-05-31T00:00:00,1,0,0.7561460118085268,"new_account,no_avatar,rapid_join",flagged,1
2024-06-01T00:00:00,1234567890,Community Hub,671151711814,surf_with_evan,2019-10-14T00:00:00,2019-10-29T00:00:00,1692,1,0.01605388120079987,,none,0
2024-06-01T00:00:00,1234567890,Community Hub,433415533239,follow_back_101,2024-05-04T00:00:00,2024-05-05T01:00:00,28,0,0.8542049766121198,"suspicious_username,no_avatar",warned,1
2024-06-01T00:00:00,1234567890,Community Hub,229583390762,99882736450,2024-04-24T00:00:00,2024-04-25T19:00:00,38,0,0.8220209029690227,"suspicious_username,no_avatar",warned,1
2024-06-01T00:00:00,1234567890,Community Hub,513482819879,bot_account_7,2024-03-25T00:00:00,2024-03-25T00:00:00,68,0,0.6618274133200892,"dormant_bot,pattern_mismatch",flagged,1
2024-06-01T00:00:00,1234567890,Community Hub,893506124541,earn_fast_2024,2024-05-11T00:00:00,2024-05-12T13:00:00,21,0,0.6322929165886857,"suspicious_username,no_avatar",warned,1
2024-06-01T00:00:00,1234567890,Community Hub,975152406217,amy_joy,2021-07-21T00:00:00,2022-05-05T00:00:00,1046,1,0.009170912052739316,,none,0
2024-06-01T00:00:00,1234567890,Community Hub,762103635838,99882736450,2024-01-08T00:00:00,2024-01-08T00:00:00,145,0,0.5686091822435958,"dormant_bot,pattern_mismatch",flagged,1
2024-06-01T00:00:00,1234567890,Community Hub,722774404738,mark_adventure,2018-04-16T00:00:00,2019-02-09T00:00:00,2238,1,0.1434111752309178,,none,0
2024-06-01T00:00:00,1234567890,Community Hub,276501848662,fit_jessica,2021-12-17T00:00:00,2022-10-21T00:00:00,897,1,0.07354212781338043,,none,0
2024-06-01T00:00:00,1234567890,Community Hub,313213001127,code_master,2020-07-31T00:00:00,2021-04-01T00:00:00,1401,1,0.22143743895289,,none,0
2024-06-01T00:00:00,1234567890,Community Hub,889259757824,everyday_elena,2019-10-24T00:00:00,2020-11-23T00:00:00,1682,1,0.2431083908014641,,none,0
2024-06-01T00:00:00,1234567890,Community Hub,950005609714,get_rich_88,2024-02-19T00:00:00,2024-02-19T00:00:00,103,0,0.7316232963151004,"dormant_bot,pattern_mismatch",flagged,1
2024-06-01T00:00:00,1234567890,Community Hub,333457163186,fit_jessica,2018-05-23T00:00:00,2018-11-07T00:00:00,2201,1,0.1533902160548227,,none,0
2024-06-01T00:00:00,1234567890,Community Hub,241409317415,xXx_profit_xXx,2024-04-22T00:00:00,2024-04-22T18:00:00,40,0,0.6753567630330614,"suspicious_username,no_avatar",warned,1
2024-06-01T00:00:00,1234567890,Community Hub,284260031003,botanist_beth,2019-04-02T00:00:00,2019-12-30T00:00:00,1887,1,0.2341686780181708,,none,0
2024-06-01T00:00:00,1234567890,Community Hub,987730529340,mark_adventure,2018-12-05T00:00:00,2020-01-27T00:00:00,2005,1,0.23322780450377342,,none,0
2024-06-01T00:00:00,1234567890,Community Hub,895798850492,sarah_smith,2020-02-13T00:00:00,2021-06-01T00:00:00,1570,1,0.21757018474966797,,none,0
2024-06-01T00:00:00,1234567890,Community Hub,434657401881,1234567890ab,2024-04-30T00:00:00,2024-05-01T02:00:00,32,0,0.7229016972660521,"suspicious_username,no_avatar",warned,1
2024-06-01T00:00:00,1234567890,Community Hub,640503424743,mark_adventure,2019-06-08T00:00:00,2020-09-10T00:00:00,1820,1,0.1482981134171503,,none,0
2024-06-01T00:00:00,1234567890,Community Hub,722374767621,amy_joy,2022-10-09T00:00:00,2022-11-19T00:00:00,601,1,0.011957680194292275,,none,0
2024-06-01T00:00:00,1234567890,Community Hub,613918493775,zz_promo_zz,2024-01-22T00:00:00,2024-01-22T00:00:00,131,0,0.8219802631652643,"dormant_bot,pattern_mismatch",flagged,1
2024-06-01T00:00:00,1234567890,Community Hub,753239124299,code_master,2021-12-22T00:00:00,2022-09-22T00:00:00,892,1,0.11536225174608913,,none,0
2024-06-01T00:00:00,1234567890,Community Hub,160493263782,emma.j,2022-10-14T00:00:00,2023-06-17T00:00:00,596,1,0.07486080444711415,,none,0
2024-06-01T00:00:00,1234567890,Community Hub,471518515785,tradebot_fx,2024-05-31T00:00:00,2024-05-31T00:00:00,1,0,0.7446329187722941,"new_account,no_avatar,rapid_join",flagged,1
2024-06-01T00:00:00,1234567890,Community Hub,897612726881,free_follower_bot,2024-02-04T00:00:00,2024-02-04T00:00:00,118,0,0.6414149759820486,"dormant_bot,pattern_mismatch",flagged,1
2024-06-01T00:00:00,1234567890,Community Hub,183717884791,zz_promo_zz,2024-05-20T00:00:00,2024-05-20T18:00:00,12,0,0.8909664495035596,"suspicious_username,no_avatar",warned,1
2024-06-01T00:00:00,1234567890,Community Hub,386182590417,chef_marco,2021-01-28T00:00:00,2021-06-24T00:00:00,1220,1,0.13394823979810613,,none,0
2024-06-01T00:00:00,1234567890,Community Hub,265449373446,airdrop_winner99,2024-02-27T00:00:00,2024-02-27T00:00:00,95,0,0.5758406313883023,"dormant_bot,pattern_mismatch",flagged,1
2024-06-01T00:00:00,1234567890,Community Hub,638981575888,lena_captures,2022-07-04T00:00:00,2022-11-21T00:00:00,698,1,0.2351461845075971,,none,0
2024-06-01T00:00:00,1234567890,Community Hub,702575271922,the_real_sam,2017-10-12T00:00:00,2018-05-02T00:00:00,2424,1,0.2342942164216368,,none,0
2024-06-01T00:00:00,1234567890,Community Hub,787406630688,follow_back_101,2024-05-24T00:00:00,2024-05-24T20:00:00,8,0,0.7568620630781145,"suspicious_username,no_avatar",warned,1
2024-06-01T00:00:00,1234567890,Community Hub,219727138464,everyday_elena,2024-02-28T00:00:00,2024-03-13T00:00:00,94,1,0.23610791945054144,,none,0
2024-06-01T00:00:00,1234567890,Community Hub,913641415447,nft_dropper_69,2023-12-22T00:00:00,2023-12-22T00:00:00,162,0,0.772718541913325,"dormant_bot,pattern_mismatch",flagged,1
2024-06-01T00:00:00,1234567890,Community Hub,164498319560,nft_dropper_69,2024-05-18T00:00:00,2024-05-19T14:00:00,14,0,0.6499150674288703,"suspicious_username,no_avatar",warned,1
2024-06-01T00:00:00,1234567890,Community Hub,164154281109,the_real_sam,2019-09-24T00:00:00,2020-02-23T00:00:00,1712,1,0.24605719921693955,,none,0
2024-06-01T00:00:00,1234567890,Community Hub,979994376998,grace_beauty,2020-11-25T00:00:00,2021-03-06T00:00:00,1284,1,0.10028860816129798,,none,0
2024-06-01T00:00:00,1234567890,Community Hub,844462589001,dev_pete,2024-02-01T00:00:00,2024-03-18T00:00:00,121,1,0.005236546455118646,,none,0
2024-06-01T00:00:00,1234567890,Community Hub,819667203770,1234567890ab,2024-04-27T00:00:00,2024-04-27T18:00:00,35,0,0.884166892878917,"suspicious_username,no_avatar",warned,1
2024-06-01T00:00:00,1234567890,Community Hub,624161120865,follow_back_101,2024-05-10T00:00:00,2024-05-10T12:00:00,22,0,0.8610035287567231,"suspicious_username,no_avatar",warned,1
2024-06-01T00:00:00,1234567890,Community Hub,493738836045,mindful_maya,2018-12-03T00:00:00,2019-02-21T00:00:00,2007,1,0.2204884310919456,,none,0
2024-06-01T00:00:00,1234567890,Community Hub,951434189377,everyday_elena,2021-08-08T00:00:00,2022-09-18T00:00:00,1028,1,0.1644179150065962,,none,0
2024-06-01T00:00:00,1234567890,Community Hub,496176248290,acc29471838,2023-12-13T00:00:00,2023-12-13T00:00:00,171,0,0.7600228391244392,"dormant_bot,pattern_mismatch",flagged,1
2024-06-01T00:00:00,1234567890,Community Hub,978142829822,99882736450,2023-12-25T00:00:00,2023-12-25T00:00:00,159,0,0.6579812596463357,"dormant_bot,pattern_mismatch",flagged,1
2024-06-01T00:00:00,1234567890,Community Hub,170676705175,99882736450,2024-04-20T00:00:00,2024-04-20T06:00:00,42,0,0.5694496421420404,"suspicious_username,no_avatar",warned,1
2024-06-01T00:00:00,1234567890,Community Hub,621790036251,1234567890ab,2024-05-28T00:00:00,2024-05-28T00:00:00,4,0,0.9724030014023677,"new_account,no_avatar,rapid_join",flagged,1
2024-06-01T00:00:00,1234567890,Community Hub,767026468446,daniel_f,2019-05-17T00:00:00,2020-08-20T00:00:00,1842,1,0.004176867498651149,,none,0
2024-06-01T00:00:00,1234567890,Community Hub,593913259688,code_master,2020-09-02T00:00:00,2021-01-31T00:00:00,1368,1,0.1707285372565836,,none,0
2024-06-01T00:00:00,1234567890,Community Hub,171688847283,nina_art,2021-01-05T00:00:00,2022-02-04T00:00:00,1243,1,0.07608919348310325,,none,0
2024-06-01T00:00:00,1234567890,Community Hub,149235504727,daniel_f,2019-09-27T00:00:00,2020-04-02T00:00:00,1709,1,0.18825854155557556,,none,0
2024-06-01T00:00:00,1234567890,Community Hub,203406487654,john_doe,2019-04-24T00:00:00,2020-08-20T00:00:00,1865,1,0.16440963562105748,,none,0
2024-06-01T00:00:00,1234567890,Community Hub,573465790401,lena_captures,2017-12-04T00:00:00,2019-01-11T00:00:00,2371,1,0.22494616042305784,,none,0
2024-06-01T00:00:00,1234567890,Community Hub,483769134258,zz_promo_zz,2024-02-14T00:00:00,2024-02-14T00:00:00,108,0,0.6957616555981437,"dormant_bot,pattern_mismatch",flagged,1
2024-06-01T00:00:00,1234567890,Community Hub,288475739829,the_real_sam,2019-02-13T00:00:00,2019-10-07T00:00:00,1935,1,0.19492115838524413,,none,0
2024-06-01T00:00:00,1234567890,Community Hub,169009779543,get_rich_88,2024-05-26T00:00:00,2024-05-26T00:00:00,6,0,0.9945532752928061,"new_account,no_avatar,rapid_join",flagged,1
2024-06-01T00:00:00,1234567890,Community Hub,895767344289,photo_by_anna,2023-08-30T00:00:00,2023-12-31T00:00:00,276,1,0.19862475170034952,,none,0
2024-06-01T00:00:00,1234567890,Community Hub,497288527974,free_followers_now,2024-04-29T00:00:00,2024-04-29T19:00:00,33,0,0.5094852322327141,"suspicious_username,no_avatar",warned,1
2024-06-01T00:00:00,1234567890,Community Hub,492365705696,zz_promo_zz,2024-03-05T00:00:00,2024-03-05T00:00:00,88,0,0.6310691673872155,"dormant_bot,pattern_mismatch",flagged,1
2024-06-01T00:00:00,1234567890,Community Hub,988903486786,amy_joy,2017-09-01T00:00:00,2018-12-09T00:00:00,2465,1,0.05664670486696713,,none,0
2024-06-01T00:00:00,1234567890,Community Hub,899384113702,9182736450,2024-02-28T00:00:00,2024-02-28T00:00:00,94,0,0.6010689976685069,"dormant_bot,pattern_mismatch",flagged,1
2024-06-01T00:00:00,1234567890,Community Hub,668687772481,bot_account_7,2024-05-20T00:00:00,2024-05-20T04:00:00,12,0,0.8165270677814463,"suspicious_username,no_avatar",warned,1
2024-06-01T00:00:00,1234567890,Community Hub,655775239060,real_human_01234,2024-04-20T00:00:00,2024-04-21T21:00:00,42,0,0.845958085684027,"suspicious_username,no_avatar",warned,1
2024-06-01T00:00:00,1234567890,Community Hub,961731300415,botanist_beth,2022-02-09T00:00:00,2022-11-21T00:00:00,843,1,0.04956998441001864,,none,0
2024-06-01T00:00:00,1234567890,Community Hub,771872510777,q7w8e9r0t1y2,2024-02-22T00:00:00,2024-02-22T00:00:00,100,0,0.6313127171849325,"dormant_bot,pattern_mismatch",flagged,1
2024-06-01T00:00:00,1234567890,Community Hub,707208707355,bot_account_7,2024-02-03T00:00:00,2024-02-03T00:00:00,119,0,0.8208939250628693,"dormant_bot,pattern_mismatch",flagged,1
2024-06-01T00:00:00,1234567890,Community Hub,176869681296,99882736450,2024-05-04T00:00:00,2024-05-05T23:00:00,28,0,0.5343715947638308,"suspicious_username,no_avatar",warned,1
2024-06-01T00:00:00,1234567890,Community Hub,426869119256,follow_back_101,2024-04-25T00:00:00,2024-04-25T08:00:00,37,0,0.7536778738429517,"suspicious_username,no_avatar",warned,1
2024-06-01T00:00:00,1234567890,Community Hub,440761424093,fit_jessica,2017-09-27T00:00:00,2019-01-28T00:00:00,2439,1,0.20669828354328929,,none,0
2024-06-01T00:00:00,1234567890,Community Hub,445829538348,tom_techie,2021-10-29T00:00:00,2022-03-13T00:00:00,946,1,0.15552789393921532,,none,0
2024-06-01T00:00:00,1234567890,Community Hub,332431740930,real_human_01234,2024-04-05T00:00:00,2024-04-05T00:00:00,57,0,0.6655433124457742,"dormant_bot,pattern_mismatch",flagged,1
2024-06-01T00:00:00,1234567890,Community Hub,476063838173,nft_dropper_69,2024-05-18T00:00:00,2024-05-18T06:00:00,14,0,0.5984058748128365,"suspicious_username,no_avatar",warned,1
2024-06-01T00:00:00,1234567890,Community Hub,246483649970,grace_beauty,2021-04-30T00:00:00,2022-03-26T00:00:00,1128,1,0.13691860830109695,,none,0
2024-06-01T00:00:00,1234567890,Community Hub,598601625670,alex_travel,2021-06-29T00:00:00,2022-02-25T00:00:00,1068,1,0.05253058962868176,,none,0
2024-06-01T00:00:00,1234567890,Community Hub,434375981826,follow_back_101,2024-05-17T00:00:00,2024-05-18T03:00:00,15,0,0.5387092610637629,"suspicious_username,no_avatar",warned,1
2024-06-01T00:00:00,1234567890,Community Hub,444309515926,chef_marco,2021-04-02T00:00:00,2022-03-22T00:00:00,1156,1,0.202479658575365,,none,0
2024-06-01T00:00:00,1234567890,Community Hub,501373505459,earn_fast_2024,2024-05-19T00:00:00,2024-05-19T22:00:00,13,0,0.5302190429388374,"suspicious_username,no_avatar",warned,1
2024-06-01T00:00:00,1234567890,Community Hub,627677825871,1234567890ab,2023-12-19T00:00:00,2023-12-19T00:00:00,165,0,0.7461180642306237,"dormant_bot,pattern_mismatch",flagged,1
2024-06-01T00:00:00,1234567890,Community Hub,596340211660,real_human_01234,2024-04-30T00:00:00,2024-05-01T19:00:00,32,0,0.5439590558704857,"suspicious_username,no_avatar",warned,1
2024-06-01T00:00:00,1234567890,Community Hub,395531796384,surf_with_evan,2017-11-06T00:00:00,2018-02-08T00:00:00,2399,1,0.23231286564475215,,none,0
2024-06-01T00:00:00,1234567890,Community Hub,179278912190,journeys_with_kai,2021-09-01T00:00:00,2022-05-01T00:00:00,1004,1,0.15024032793779118,,none,0
2024-06-01T00:00:00,1234567890,Community Hub,289941546848,journeys_with_kai,2019-03-06T00:00:00,2020-04-18T00:00:00,1914,1,0.11974340728151692,,none,0
2024-06-01T00:00:00,1234567890,Community Hub,372877443272,journeys_with_kai,2019-10-17T00:00:00,2020-04-02T00:00:00,1689,1,0.16655475295310046,,none,0
2024-06-01T00:00:00,1234567890,Community Hub,144208349644,a8f7d3k9p2,2024-05-27T00:00:00,2024-05-27T00:00:00,5,0,0.8742114760516261,"new_account,no_avatar,rapid_join",flagged,1
2024-06-01T00:00:00,1234567890,Community Hub,162945967103,1234567890ab,2024-01-26T00:00:00,2024-01-26T00:00:00,127,0,0.6285204668906103,"dormant_bot,pattern_mismatch",flagged,1
2024-06-01T00:00:00,1234567890,Community Hub,715442070721,fit_jessica,2024-01-19T00:00:00,2024-01-21T00:00:00,134,1,0.17557858915573518,,none,0
2024-06-01T00:00:00,1234567890,Community Hub,766152320213,dev_pete,2022-05-01T00:00:00,2022-09-21T00:00:00,762,1,0.11658947759834803,,none,0
2024-06-01T00:00:00,1234567890,Community Hub,674959336420,mark_adventure,2019-10-07T00:00:00,2021-02-14T00:00:00,1699,1,0.04442373035733002,,none,0
2024-06-01T00:00:00,1234567890,Community Hub,396661860263,botanist_beth,2022-06-19T00:00:00,2022-09-23T00:00:00,713,1,0.13382652978491147,,none,0
2024-06-01T00:00:00,1234567890,Community Hub,792698949604,emma.j,2022-11-04T00:00:00,2023-04-09T00:00:00,575,1,0.23427311763069164,,none,0
2024-06-01T00:00:00,1234567890,Community Hub,842417127999,mark_adventure,2018-05-10T00:00:00,2018-06-29T00:00:00,2214,1,0.04436314829940377,,none,0
2024-06-01T00:00:00,1234567890,Community Hub,379056324537,mark_adventure,2017-08-18T00:00:00,2018-11-25T00:00:00,2479,1,0.1391216613226746,,none,0
2024-06-01T00:00:00,1234567890,Community Hub,406232895672,a8f7d3k9p2,2024-05-28T00:00:00,2024-05-28T00:00:00,4,0,0.882247323271206,"new_account,no_avatar,rapid_join",flagged,1
2024-06-01T00:00:00,1234567890,Community Hub,158378673800,a8f7d3k9p2,2024-03-07T00:00:00,2024-03-07T00:00:00,86,0,0.6136168343974941,"dormant_bot,pattern_mismatch",flagged,1
2024-06-01T00:00:00,1234567890,Community Hub,720250159218,sarah_smith,2019-07-22T00:00:00,2020-05-01T00:00:00,1776,1,0.19214429892825943,,none,0
2024-06-01T00:00:00,1234567890,Community Hub,237127624978,a8f7d3k9p2,2024-06-01T00:00:00,2024-06-01T00:00:00,0,0,0.8068860132636128,"new_account,no_avatar,rapid_join",flagged,1
2024-06-01T00:00:00,1234567890,Community Hub,484574245719,tradebot_fx,2024-05-29T00:00:00,2024-05-29T00:00:00,3,0,0.8629045316700058,"new_account,no_avatar,rapid_join",flagged,1
2024-06-01T00:00:00,1234567890,Community Hub,182960664873,alex_travel,2020-04-28T00:00:00,2021-04-20T00:00:00,1495,1,0.11590373748779392,,none,0
2024-06-01T00:00:00,1234567890,Community Hub,318150332229,creative_dan,2018-02-22T00:00:00,2019-02-05T00:00:00,2291,1,0.24004689595994877,,none,0
2024-06-01T00:00:00,1234567890,Community Hub,750039130522,earn_fast_2024,2024-03-06T00:00:00,2024-03-06T00:00:00,87,0,0.7767867062837307,"dormant_bot,pattern_mismatch",flagged,1
2024-06-01T00:00:00,1234567890,Community Hub,551107812031,journeys_with_kai,2017-10-04T00:00:00,2018-12-02T00:00:00,2432,1,0.1659222529892652,,none,0
2024-06-01T00:00:00,1234567890,Community Hub,326955951133,chris_builds,2023-04-09T00:00:00,2023-05-16T00:00:00,419,1,0.03694478773763085,,none,0
2024-06-01T00:00:00,1234567890,Community Hub,534330894740,tradebot_fx,2024-05-02T00:00:00,2024-05-03T03:00:00,30,0,0.7559447637163452,"suspicious_username,no_avatar",warned,1
2024-06-01T00:00:00,1234567890,Community Hub,284085445702,alex_travel,2019-12-10T00:00:00,2020-03-17T00:00:00,1635,1,0.1973880468377323,,none,0
2024-06-01T00:00:00,1234567890,Community Hub,664816007853,photo_by_anna,2019-02-19T00:00:00,2019-03-21T00:00:00,1929,1,0.1538408566744393,,none,0
2024-06-01T00:00:00,1234567890,Community Hub,455228716991,amy_joy,2020-03-13T00:00:00,2021-02-09T00:00:00,1541,1,0.22647999088290519,,none,0
2024-06-01T00:00:00,1234567890,Community Hub,914784638606,zz_promo_zz,2024-04-19T00:00:00,2024-04-19T00:00:00,43,0,0.7522536946012491,"dormant_bot,pattern_mismatch",flagged,1
2024-06-01T00:00:00,1234567890,Community Hub,382514598502,john_doe,2019-09-13T00:00:00,2021-01-17T00:00:00,1723,1,0.150239167986065,,none,0
2024-06-01T00:00:00,1234567890,Community Hub,563182458360,chef_marco,2018-02-03T00:00:00,2018-08-14T00:00:00,2310,1,0.1505442220411855,,none,0
2024-06-01T00:00:00,1234567890,Community Hub,987077186415,follow_back_101,2024-04-26T00:00:00,2024-04-26T09:00:00,36,0,0.5339636254096385,"suspicious_username,no_avatar",warned,1
2024-06-01T00:00:00,1234567890,Community Hub,948067386455,journeys_with_kai,2022-03-09T00:00:00,2022-06-18T00:00:00,815,1,0.20650569773945746,,none,0
2024-06-01T00:00:00,1234567890,Community Hub,936308247028,bot_account_7,2024-05-13T00:00:00,2024-05-14T17:00:00,19,0,0.7110034339186192,"suspicious_username,no_avatar",warned,1
2024-06-01T00:00:00,1234567890,Community Hub,425090505881,free_followers_now,2024-02-26T00:00:00,2024-02-26T00:00:00,96,0,0.638880370167887,"dormant_bot,pattern_mismatch",flagged,1
2024-06-01T00:00:00,1234567890,Community Hub,976715938335,earn_fast_2024,2024-05-31T00:00:00,2024-05-31T00:00:00,1,0,0.98395752667002,"new_account,no_avatar,rapid_join",flagged,1
2024-06-01T00:00:00,1234567890,Community Hub,793247663592,acc29471838,2024-06-01T00:00:00,2024-06-01T00:00:00,0,0,0.801361603369946,"new_account,no_avatar,rapid_join",flagged,1
2024-06-01T00:00:00,1234567890,Community Hub,395361906361,a8f7d3k9p2,2024-05-30T00:00:00,2024-05-30T00:00:00,2,0,0.8769366779300747,"new_account,no_avatar,rapid_join",flagged,1
2024-06-01T00:00:00,1234567890,Community Hub,557497726396,nft_dropper_69,2024-05-27T00:00:00,2024-05-27T00:00:00,5,0,0.7517804245678782,"new_account,no_avatar,rapid_join",flagged,1
2024-06-01T00:00:00,1234567890,Community Hub,435967182009,grace_beauty,2020-12-18T00:00:00,2021-11-11T00:00:00,1261,1,0.07415874795401212,,none,0
2024-06-01T00:00:00,1234567890,Community Hub,268871163541,follow_back_101,2024-04-25T00:00:00,2024-04-25T02:00:00,37,0,0.5387538321015036,"suspicious_username,no_avatar",warned,1
2024-06-01T00:00:00,1234567890,Community Hub,697058494574,9182736450,2024-05-26T00:00:00,2024-05-26T00:00:00,6,0,0.9092852656447352,"new_account,no_avatar,rapid_join",flagged,1
2024-06-01T00:00:00,1234567890,Community Hub,619994362727,lena_captures,2021-04-18T00:00:00,2021-10-01T00:00:00,1140,1,0.09683656890475703,,none,0
2024-06-01T00:00:00,1234567890,Community Hub,156226647159,free_followers_now,2024-04-24T00:00:00,2024-04-24T00:00:00,38,0,0.5781273899864103,"dormant_bot,pattern_mismatch",flagged,1
2024-06-01T00:00:00,1234567890,Community Hub,203934946614,xXx_profit_xXx,2024-01-27T00:00:00,2024-01-27T00:00:00,126,0,0.7297046033511717,"dormant_bot,pattern_mismatch",flagged,1
2024-06-01T00:00:00,1234567890,Community Hub,601882018429,1234567890ab,2024-05-30T00:00:00,2024-05-30T00:00:00,2,0,0.8326418870976372,"new_account,no_avatar,rapid_join",flagged,1
2024-06-01T00:00:00,1234567890,Community Hub,373267334567,journeys_with_kai,2022-11-01T00:00:00,2023-07-01T00:00:00,578,1,0.06337736560189658,,none,0
2024-06-01T00:00:00,1234567890,Community Hub,265270741457,chef_marco,2021-07-22T00:00:00,2022-04-03T00:00:00,1045,1,0.21472483977769172,,none,0
2024-06-01T00:00:00,1234567890,Community Hub,458694783452,user8374629,2024-05-20T00:00:00,2024-05-20T12:00:00,12,0,0.5312316591517379,"suspicious_username,no_avatar",warned,1
2024-06-01T00:00:00,1234567890,Community Hub,809151047773,dev_pete,2023-08-08T00:00:00,2023-12-21T00:00:00,298,1,0.09948838873726781,,none,0
2024-06-01T00:00:00,1234567890,Community Hub,833628612311,amy_joy,2023-12-08T00:00:00,2023-12-16T00:00:00,176,1,0.02570584976738341,,none,0
2024-06-01T00:00:00,1234567890,Community Hub,794117639156,user8374629,2024-05-17T00:00:00,2024-05-18T10:00:00,15,0,0.6438730074454418,"suspicious_username,no_avatar",warned,1
2024-06-01T00:00:00,1234567890,Community Hub,481135554242,botanist_beth,2022-06-02T00:00:00,2022-08-12T00:00:00,730,1,0.013878739932711381,,none,0
2024-06-01T00:00:00,1234567890,Community Hub,952669637822,acc29471838,2024-04-18T00:00:00,2024-04-18T19:00:00,44,0,0.6993394619234835,"suspicious_username,no_avatar",warned,1
2024-06-01T00:00:00,1234567890,Community Hub,426127694548,mark_adventure,2018-07-13T00:00:00,2018-11-08T00:00:00,2150,1,0.09223049581279208,,none,0
2024-06-01T00:00:00,1234567890,Community Hub,403342155636,code_master,2019-05-06T00:00:00,2019-07-31T00:00:00,1853,1,0.03388371447800395,,none,0
2024-06-01T00:00:00,1234567890,Community Hub,635928709566,99882736450,2024-05-19T00:00:00,2024-05-19T22:00:00,13,0,0.7236305288888305,"suspicious_username,no_avatar",warned,1
2024-06-01T00:00:00,1234567890,Community Hub,943044522805,code_master,2020-03-17T00:00:00,2021-02-28T00:00:00,1537,1,0.04388867320314571,,none,0
2024-06-01T00:00:00,1234567890,Community Hub,542753852503,99882736450,2024-05-31T00:00:00,2024-05-31T00:00:00,1,0,0.966068191787227,"new_account,no_avatar,rapid_join",flagged,1
2024-06-01T00:00:00,1234567890,Community Hub,891830556714,fit_jessica,2023-12-10T00:00:00,2023-12-22T00:00:00,174,1,0.18591706297619595,,none,0
2024-06-01T00:00:00,1234567890,Community Hub,207502970081,earn_fast_2024,2024-05-24T00:00:00,2024-05-24T15:00:00,8,0,0.8096967576339084,"suspicious_username,no_avatar",warned,1
2024-06-01T00:00:00,1234567890,Community Hub,414629736248,botanist_beth,2018-04-02T00:00:00,2018-06-12T00:00:00,2252,1,0.001158081035789793,,none,0
2024-06-01T00:00:00,1234567890,Community Hub,841071714533,9182736450,2024-05-31T00:00:00,2024-05-31T00:00:00,1,0,0.9232968990029752,"new_account,no_avatar,rapid_join",flagged,1
2024-06-01T00:00:00,1234567890,Community Hub,334852859121,airdrop_winner99,2024-02-23T00:00:00,2024-02-23T00:00:00,99,0,0.6213326373569431,"dormant_bot,pattern_mismatch",flagged,1
2024-06-01T00:00:00,1234567890,Community Hub,268160127012,tradebot_fx,2024-04-26T00:00:00,2024-04-26T18:00:00,36,0,0.8167457222119487,"suspicious_username,no_avatar",warned,1
2024-06-01T00:00:00,1234567890,Community Hub,284052658717,chef_marco,2021-09-22T00:00:00,2022-12-01T00:00:00,983,1,0.21375294851370108,,none,0
2024-06-01T00:00:00,1234567890,Community Hub,363120979452,1234567890ab,2023-12-24T00:00:00,2023-12-24T00:00:00,160,0,0.6868663705094631,"dormant_bot,pattern_mismatch",flagged,1
2024-06-01T00:00:00,1234567890,Community Hub,924627424699,zz_promo_zz,2024-04-23T00:00:00,2024-04-23T05:00:00,39,0,0.7916773588842324,"suspicious_username,no_avatar",warned,1
2024-06-01T00:00:00,1234567890,Community Hub,835097893343,surf_with_evan,2023-08-15T00:00:00,2023-11-23T00:00:00,291,1,0.18926578729520938,,none,0
2024-06-01T00:00:00,1234567890,Community Hub,998814401916,dev_pete,2017-08-10T00:00:00,2018-06-05T00:00:00,2487,1,0.14952721621927767,,none,0
2024-06-01T00:00:00,1234567890,Community Hub,976481290268,mike_2023,2021-08-24T00:00:00,2022-07-28T00:00:00,1012,1,0.041488070415269224,,none,0
2024-06-01T00:00:00,1234567890,Community Hub,859174389235,chef_marco,2017-08-17T00:00:00,2018-09-01T00:00:00,2480,1,0.030543535344983053,,none,0
2024-06-01T00:00:00,1234567890,Community Hub,560174218494,acc29471838,2024-05-29T00:00:00,2024-05-29T00:00:00,3,0,0.9653083572970281,"new_account,no_avatar,rapid_join",flagged,1
2024-06-01T00:00:00,1234567890,Community Hub,607727650558,mike_2023,2017-08-04T00:00:00,2017-08-12T00:00:00,2493,1,0.21079107723264892,,none,0
2024-06-01T00:00:00,1234567890,Community Hub,750948476289,grace_beauty,2020-01-28T00:00:00,2021-01-21T00:00:00,1586,1,0.11679996513004837,,none,0
2024-06-01T00:00:00,1234567890,Community Hub,769207426453,chef_marco,2023-12-15T00:00:00,2023-12-23T00:00:00,169,1,0.1992831648241337,,none,0
2024-06-01T00:00:00,1234567890,Community Hub,389929913229,the_real_sam,2017-08-26T00:00:00,2018-11-29T00:00:00,2471,1,0.06207179178879682,,none,0
2024-06-01T00:00:00,1234567890,Community Hub,140995300564,fit_jessica,2020-03-27T00:00:00,2021-07-15T00:00:00,1527,1,0.13485281991484369,,none,0
2024-06-01T00:00:00,1234567890,Community Hub,314693009585,creative_dan,2020-01-19T00:00:00,2020-07-10T00:00:00,1595,1,0.010018008221866048,,none,0
2024-06-01T00:00:00,1234567890,Community Hub,679596743823,code_master,2021-09-02T00:00:00,2022-01-27T00:00:00,1003,1,0.019863526237763468,,none,0
2024-06-01T00:00:00,1234567890,Community Hub,313032819954,creative_dan,2019-06-27T00:00:00,2020-05-08T00:00:00,1801,1,0.06297184239052098,,none,0
2024-06-01T00:00:00,1234567890,Community Hub,103028967981,mike_2023,2017-10-18T00:00:00,2018-09-07T00:00:00,2418,1,0.014436391315617442,,none,0
2024-06-01T00:00:00,1234567890,Community Hub,455962748697,bot_account_7,2024-05-27T00:00:00,2024-05-27T00:00:00,5,0,0.8823062235373229,"new_account,no_avatar,rapid_join",flagged,1
2024-06-01T00:00:00,1234567890,Community Hub,575696210316,crypto_king_9999,2024-04-30T00:00:00,2024-04-30T00:00:00,32,0,0.747277786659472,"dormant_bot,pattern_mismatch",flagged,1
2024-06-01T00:00:00,1234567890,Community Hub,884474419735,paul_runs,2018-04-19T00:00:00,2018-11-05T00:00:00,2235,1,0.2231938921430978,,none,0
2024-06-01T00:00:00,1234567890,Community Hub,976124969122,fit_jessica,2023-03-16T00:00:00,2023-04-05T00:00:00,443,1,0.14572696638090382,,none,0
2024-06-01T00:00:00,1234567890,Community Hub,597335706225,lena_captures,2017-12-20T00:00:00,2019-04-25T00:00:00,2355,1,0.029837864978407874,,none,0
2024-06-01T00:00:00,1234567890,Community Hub,472219154401,amy_joy,2023-08-11T00:00:00,2023-08-15T00:00:00,295,1,0.0805593598039677,,none,0
2024-06-01T00:00:00,1234567890,Community Hub,949489795023,real_human_01234,2024-04-23T00:00:00,2024-04-23T17:00:00,39,0,0.6122487940110728,"suspicious_username,no_avatar",warned,1
2024-06-01T00:00:00,1234567890,Community Hub,738799146019,follow_back_101,2024-01-21T00:00:00,2024-01-21T00:00:00,132,0,0.5653422701802555,"dormant_bot,pattern_mismatch",flagged,1
2024-06-01T00:00:00,1234567890,Community Hub,820527708861,99882736450,2024-04-26T00:00:00,2024-04-26T01:00:00,36,0,0.5312594214896144,"suspicious_username,no_avatar",warned,1
2024-06-01T00:00:00,1234567890,Community Hub,707441553425,chef_marco,2023-12-30T00:00:00,2024-01-22T00:00:00,154,1,0.16035866831893744,,none,0
2024-06-01T00:00:00,1234567890,Community Hub,359589244799,mark_adventure,2022-06-11T00:00:00,2022-07-10T00:00:00,721,1,0.14843959493455444,,none,0
2024-06-01T00:00:00,1234567890,Community Hub,698665812518,free_follower_bot,2024-05-05T00:00:00,2024-05-06T16:00:00,27,0,0.8473362147337336,"suspicious_username,no_avatar",warned,1
2024-06-01T00:00:00,1234567890,Community Hub,458795701671,q7w8e9r0t1y2,2024-05-27T00:00:00,2024-05-27T00:00:00,5,0,0.8761935307913239,"new_account,no_avatar,rapid_join",flagged,1
2024-06-01T00:00:00,1234567890,Community Hub,204770234316,chris_builds,2018-01-03T00:00:00,2019-01-09T00:00:00,2341,1,0.10069275808738487,,none,0
2024-06-01T00:00:00,1234567890,Community Hub,217837161273,fit_jessica,2022-07-22T00:00:00,2023-03-27T00:00:00,680,1,0.07219301648389054,,none,0
2024-06-01T00:00:00,1234567890,Community Hub,648979066069,journeys_with_kai,2021-01-15T00:00:00,2021-09-28T00:00:00,1233,1,0.17617242080959006,,none,0
2024-06-01T00:00:00,1234567890,Community Hub,833331362984,photo_by_anna,2019-10-03T00:00:00,2020-11-07T00:00:00,1703,1,0.013801381339219154,,none,0
2024-06-01T00:00:00,1234567890,Community Hub,165003664597,free_follower_bot,2024-04-21T00:00:00,2024-04-22T17:00:00,41,0,0.8109530640594568,"suspicious_username,no_avatar",warned,1
2024-06-01T00:00:00,1234567890,Community Hub,685363943106,dev_pete,2023-08-14T00:00:00,2023-12-29T00:00:00,292,1,0.1948965009451839,,none,0
2024-06-01T00:00:00,1234567890,Community Hub,655555767606,zz_promo_zz,2023-12-30T00:00:00,2023-12-30T00:00:00,154,0,0.785993724314704,"dormant_bot,pattern_mismatch",flagged,1
2024-06-01T00:00:00,1234567890,Community Hub,850203411385,lisa_writes,2017-08-03T00:00:00,2018-09-13T00:00:00,2494,1,0.22743231943671313,,none,0
2024-06-01T00:00:00,1234567890,Community Hub,665985950748,tom_techie,2022-12-25T00:00:00,2023-05-15T00:00:00,524,1,0.02606626407062365,,none,0
2024-06-01T00:00:00,1234567890,Community Hub,719124124297,grace_beauty,2018-08-23T00:00:00,2018-11-26T00:00:00,2109,1,0.15009548312044563,,none,0
2024-06-01T00:00:00,1234567890,Community Hub,175690829225,real_human_01234,2024-04-28T00:00:00,2024-04-28T07:00:00,34,0,0.7008969771939496,"suspicious_username,no_avatar",warned,1
2024-06-01T00:00:00,1234567890,Community Hub,340591085113,chris_builds,2018-06-27T00:00:00,2018-09-28T00:00:00,2166,1,0.049149911074912456,,none,0
2024-06-01T00:00:00,1234567890,Community Hub,191204175392,a8f7d3k9p2,2024-04-30T00:00:00,2024-05-01T09:00:00,32,0,0.7590003589984088,"suspicious_username,no_avatar",warned,1
2024-06-01T00:00:00,1234567890,Community Hub,137202487455,journeys_with_kai,2024-02-08T00:00:00,2024-03-26T00:00:00,114,1,0.09119981146477243,,none,0
2024-06-01T00:00:00,1234567890,Community Hub,572953421570,q7w8e9r0t1y2,2024-04-17T00:00:00,2024-04-17T00:00:00,45,0,0.647511498689276,"dormant_bot,pattern_mismatch",flagged,1
2024-06-01T00:00:00,1234567890,Community Hub,190633391536,mike_2023,2022-03-04T00:00:00,2022-12-12T00:00:00,820,1,0.20468629986902873,,none,0
2024-06-01T00:00:00,1234567890,Community Hub,145847255096,journeys_with_kai,2020-12-16T00:00:00,2021-09-01T00:00:00,1263,1,0.0910137122087239,,none,0
2024-06-01T00:00:00,1234567890,Community Hub,254044666480,q7w8e9r0t1y2,2024-05-22T00:00:00,2024-05-22T01:00:00,10,0,0.7382343001848896,"suspicious_username,no_avatar",warned,1
2024-06-01T00:00:00,1234567890,Community Hub,773396723148,airdrop_winner99,2024-04-29T00:00:00,2024-04-29T02:00:00,33,0,0.6344137119703175,"suspicious_username,no_avatar",warned,1
2024-06-01T00:00:00,1234567890,Community Hub,497853731063,xXx_profit_xXx,2024-02-26T00:00:00,2024-02-26T00:00:00,96,0,0.7446038187604099,"dormant_bot,pattern_mismatch",flagged,1
2024-06-01T00:00:00,1234567890,Community Hub,585775180536,earn_fast_2024,2024-05-02T00:00:00,2024-05-03T04:00:00,30,0,0.64121571111693,"suspicious_username,no_avatar",warned,1
2024-06-01T00:00:00,1234567890,Community Hub,762955507030,surf_with_evan,2017-08-01T00:00:00,2018-04-11T00:00:00,2496,1,0.08247173436535901,,none,0
2024-06-01T00:00:00,1234567890,Community Hub,304241781634,free_followers_now,2024-03-28T00:00:00,2024-03-28T00:00:00,65,0,0.7899710802635743,"dormant_bot,pattern_mismatch",flagged,1
2024-06-01T00:00:00,1234567890,Community Hub,335594365502,user8374629,2024-05-31T00:00:00,2024-05-31T00:00:00,1,0,0.8294958756554542,"new_account,no_avatar,rapid_join",flagged,1
2024-06-01T00:00:00,1234567890,Community Hub,211239859155,chef_marco,2019-10-21T00:00:00,2020-03-07T00:00:00,1685,1,0.11381574431329053,,none,0
2024-06-01T00:00:00,1234567890,Community Hub,319261040400,lisa_writes,2020-10-26T00:00:00,2021-01-14T00:00:00,1314,1,0.12504547222844029,,none,0
2024-06-01T00:00:00,1234567890,Community Hub,641930465764,mindful_maya,2024-02-16T00:00:00,2024-03-04T00:00:00,106,1,0.05990454539402376,,none,0
2024-06-01T00:00:00,1234567890,Community Hub,199849004669,q7w8e9r0t1y2,2024-04-28T00:00:00,2024-04-29T21:00:00,34,0,0.7731877225720892,"suspicious_username,no_avatar",warned,1
2024-06-01T00:00:00,1234567890,Community Hub,427379012694,9182736450,2023-12-22T00:00:00,2023-12-22T00:00:00,162,0,0.8323148717792133,"dormant_bot,pattern_mismatch",flagged,1
2024-06-01T00:00:00,1234567890,Community Hub,197678070473,free_followers_now,2024-04-23T00:00:00,2024-04-23T19:00:00,39,0,0.884460812036607,"suspicious_username,no_avatar",warned,1
2024-06-01T00:00:00,1234567890,Community Hub,911711929307,nina_art,2023-03-07T00:00:00,2023-08-09T00:00:00,452,1,0.21940799415625759,,none,0
2024-06-01T00:00:00,1234567890,Community Hub,594329695933,daniel_f,2019-04-12T00:00:00,2019-09-26T00:00:00,1877,1,0.058269961548091886,,none,0
2024-06-01T00:00:00,1234567890,Community Hub,683592659484,99882736450,2024-05-06T00:00:00,2024-05-06T07:00:00,26,0,0.6179538499198378,"suspicious_username,no_avatar",warned,1
2024-06-01T00:00:00,1234567890,Community Hub,133933584927,zz_promo_zz,2024-05-27T00:00:00,2024-05-27T00:00:00,5,0,0.8896095087018654,"new_account,no_avatar,rapid_join",flagged,1
2024-06-01T00:00:00,1234567890,Community Hub,751014461095,crypto_king_9999,2024-04-30T00:00:00,2024-04-30T00:00:00,32,0,0.7515575010060429,"dormant_bot,pattern_mismatch",flagged,1
2024-06-01T00:00:00,1234567890,Community Hub,121199015200,botanist_beth,2022-03-28T00:00:00,2022-05-03T00:00:00,796,1,0.008419479744542852,,none,0
2024-06-01T00:00:00,1234567890,Community Hub,277351124139,free_follower_bot,2023-12-28T00:00:00,2023-12-28T00:00:00,156,0,0.6592229155887898,"dormant_bot,pattern_mismatch",flagged,1
2024-06-01T00:00:00,1234567890,Community Hub,444401274147,sarah_smith,2024-01-09T00:00:00,2024-03-15T00:00:00,144,1,0.1282714330769793,,none,0
2024-06-01T00:00:00,1234567890,Community Hub,338402536993,journeys_with_kai,2021-10-26T00:00:00,2022-10-03T00:00:00,949,1,0.1033898659362403,,none,0
2024-06-01T00:00:00,1234567890,Community Hub,251605789790,creative_dan,2022-05-11T00:00:00,2023-04-17T00:00:00,752,1,0.22549044276067692,,none,0
2024-06-01T00:00:00,1234567890,Community Hub,422849934889,nina_art,2023-10-06T00:00:00,2023-10-22T00:00:00,239,1,0.10488645744402084,,none,0
2024-06-01T00:00:00,1234567890,Community Hub,348479410011,alex_travel,2022-02-03T00:00:00,2022-09-25T00:00:00,849,1,0.008466101513051077,,none,0
2024-06-01T00:00:00,1234567890,Community Hub,767334414421,amy_joy,2019-07-26T00:00:00,2019-12-02T00:00:00,1772,1,0.2005773850377221,,none,0
2024-06-01T00:00:00,1234567890,Community Hub,235326325899,nft_dropper_69,2024-06-01T00:00:00,2024-06-01T00:00:00,0,0,0.9853855306818744,"new_account,no_avatar,rapid_join",flagged,1
2024-06-01T00:00:00,1234567890,Community Hub,446540476268,q7w8e9r0t1y2,2024-05-28T00:00:00,2024-05-28T00:00:00,4,0,0.7734195685376898,"new_account,no_avatar,rapid_join",flagged,1
2024-06-01T00:00:00,1234567890,Community Hub,834106897500,free_followers_now,2024-02-19T00:00:00,2024-02-19T00:00:00,103,0,0.7856311518088276,"dormant_bot,pattern_mismatch",flagged,1
2024-06-01T00:00:00,1234567890,Community Hub,303462794586,the_real_sam,2023-02-26T00:00:00,2023-08-29T00:00:00,461,1,0.09326026630855247,,none,0
2024-06-01T00:00:00,1234567890,Community Hub,365413710802,nina_art,2017-10-15T00:00:00,2018-06-07T00:00:00,2421,1,0.09252301480766878,,none,0
2024-06-01T00:00:00,1234567890,Community Hub,454016659070,journeys_with_kai,2020-06-06T00:00:00,2021-09-13T00:00:00,1456,1,0.10502922137215037,,none,0
2024-06-01T00:00:00,1234567890,Community Hub,105442781219,tradebot_fx,2024-02-23T00:00:00,2024-02-23T00:00:00,99,0,0.5940007793803171,"dormant_bot,pattern_mismatch",flagged,1
2024-06-01T00:00:00,1234567890,Community Hub,581406373237,user8374629,2024-04-24T00:00:00,2024-04-25T16:00:00,38,0,0.7428175894180731,"suspicious_username,no_avatar",warned,1
2024-06-01T00:00:00,1234567890,Community Hub,374833196306,amy_joy,2021-09-05T00:00:00,2022-12-13T00:00:00,1000,1,0.18020535315501726,,none,0
2024-06-01T00:00:00,1234567890,Community Hub,822985894582,amy_joy,2021-09-09T00:00:00,2022-12-16T00:00:00,996,1,0.14946114856211196,,none,0
2024-06-01T00:00:00,1234567890,Community Hub,829759331587,real_human_01234,2024-05-01T00:00:00,2024-05-01T00:00:00,31,0,0.7679593353555085,"dormant_bot,pattern_mismatch",flagged,1
2024-06-01T00:00:00,1234567890,Community Hub,191864416279,fit_jessica,2023-11-04T00:00:00,2023-12-21T00:00:00,210,1,0.06357389326705448,,none,0
2024-06-01T00:00:00,1234567890,Community Hub,552108520887,q7w8e9r0t1y2,2024-05-30T00:00:00,2024-05-30T00:00:00,2,0,0.8704144538051051,"new_account,no_avatar,rapid_join",flagged,1
2024-06-01T00:00:00,1234567890,Community Hub,953664230706,free_follower_bot,2024-06-01T00:00:00,2024-06-01T00:00:00,0,0,0.9142487466994796,"new_account,no_avatar,rapid_join",flagged,1
2024-06-01T00:00:00,1234567890,Community Hub,963165488782,follow_back_101,2024-06-01T00:00:00,2024-06-01T00:00:00,0,0,0.7434150431370654,"new_account,no_avatar,rapid_join",flagged,1
2024-06-01T00:00:00,1234567890,Community Hub,264495757959,acc29471838,2024-05-05T00:00:00,2024-05-06T05:00:00,27,0,0.7678836280865214,"suspicious_username,no_avatar",warned,1
2024-06-01T00:00:00,1234567890,Community Hub,586097094197,paul_runs,2018-08-08T00:00:00,2019-06-26T00:00:00,2124,1,0.02806971211114226,,none,0
2024-06-01T00:00:00,1234567890,Community Hub,828356028350,code_master,2023-01-28T00:00:00,2023-09-19T00:00:00,490,1,0.050218972149622704,,none,0
2024-06-01T00:00:00,1234567890,Community Hub,430582971893,user8374629,2024-01-16T00:00:00,2024-01-16T00:00:00,137,0,0.6680513839609727,"dormant_bot,pattern_mismatch",flagged,1
2024-06-01T00:00:00,1234567890,Community Hub,755674327734,a8f7d3k9p2,2024-02-26T00:00:00,2024-02-26T00:00:00,96,0,0.6282348403893967,"dormant_bot,pattern_mismatch",flagged,1
2024-06-01T00:00:00,1234567890,Community Hub,105354007436,9182736450,2024-01-15T00:00:00,2024-01-15T00:00:00,138,0,0.752111208434304,"dormant_bot,pattern_mismatch",flagged,1
2024-06-01T00:00:00,1234567890,Community Hub,740942016564,chris_builds,2018-06-27T00:00:00,2019-04-08T00:00:00,2166,1,0.07708604940778319,,none,0
2024-06-01T00:00:00,1234567890,Community Hub,174693838272,mike_2023,2021-04-25T00:00:00,2022-09-04T00:00:00,1133,1,0.020539021151865067,,none,0
2024-06-01T00:00:00,1234567890,Community Hub,675698956734,the_real_sam,2018-10-18T00:00:00,2018-12-14T00:00:00,2053,1,0.08831600101403472,,none,0
2024-06-01T00:00:00,1234567890,Community Hub,602757568363,real_human_01234,2024-05-30T00:00:00,2024-05-30T00:00:00,2,0,0.827672488893868,"new_account,no_avatar,rapid_join",flagged,1
2024-06-01T00:00:00,1234567890,Community Hub,979956476838,fit_jessica,2018-11-27T00:00:00,2020-01-02T00:00:00,2013,1,0.01727494137211949,,none,0
2024-06-01T00:00:00,1234567890,Community Hub,759041965142,a8f7d3k9p2,2024-05-30T00:00:00,2024-05-30T00:00:00,2,0,0.8522965181055341,"new_account,no_avatar,rapid_join",flagged,1
2024-06-01T00:00:00,1234567890,Community Hub,322756996846,9182736450,2023-12-18T00:00:00,2023-12-18T00:00:00,166,0,0.8482870726144284,"dormant_bot,pattern_mismatch",flagged,1
2024-06-01T00:00:00,1234567890,Community Hub,262122496398,bot_account_7,2023-12-17T00:00:00,2023-12-17T00:00:00,167,0,0.6042334979022121,"dormant_bot,pattern_mismatch",flagged,1
2024-06-01T00:00:00,1234567890,Community Hub,131213750721,mark_adventure,2018-05-31T00:00:00,2019-08-20T00:00:00,2193,1,0.06715365538337023,,none,0
2024-06-01T00:00:00,1234567890,Community Hub,754308009444,xXx_profit_xXx,2024-04-22T00:00:00,2024-04-23T18:00:00,40,0,0.5736832253271102,"suspicious_username,no_avatar",warned,1
2024-06-01T00:00:00,1234567890,Community Hub,102228291084,lena_captures,2020-07-02T00:00:00,2021-10-14T00:00:00,1430,1,0.0800515182810734,,none,0
2024-06-01T00:00:00,1234567890,Community Hub,460953274705,earn_fast_2024,2024-04-23T00:00:00,2024-04-23T00:00:00,39,0,0.6521516224659651,"dormant_bot,pattern_mismatch",flagged,1
2024-06-01T00:00:00,1234567890,Community Hub,204980266748,b.scott.official,2019-03-26T00:00:00,2020-03-22T00:00:00,1894,1,0.2481702377099053,,none,0
2024-06-01T00:00:00,1234567890,Community Hub,253677968211,dev_pete,2021-06-13T00:00:00,2022-08-30T00:00:00,1084,1,0.17544762934077057,,none,0
2024-06-01T00:00:00,1234567890,Community Hub,138519455984,creative_dan,2019-07-26T00:00:00,2020-06-07T00:00:00,1772,1,0.09989025965408668,,none,0
2024-06-01T00:00:00,1234567890,Community Hub,119291084720,1234567890ab,2024-06-01T00:00:00,2024-06-01T00:00:00,0,0,0.8637157323417147,"new_account,no_avatar,rapid_join",flagged,1
2024-06-01T00:00:00,1234567890,Community Hub,762273559068,tradebot_fx,2024-03-23T00:00:00,2024-03-23T00:00:00,70,0,0.8412994950091353,"dormant_bot,pattern_mismatch",flagged,1
2024-06-01T00:00:00,1234567890,Community Hub,905848156742,dev_pete,2023-06-18T00:00:00,2023-09-24T00:00:00,349,1,0.13114679040651098,,none,0
2024-06-01T00:00:00,1234567890,Community Hub,943641325823,bot_account_7,2024-05-29T00:00:00,2024-05-29T00:00:00,3,0,0.97001542829245,"new_account,no_avatar,rapid_join",flagged,1
2024-06-01T00:00:00,1234567890,Community Hub,119821629122,code_master,2021-12-03T00:00:00,2022-08-21T00:00:00,911,1,0.2002459244478259,,none,0
2024-06-01T00:00:00,1234567890,Community Hub,233702944525,get_rich_88,2024-05-29T00:00:00,2024-05-29T00:00:00,3,0,0.7639808153621148,"new_account,no_avatar,rapid_join",flagged,1
2024-06-01T00:00:00,1234567890,Community Hub,242031370158,bot_account_7,2024-05-30T00:00:00,2024-05-30T00:00:00,2,0,0.9430163507289212,"new_account,no_avatar,rapid_join",flagged,1
2024-06-01T00:00:00,1234567890,Community Hub,745243044986,9182736450,2024-05-23T00:00:00,2024-05-23T02:00:00,9,0,0.7963950917255055,"suspicious_username,no_avatar",warned,1
2024-06-01T00:00:00,1234567890,Community Hub,463385819130,q7w8e9r0t1y2,2024-04-21T00:00:00,2024-04-22T06:00:00,41,0,0.7531813680787067,"suspicious_username,no_avatar",warned,1
2024-06-01T00:00:00,1234567890,Community Hub,927655421565,daniel_f,2018-07-18T00:00:00,2019-09-05T00:00:00,2145,1,0.18868744430057566,,none,0
2024-06-01T00:00:00,1234567890,Community Hub,703731942565,a8f7d3k9p2,2024-05-30T00:00:00,2024-05-30T00:00:00,2,0,0.7517631892617036,"new_account,no_avatar,rapid_join",flagged,1
2024-06-01T00:00:00,1234567890,Community Hub,492417488392,lena_captures,2018-09-13T00:00:00,2019-08-02T00:00:00,2088,1,0.22297874065399223,,none,0
2024-06-01T00:00:00,1234567890,Community Hub,627179635398,nft_dropper_69,2024-05-28T00:00:00,2024-05-28T00:00:00,4,0,0.8676307686730959,"new_account,no_avatar,rapid_join",flagged,1
2024-06-01T00:00:00,1234567890,Community Hub,510326694876,crypto_king_9999,2024-03-16T00:00:00,2024-03-16T00:00:00,77,0,0.6371847425838573,"dormant_bot,pattern_mismatch",flagged,1
2024-06-01T00:00:00,1234567890,Community Hub,897071779141,99882736450,2024-02-04T00:00:00,2024-02-04T00:00:00,118,0,0.6253084929783832,"dormant_bot,pattern_mismatch",flagged,1
2024-06-01T00:00:00,1234567890,Community Hub,545502566198,user8374629,2024-05-23T00:00:00,2024-05-24T13:00:00,9,0,0.7683880132777358,"suspicious_username,no_avatar",warned,1
2024-06-01T00:00:00,1234567890,Community Hub,172453051967,get_rich_88,2024-02-10T00:00:00,2024-02-10T00:00:00,112,0,0.6079338012132707,"dormant_bot,pattern_mismatch",flagged,1
2024-06-01T00:00:00,1234567890,Community Hub,666129471876,bot_account_7,2024-05-19T00:00:00,2024-05-20T23:00:00,13,0,0.8327630658515305,"suspicious_username,no_avatar",warned,1
2024-06-01T00:00:00,1234567890,Community Hub,646290965311,dev_pete,2019-07-23T00:00:00,2020-04-24T00:00:00,1775,1,0.24682861157378516,,none,0
2024-06-01T00:00:00,1234567890,Community Hub,765795205092,paul_runs,2023-02-10T00:00:00,2023-03-24T00:00:00,477,1,0.03174658867598665,,none,0
2024-06-01T00:00:00,1234567890,Community Hub,648062929282,b.scott.official,2018-01-26T00:00:00,2018-05-11T00:00:00,2318,1,0.021290490294222364,,none,0
2024-06-01T00:00:00,1234567890,Community Hub,590015568094,xXx_profit_xXx,2024-06-01T00:00:00,2024-06-01T00:00:00,0,0,0.8302289576282862,"new_account,no_avatar,rapid_join",flagged,1
2024-06-01T00:00:00,1234567890,Community Hub,852276960824,free_followers_now,2024-05-18T00:00:00,2024-05-19T14:00:00,14,0,0.5205079066607265,"suspicious_username,no_avatar",warned,1
2024-06-01T00:00:00,1234567890,Community Hub,966486211637,chef_marco,2023-11-07T00:00:00,2023-12-25T00:00:00,207,1,0.15206849937688943,,none,0
2024-06-01T00:00:00,1234567890,Community Hub,200872420468,dev_pete,2019-07-16T00:00:00,2019-11-01T00:00:00,1782,1,0.10308400064066323,,none,0
2024-06-01T00:00:00,1234567890,Community Hub,333382038723,user8374629,2024-02-13T00:00:00,2024-02-13T00:00:00,109,0,0.8032250657617699,"dormant_bot,pattern_mismatch",flagged,1
2024-06-01T00:00:00,1234567890,Community Hub,658822102925,b.scott.official,2023-04-09T00:00:00,2023-04-21T00:00:00,419,1,0.2462508197849966,,none,0
2024-06-01T00:00:00,1234567890,Community Hub,859300823380,user8374629,2024-03-11T00:00:00,2024-03-11T00:00:00,82,0,0.594706698317948,"dormant_bot,pattern_mismatch",flagged,1
2024-06-01T00:00:00,1234567890,Community Hub,533177475190,free_followers_now,2024-05-08T00:00:00,2024-05-09T13:00:00,24,0,0.6582563254436806,"suspicious_username,no_avatar",warned,1
2024-06-01T00:00:00,1234567890,Community Hub,819237544659,airdrop_winner99,2024-01-23T00:00:00,2024-01-23T00:00:00,130,0,0.5984639796811364,"dormant_bot,pattern_mismatch",flagged,1
2024-06-01T00:00:00,1234567890,Community Hub,483185491008,paul_runs,2023-05-28T00:00:00,2023-08-14T00:00:00,370,1,0.1074290949487284,,none,0
2024-06-01T00:00:00,1234567890,Community Hub,620836853387,q7w8e9r0t1y2,2024-05-03T00:00:00,2024-05-04T22:00:00,29,0,0.6717503626211828,"suspicious_username,no_avatar",warned,1
2024-06-01T00:00:00,1234567890,Community Hub,573490323044,tradebot_fx,2024-03-21T00:00:00,2024-03-21T00:00:00,72,0,0.6459373163035955,"dormant_bot,pattern_mismatch",flagged,1
2024-06-01T00:00:00,1234567890,Community Hub,376409585338,lisa_writes,2018-09-25T00:00:00,2019-04-27T00:00:00,2076,1,0.23785604096315022,,none,0
2024-06-01T00:00:00,1234567890,Community Hub,692946999721,dev_pete,2021-05-27T00:00:00,2021-07-06T00:00:00,1101,1,0.044156590289072845,,none,0
2024-06-01T00:00:00,1234567890,Community Hub,870738987825,chef_marco,2019-04-07T00:00:00,2019-11-30T00:00:00,1882,1,0.1699949642172843,,none,0
2024-06-01T00:00:00,1234567890,Community Hub,545882982549,dev_pete,2019-02-23T00:00:00,2020-06-25T00:00:00,1925,1,0.10513949736054323,,none,0
2024-06-01T00:00:00,1234567890,Community Hub,411968270468,code_master,2022-03-08T00:00:00,2022-06-14T00:00:00,816,1,0.19028009725709064,,none,0
2024-06-01T00:00:00,1234567890,Community Hub,860010271238,bot_account_7,2024-05-26T00:00:00,2024-05-26T00:00:00,6,0,0.8777828059089147,"new_account,no_avatar,rapid_join",flagged,1
2024-06-01T00:00:00,1234567890,Community Hub,786258854136,crypto_king_9999,2024-05-15T00:00:00,2024-05-16T17:00:00,17,0,0.6866963906414206,"suspicious_username,no_avatar",warned,1
2024-06-01T00:00:00,1234567890,Community Hub,474977789352,99882736450,2024-05-21T00:00:00,2024-05-21T21:00:00,11,0,0.8770656697836864,"suspicious_username,no_avatar",warned,1
2024-06-01T00:00:00,1234567890,Community Hub,607264457333,crypto_king_9999,2024-06-01T00:00:00,2024-06-01T00:00:00,0,0,0.8073679380866181,"new_account,no_avatar,rapid_join",flagged,1
2024-06-01T00:00:00,1234567890,Community Hub,510912170955,tradebot_fx,2024-05-08T00:00:00,2024-05-08T09:00:00,24,0,0.7082354190927288,"suspicious_username,no_avatar",warned,1
2024-06-01T00:00:00,1234567890,Community Hub,566931297346,john_doe,2017-10-08T00:00:00,2017-10-18T00:00:00,2428,1,0.017446074379227933,,none,0
2024-06-01T00:00:00,1234567890,Community Hub,802525370660,1234567890ab,2024-04-24T00:00:00,2024-04-25T05:00:00,38,0,0.662278303976673,"suspicious_username,no_avatar",warned,1
2024-06-01T00:00:00,1234567890,Community Hub,338682676284,free_follower_bot,2024-06-01T00:00:00,2024-06-01T00:00:00,0,0,0.9739641721999597,"new_account,no_avatar,rapid_join",flagged,1
2024-06-01T00:00:00,1234567890,Community Hub,547654389486,grace_beauty,2019-04-12T00:00:00,2020-07-13T00:00:00,1877,1,0.24828708383855305,,none,0
2024-06-01T00:00:00,1234567890,Community Hub,220184919830,code_master,2023-12-28T00:00:00,2024-02-18T00:00:00,156,1,0.04866658870816434,,none,0
2024-06-01T00:00:00,1234567890,Community Hub,553318471063,crypto_king_9999,2024-04-29T00:00:00,2024-04-29T20:00:00,33,0,0.8158255620514958,"suspicious_username,no_avatar",warned,1
2024-06-01T00:00:00,1234567890,Community Hub,856760607987,free_followers_now,2024-05-04T00:00:00,2024-05-04T07:00:00,28,0,0.6628613982651355,"suspicious_username,no_avatar",warned,1
2024-06-01T00:00:00,1234567890,Community Hub,567795226737,99882736450,2024-05-11T00:00:00,2024-05-12T22:00:00,21,0,0.8304607562928378,"suspicious_username,no_avatar",warned,1
2024-06-01T00:00:00,1234567890,Community Hub,311168756520,real_human_01234,2024-05-29T00:00:00,2024-05-29T00:00:00,3,0,0.8678478812431473,"new_account,no_avatar,rapid_join",flagged,1
2024-06-01T00:00:00,1234567890,Community Hub,173186761778,xXx_profit_xXx,2024-06-01T00:00:00,2024-06-01T00:00:00,0,0,0.7033335085615554,"new_account,no_avatar,rapid_join",flagged,1
2024-06-01T00:00:00,1234567890,Community Hub,468503322659,everyday_elena,2021-12-20T00:00:00,2022-10-10T00:00:00,894,1,0.023645995704368622,,none,0
2024-06-01T00:00:00,1234567890,Community Hub,791333057511,lena_captures,2022-08-17T00:00:00,2023-01-29T00:00:00,654,1,0.18503047097834513,,none,0
2024-06-01T00:00:00,1234567890,Community Hub,957966810615,earn_fast_2024,2024-02-18T00:00:00,2024-02-18T00:00:00,104,0,0.7695734623770003,"dormant_bot,pattern_mismatch",flagged,1
2024-06-01T00:00:00,1234567890,Community Hub,568439288350,real_human_01234,2024-05-30T00:00:00,2024-05-30T00:00:00,2,0,0.8108465108390698,"new_account,no_avatar,rapid_join",flagged,1
2024-06-01T00:00:00,1234567890,Community Hub,775466265692,fit_jessica,2019-08-09T00:00:00,2020-04-28T00:00:00,1758,1,0.19792858581309228,,none,0
2024-06-01T00:00:00,1234567890,Community Hub,533815090046,nina_art,2022-10-06T00:00:00,2023-07-26T00:00:00,604,1,0.0105787803504922,,none,0
2024-06-01T00:00:00,1234567890,Community Hub,865904871995,9182736450,2024-04-01T00:00:00,2024-04-01T00:00:00,61,0,0.7998853961906665,"dormant_bot,pattern_mismatch",flagged,1
2024-06-01T00:00:00,1234567890,Community Hub,548914436961,acc29471838,2024-05-23T00:00:00,2024-05-23T15:00:00,9,0,0.5444652171826627,"suspicious_username,no_avatar",warned,1
2024-06-01T00:00:00,1234567890,Community Hub,188772098766,a8f7d3k9p2,2024-05-12T00:00:00,2024-05-12T04:00:00,20,0,0.6451745333689322,"suspicious_username,no_avatar",warned,1
2024-06-01T00:00:00,1234567890,Community Hub,968092863847,acc29471838,2024-05-31T00:00:00,2024-05-31T00:00:00,1,0,0.8522797636148244,"new_account,no_avatar,rapid_join",flagged,1
2024-06-01T00:00:00,1234567890,Community Hub,434129445556,mindful_maya,2018-06-25T00:00:00,2018-10-26T00:00:00,2168,1,0.17522978360259225,,none,0
2024-06-01T00:00:00,1234567890,Community Hub,235356484103,crypto_king_9999,2024-05-29T00:00:00,2024-05-29T00:00:00,3,0,0.8287927373884164,"new_account,no_avatar,rapid_join",flagged,1
2024-06-01T00:00:00,1234567890,Community Hub,669247164203,b.scott.official,2019-04-23T00:00:00,2019-08-17T00:00:00,1866,1,0.2334998260303747,,none,0
2024-06-01T00:00:00,1234567890,Community Hub,652851083474,9182736450,2023-12-27T00:00:00,2023-12-27T00:00:00,157,0,0.587487138460965,"dormant_bot,pattern_mismatch",flagged,1
2024-06-01T00:00:00,1234567890,Community Hub,912253884651,b.scott.official,2018-02-06T00:00:00,2019-06-09T00:00:00,2307,1,0.20158971511927656,,none,0
2024-06-01T00:00:00,1234567890,Community Hub,338996738977,acc29471838,2024-05-26T00:00:00,2024-05-26T00:00:00,6,0,0.7473694610361885,"new_account,no_avatar,rapid_join",flagged,1
2024-06-01T00:00:00,1234567890,Community Hub,902928695478,botanist_beth,2021-09-13T00:00:00,2021-12-29T00:00:00,992,1,0.14046945890334014,,none,0
2024-06-01T00:00:00,1234567890,Community Hub,426545073719,nina_art,2018-11-09T00:00:00,2020-01-23T00:00:00,2031,1,0.1684596242454198,,none,0
2024-06-01T00:00:00,1234567890,Community Hub,717594197997,xXx_profit_xXx,2024-03-29T00:00:00,2024-03-29T00:00:00,64,0,0.751431477205389,"dormant_bot,pattern_mismatch",flagged,1
2024-06-01T00:00:00,1234567890,Community Hub,776890341268,free_follower_bot,2024-03-23T00:00:00,2024-03-23T00:00:00,70,0,0.5799407128220865,"dormant_bot,pattern_mismatch",flagged,1
2024-06-01T00:00:00,1234567890,Community Hub,414006710956,dev_pete,2021-03-29T00:00:00,2022-04-02T00:00:00,1160,1,0.15726645800016834,,none,0
2024-06-01T00:00:00,1234567890,Community Hub,469008311448,bot_account_7,2024-05-08T00:00:00,2024-05-09T15:00:00,24,0,0.8993315989596748,"suspicious_username,no_avatar",warned,1
2024-06-01T00:00:00,1234567890,Community Hub,282418853933,crypto_king_9999,2024-04-27T00:00:00,2024-04-27T23:00:00,35,0,0.8649552051806076,"suspicious_username,no_avatar",warned,1
2024-06-01T00:00:00,1234567890,Community Hub,618451910004,emma.j,2018-03-19T00:00:00,2019-01-13T00:00:00,2266,1,0.1169288010241743,,none,0
2024-06-01T00:00:00,1234567890,Community Hub,326034978079,alex_travel,2020-09-27T00:00:00,2021-04-28T00:00:00,1343,1,0.2313282953751002,,none,0
2024-06-01T00:00:00,1234567890,Community Hub,404181217591,99882736450,2023-12-31T00:00:00,2023-12-31T00:00:00,153,0,0.7520236500883815,"dormant_bot,pattern_mismatch",flagged,1
2024-06-01T00:00:00,1234567890,Community Hub,462100872356,airdrop_winner99,2024-04-10T00:00:00,2024-04-10T00:00:00,52,0,0.7706423378503845,"dormant_bot,pattern_mismatch",flagged,1
2024-06-01T00:00:00,1234567890,Community Hub,669435814448,get_rich_88,2024-03-25T00:00:00,2024-03-25T00:00:00,68,0,0.8384689990809123,"dormant_bot,pattern_mismatch",flagged,1
2024-06-01T00:00:00,1234567890,Community Hub,846289154474,lena_captures,2019-08-06T00:00:00,2020-02-03T00:00:00,1761,1,0.20296464318361657,,none,0
2024-06-01T00:00:00,1234567890,Community Hub,937469100307,mindful_maya,2020-11-08T00:00:00,2021-02-17T00:00:00,1301,1,0.21543369784107175,,none,0
2024-06-01T00:00:00,1234567890,Community Hub,755587167983,crypto_king_9999,2024-05-29T00:00:00,2024-05-29T00:00:00,3,0,0.9136777308118605,"new_account,no_avatar,rapid_join",flagged,1
2024-06-01T00:00:00,1234567890,Community Hub,810588127961,get_rich_88,2024-05-30T00:00:00,2024-05-30T00:00:00,2,0,0.8129541781758979,"new_account,no_avatar,rapid_join",flagged,1
2024-06-01T00:00:00,1234567890,Community Hub,228908504635,follow_back_101,2024-05-20T00:00:00,2024-05-21T13:00:00,12,0,0.5776084619793531,"suspicious_username,no_avatar",warned,1
2024-06-01T00:00:00,1234567890,Community Hub,563891186273,get_rich_88,2024-05-30T00:00:00,2024-05-30T00:00:00,2,0,0.8353426627213869,"new_account,no_avatar,rapid_join",flagged,1
2024-06-01T00:00:00,1234567890,Community Hub,389700579371,earn_fast_2024,2024-05-29T00:00:00,2024-05-29T00:00:00,3,0,0.8786267233826867,"new_account,no_avatar,rapid_join",flagged,1
2024-06-01T00:00:00,1234567890,Community Hub,275669694466,follow_back_101,2024-05-28T00:00:00,2024-05-28T00:00:00,4,0,0.897849371958121,"new_account,no_avatar,rapid_join",flagged,1
2024-06-01T00:00:00,1234567890,Community Hub,925957916812,free_follower_bot,2024-05-17T00:00:00,2024-05-17T08:00:00,15,0,0.8548760057962175,"suspicious_username,no_avatar",warned,1
2024-06-01T00:00:00,1234567890,Community Hub,872502170711,emma.j,2020-07-24T00:00:00,2021-10-11T00:00:00,1408,1,0.15224652717824652,,none,0
2024-06-01T00:00:00,1234567890,Community Hub,741308429389,follow_back_101,2024-06-01T00:00:00,2024-06-01T00:00:00,0,0,0.846726578241871,"new_account,no_avatar,rapid_join",flagged,1
2024-06-01T00:00:00,1234567890,Community Hub,832103180774,airdrop_winner99,2024-02-22T00:00:00,2024-02-22T00:00:00,100,0,0.7838656009034725,"dormant_bot,pattern_mismatch",flagged,1
2024-06-01T00:00:00,1234567890,Community Hub,834650846412,lisa_writes,2017-11-19T00:00:00,2018-04-09T00:00:00,2386,1,0.21725097079978062,,none,0
2024-06-01T00:00:00,1234567890,Community Hub,250276248715,sarah_smith,2019-02-24T00:00:00,2020-05-24T00:00:00,1924,1,0.07635405638141765,,none,0
2024-06-01T00:00:00,1234567890,Community Hub,623139855833,paul_runs,2019-12-21T00:00:00,2020-11-29T00:00:00,1624,1,0.040557127350611816,,none,0
2024-06-01T00:00:00,1234567890,Community Hub,123181607704,emma.j,2020-07-24T00:00:00,2021-04-30T00:00:00,1408,1,0.12287775605475632,,none,0
2024-06-01T00:00:00,1234567890,Community Hub,194895833251,crypto_king_9999,2024-05-28T00:00:00,2024-05-28T00:00:00,4,0,0.8948074771478245,"new_account,no_avatar,rapid_join",flagged,1
2024-06-01T00:00:00,1234567890,Community Hub,856399079014,sarah_smith,2018-03-14T00:00:00,2018-10-20T00:00:00,2271,1,0.20700966046226701,,none,0
2024-06-01T00:00:00,1234567890,Community Hub,820610005458,acc29471838,2024-05-28T00:00:00,2024-05-28T00:00:00,4,0,0.9223879066121605,"new_account,no_avatar,rapid_join",flagged,1
2024-06-01T00:00:00,1234567890,Community Hub,667661464721,crypto_king_9999,2024-03-17T00:00:00,2024-03-17T00:00:00,76,0,0.6328259464946814,"dormant_bot,pattern_mismatch",flagged,1
2024-06-01T00:00:00,1234567890,Community Hub,743558943290,mindful_maya,2024-01-29T00:00:00,2024-03-11T00:00:00,124,1,0.17728366513045446,,none,0
2024-06-01T00:00:00,1234567890,Community Hub,185253619612,acc29471838,2024-03-22T00:00:00,2024-03-22T00:00:00,71,0,0.7655440816144206,"dormant_bot,pattern_mismatch",flagged,1
2024-06-01T00:00:00,1234567890,Community Hub,697586568209,lisa_writes,2018-07-24T00:00:00,2019-07-24T00:00:00,2139,1,0.07841304289809714,,none,0
2024-06-01T00:00:00,1234567890,Community Hub,426740246217,botanist_beth,2021-09-29T00:00:00,2022-05-03T00:00:00,976,1,0.24874494934950842,,none,0
2024-06-01T00:00:00,1234567890,Community Hub,906272589823,lena_captures,2022-01-07T00:00:00,2023-02-16T00:00:00,876,1,0.1531480954742575,,none,0
2024-06-01T00:00:00,1234567890,Community Hub,413230792892,q7w8e9r0t1y2,2024-05-20T00:00:00,2024-05-21T22:00:00,12,0,0.8812472569351782,"suspicious_username,no_avatar",warned,1
2024-06-01T00:00:00,1234567890,Community Hub,211850803217,lisa_writes,2023-07-27T00:00:00,2023-08-20T00:00:00,310,1,0.11986735923748792,,none,0
2024-06-01T00:00:00,1234567890,Community Hub,615527316192,surf_with_evan,2022-12-07T00:00:00,2023-05-24T00:00:00,542,1,0.12971386821549483,,none,0
2024-06-01T00:00:00,1234567890,Community Hub,172697845333,b.scott.official,2022-07-02T00:00:00,2022-07-31T00:00:00,700,1,0.008286559441926467,,none,0
2024-06-01T00:00:00,1234567890,Community Hub,461862359562,surf_with_evan,2017-11-10T00:00:00,2018-04-18T00:00:00,2395,1,0.07160037987303033,,none,0
2024-06-01T00:00:00,1234567890,Community Hub,668513454991,user8374629,2024-05-10T00:00:00,2024-05-10T12:00:00,22,0,0.6277353091199934,"suspicious_username,no_avatar",warned,1
2024-06-01T00:00:00,1234567890,Community Hub,506446487273,paul_runs,2018-02-14T00:00:00,2018-12-13T00:00:00,2299,1,0.14485722058992972,,none,0
2024-06-01T00:00:00,1234567890,Community Hub,258326815987,nina_art,2021-10-30T00:00:00,2022-03-16T00:00:00,945,1,0.10604886070284913,,none,0
2024-06-01T00:00:00,1234567890,Community Hub,392844951312,acc29471838,2024-03-25T00:00:00,2024-03-25T00:00:00,68,0,0.7584522957419698,"dormant_bot,pattern_mismatch",flagged,1
2024-06-01T00:00:00,1234567890,Community Hub,125397847149,free_followers_now,2024-05-06T00:00:00,2024-05-06T08:00:00,26,0,0.6044161033449214,"suspicious_username,no_avatar",warned,1
2024-06-01T00:00:00,1234567890,Community Hub,332111641335,99882736450,2024-05-26T00:00:00,2024-05-26T00:00:00,6,0,0.9201434418096403,"new_account,no_avatar,rapid_join",flagged,1
2024-06-01T00:00:00,1234567890,Community Hub,209571778023,mark_adventure,2020-01-14T00:00:00,2020-04-09T00:00:00,1600,1,0.058352051807713246,,none,0
2024-06-01T00:00:00,1234567890,Community Hub,317951556773,1234567890ab,2024-04-05T00:00:00,2024-04-05T00:00:00,57,0,0.6748489887831242,"dormant_bot,pattern_mismatch",flagged,1
2024-06-01T00:00:00,1234567890,Community Hub,276682526595,crypto_king_9999,2024-03-08T00:00:00,2024-03-08T00:00:00,85,0,0.7070431297786363,"dormant_bot,pattern_mismatch",flagged,1
2024-06-01T00:00:00,1234567890,Community Hub,645944247645,xXx_profit_xXx,2024-05-19T00:00:00,2024-05-20T12:00:00,13,0,0.7486585330891394,"suspicious_username,no_avatar",warned,1
2024-06-01T00:00:00,1234567890,Community Hub,742645291457,acc29471838,2024-05-10T00:00:00,2024-05-10T21:00:00,22,0,0.7539954726141502,"suspicious_username,no_avatar",warned,1
2024-06-01T00:00:00,1234567890,Community Hub,835518018235,airdrop_winner99,2024-05-22T00:00:00,2024-05-23T04:00:00,10,0,0.8612429966057605,"suspicious_username,no_avatar",warned,1
2024-06-01T00:00:00,1234567890,Community Hub,560157207987,zz_promo_zz,2024-04-25T00:00:00,2024-04-26T19:00:00,37,0,0.5266383404356039,"suspicious_username,no_avatar",warned,1
2024-06-01T00:00:00,1234567890,Community Hub,867320753298,bot_account_7,2024-05-18T00:00:00,2024-05-19T10:00:00,14,0,0.7545637297790914,"suspicious_username,no_avatar",warned,1
2024-06-01T00:00:00,1234567890,Community Hub,412466325742,the_real_sam,2023-06-20T00:00:00,2023-07-10T00:00:00,347,1,0.15020731372913781,,none,0
2024-06-01T00:00:00,1234567890,Community Hub,811217225335,everyday_elena,2019-11-01T00:00:00,2020-06-28T00:00:00,1674,1,0.043696244984984145,,none,0
2024-06-01T00:00:00,1234567890,Community Hub,292911546385,photo_by_anna,2018-07-26T00:00:00,2018-09-14T00:00:00,2137,1,0.10029065381397123,,none,0
2024-06-01T00:00:00,1234567890,Community Hub,967211466692,zz_promo_zz,2024-05-30T00:00:00,2024-05-30T00:00:00,2,0,0.8243271356809475,"new_account,no_avatar,rapid_join",flagged,1
2024-06-01T00:00:00,1234567890,Community Hub,246870951206,crypto_king_9999,2024-05-28T00:00:00,2024-05-28T00:00:00,4,0,0.975472092607829,"new_account,no_avatar,rapid_join",flagged,1
2024-06-01T00:00:00,1234567890,Community Hub,207911974780,bot_account_7,2024-04-28T00:00:00,2024-04-29T09:00:00,34,0,0.6464735417459044,"suspicious_username,no_avatar",warned,1
2024-06-01T00:00:00,1234567890,Community Hub,589208006181,photo_by_anna,2021-07-12T00:00:00,2021-11-25T00:00:00,1055,1,0.21161478407559425,,none,0
2024-06-01T00:00:00,1234567890,Community Hub,219005758222,airdrop_winner99,2024-05-31T00:00:00,2024-05-31T00:00:00,1,0,0.966665938576383,"new_account,no_avatar,rapid_join",flagged,1
2024-06-01T00:00:00,1234567890,Community Hub,865602416832,chef_marco,2019-02-12T00:00:00,2019-06-25T00:00:00,1936,1,0.21121869753806227,,none,0
2024-06-01T00:00:00,1234567890,Community Hub,579997953056,mindful_maya,2019-07-22T00:00:00,2020-03-21T00:00:00,1776,1,0.1914541735294683,,none,0
2024-06-01T00:00:00,1234567890,Community Hub,326937453650,free_followers_now,2024-04-01T00:00:00,2024-04-01T00:00:00,61,0,0.8002736440150815,"dormant_bot,pattern_mismatch",flagged,1
2024-06-01T00:00:00,1234567890,Community Hub,538892184067,free_follower_bot,2023-12-21T00:00:00,2023-12-21T00:00:00,163,0,0.706773361728285,"dormant_bot,pattern_mismatch",flagged,1
2024-06-01T00:00:00,1234567890,Community Hub,791641206270,paul_runs,2018-05-04T00:00:00,2018-08-04T00:00:00,2220,1,0.0770304182069044,,none,0
2024-06-01T00:00:00,1234567890,Community Hub,261127668793,bot_account_7,2024-03-08T00:00:00,2024-03-08T00:00:00,85,0,0.5955250041148881,"dormant_bot,pattern_mismatch",flagged,1
2024-06-01T00:00:00,1234567890,Community Hub,240815322037,mark_adventure,2020-09-15T00:00:00,2020-11-29T00:00:00,1355,1,0.2111618486020619,,none,0
2024-06-01T00:00:00,1234567890,Community Hub,218200588732,real_human_01234,2024-05-08T00:00:00,2024-05-08T04:00:00,24,0,0.6220429510349498,"suspicious_username,no_avatar",warned,1
2024-06-01T00:00:00,1234567890,Community Hub,219768449540,john_doe,2017-11-01T00:00:00,2018-04-14T00:00:00,2404,1,0.2242311541485594,,none,0
2024-06-01T00:00:00,1234567890,Community Hub,283501753538,paul_runs,2019-10-22T00:00:00,2020-01-22T00:00:00,1684,1,0.02484525836889112,,none,0
2024-06-01T00:00:00,1234567890,Community Hub,682522365624,chris_builds,2022-11-11T00:00:00,2023-07-04T00:00:00,568,1,0.18639650445535869,,none,0
2024-06-01T00:00:00,1234567890,Community Hub,963356683647,chef_marco,2019-04-22T00:00:00,2020-07-04T00:00:00,1867,1,0.08410146463860096,,none,0
2024-06-01T00:00:00,1234567890,Community Hub,677197087646,chris_builds,2019-09-08T00:00:00,2020-01-17T00:00:00,1728,1,0.22157724992321787,,none,0
2024-06-01T00:00:00,1234567890,Community Hub,652181053206,follow_back_101,2024-05-26T00:00:00,2024-05-26T00:00:00,6,0,0.7335015570313347,"new_account,no_avatar,rapid_join",flagged,1
2024-06-01T00:00:00,1234567890,Community Hub,480505790071,botanist_beth,2023-09-15T00:00:00,2023-10-03T00:00:00,260,1,0.053631277508735004,,none,0
2024-06-01T00:00:00,1234567890,Community Hub,372320439880,fit_jessica,2021-05-12T00:00:00,2022-05-24T00:00:00,1116,1,0.1855947270028335,,none,0
2024-06-01T00:00:00,1234567890,Community Hub,189843258111,journeys_with_kai,2019-09-28T00:00:00,2019-10-09T00:00:00,1708,1,0.24619265181253774,,none,0
2024-06-01T00:00:00,1234567890,Community Hub,847717008112,nina_art,2022-04-22T00:00:00,2022-08-02T00:00:00,771,1,0.11302449349772312,,none,0
2024-06-01T00:00:00,1234567890,Community Hub,693481163293,acc29471838,2024-05-04T00:00:00,2024-05-05T15:00:00,28,0,0.8350366357036391,"suspicious_username,no_avatar",warned,1
2024-06-01T00:00:00,1234567890,Community Hub,414482984604,emma.j,2018-11-10T00:00:00,2019-07-27T00:00:00,2030,1,0.026545612827538645,,none,0
2024-06-01T00:00:00,1234567890,Community Hub,905007748912,surf_with_evan,2021-12-17T00:00:00,2022-09-17T00:00:00,897,1,0.025462048599992376,,none,0
2024-06-01T00:00:00,1234567890,Community Hub,963858990509,follow_back_101,2024-05-07T00:00:00,2024-05-07T17:00:00,25,0,0.7419141772292437,"suspicious_username,no_avatar",warned,1
2024-06-01T00:00:00,1234567890,Community Hub,113774090772,fit_jessica,2021-10-23T00:00:00,2023-01-16T00:00:00,952,1,0.18151848207263763,,none,0
2024-06-01T00:00:00,1234567890,Community Hub,530666637067,nft_dropper_69,2024-05-10T00:00:00,2024-05-11T06:00:00,22,0,0.5383301639945904,"suspicious_username,no_avatar",warned,1
2024-06-01T00:00:00,1234567890,Community Hub,716185893435,john_doe,2019-06-23T00:00:00,2020-01-11T00:00:00,1805,1,0.017402020634917553,,none,0
2024-06-01T00:00:00,1234567890,Community Hub,647950704194,airdrop_winner99,2024-04-26T00:00:00,2024-04-26T20:00:00,36,0,0.5537371687117958,"suspicious_username,no_avatar",warned,1
2024-06-01T00:00:00,1234567890,Community Hub,367903981981,earn_fast_2024,2024-05-29T00:00:00,2024-05-29T00:00:00,3,0,0.8960660633566506,"new_account,no_avatar,rapid_join",flagged,1
2024-06-01T00:00:00,1234567890,Community Hub,869859459086,mike_2023,2019-07-24T00:00:00,2020-08-08T00:00:00,1774,1,0.005740563204802762,,none,0
2024-06-01T00:00:00,1234567890,Community Hub,963305550106,fit_jessica,2021-10-14T00:00:00,2022-04-14T00:00:00,961,1,0.17080615536639773,,none,0
2024-06-01T00:00:00,1234567890,Community Hub,939016023081,paul_runs,2018-02-05T00:00:00,2018-05-23T00:00:00,2308,1,0.06937465743118035,,none,0
2024-06-01T00:00:00,1234567890,Community Hub,387691309120,b.scott.official,2019-06-28T00:00:00,2019-10-01T00:00:00,1800,1,0.11773438489895327,,none,0
2024-06-01T00:00:00,1234567890,Community Hub,400512287120,chris_builds,2021-02-27T00:00:00,2021-12-04T00:00:00,1190,1,0.08649032532997517,,none,0
2024-06-01T00:00:00,1234567890,Community Hub,764373097315,botanist_beth,2023-07-10T00:00:00,2023-07-13T00:00:00,327,1,0.07191581044950912,,none,0
2024-06-01T00:00:00,1234567890,Community Hub,327010659728,alex_travel,2019-01-10T00:00:00,2020-05-21T00:00:00,1969,1,0.012926020685988332,,none,0
2024-06-01T00:00:00,1234567890,Community Hub,637940481360,amy_joy,2019-11-29T00:00:00,2020-04-25T00:00:00,1646,1,0.060519051077661506,,none,0
2024-06-01T00:00:00,1234567890,Community Hub,300599162254,amy_joy,2022-08-05T00:00:00,2022-10-10T00:00:00,666,1,0.19536746355934587,,none,0
2024-06-01T00:00:00,1234567890,Community Hub,257971455876,real_human_01234,2024-05-30T00:00:00,2024-05-30T00:00:00,2,0,0.8003626021827662,"new_account,no_avatar,rapid_join",flagged,1
2024-06-01T00:00:00,1234567890,Community Hub,993367370279,surf_with_evan,2020-11-19T00:00:00,2021-12-29T00:00:00,1290,1,0.23783983668841985,,none,0
2024-06-01T00:00:00,1234567890,Community Hub,784661239447,bot_account_7,2024-05-08T00:00:00,2024-05-08T21:00:00,24,0,0.8058271236627818,"suspicious_username,no_avatar",warned,1
2024-06-01T00:00:00,1234567890,Community Hub,394270454585,xXx_profit_xXx,2024-05-26T00:00:00,2024-05-26T00:00:00,6,0,0.9253883898598806,"new_account,no_avatar,rapid_join",flagged,1
2024-06-01T00:00:00,1234567890,Community Hub,898650541160,lisa_writes,2019-03-24T00:00:00,2020-06-10T00:00:00,1896,1,0.210974233046362,,none,0
2024-06-01T00:00:00,1234567890,Community Hub,140175134251,b.scott.official,2023-12-09T00:00:00,2024-02-18T00:00:00,175,1,0.11359874937114328,,none,0
2024-06-01T00:00:00,1234567890,Community Hub,935303416552,john_doe,2022-01-11T00:00:00,2022-05-26T00:00:00,872,1,0.1594199732160724,,none,0
2024-06-01T00:00:00,1234567890,Community Hub,882148923190,1234567890ab,2024-05-30T00:00:00,2024-05-30T00:00:00,2,0,0.8738508185618122,"new_account,no_avatar,rapid_join",flagged,1
2024-06-01T00:00:00,1234567890,Community Hub,571779972080,mindful_maya,2021-07-09T00:00:00,2022-08-08T00:00:00,1058,1,0.2189840680533412,,none,0
2024-06-01T00:00:00,1234567890,Community Hub,907889796465,lena_captures,2024-03-01T00:00:00,2024-03-28T00:00:00,92,1,0.24178038223497428,,none,0
2024-06-01T00:00:00,1234567890,Community Hub,530031823847,grace_beauty,2019-02-02T00:00:00,2020-01-19T00:00:00,1946,1,0.07083138064215977,,none,0
2024-06-01T00:00:00,1234567890,Community Hub,411559324550,photo_by_anna,2024-02-26T00:00:00,2024-03-26T00:00:00,96,1,0.02132658414425126,,none,0
2024-06-01T00:00:00,1234567890,Community Hub,535206960023,lena_captures,2021-08-13T00:00:00,2022-07-19T00:00:00,1023,1,0.07099804822897773,,none,0
2024-06-01T00:00:00,1234567890,Community Hub,743689949640,b.scott.official,2022-08-20T00:00:00,2022-10-27T00:00:00,651,1,0.0913420808562529,,none,0
2024-06-01T00:00:00,1234567890,Community Hub,229547181904,9182736450,2024-05-29T00:00:00,2024-05-29T00:00:00,3,0,0.7415287536065804,"new_account,no_avatar,rapid_join",flagged,1
2024-06-01T00:00:00,1234567890,Community Hub,233680874299,nft_dropper_69,2024-05-28T00:00:00,2024-05-28T00:00:00,4,0,0.9387915342300348,"new_account,no_avatar,rapid_join",flagged,1
2024-06-01T00:00:00,1234567890,Community Hub,104865510425,airdrop_winner99,2024-05-20T00:00:00,2024-05-21T22:00:00,12,0,0.637958423113176,"suspicious_username,no_avatar",warned,1
2024-06-01T00:00:00,1234567890,Community Hub,225826001688,free_followers_now,2024-05-31T00:00:00,2024-05-31T00:00:00,1,0,0.8092871557065854,"new_account,no_avatar,rapid_join",flagged,1
2024-06-01T00:00:00,1234567890,Community Hub,623078044083,q7w8e9r0t1y2,2024-05-10T00:00:00,2024-05-10T17:00:00,22,0,0.7581837297961952,"suspicious_username,no_avatar",warned,1
2024-06-01T00:00:00,1234567890,Community Hub,928228007553,code_master,2024-02-17T00:00:00,2024-03-22T00:00:00,105,1,0.2264414015233716,,none,0
2024-06-01T00:00:00,1234567890,Community Hub,736499030279,earn_fast_2024,2024-02-22T00:00:00,2024-02-22T00:00:00,100,0,0.7758144749830486,"dormant_bot,pattern_mismatch",flagged,1
2024-06-01T00:00:00,1234567890,Community Hub,971215693150,sarah_smith,2021-12-15T00:00:00,2021-12-29T00:00:00,899,1,0.19518664348203002,,none,0
2024-06-01T00:00:00,1234567890,Community Hub,391519248920,a8f7d3k9p2,2024-05-29T00:00:00,2024-05-29T00:00:00,3,0,0.7620653563867221,"new_account,no_avatar,rapid_join",flagged,1
2024-06-01T00:00:00,1234567890,Community Hub,994704768589,zz_promo_zz,2024-03-10T00:00:00,2024-03-10T00:00:00,83,0,0.626169699207576,"dormant_bot,pattern_mismatch",flagged,1
2024-06-01T00:00:00,1234567890,Community Hub,997571935641,alex_travel,2020-08-05T00:00:00,2021-07-14T00:00:00,1396,1,0.12442016666953024,,none,0
2024-06-01T00:00:00,1234567890,Community Hub,986991370615,zz_promo_zz,2024-06-01T00:00:00,2024-06-01T00:00:00,0,0,0.7910635141650482,"new_account,no_avatar,rapid_join",flagged,1
2024-06-01T00:00:00,1234567890,Community Hub,192379713467,1234567890ab,2024-05-01T00:00:00,2024-05-02T03:00:00,31,0,0.6355943025128525,"suspicious_username,no_avatar",warned,1
2024-06-01T00:00:00,1234567890,Community Hub,428157787959,chris_builds,2021-12-08T00:00:00,2022-06-27T00:00:00,906,1,0.06357400423938811,,none,0
2024-06-01T00:00:00,1234567890,Community Hub,365970452169,mark_adventure,2020-02-20T00:00:00,2020-08-30T00:00:00,1563,1,0.13472895637061613,,none,0
2024-06-01T00:00:00,1234567890,Community Hub,147345223448,acc29471838,2024-04-23T00:00:00,2024-04-23T02:00:00,39,0,0.5217037181374388,"suspicious_username,no_avatar",warned,1
2024-06-01T00:00:00,1234567890,Community Hub,900257698915,free_followers_now,2024-02-29T00:00:00,2024-02-29T00:00:00,93,0,0.8000759329182274,"dormant_bot,pattern_mismatch",flagged,1
2024-06-01T00:00:00,1234567890,Community Hub,448906976014,9182736450,2024-05-30T00:00:00,2024-05-30T00:00:00,2,0,0.9463185892441782,"new_account,no_avatar,rapid_join",flagged,1
2024-06-01T00:00:00,1234567890,Community Hub,317335970135,1234567890ab,2023-12-14T00:00:00,2023-12-14T00:00:00,170,0,0.6966037390011971,"dormant_bot,pattern_mismatch",flagged,1
2024-06-01T00:00:00,1234567890,Community Hub,770768376734,1234567890ab,2024-04-21T00:00:00,2024-04-22T04:00:00,41,0,0.6624253564288385,"suspicious_username,no_avatar",warned,1
2024-06-01T00:00:00,1234567890,Community Hub,342445547743,mindful_maya,2018-04-11T00:00:00,2018-08-30T00:00:00,2243,1,0.0707503413331976,,none,0
2024-06-01T00:00:00,1234567890,Community Hub,508359475327,q7w8e9r0t1y2,2024-05-26T00:00:00,2024-05-26T00:00:00,6,0,0.8695502289329162,"new_account,no_avatar,rapid_join",flagged,1
2024-06-01T00:00:00,1234567890,Community Hub,330416042945,lena_captures,2019-02-28T00:00:00,2019-09-09T00:00:00,1920,1,0.06360286956869357,,none,0
2024-06-01T00:00:00,1234567890,Community Hub,474540908869,real_human_01234,2024-05-21T00:00:00,2024-05-21T07:00:00,11,0,0.5036203717656009,"suspicious_username,no_avatar",warned,1
2024-06-01T00:00:00,1234567890,Community Hub,788222943272,99882736450,2024-05-29T00:00:00,2024-05-29T00:00:00,3,0,0.8643465092345579,"new_account,no_avatar,rapid_join",flagged,1
2024-06-01T00:00:00,1234567890,Community Hub,851004191312,acc29471838,2024-05-09T00:00:00,2024-05-09T07:00:00,23,0,0.5204166950098851,"suspicious_username,no_avatar",warned,1
2024-06-01T00:00:00,1234567890,Community Hub,848834139618,creative_dan,2022-06-07T00:00:00,2022-06-08T00:00:00,725,1,0.008758470314887079,,none,0
2024-06-01T00:00:00,1234567890,Community Hub,975523698920,mindful_maya,2022-07-30T00:00:00,2022-09-18T00:00:00,672,1,0.03787674235769381,,none,0
2024-06-01T00:00:00,1234567890,Community Hub,696541187270,crypto_king_9999,2023-12-05T00:00:00,2023-12-05T00:00:00,179,0,0.6116871320951249,"dormant_bot,pattern_mismatch",flagged,1
2024-06-01T00:00:00,1234567890,Community Hub,161880008702,airdrop_winner99,2024-05-30T00:00:00,2024-05-30T00:00:00,2,0,0.8586038933721871,"new_account,no_avatar,rapid_join",flagged,1
2024-06-01T00:00:00,1234567890,Community Hub,473406257906,fit_jessica,2022-08-24T00:00:00,2023-03-07T00:00:00,647,1,0.10757754779869488,,none,0
2024-06-01T00:00:00,1234567890,Community Hub,689496474985,alex_travel,2020-03-24T00:00:00,2020-09-06T00:00:00,1530,1,0.027373529091824778,,none,0
2024-06-01T00:00:00,1234567890,Community Hub,243486476169,creative_dan,2023-04-21T00:00:00,2023-09-18T00:00:00,407,1,0.08403824138832158,,none,0
2024-06-01T00:00:00,1234567890,Community Hub,689792955336,john_doe,2017-10-18T00:00:00,2019-01-28T00:00:00,2418,1,0.03008257212191387,,none,0
2024-06-01T00:00:00,1234567890,Community Hub,334071931489,b.scott.official,2023-04-15T00:00:00,2023-05-05T00:00:00,413,1,0.21259919599579802,,none,0
2024-06-01T00:00:00,1234567890,Community Hub,647511119786,the_real_sam,2018-01-11T00:00:00,2018-10-10T00:00:00,2333,1,0.0029508485643331694,,none,0
2024-06-01T00:00:00,1234567890,Community Hub,750369007559,fit_jessica,2019-07-04T00:00:00,2020-01-11T00:00:00,1794,1,0.18928291889860957,,none,0
2024-06-01T00:00:00,1234567890,Community Hub,346685361790,1234567890ab,2024-04-30T00:00:00,2024-04-30T14:00:00,32,0,0.8439116061948455,"suspicious_username,no_avatar",warned,1
2024-06-01T00:00:00,1234567890,Community Hub,701648857716,emma.j,2020-08-20T00:00:00,2021-10-23T00:00:00,1381,1,0.19081683913045375,,none,0
2024-06-01T00:00:00,1234567890,Community Hub,978453994443,mindful_maya,2018-07-31T00:00:00,2019-01-17T00:00:00,2132,1,0.2258800682321951,,none,0
2024-06-01T00:00:00,1234567890,Community Hub,965545376345,zz_promo_zz,2024-05-31T00:00:00,2024-05-31T00:00:00,1,0,0.8911865901170128,"new_account,no_avatar,rapid_join",flagged,1
2024-06-01T00:00:00,1234567890,Community Hub,505375029115,fit_jessica,2022-01-27T00:00:00,2022-09-02T00:00:00,856,1,0.07178135492057738,,none,0
2024-06-01T00:00:00,1234567890,Community Hub,751759311409,get_rich_88,2024-05-22T00:00:00,2024-05-22T06:00:00,10,0,0.6264185516169325,"suspicious_username,no_avatar",warned,1
2024-06-01T00:00:00,1234567890,Community Hub,264755595102,xXx_profit_xXx,2023-12-14T00:00:00,2023-12-14T00:00:00,170,0,0.6991126117392815,"dormant_bot,pattern_mismatch",flagged,1
2024-06-01T00:00:00,1234567890,Community Hub,214912907611,paul_runs,2023-09-14T00:00:00,2023-12-17T00:00:00,261,1,0.174298853121757,,none,0
2024-06-01T00:00:00,1234567890,Community Hub,254807210126,earn_fast_2024,2024-05-30T00:00:00,2024-05-30T00:00:00,2,0,0.9110347409800063,"new_account,no_avatar,rapid_join",flagged,1
2024-06-01T00:00:00,1234567890,Community Hub,343805803847,tom_techie,2018-01-24T00:00:00,2019-02-14T00:00:00,2320,1,0.15596319537469552,,none,0
2024-06-01T00:00:00,1234567890,Community Hub,593779805381,b.scott.official,2019-05-27T00:00:00,2019-07-04T00:00:00,1832,1,0.05697250222187708,,none,0
2024-06-01T00:00:00,1234567890,Community Hub,652702039675,mike_2023,2020-07-12T00:00:00,2020-08-03T00:00:00,1420,1,0.20961855619079978,,none,0
2024-06-01T00:00:00,1234567890,Community Hub,207191276106,nft_dropper_69,2024-05-26T00:00:00,2024-05-26T00:00:00,6,0,0.9595191629353526,"new_account,no_avatar,rapid_join",flagged,1
2024-06-01T00:00:00,1234567890,Community Hub,328455068525,get_rich_88,2024-05-29T00:00:00,2024-05-29T00:00:00,3,0,0.8881598069961961,"new_account,no_avatar,rapid_join",flagged,1
2024-06-01T00:00:00,1234567890,Community Hub,330555253931,everyday_elena,2019-03-02T00:00:00,2019-10-04T00:00:00,1918,1,0.19172355098905966,,none,0
2024-06-01T00:00:00,1234567890,Community Hub,927542081765,creative_dan,2022-11-27T00:00:00,2023-01-02T00:00:00,552,1,0.0812061517680644,,none,0
2024-06-01T00:00:00,1234567890,Community Hub,926392181008,bot_account_7,2024-05-27T00:00:00,2024-05-27T00:00:00,5,0,0.8934422856942593,"new_account,no_avatar,rapid_join",flagged,1
2024-06-01T00:00:00,1234567890,Community Hub,981691095348,surf_with_evan,2018-09-13T00:00:00,2018-10-13T00:00:00,2088,1,0.22059204216196715,,none,0
2024-06-01T00:00:00,1234567890,Community Hub,543210329199,fit_jessica,2017-12-16T00:00:00,2018-08-21T00:00:00,2359,1,0.021599006061107234,,none,0
2024-06-01T00:00:00,1234567890,Community Hub,425392497653,tradebot_fx,2024-03-25T00:00:00,2024-03-25T00:00:00,68,0,0.697865565570354,"dormant_bot,pattern_mismatch",flagged,1
2024-06-01T00:00:00,1234567890,Community Hub,172688690665,alex_travel,2018-03-12T00:00:00,2018-11-16T00:00:00,2273,1,0.0681606056579567,,none,0
2024-06-01T00:00:00,1234567890,Community Hub,762751293894,surf_with_evan,2020-08-30T00:00:00,2020-09-27T00:00:00,1371,1,0.005088541532181051,,none,0
2024-06-01T00:00:00,1234567890,Community Hub,105574511900,earn_fast_2024,2024-05-17T00:00:00,2024-05-18T07:00:00,15,0,0.8323696891879899,"suspicious_username,no_avatar",warned,1
2024-06-01T00:00:00,1234567890,Community Hub,661249449548,tom_techie,2022-01-25T00:00:00,2022-05-31T00:00:00,858,1,0.11762626345500926,,none,0
2024-06-01T00:00:00,1234567890,Community Hub,955512851316,chris_builds,2021-03-10T00:00:00,2021-06-29T00:00:00,1179,1,0.23947578022152768,,none,0
2024-06-01T00:00:00,1234567890,Community Hub,647603706813,get_rich_88,2024-04-13T00:00:00,2024-04-13T00:00:00,49,0,0.6613544470075382,"dormant_bot,pattern_mismatch",flagged,1
2024-06-01T00:00:00,1234567890,Community Hub,886742444092,botanist_beth,2023-01-27T00:00:00,2023-04-22T00:00:00,491,1,0.1605723778791524,,none,0
2024-06-01T00:00:00,1234567890,Community Hub,362163793596,zz_promo_zz,2024-04-21T00:00:00,2024-04-21T16:00:00,41,0,0.5874933919040093,"suspicious_username,no_avatar",warned,1
2024-06-01T00:00:00,1234567890,Community Hub,310947519992,alex_travel,2023-06-10T00:00:00,2023-08-03T00:00:00,357,1,0.23486944403251184,,none,0
2024-06-01T00:00:00,1234567890,Community Hub,136168068813,xXx_profit_xXx,2024-02-17T00:00:00,2024-02-17T00:00:00,105,0,0.7745996049156967,"dormant_bot,pattern_mismatch",flagged,1
2024-06-01T00:00:00,1234567890,Community Hub,577067979441,q7w8e9r0t1y2,2024-04-24T00:00:00,2024-04-25T03:00:00,38,0,0.6490554738142766,"suspicious_username,no_avatar",warned,1
2024-06-01T00:00:00,1234567890,Community Hub,316141939644,real_human_01234,2024-01-31T00:00:00,2024-01-31T00:00:00,122,0,0.6005002720832922,"dormant_bot,pattern_mismatch",flagged,1
2024-06-01T00:00:00,1234567890,Community Hub,191240751604,real_human_01234,2024-05-04T00:00:00,2024-05-04T16:00:00,28,0,0.5902227135534622,"suspicious_username,no_avatar",warned,1
2024-06-01T00:00:00,1234567890,Community Hub,864748683932,xXx_profit_xXx,2024-06-01T00:00:00,2024-06-01T00:00:00,0,0,0.8413490255771833,"new_account,no_avatar,rapid_join",flagged,1
2024-06-01T00:00:00,1234567890,Community Hub,905068397682,acc29471838,2024-05-22T00:00:00,2024-05-23T07:00:00,10,0,0.881066625008318,"suspicious_username,no_avatar",warned,1
2024-06-01T00:00:00,1234567890,Community Hub,816766238394,free_followers_now,2023-12-10T00:00:00,2023-12-10T00:00:00,174,0,0.608837865026932,"dormant_bot,pattern_mismatch",flagged,1
2024-06-01T00:00:00,1234567890,Community Hub,964025799785,daniel_f,2021-04-30T00:00:00,2022-02-22T00:00:00,1128,1,0.01065621145867307,,none,0
2024-06-01T00:00:00,1234567890,Community Hub,755674443742,acc29471838,2023-12-16T00:00:00,2023-12-16T00:00:00,168,0,0.8476878185659784,"dormant_bot,pattern_mismatch",flagged,1
2024-06-01T00:00:00,1234567890,Community Hub,665851746604,code_master,2020-11-30T00:00:00,2022-03-27T00:00:00,1279,1,0.10779354167212082,,none,0
2024-06-01T00:00:00,1234567890,Community Hub,377415678087,mark_adventure,2020-10-30T00:00:00,2022-01-19T00:00:00,1310,1,0.08838928522997641,,none,0
2024-06-01T00:00:00,1234567890,Community Hub,244092393386,code_master,2021-01-14T00:00:00,2021-10-22T00:00:00,1234,1,0.016494906901502876,,none,0
2024-06-01T00:00:00,1234567890,Community Hub,126326794848,1234567890ab,2024-04-09T00:00:00,2024-04-09T00:00:00,53,0,0.7768489673382678,"dormant_bot,pattern_mismatch",flagged,1
2024-06-01T00:00:00,1234567890,Community Hub,188567106117,user8374629,2024-05-16T00:00:00,2024-05-16T04:00:00,16,0,0.6196056513639471,"suspicious_username,no_avatar",warned,1
2024-06-01T00:00:00,1234567890,Community Hub,437517275772,dev_pete,2019-03-06T00:00:00,2020-01-14T00:00:00,1914,1,0.2001644038366401,,none,0
2024-06-01T00:00:00,1234567890,Community Hub,495324033282,photo_by_anna,2020-03-24T00:00:00,2020-06-20T00:00:00,1530,1,0.1501415376619134,,none,0
2024-06-01T00:00:00,1234567890,Community Hub,766078839516,tradebot_fx,2024-05-20T00:00:00,2024-05-21T15:00:00,12,0,0.8248996050216645,"suspicious_username,no_avatar",warned,1
2024-06-01T00:00:00,1234567890,Community Hub,295984516621,daniel_f,2023-06-15T00:00:00,2023-11-07T00:00:00,352,1,0.17607138830084731,,none,0
2024-06-01T00:00:00,1234567890,Community Hub,817223799252,alex_travel,2018-03-25T00:00:00,2018-10-28T00:00:00,2260,1,0.22938281251859788,,none,0
2024-06-01T00:00:00,1234567890,Community Hub,622738401566,daniel_f,2023-08-24T00:00:00,2023-10-26T00:00:00,282,1,0.18016753812452851,,none,0
2024-06-01T00:00:00,1234567890,Community Hub,649584744622,lisa_writes,2019-04-29T00:00:00,2020-04-18T00:00:00,1860,1,0.025171016758176956,,none,0
2024-06-01T00:00:00,1234567890,Community Hub,125468956077,chef_marco,2018-07-30T00:00:00,2018-11-03T00:00:00,2133,1,0.11787679308477714,,none,0
2024-06-01T00:00:00,1234567890,Community Hub,559464448522,grace_beauty,2023-01-16T00:00:00,2023-04-14T00:00:00,502,1,0.11317296925395706,,none,0
2024-06-01T00:00:00,1234567890,Community Hub,667358415649,crypto_king_9999,2024-05-26T00:00:00,2024-05-26T00:00:00,6,0,0.9936971985924661,"new_account,no_avatar,rapid_join",flagged,1
2024-06-01T00:00:00,1234567890,Community Hub,309773744858,b.scott.official,2022-06-03T00:00:00,2022-10-03T00:00:00,729,1,0.20758184964724138,,none,0
2024-06-01T00:00:00,1234567890,Community Hub,405184241810,airdrop_winner99,2024-06-01T00:00:00,2024-06-01T00:00:00,0,0,0.7248741934622045,"new_account,no_avatar,rapid_join",flagged,1
2024-06-01T00:00:00,1234567890,Community Hub,666367324248,tom_techie,2021-04-07T00:00:00,2021-11-14T00:00:00,1151,1,0.18431938107844656,,none,0
2024-06-01T00:00:00,1234567890,Community Hub,610262905663,code_master,2023-09-21T00:00:00,2023-09-28T00:00:00,254,1,0.07440725163069475,,none,0
2024-06-01T00:00:00,1234567890,Community Hub,691722482681,bot_account_7,2024-03-15T00:00:00,2024-03-15T00:00:00,78,0,0.8396406155653721,"dormant_bot,pattern_mismatch",flagged,1
2024-06-01T00:00:00,1234567890,Community Hub,700697468347,amy_joy,2021-08-06T00:00:00,2021-09-02T00:00:00,1030,1,0.07667494521289991,,none,0
2024-06-01T00:00:00,1234567890,Community Hub,345929408399,the_real_sam,2019-07-24T00:00:00,2019-09-24T00:00:00,1774,1,0.16818473090211328,,none,0
2024-06-01T00:00:00,1234567890,Community Hub,432220218018,code_master,2018-08-27T00:00:00,2019-08-26T00:00:00,2105,1,0.12508733202849723,,none,0
2024-06-01T00:00:00,1234567890,Community Hub,128247118437,b.scott.official,2023-04-11T00:00:00,2023-08-06T00:00:00,417,1,0.06596019054918756,,none,0
2024-06-01T00:00:00,1234567890,Community Hub,252471902061,xXx_profit_xXx,2024-04-08T00:00:00,2024-04-08T00:00:00,54,0,0.7477047398543035,"dormant_bot,pattern_mismatch",flagged,1
2024-06-01T00:00:00,1234567890,Community Hub,584382102404,get_rich_88,2024-05-31T00:00:00,2024-05-31T00:00:00,1,0,0.7882715692060308,"new_account,no_avatar,rapid_join",flagged,1
2024-06-01T00:00:00,1234567890,Community Hub,299576654731,amy_joy,2019-06-16T00:00:00,2020-08-08T00:00:00,1812,1,0.1886713842885624,,none,0
2024-06-01T00:00:00,1234567890,Community Hub,883987037112,get_rich_88,2024-05-29T00:00:00,2024-05-29T00:00:00,3,0,0.8098726232002073,"new_account,no_avatar,rapid_join",flagged,1
2024-06-01T00:00:00,1234567890,Community Hub,563930906860,chris_builds,2021-07-10T00:00:00,2021-10-10T00:00:00,1057,1,0.108966296004299,,none,0
2024-06-01T00:00:00,1234567890,Community Hub,851149998417,chef_marco,2023-08-11T00:00:00,2023-10-06T00:00:00,295,1,0.13583856144985904,,none,0
2024-06-01T00:00:00,1234567890,Community Hub,417064811115,lena_captures,2023-01-29T00:00:00,2023-09-02T00:00:00,489,1,0.07162378469209849,,none,0
2024-06-01T00:00:00,1234567890,Community Hub,350558455588,photo_by_anna,2018-01-19T00:00:00,2018-12-27T00:00:00,2325,1,0.17199650445466952,,none,0
2024-06-01T00:00:00,1234567890,Community Hub,658594789596,nft_dropper_69,2024-04-29T00:00:00,2024-04-30T19:00:00,33,0,0.5281024852226088,"suspicious_username,no_avatar",warned,1
2024-06-01T00:00:00,1234567890,Community Hub,958431324051,user8374629,2023-12-26T00:00:00,2023-12-26T00:00:00,158,0,0.7148103958410189,"dormant_bot,pattern_mismatch",flagged,1
2024-06-01T00:00:00,1234567890,Community Hub,655419043901,paul_runs,2023-09-06T00:00:00,2023-09-12T00:00:00,269,1,0.07295850417570598,,none,0
2024-06-01T00:00:00,1234567890,Community Hub,390331898624,journeys_with_kai,2021-08-27T00:00:00,2021-10-01T00:00:00,1009,1,0.18151031366414871,,none,0
2024-06-01T00:00:00,1234567890,Community Hub,988965580646,acc29471838,2024-02-02T00:00:00,2024-02-02T00:00:00,120,0,0.7239355306237627,"dormant_bot,pattern_mismatch",flagged,1
2024-06-01T00:00:00,1234567890,Community Hub,228201860724,b.scott.official,2018-08-03T00:00:00,2018-10-06T00:00:00,2129,1,0.21885524519084396,,none,0
2024-06-01T00:00:00,1234567890,Community Hub,304627696940,chris_builds,2021-11-06T00:00:00,2022-05-17T00:00:00,938,1,0.2160515273300409,,none,0
2024-06-01T00:00:00,1234567890,Community Hub,967953748901,amy_joy,2020-10-27T00:00:00,2021-12-03T00:00:00,1313,1,0.011011671952013663,,none,0
2024-06-01T00:00:00,1234567890,Community Hub,527502890064,q7w8e9r0t1y2,2024-05-26T00:00:00,2024-05-26T00:00:00,6,0,0.7897700668123061,"new_account,no_avatar,rapid_join",flagged,1
2024-06-01T00:00:00,1234567890,Community Hub,362555396512,1234567890ab,2024-05-07T00:00:00,2024-05-07T03:00:00,25,0,0.8351655762785655,"suspicious_username,no_avatar",warned,1
2024-06-01T00:00:00,1234567890,Community Hub,752417630536,paul_runs,2024-02-23T00:00:00,2024-02-25T00:00:00,99,1,0.10050844184352453,,none,0
2024-06-01T00:00:00,1234567890,Community Hub,132226856322,chris_builds,2019-06-20T00:00:00,2019-07-06T00:00:00,1808,1,0.07798562853149074,,none,0
2024-06-01T00:00:00,1234567890,Community Hub,733204408519,crypto_king_9999,2024-03-08T00:00:00,2024-03-08T00:00:00,85,0,0.6322314657411874,"dormant_bot,pattern_mismatch",flagged,1
2024-06-01T00:00:00,1234567890,Community Hub,712244271589,surf_with_evan,2022-04-29T00:00:00,2022-12-08T00:00:00,764,1,0.03178607147197102,,none,0
2024-06-01T00:00:00,1234567890,Community Hub,179251686804,get_rich_88,2024-04-17T00:00:00,2024-04-17T00:00:00,45,0,0.6620530912059021,"dormant_bot,pattern_mismatch",flagged,1
2024-06-01T00:00:00,1234567890,Community Hub,349578400869,botanist_beth,2020-04-11T00:00:00,2020-11-12T00:00:00,1512,1,0.243909110059656,,none,0
2024-06-01T00:00:00,1234567890,Community Hub,351917409457,bot_account_7,2024-05-04T00:00:00,2024-05-04T17:00:00,28,0,0.5924239587311587,"suspicious_username,no_avatar",warned,1
2024-06-01T00:00:00,1234567890,Community Hub,582710316513,a8f7d3k9p2,2024-01-05T00:00:00,2024-01-05T00:00:00,148,0,0.7905965487803871,"dormant_bot,pattern_mismatch",flagged,1
2024-06-01T00:00:00,1234567890,Community Hub,304266011969,earn_fast_2024,2024-05-26T00:00:00,2024-05-26T00:00:00,6,0,0.7209313309011479,"new_account,no_avatar,rapid_join",flagged,1
2024-06-01T00:00:00,1234567890,Community Hub,661381884193,paul_runs,2023-02-27T00:00:00,2023-03-18T00:00:00,460,1,0.15280489919612755,,none,0
2024-06-01T00:00:00,1234567890,Community Hub,152939636091,lisa_writes,2020-11-25T00:00:00,2020-12-07T00:00:00,1284,1,0.24284571148690293,,none,0
2024-06-01T00:00:00,1234567890,Community Hub,626037751774,creative_dan,2023-10-24T00:00:00,2024-01-31T00:00:00,221,1,0.2318209579253033,,none,0
2024-06-01T00:00:00,1234567890,Community Hub,444024565818,code_master,2019-09-03T00:00:00,2020-02-09T00:00:00,1733,1,0.007777932445377556,,none,0
2024-06-01T00:00:00,1234567890,Community Hub,293690528079,tom_techie,2020-12-09T00:00:00,2021-03-08T00:00:00,1270,1,0.08718766219939456,,none,0
2024-06-01T00:00:00,1234567890,Community Hub,991404076165,99882736450,2024-04-24T00:00:00,2024-04-25T05:00:00,38,0,0.7036370555569037,"suspicious_username,no_avatar",warned,1
2024-06-01T00:00:00,1234567890,Community Hub,624988719600,free_follower_bot,2024-04-05T00:00:00,2024-04-05T00:00:00,57,0,0.8326267771541749,"dormant_bot,pattern_mismatch",flagged,1
2024-06-01T00:00:00,1234567890,Community Hub,875273964752,free_follower_bot,2024-05-30T00:00:00,2024-05-30T00:00:00,2,0,0.8485555392539993,"new_account,no_avatar,rapid_join",flagged,1
2024-06-01T00:00:00,1234567890,Community Hub,549098490770,earn_fast_2024,2024-05-09T00:00:00,2024-05-10T00:00:00,23,0,0.8442026076784931,"suspicious_username,no_avatar",warned,1
2024-06-01T00:00:00,1234567890,Community Hub,540757426064,a8f7d3k9p2,2024-05-31T00:00:00,2024-05-31T00:00:00,1,0,0.7214738458242731,"new_account,no_avatar,rapid_join",flagged,1
2024-06-01T00:00:00,1234567890,Community Hub,596331252967,john_doe,2023-01-12T00:00:00,2023-08-26T00:00:00,506,1,0.11529723955853108,,none,0
2024-06-01T00:00:00,1234567890,Community Hub,285159735640,1234567890ab,2024-03-30T00:00:00,2024-03-30T00:00:00,63,0,0.6503651651691958,"dormant_bot,pattern_mismatch",flagged,1
2024-06-01T00:00:00,1234567890,Community Hub,185343753804,paul_runs,2019-05-04T00:00:00,2019-07-03T00:00:00,1855,1,0.10344387957098009,,none,0
2024-06-01T00:00:00,1234567890,Community Hub,257589314762,acc29471838,2024-05-04T00:00:00,2024-05-04T03:00:00,28,0,0.638612238667531,"suspicious_username,no_avatar",warned,1
2024-06-01T00:00:00,1234567890,Community Hub,685872714552,journeys_with_kai,2020-11-06T00:00:00,2022-01-05T00:00:00,1303,1,0.19316925406832952,,none,0
2024-06-01T00:00:00,1234567890,Community Hub,332530889293,nina_art,2018-08-14T00:00:00,2019-11-28T00:00:00,2118,1,0.2077449664232096,,none,0
2024-06-01T00:00:00,1234567890,Community Hub,953913294207,zz_promo_zz,2024-05-06T00:00:00,2024-05-06T10:00:00,26,0,0.6574742149143108,"suspicious_username,no_avatar",warned,1
2024-06-01T00:00:00,1234567890,Community Hub,973697246516,xXx_profit_xXx,2024-05-21T00:00:00,2024-05-21T08:00:00,11,0,0.608183492430945,"suspicious_username,no_avatar",warned,1
2024-06-01T00:00:00,1234567890,Community Hub,540837143521,nina_art,2019-07-31T00:00:00,2020-08-25T00:00:00,1767,1,0.19301116578940974,,none,0
2024-06-01T00:00:00,1234567890,Community Hub,783954884266,code_master,2021-09-19T00:00:00,2022-09-05T00:00:00,986,1,0.06514422384263863,,none,0
2024-06-01T00:00:00,1234567890,Community Hub,461131491044,daniel_f,2020-04-27T00:00:00,2020-08-08T00:00:00,1496,1,0.004352233483891688,,none,0
2024-06-01T00:00:00,1234567890,Community Hub,338261694444,1234567890ab,2024-05-06T00:00:00,2024-05-06T00:00:00,26,0,0.8806079578087356,"suspicious_username,no_avatar",warned,1
2024-06-01T00:00:00,1234567890,Community Hub,723447584253,journeys_with_kai,2022-08-17T00:00:00,2022-12-16T00:00:00,654,1,0.1520961300006503,,none,0
2024-06-01T00:00:00,1234567890,Community Hub,460300462583,a8f7d3k9p2,2024-05-16T00:00:00,2024-05-16T03:00:00,16,0,0.7701512351133103,"suspicious_username,no_avatar",warned,1
2024-06-01T00:00:00,1234567890,Community Hub,720499233461,surf_with_evan,2019-05-24T00:00:00,2020-08-16T00:00:00,1835,1,0.23606447546345577,,none,0
2024-06-01T00:00:00,1234567890,Community Hub,991469310176,grace_beauty,2023-06-13T00:00:00,2023-07-04T00:00:00,354,1,0.12386444252269496,,none,0
2024-06-01T00:00:00,1234567890,Community Hub,545397160916,sarah_smith,2022-07-16T00:00:00,2022-09-15T00:00:00,686,1,0.1902297730937569,,none,0
2024-06-01T00:00:00,1234567890,Community Hub,157503866546,9182736450,2024-05-26T00:00:00,2024-05-26T00:00:00,6,0,0.9121847490127148,"new_account,no_avatar,rapid_join",flagged,1
2024-06-01T00:00:00,1234567890,Community Hub,897679289145,crypto_king_9999,2024-02-23T00:00:00,2024-02-23T00:00:00,99,0,0.7727154244624784,"dormant_bot,pattern_mismatch",flagged,1
2024-06-01T00:00:00,1234567890,Community Hub,752982500800,paul_runs,2018-08-23T00:00:00,2019-01-13T00:00:00,2109,1,0.04242166596637162,,none,0
2024-06-01T00:00:00,1234567890,Community Hub,237541826717,nina_art,2019-09-08T00:00:00,2020-03-23T00:00:00,1728,1,0.18617355308793793,,none,0
2024-06-01T00:00:00,1234567890,Community Hub,780734874646,acc29471838,2024-01-16T00:00:00,2024-01-16T00:00:00,137,0,0.6988613845009303,"dormant_bot,pattern_mismatch",flagged,1
2024-06-01T00:00:00,1234567890,Community Hub,119950213997,xXx_profit_xXx,2024-02-29T00:00:00,2024-02-29T00:00:00,93,0,0.6869100543330011,"dormant_bot,pattern_mismatch",flagged,1
2024-06-01T00:00:00,1234567890,Community Hub,104416846564,sarah_smith,2020-08-09T00:00:00,2021-08-07T00:00:00,1392,1,0.23075404501938512,,none,0
2024-06-01T00:00:00,1234567890,Community Hub,434804703288,bot_account_7,2024-06-01T00:00:00,2024-06-01T00:00:00,0,0,0.7579118164262331,"new_account,no_avatar,rapid_join",flagged,1
2024-06-01T00:00:00,1234567890,Community Hub,286428130768,real_human_01234,2024-05-31T00:00:00,2024-05-31T00:00:00,1,0,0.8030800595557915,"new_account,no_avatar,rapid_join",flagged,1
2024-06-01T00:00:00,1234567890,Community Hub,968811460918,crypto_king_9999,2024-06-01T00:00:00,2024-06-01T00:00:00,0,0,0.7358003654190388,"new_account,no_avatar,rapid_join",flagged,1
2024-06-01T00:00:00,1234567890,Community Hub,801938466739,free_followers_now,2023-12-12T00:00:00,2023-12-12T00:00:00,172,0,0.7479095494570611,"dormant_bot,pattern_mismatch",flagged,1
2024-06-01T00:00:00,1234567890,Community Hub,904426150131,crypto_king_9999,2024-05-25T00:00:00,2024-05-25T10:00:00,7,0,0.6405003525341535,"suspicious_username,no_avatar",warned,1
2024-06-01T00:00:00,1234567890,Community Hub,376661103513,zz_promo_zz,2024-05-13T00:00:00,2024-05-13T15:00:00,19,0,0.5442791171547308,"suspicious_username,no_avatar",warned,1
2024-06-01T00:00:00,1234567890,Community Hub,528923929760,creative_dan,2021-07-07T00:00:00,2022-10-24T00:00:00,1060,1,0.20074171666255392,,none,0
2024-06-01T00:00:00,1234567890,Community Hub,440525969873,grace_beauty,2018-03-25T00:00:00,2018-06-13T00:00:00,2260,1,0.03894881637724354,,none,0
2024-06-01T00:00:00,1234567890,Community Hub,866486541573,journeys_with_kai,2022-06-07T00:00:00,2022-07-28T00:00:00,725,1,0.0028878100876835455,,none,0
2024-06-01T00:00:00,1234567890,Community Hub,345271987862,9182736450,2024-05-27T00:00:00,2024-05-27T00:00:00,5,0,0.8706795678760622,"new_account,no_avatar,rapid_join",flagged,1
2024-06-01T00:00:00,1234567890,Community Hub,471143983510,follow_back_101,2024-05-17T00:00:00,2024-05-17T08:00:00,15,0,0.7821449658457871,"suspicious_username,no_avatar",warned,1
2024-06-01T00:00:00,1234567890,Community Hub,937374351130,real_human_01234,2024-04-27T00:00:00,2024-04-27T00:00:00,35,0,0.6640951385058229,"dormant_bot,pattern_mismatch",flagged,1
2024-06-01T00:00:00,1234567890,Community Hub,810147920793,real_human_01234,2024-05-03T00:00:00,2024-05-03T11:00:00,29,0,0.6737150662831086,"suspicious_username,no_avatar",warned,1
2024-06-01T00:00:00,1234567890,Community Hub,614208718006,9182736450,2024-05-22T00:00:00,2024-05-23T14:00:00,10,0,0.8383577018229346,"suspicious_username,no_avatar",warned,1
2024-06-01T00:00:00,1234567890,Community Hub,466926684487,grace_beauty,2022-04-15T00:00:00,2022-09-26T00:00:00,778,1,0.06088371501167772,,none,0
2024-06-01T00:00:00,1234567890,Community Hub,187355667770,mindful_maya,2022-11-12T00:00:00,2023-06-29T00:00:00,567,1,0.09980310815559978,,none,0
2024-06-01T00:00:00,1234567890,Community Hub,147953199627,tom_techie,2022-10-20T00:00:00,2022-12-22T00:00:00,590,1,0.14941682555279273,,none,0
2024-06-01T00:00:00,1234567890,Community Hub,587714300401,free_followers_now,2024-03-05T00:00:00,2024-03-05T00:00:00,88,0,0.6610478116345424,"dormant_bot,pattern_mismatch",flagged,1
2024-06-01T00:00:00,1234567890,Community Hub,108473262490,lisa_writes,2019-10-18T00:00:00,2020-03-30T00:00:00,1688,1,0.06803686722805963,,none,0
2024-06-01T00:00:00,1234567890,Community Hub,353096416095,grace_beauty,2020-05-24T00:00:00,2021-09-17T00:00:00,1469,1,0.16573446768869318,,none,0
2024-06-01T00:00:00,1234567890,Community Hub,868611945213,mike_2023,2020-11-24T00:00:00,2020-12-29T00:00:00,1285,1,0.2133919306619427,,none,0
2024-06-01T00:00:00,1234567890,Community Hub,847464547185,acc29471838,2024-04-15T00:00:00,2024-04-15T00:00:00,47,0,0.7245220676887909,"dormant_bot,pattern_mismatch",flagged,1
2024-06-01T00:00:00,1234567890,Community Hub,949369323824,airdrop_winner99,2024-04-25T00:00:00,2024-04-26T18:00:00,37,0,0.8389808519924162,"suspicious_username,no_avatar",warned,1
2024-06-01T00:00:00,1234567890,Community Hub,379373344481,xXx_profit_xXx,2024-04-29T00:00:00,2024-04-29T07:00:00,33,0,0.5879343327630683,"suspicious_username,no_avatar",warned,1
2024-06-01T00:00:00,1234567890,Community Hub,185955498967,airdrop_winner99,2024-05-27T00:00:00,2024-05-27T00:00:00,5,0,0.7296088585669445,"new_account,no_avatar,rapid_join",flagged,1
2024-06-01T00:00:00,1234567890,Community Hub,526834603870,get_rich_88,2024-01-19T00:00:00,2024-01-19T00:00:00,134,0,0.6412132323700699,"dormant_bot,pattern_mismatch",flagged,1
2024-06-01T00:00:00,1234567890,Community Hub,553071928616,sarah_smith,2022-07-24T00:00:00,2022-10-07T00:00:00,678,1,0.030895379352869068,,none,0
2024-06-01T00:00:00,1234567890,Community Hub,303862595980,emma.j,2022-03-18T00:00:00,2022-06-26T00:00:00,806,1,0.009692243599174782,,none,0
2024-06-01T00:00:00,1234567890,Community Hub,126490499143,mindful_maya,2019-08-23T00:00:00,2020-11-25T00:00:00,1744,1,0.04873655585807993,,none,0
2024-06-01T00:00:00,1234567890,Community Hub,774106633893,user8374629,2024-04-25T00:00:00,2024-04-26T23:00:00,37,0,0.8098543059771989,"suspicious_username,no_avatar",warned,1
2024-06-01T00:00:00,1234567890,Community Hub,814385083646,code_master,2022-12-29T00:00:00,2023-08-07T00:00:00,520,1,0.22991040500358478,,none,0
2024-06-01T00:00:00,1234567890,Community Hub,570570917418,acc29471838,2024-05-31T00:00:00,2024-05-31T00:00:00,1,0,0.816220962562001,"new_account,no_avatar,rapid_join",flagged,1
2024-06-01T00:00:00,1234567890,Community Hub,978590792214,free_follower_bot,2024-01-25T00:00:00,2024-01-25T00:00:00,128,0,0.7484457487820158,"dormant_bot,pattern_mismatch",flagged,1
2024-06-01T00:00:00,1234567890,Community Hub,940492608111,9182736450,2024-04-26T00:00:00,2024-04-27T10:00:00,36,0,0.541411439067589,"suspicious_username,no_avatar",warned,1
2024-06-01T00:00:00,1234567890,Community Hub,398746696858,tom_techie,2023-08-07T00:00:00,2023-11-19T00:00:00,299,1,0.14096420217999056,,none,0
2024-06-01T00:00:00,1234567890,Community Hub,200702089326,1234567890ab,2024-06-01T00:00:00,2024-06-01T00:00:00,0,0,0.9007551000423623,"new_account,no_avatar,rapid_join",flagged,1
2024-06-01T00:00:00,1234567890,Community Hub,795494810073,9182736450,2024-06-01T00:00:00,2024-06-01T00:00:00,0,0,0.8722894650592594,"new_account,no_avatar,rapid_join",flagged,1
2024-06-01T00:00:00,1234567890,Community Hub,983377725201,crypto_king_9999,2024-02-07T00:00:00,2024-02-07T00:00:00,115,0,0.6917604811930858,"dormant_bot,pattern_mismatch",flagged,1
2024-06-01T00:00:00,1234567890,Community Hub,351689889099,a8f7d3k9p2,2024-02-22T00:00:00,2024-02-22T00:00:00,100,0,0.813923631470028,"dormant_bot,pattern_mismatch",flagged,1
2024-06-01T00:00:00,1234567890,Community Hub,642776500259,a8f7d3k9p2,2024-04-26T00:00:00,2024-04-26T00:00:00,36,0,0.674659878451671,"dormant_bot,pattern_mismatch",flagged,1
2024-06-01T00:00:00,1234567890,Community Hub,271553180657,nina_art,2021-07-22T00:00:00,2022-05-16T00:00:00,1045,1,0.08641467004088521,,none,0
2024-06-01T00:00:00,1234567890,Community Hub,340786003140,q7w8e9r0t1y2,2024-03-21T00:00:00,2024-03-21T00:00:00,72,0,0.5551233549912619,"dormant_bot,pattern_mismatch",flagged,1
2024-06-01T00:00:00,1234567890,Community Hub,617046649760,nft_dropper_69,2024-05-29T00:00:00,2024-05-29T00:00:00,3,0,0.8065138773552983,"new_account,no_avatar,rapid_join",flagged,1
2024-06-01T00:00:00,1234567890,Community Hub,926034004928,tom_techie,2023-10-10T00:00:00,2023-10-17T00:00:00,235,1,0.1293904022020498,,none,0
2024-06-01T00:00:00,1234567890,Community Hub,500589321603,bot_account_7,2024-05-31T00:00:00,2024-05-31T00:00:00,1,0,0.9695689087552284,"new_account,no_avatar,rapid_join",flagged,1
2024-06-01T00:00:00,1234567890,Community Hub,677159192403,lisa_writes,2022-08-10T00:00:00,2023-02-26T00:00:00,661,1,0.07866802645574827,,none,0
2024-06-01T00:00:00,1234567890,Community Hub,887643930730,free_followers_now,2024-04-18T00:00:00,2024-04-18T00:00:00,44,0,0.5729658874146525,"dormant_bot,pattern_mismatch",flagged,1
2024-06-01T00:00:00,1234567890,Community Hub,760040256673,earn_fast_2024,2024-05-13T00:00:00,2024-05-14T02:00:00,19,0,0.6921017841716913,"suspicious_username,no_avatar",warned,1
2024-06-01T00:00:00,1234567890,Community Hub,976812313376,bot_account_7,2023-12-06T00:00:00,2023-12-06T00:00:00,178,0,0.5877658483277367,"dormant_bot,pattern_mismatch",flagged,1
2024-06-01T00:00:00,1234567890,Community Hub,222479066785,chris_builds,2020-04-14T00:00:00,2020-05-09T00:00:00,1509,1,0.03749412029959939,,none,0
2024-06-01T00:00:00,1234567890,Community Hub,827114780027,fit_jessica,2019-02-27T00:00:00,2020-07-07T00:00:00,1921,1,0.028063838003407032,,none,0
2024-06-01T00:00:00,1234567890,Community Hub,756722495285,earn_fast_2024,2024-04-10T00:00:00,2024-04-10T00:00:00,52,0,0.5810400468775069,"dormant_bot,pattern_mismatch",flagged,1
2024-06-01T00:00:00,1234567890,Community Hub,592633964503,the_real_sam,2019-04-15T00:00:00,2019-06-27T00:00:00,1874,1,0.10356616872594196,,none,0
2024-06-01T00:00:00,1234567890,Community Hub,801317415832,sarah_smith,2022-01-21T00:00:00,2023-01-12T00:00:00,862,1,0.07062446115934154,,none,0
2024-06-01T00:00:00,1234567890,Community Hub,692339596623,follow_back_101,2024-05-26T00:00:00,2024-05-26T00:00:00,6,0,0.9026658303640116,"new_account,no_avatar,rapid_join",flagged,1
2024-06-01T00:00:00,1234567890,Community Hub,342628855625,the_real_sam,2022-08-09T00:00:00,2023-01-26T00:00:00,662,1,0.035971153073192624,,none,0
2024-06-01T00:00:00,1234567890,Community Hub,858712819111,1234567890ab,2024-04-20T00:00:00,2024-04-21T04:00:00,42,0,0.8604085594276997,"suspicious_username,no_avatar",warned,1
2024-06-01T00:00:00,1234567890,Community Hub,759760653075,nft_dropper_69,2024-05-13T00:00:00,2024-05-13T17:00:00,19,0,0.7415834555609321,"suspicious_username,no_avatar",warned,1
2024-06-01T00:00:00,1234567890,Community Hub,542384878173,creative_dan,2021-08-01T00:00:00,2022-09-30T00:00:00,1035,1,0.2262587177674095,,none,0
2024-06-01T00:00:00,1234567890,Community Hub,513934263067,daniel_f,2018-03-10T00:00:00,2018-06-02T00:00:00,2275,1,0.20712353533412917,,none,0
2024-06-01T00:00:00,1234567890,Community Hub,421293868810,grace_beauty,2019-05-03T00:00:00,2019-12-06T00:00:00,1856,1,0.19764733354528752,,none,0
2024-06-01T00:00:00,1234567890,Community Hub,848837595213,lena_captures,2017-12-19T00:00:00,2019-04-11T00:00:00,2356,1,0.01945064089038287,,none,0
2024-06-01T00:00:00,1234567890,Community Hub,252846424275,the_real_sam,2019-01-24T00:00:00,2019-03-13T00:00:00,1955,1,0.19350335864689272,,none,0
2024-06-01T00:00:00,1234567890,Community Hub,594260196145,airdrop_winner99,2024-02-28T00:00:00,2024-02-28T00:00:00,94,0,0.8001143373973528,"dormant_bot,pattern_mismatch",flagged,1
2024-06-01T00:00:00,1234567890,Community Hub,355696828870,chef_marco,2020-06-01T00:00:00,2021-03-11T00:00:00,1461,1,0.03545245699935706,,none,0
2024-06-01T00:00:00,1234567890,Community Hub,999046832590,lisa_writes,2023-05-31T00:00:00,2023-08-28T00:00:00,367,1,0.09606753605270452,,none,0
2024-06-01T00:00:00,1234567890,Community Hub,291279088894,free_followers_now,2024-04-03T00:00:00,2024-04-03T00:00:00,59,0,0.6552193663060527,"dormant_bot,pattern_mismatch",flagged,1
2024-06-01T00:00:00,1234567890,Community Hub,540299212417,lena_captures,2018-05-16T00:00:00,2019-09-13T00:00:00,2208,1,0.022084594466103252,,none,0
2024-06-01T00:00:00,1234567890,Community Hub,639990390882,mike_2023,2022-08-21T00:00:00,2023-01-27T00:00:00,650,1,0.18534881519789712,,none,0
2024-06-01T00:00:00,1234567890,Community Hub,779921319226,free_followers_now,2024-05-06T00:00:00,2024-05-07T18:00:00,26,0,0.8542847458789257,"suspicious_username,no_avatar",warned,1
2024-06-01T00:00:00,1234567890,Community Hub,180458904665,airdrop_winner99,2024-02-11T00:00:00,2024-02-11T00:00:00,111,0,0.6789487819547104,"dormant_bot,pattern_mismatch",flagged,1
2024-06-01T00:00:00,1234567890,Community Hub,602429656337,nft_dropper_69,2024-05-31T00:00:00,2024-05-31T00:00:00,1,0,0.7519197378172195,"new_account,no_avatar,rapid_join",flagged,1
2024-06-01T00:00:00,1234567890,Community Hub,480283707696,surf_with_evan,2018-07-07T00:00:00,2018-12-30T00:00:00,2156,1,0.22919954626017133,,none,0
2024-06-01T00:00:00,1234567890,Community Hub,722979937772,john_doe,2023-02-22T00:00:00,2023-10-04T00:00:00,465,1,0.08929004548045452,,none,0
2024-06-01T00:00:00,1234567890,Community Hub,928935226477,acc29471838,2024-01-18T00:00:00,2024-01-18T00:00:00,135,0,0.6810882950930585,"dormant_bot,pattern_mismatch",flagged,1
2024-06-01T00:00:00,1234567890,Community Hub,503397638079,paul_runs,2023-04-03T00:00:00,2023-06-17T00:00:00,425,1,0.23842508474510854,,none,0
2024-06-01T00:00:00,1234567890,Community Hub,358386533547,alex_travel,2023-02-25T00:00:00,2023-05-30T00:00:00,462,1,0.09299701113089193,,none,0
2024-06-01T00:00:00,1234567890,Community Hub,934012583516,mindful_maya,2019-05-21T00:00:00,2019-07-17T00:00:00,1838,1,0.06901559535743965,,none,0
2024-06-01T00:00:00,1234567890,Community Hub,124994104145,emma.j,2024-01-17T00:00:00,2024-01-30T00:00:00,136,1,0.13766557422764353,,none,0
2024-06-01T00:00:00,1234567890,Community Hub,399312327436,acc29471838,2024-03-14T00:00:00,2024-03-14T00:00:00,79,0,0.7075874730503279,"dormant_bot,pattern_mismatch",flagged,1
2024-06-01T00:00:00,1234567890,Community Hub,749457960268,zz_promo_zz,2024-06-01T00:00:00,2024-06-01T00:00:00,0,0,0.7724115607890324,"new_account,no_avatar,rapid_join",flagged,1
2024-06-01T00:00:00,1234567890,Community Hub,926798788768,chris_builds,2023-06-05T00:00:00,2023-11-07T00:00:00,362,1,0.07874258587627064,,none,0
2024-06-01T00:00:00,1234567890,Community Hub,600914107538,sarah_smith,2021-05-24T00:00:00,2022-07-28T00:00:00,1104,1,0.014090138495192417,,none,0
2024-06-01T00:00:00,1234567890,Community Hub,355954423296,earn_fast_2024,2024-03-04T00:00:00,2024-03-04T00:00:00,89,0,0.7357929410139297,"dormant_bot,pattern_mismatch",flagged,1
2024-06-01T00:00:00,1234567890,Community Hub,735629821865,grace_beauty,2023-01-27T00:00:00,2023-02-22T00:00:00,491,1,0.09281278998859002,,none,0
2024-06-01T00:00:00,1234567890,Community Hub,239831252907,9182736450,2024-05-29T00:00:00,2024-05-29T00:00:00,3,0,0.9160430733783942,"new_account,no_avatar,rapid_join",flagged,1
2024-06-01T00:00:00,1234567890,Community Hub,651122199143,tradebot_fx,2024-03-16T00:00:00,2024-03-16T00:00:00,77,0,0.5615967193214487,"dormant_bot,pattern_mismatch",flagged,1
2024-06-01T00:00:00,1234567890,Community Hub,645752331315,sarah_smith,2017-12-13T00:00:00,2018-06-04T00:00:00,2362,1,0.2417283350689936,,none,0
2024-06-01T00:00:00,1234567890,Community Hub,934621652731,99882736450,2023-12-07T00:00:00,2023-12-07T00:00:00,177,0,0.5932355356930269,"dormant_bot,pattern_mismatch",flagged,1
2024-06-01T00:00:00,1234567890,Community Hub,779717877129,mike_2023,2019-12-11T00:00:00,2020-08-27T00:00:00,1634,1,0.2313265112093506,,none,0
2024-06-01T00:00:00,1234567890,Community Hub,779427018707,follow_back_101,2024-05-30T00:00:00,2024-05-30T00:00:00,2,0,0.9119042575207089,"new_account,no_avatar,rapid_join",flagged,1
2024-06-01T00:00:00,1234567890,Community Hub,994408407782,chef_marco,2021-12-05T00:00:00,2023-01-21T00:00:00,909,1,0.10748324579249258,,none,0
2024-06-01T00:00:00,1234567890,Community Hub,719425987386,amy_joy,2019-11-02T00:00:00,2020-06-03T00:00:00,1673,1,0.0724113049032366,,none,0
2024-06-01T00:00:00,1234567890,Community Hub,165473805523,lisa_writes,2020-03-03T00:00:00,2020-12-01T00:00:00,1551,1,0.013316213019028134,,none,0
2024-06-01T00:00:00,1234567890,Community Hub,126919962283,surf_with_evan,2021-01-17T00:00:00,2022-03-09T00:00:00,1231,1,0.20200193908595476,,none,0
2024-06-01T00:00:00,1234567890,Community Hub,303400074004,code_master,2019-12-27T00:00:00,2021-04-29T00:00:00,1618,1,0.2116078131811462,,none,0
2024-06-01T00:00:00,1234567890,Community Hub,544418746628,surf_with_evan,2023-01-25T00:00:00,2023-08-05T00:00:00,493,1,0.08539918411061079,,none,0
2024-06-01T00:00:00,1234567890,Community Hub,271950047467,photo_by_anna,2022-12-05T00:00:00,2023-01-13T00:00:00,544,1,0.13609397392389974,,none,0
2024-06-01T00:00:00,1234567890,Community Hub,656921828038,nft_dropper_69,2023-12-19T00:00:00,2023-12-19T00:00:00,165,0,0.6639584370846707,"dormant_bot,pattern_mismatch",flagged,1
2024-06-01T00:00:00,1234567890,Community Hub,948039032454,xXx_profit_xXx,2024-05-26T00:00:00,2024-05-26T00:00:00,6,0,0.9409773817573396,"new_account,no_avatar,rapid_join",flagged,1
2024-06-01T00:00:00,1234567890,Community Hub,297621449199,free_follower_bot,2024-03-14T00:00:00,2024-03-14T00:00:00,79,0,0.8390359562178721,"dormant_bot,pattern_mismatch",flagged,1
2024-06-01T00:00:00,1234567890,Community Hub,658940141014,fit_jessica,2018-04-20T00:00:00,2019-05-25T00:00:00,2234,1,0.16534755046526065,,none,0
2024-06-01T00:00:00,1234567890,Community Hub,313289526994,mike_2023,2022-01-31T00:00:00,2023-03-13T00:00:00,852,1,0.011845884437882925,,none,0
2024-06-01T00:00:00,1234567890,Community Hub,539162011331,free_followers_now,2024-05-31T00:00:00,2024-05-31T00:00:00,1,0,0.8607130809541306,"new_account,no_avatar,rapid_join",flagged,1
2024-06-01T00:00:00,1234567890,Community Hub,922997128557,bot_account_7,2024-05-26T00:00:00,2024-05-26T00:00:00,6,0,0.8859664966595078,"new_account,no_avatar,rapid_join",flagged,1
2024-06-01T00:00:00,1234567890,Community Hub,712360340867,code_master,2023-03-25T00:00:00,2023-06-02T00:00:00,434,1,0.07196444347712594,,none,0
2024-06-01T00:00:00,1234567890,Community Hub,593932174359,alex_travel,2022-06-16T00:00:00,2022-10-25T00:00:00,716,1,0.17650259060043072,,none,0
2024-06-01T00:00:00,1234567890,Community Hub,140703783712,chris_builds,2019-05-11T00:00:00,2020-09-05T00:00:00,1848,1,0.17894462843765827,,none,0
2024-06-01T00:00:00,1234567890,Community Hub,417741802743,daniel_f,2021-11-18T00:00:00,2022-06-09T00:00:00,926,1,0.003313928719914816,,none,0
2024-06-01T00:00:00,1234567890,Community Hub,596948652458,99882736450,2024-05-13T00:00:00,2024-05-14T12:00:00,19,0,0.5099519595005738,"suspicious_username,no_avatar",warned,1
2024-06-01T00:00:00,1234567890,Community Hub,693094034490,john_doe,2024-02-13T00:00:00,2024-03-07T00:00:00,109,1,0.096959445116642,,none,0
2024-06-01T00:00:00,1234567890,Community Hub,741973872834,botanist_beth,2020-12-27T00:00:00,2022-04-09T00:00:00,1252,1,0.0030422360382042213,,none,0
2024-06-01T00:00:00,1234567890,Community Hub,456963730197,fit_jessica,2020-09-26T00:00:00,2021-12-01T00:00:00,1344,1,0.1869068397363886,,none,0
2024-06-01T00:00:00,1234567890,Community Hub,677692209684,photo_by_anna,2019-02-04T00:00:00,2020-05-25T00:00:00,1944,1,0.182890896920438,,none,0
2024-06-01T00:00:00,1234567890,Community Hub,265130450774,alex_travel,2024-03-02T00:00:00,2024-04-12T00:00:00,91,1,0.20644986288923659,,none,0
2024-06-01T00:00:00,1234567890,Community Hub,953486295973,lena_captures,2024-01-21T00:00:00,2024-03-10T00:00:00,132,1,0.07977809887858159,,none,0
2024-06-01T00:00:00,1234567890,Community Hub,660391666480,a8f7d3k9p2,2024-05-31T00:00:00,2024-05-31T00:00:00,1,0,0.9844056016175967,"new_account,no_avatar,rapid_join",flagged,1
2024-06-01T00:00:00,1234567890,Community Hub,784704550372,user8374629,2024-04-22T00:00:00,2024-04-22T11:00:00,40,0,0.8568223057994888,"suspicious_username,no_avatar",warned,1
2024-06-01T00:00:00,1234567890,Community Hub,504412958140,follow_back_101,2024-01-06T00:00:00,2024-01-06T00:00:00,147,0,0.6765457148384094,"dormant_bot,pattern_mismatch",flagged,1
2024-06-01T00:00:00,1234567890,Community Hub,643328999294,surf_with_evan,2022-07-24T00:00:00,2023-03-27T00:00:00,678,1,0.23252154479707793,,none,0
2024-06-01T00:00:00,1234567890,Community Hub,238470964794,nft_dropper_69,2024-04-29T00:00:00,2024-04-30T08:00:00,33,0,0.5091816310212891,"suspicious_username,no_avatar",warned,1
2024-06-01T00:00:00,1234567890,Community Hub,148880152162,q7w8e9r0t1y2,2024-05-10T00:00:00,2024-05-10T00:00:00,22,0,0.6202513702634839,"suspicious_username,no_avatar",warned,1
2024-06-01T00:00:00,1234567890,Community Hub,367551286780,1234567890ab,2024-03-19T00:00:00,2024-03-19T00:00:00,74,0,0.5640417997667027,"dormant_bot,pattern_mismatch",flagged,1
2024-06-01T00:00:00,1234567890,Community Hub,875712474499,sarah_smith,2018-03-14T00:00:00,2019-07-06T00:00:00,2271,1,0.06895771655124916,,none,0
2024-06-01T00:00:00,1234567890,Community Hub,158779205746,tradebot_fx,2024-05-29T00:00:00,2024-05-29T00:00:00,3,0,0.788662607248374,"new_account,no_avatar,rapid_join",flagged,1
2024-06-01T00:00:00,1234567890,Community Hub,423670219758,the_real_sam,2020-08-18T00:00:00,2021-11-12T00:00:00,1383,1,0.1831198658975103,,none,0
2024-06-01T00:00:00,1234567890,Community Hub,497076918231,chris_builds,2023-11-17T00:00:00,2023-12-10T00:00:00,197,1,0.009780053782693615,,none,0
2024-06-01T00:00:00,1234567890,Community Hub,665613891283,zz_promo_zz,2024-05-15T00:00:00,2024-05-15T17:00:00,17,0,0.8914435290220034,"suspicious_username,no_avatar",warned,1
2024-06-01T00:00:00,1234567890,Community Hub,625203958088,journeys_with_kai,2024-02-23T00:00:00,2024-03-03T00:00:00,99,1,0.01562650794231285,,none,0
2024-06-01T00:00:00,1234567890,Community Hub,565987477155,john_doe,2020-10-17T00:00:00,2022-01-19T00:00:00,1323,1,0.2338948903895462,,none,0
2024-06-01T00:00:00,1234567890,Community Hub,163844205719,99882736450,2023-12-09T00:00:00,2023-12-09T00:00:00,175,0,0.7004995957069896,"dormant_bot,pattern_mismatch",flagged,1
2024-06-01T00:00:00,1234567890,Community Hub,452167168451,amy_joy,2019-01-16T00:00:00,2019-02-06T00:00:00,1963,1,0.09984831664675264,,none,0
2024-06-01T00:00:00,1234567890,Community Hub,870921328218,free_followers_now,2024-05-30T00:00:00,2024-05-30T00:00:00,2,0,0.9241709088480026,"new_account,no_avatar,rapid_join",flagged,1
2024-06-01T00:00:00,1234567890,Community Hub,333303213369,a8f7d3k9p2,2024-05-31T00:00:00,2024-05-31T00:00:00,1,0,0.9823944682861244,"new_account,no_avatar,rapid_join",flagged,1
2024-06-01T00:00:00,1234567890,Community Hub,223571380033,lena_captures,2022-01-21T00:00:00,2022-08-01T00:00:00,862,1,0.12560965077500108,,none,0
2024-06-01T00:00:00,1234567890,Community Hub,994897767995,get_rich_88,2024-05-30T00:00:00,2024-05-30T00:00:00,2,0,0.8369111795139635,"new_account,no_avatar,rapid_join",flagged,1
2024-06-01T00:00:00,1234567890,Community Hub,358597218555,q7w8e9r0t1y2,2024-05-28T00:00:00,2024-05-28T00:00:00,4,0,0.780003093935324,"new_account,no_avatar,rapid_join",flagged,1
2024-06-01T00:00:00,1234567890,Community Hub,614363872465,q7w8e9r0t1y2,2024-05-31T00:00:00,2024-05-31T00:00:00,1,0,0.8785033999725893,"new_account,no_avatar,rapid_join",flagged,1
2024-06-01T00:00:00,1234567890,Community Hub,731111046411,code_master,2018-04-24T00:00:00,2018-10-01T00:00:00,2230,1,0.14795091705012217,,none,0
2024-06-01T00:00:00,1234567890,Community Hub,627013762253,botanist_beth,2018-12-27T00:00:00,2019-08-06T00:00:00,1983,1,0.19819427650396879,,none,0
2024-06-01T00:00:00,1234567890,Community Hub,261854216179,sarah_smith,2023-11-10T00:00:00,2023-12-23T00:00:00,204,1,0.12710532019360257,,none,0
2024-06-01T00:00:00,1234567890,Community Hub,149321999520,chef_marco,2022-08-20T00:00:00,2023-06-23T00:00:00,651,1,0.21087798316209264,,none,0
2024-06-01T00:00:00,1234567890,Community Hub,893654895956,john_doe,2021-07-12T00:00:00,2022-09-17T00:00:00,1055,1,0.04591606277042931,,none,0
2024-06-01T00:00:00,1234567890,Community Hub,997996285812,real_human_01234,2024-05-24T00:00:00,2024-05-24T21:00:00,8,0,0.8698777665669541,"suspicious_username,no_avatar",warned,1
2024-06-01T00:00:00,1234567890,Community Hub,253893238998,mindful_maya,2020-01-14T00:00:00,2021-03-22T00:00:00,1600,1,0.08586082291643421,,none,0
2024-06-01T00:00:00,1234567890,Community Hub,636871931734,9182736450,2024-05-21T00:00:00,2024-05-21T00:00:00,11,0,0.6644711004941539,"suspicious_username,no_avatar",warned,1
2024-06-01T00:00:00,1234567890,Community Hub,254948580588,q7w8e9r0t1y2,2024-05-18T00:00:00,2024-05-18T19:00:00,14,0,0.5192137913479786,"suspicious_username,no_avatar",warned,1
2024-06-01T00:00:00,1234567890,Community Hub,736602550661,get_rich_88,2024-04-06T00:00:00,2024-04-06T00:00:00,56,0,0.7058598714847382,"dormant_bot,pattern_mismatch",flagged,1
2024-06-01T00:00:00,1234567890,Community Hub,333619164665,real_human_01234,2024-03-12T00:00:00,2024-03-12T00:00:00,81,0,0.5992380325033975,"dormant_bot,pattern_mismatch",flagged,1
2024-06-01T00:00:00,1234567890,Community Hub,211758658040,q7w8e9r0t1y2,2024-04-28T00:00:00,2024-04-29T12:00:00,34,0,0.6089621396540603,"suspicious_username,no_avatar",warned,1
2024-06-01T00:00:00,1234567890,Community Hub,518633061275,99882736450,2024-05-28T00:00:00,2024-05-28T00:00:00,4,0,0.7337473518417573,"new_account,no_avatar,rapid_join",flagged,1
2024-06-01T00:00:00,1234567890,Community Hub,504663498898,lena_captures,2023-09-13T00:00:00,2023-11-25T00:00:00,262,1,0.18317298241001378,,none,0
2024-06-01T00:00:00,1234567890,Community Hub,386191880390,get_rich_88,2024-05-16T00:00:00,2024-05-17T21:00:00,16,0,0.5016538999304594,"suspicious_username,no_avatar",warned,1
2024-06-01T00:00:00,1234567890,Community Hub,801237187600,zz_promo_zz,2024-01-16T00:00:00,2024-01-16T00:00:00,137,0,0.8409257386226305,"dormant_bot,pattern_mismatch",flagged,1
2024-06-01T00:00:00,1234567890,Community Hub,934579354149,q7w8e9r0t1y2,2024-05-31T00:00:00,2024-05-31T00:00:00,1,0,0.9192419491972897,"new_account,no_avatar,rapid_join",flagged,1
2024-06-01T00:00:00,1234567890,Community Hub,247809815274,free_followers_now,2024-05-28T00:00:00,2024-05-28T00:00:00,4,0,0.9116425019021086,"new_account,no_avatar,rapid_join",flagged,1
2024-06-01T00:00:00,1234567890,Community Hub,700964770218,bot_account_7,2024-05-29T00:00:00,2024-05-29T00:00:00,3,0,0.8250999482222451,"new_account,no_avatar,rapid_join",flagged,1
2024-06-01T00:00:00,1234567890,Community Hub,541889050767,free_followers_now,2024-05-06T00:00:00,2024-05-07T13:00:00,26,0,0.525444684371619,"suspicious_username,no_avatar",warned,1
2024-06-01T00:00:00,1234567890,Community Hub,373325775728,zz_promo_zz,2024-04-12T00:00:00,2024-04-12T00:00:00,50,0,0.6009466383457026,"dormant_bot,pattern_mismatch",flagged,1
2024-06-01T00:00:00,1234567890,Community Hub,321501217109,journeys_with_kai,2023-05-21T00:00:00,2023-10-06T00:00:00,377,1,0.2140942996799807,,none,0
2024-06-01T00:00:00,1234567890,Community Hub,673852981787,tom_techie,2020-01-03T00:00:00,2021-01-02T00:00:00,1611,1,0.1321637410370938,,none,0
2024-06-01T00:00:00,1234567890,Community Hub,175762615252,botanist_beth,2020-04-30T00:00:00,2021-02-07T00:00:00,1493,1,0.14499632889024033,,none,0
2024-06-01T00:00:00,1234567890,Community Hub,115525772847,nina_art,2019-11-26T00:00:00,2020-09-22T00:00:00,1649,1,0.23401082233907994,,none,0
2024-06-01T00:00:00,1234567890,Community Hub,597116254148,zz_promo_zz,2024-05-06T00:00:00,2024-05-07T15:00:00,26,0,0.7646024025028848,"suspicious_username,no_avatar",warned,1
2024-06-01T00:00:00,1234567890,Community Hub,186968704929,code_master,2021-06-04T00:00:00,2022-07-15T00:00:00,1093,1,0.04060562007540883,,none,0
2024-06-01T00:00:00,1234567890,Community Hub,658604891938,real_human_01234,2024-03-30T00:00:00,2024-03-30T00:00:00,63,0,0.6490068300676902,"dormant_bot,pattern_mismatch",flagged,1
2024-06-01T00:00:00,1234567890,Community Hub,520310423095,grace_beauty,2023-05-30T00:00:00,2023-08-10T00:00:00,368,1,0.2267505066058524,,none,0
2024-06-01T00:00:00,1234567890,Community Hub,103796424470,grace_beauty,2021-06-11T00:00:00,2022-09-18T00:00:00,1086,1,0.15197136625253432,,none,0
2024-06-01T00:00:00,1234567890,Community Hub,765077624451,surf_with_evan,2023-11-08T00:00:00,2023-12-03T00:00:00,206,1,0.017150518847888485,,none,0
2024-06-01T00:00:00,1234567890,Community Hub,781097181611,emma.j,2019-02-28T00:00:00,2019-07-09T00:00:00,1920,1,0.03732513852952776,,none,0
2024-06-01T00:00:00,1234567890,Community Hub,448343095634,daniel_f,2020-06-28T00:00:00,2021-06-03T00:00:00,1434,1,0.20798356057728612,,none,0
2024-06-01T00:00:00,1234567890,Community Hub,747380651102,surf_with_evan,2017-10-13T00:00:00,2019-01-05T00:00:00,2423,1,0.13422876222492514,,none,0
2024-06-01T00:00:00,1234567890,Community Hub,782372628565,surf_with_evan,2019-02-16T00:00:00,2020-05-05T00:00:00,1932,1,0.06129611289980333,,none,0
2024-06-01T00:00:00,1234567890,Community Hub,101123322511,xXx_profit_xXx,2024-06-01T00:00:00,2024-06-01T00:00:00,0,0,0.8092652581041365,"new_account,no_avatar,rapid_join",flagged,1
2024-06-01T00:00:00,1234567890,Community Hub,931569420835,john_doe,2022-07-31T00:00:00,2022-09-14T00:00:00,671,1,0.1837015814375362,,none,0
2024-06-01T00:00:00,1234567890,Community Hub,446921216933,lisa_writes,2023-04-09T00:00:00,2023-05-31T00:00:00,419,1,0.11999563328902843,,none,0
2024-06-01T00:00:00,1234567890,Community Hub,108790578312,user8374629,2023-12-20T00:00:00,2023-12-20T00:00:00,164,0,0.6912113578126348,"dormant_bot,pattern_mismatch",flagged,1
2024-06-01T00:00:00,1234567890,Community Hub,504433396134,surf_with_evan,2021-03-21T00:00:00,2022-02-03T00:00:00,1168,1,0.10508954352191793,,none,0
2024-06-01T00:00:00,1234567890,Community Hub,235181402109,b.scott.official,2022-03-18T00:00:00,2022-10-07T00:00:00,806,1,0.08385406241660115,,none,0
2024-06-01T00:00:00,1234567890,Community Hub,181967870525,99882736450,2024-05-31T00:00:00,2024-05-31T00:00:00,1,0,0.8576932143770468,"new_account,no_avatar,rapid_join",flagged,1
2024-06-01T00:00:00,1234567890,Community Hub,506896201492,fit_jessica,2020-11-29T00:00:00,2021-06-06T00:00:00,1280,1,0.24640091149261337,,none,0
2024-06-01T00:00:00,1234567890,Community Hub,648605291884,chef_marco,2018-12-16T00:00:00,2019-01-25T00:00:00,1994,1,0.2218068824100146,,none,0
2024-06-01T00:00:00,1234567890,Community Hub,511927648797,crypto_king_9999,2023-12-14T00:00:00,2023-12-14T00:00:00,170,0,0.6734286117508882,"dormant_bot,pattern_mismatch",flagged,1
2024-06-01T00:00:00,1234567890,Community Hub,334891947024,1234567890ab,2024-05-30T00:00:00,2024-05-30T00:00:00,2,0,0.7805036570610241,"new_account,no_avatar,rapid_join",flagged,1
2024-06-01T00:00:00,1234567890,Community Hub,656714738315,dev_pete,2020-06-29T00:00:00,2021-04-08T00:00:00,1433,1,0.013947670675454465,,none,0
2024-06-01T00:00:00,1234567890,Community Hub,553358761876,airdrop_winner99,2024-05-19T00:00:00,2024-05-19T12:00:00,13,0,0.7254653011756121,"suspicious_username,no_avatar",warned,1
2024-06-01T00:00:00,1234567890,Community Hub,232557877083,user8374629,2024-05-18T00:00:00,2024-05-19T17:00:00,14,0,0.7320851677195034,"suspicious_username,no_avatar",warned,1
2024-06-01T00:00:00,1234567890,Community Hub,265828372113,zz_promo_zz,2024-01-27T00:00:00,2024-01-27T00:00:00,126,0,0.6283067012284317,"dormant_bot,pattern_mismatch",flagged,1
2024-06-01T00:00:00,1234567890,Community Hub,863210576614,the_real_sam,2023-12-20T00:00:00,2024-01-26T00:00:00,164,1,0.09700522559258182,,none,0
2024-06-01T00:00:00,1234567890,Community Hub,894687901372,journeys_with_kai,2022-08-28T00:00:00,2022-12-16T00:00:00,643,1,0.08102126750690214,,none,0
2024-06-01T00:00:00,1234567890,Community Hub,510617419491,chris_builds,2021-11-02T00:00:00,2022-06-20T00:00:00,942,1,0.058802959032428326,,none,0
2024-06-01T00:00:00,1234567890,Community Hub,732125800427,acc29471838,2024-05-10T00:00:00,2024-05-10T20:00:00,22,0,0.8674108606091328,"suspicious_username,no_avatar",warned,1
2024-06-01T00:00:00,1234567890,Community Hub,565845463774,everyday_elena,2017-12-13T00:00:00,2018-04-18T00:00:00,2362,1,0.01921540044683806,,none,0
2024-06-01T00:00:00,1234567890,Community Hub,468606023156,tradebot_fx,2024-05-01T00:00:00,2024-05-01T00:00:00,31,0,0.7155963545260946,"dormant_bot,pattern_mismatch",flagged,1
2024-06-01T00:00:00,1234567890,Community Hub,597331915707,lena_captures,2019-12-22T00:00:00,2020-01-13T00:00:00,1623,1,0.14658540508801238,,none,0
2024-06-01T00:00:00,1234567890,Community Hub,496790684489,real_human_01234,2024-05-26T00:00:00,2024-05-26T00:00:00,6,0,0.7214128430508494,"new_account,no_avatar,rapid_join",flagged,1
2024-06-01T00:00:00,1234567890,Community Hub,414100643202,acc29471838,2024-06-01T00:00:00,2024-06-01T00:00:00,0,0,0.925659753843302,"new_account,no_avatar,rapid_join",flagged,1
2024-06-01T00:00:00,1234567890,Community Hub,323239743641,tradebot_fx,2024-05-28T00:00:00,2024-05-28T00:00:00,4,0,0.7461518634485895,"new_account,no_avatar,rapid_join",flagged,1
2024-06-01T00:00:00,1234567890,Community Hub,708621353489,emma.j,2018-04-08T00:00:00,2019-03-24T00:00:00,2246,1,0.21783569987919577,,none,0
2024-06-01T00:00:00,1234567890,Community Hub,521242176344,nft_dropper_69,2024-05-31T00:00:00,2024-05-31T00:00:00,1,0,0.993024260670452,"new_account,no_avatar,rapid_join",flagged,1
2024-06-01T00:00:00,1234567890,Community Hub,675211816704,lena_captures,2018-08-21T00:00:00,2019-01-01T00:00:00,2111,1,0.18196942902715998,,none,0
2024-06-01T00:00:00,1234567890,Community Hub,259951731786,lisa_writes,2022-04-15T00:00:00,2022-05-09T00:00:00,778,1,0.16067752181049638,,none,0
2024-06-01T00:00:00,1234567890,Community Hub,658997034415,journeys_with_kai,2019-07-11T00:00:00,2019-10-22T00:00:00,1787,1,0.20516172369692687,,none,0
2024-06-01T00:00:00,1234567890,Community Hub,421315175436,q7w8e9r0t1y2,2024-05-29T00:00:00,2024-05-29T00:00:00,3,0,0.8387708105105748,"new_account,no_avatar,rapid_join",flagged,1
2024-06-01T00:00:00,1234567890,Community Hub,266931184235,the_real_sam,2021-10-08T00:00:00,2021-12-04T00:00:00,967,1,0.08301676896001572,,none,0
2024-06-01T00:00:00,1234567890,Community Hub,423294040552,tradebot_fx,2024-05-27T00:00:00,2024-05-27T00:00:00,5,0,0.8702050210299949,"new_account,no_avatar,rapid_join",flagged,1
2024-06-01T00:00:00,1234567890,Community Hub,956957793183,acc29471838,2024-06-01T00:00:00,2024-06-01T00:00:00,0,0,0.9978629791907547,"new_account,no_avatar,rapid_join",flagged,1
2024-06-01T00:00:00,1234567890,Community Hub,628928462032,grace_beauty,2023-05-23T00:00:00,2023-08-13T00:00:00,375,1,0.13617134500771402,,none,0
2024-06-01T00:00:00,1234567890,Community Hub,321399920802,crypto_king_9999,2024-04-20T00:00:00,2024-04-20T00:00:00,42,0,0.5386079422945506,"suspicious_username,no_avatar",warned,1
2024-06-01T00:00:00,1234567890,Community Hub,324210924960,lena_captures,2020-05-20T00:00:00,2021-02-17T00:00:00,1473,1,0.05039290560621382,,none,0
2024-06-01T00:00:00,1234567890,Community Hub,956726785327,b.scott.official,2023-07-28T00:00:00,2023-10-08T00:00:00,309,1,0.23907374829261974,,none,0
2024-06-01T00:00:00,1234567890,Community Hub,449446104306,chef_marco,2023-05-11T00:00:00,2023-07-18T00:00:00,387,1,0.0089258380399308,,none,0
2024-06-01T00:00:00,1234567890,Community Hub,677397276441,mindful_maya,2018-12-23T00:00:00,2019-08-08T00:00:00,1987,1,0.018487679986608607,,none,0
2024-06-01T00:00:00,1234567890,Community Hub,219232241595,mindful_maya,2019-01-03T00:00:00,2020-04-29T00:00:00,1976,1,0.23718923492167412,,none,0
2024-06-01T00:00:00,1234567890,Community Hub,577862476664,mark_adventure,2019-06-13T00:00:00,2019-08-28T00:00:00,1815,1,0.1567559931947043,,none,0
2024-06-01T00:00:00,1234567890,Community Hub,232058500032,daniel_f,2023-03-16T00:00:00,2023-09-08T00:00:00,443,1,0.1355547962311943,,none,0
2024-06-01T00:00:00,1234567890,Community Hub,350387934654,airdrop_winner99,2024-04-04T00:00:00,2024-04-04T00:00:00,58,0,0.7684325247025994,"dormant_bot,pattern_mismatch",flagged,1
2024-06-01T00:00:00,1234567890,Community Hub,830778111893,zz_promo_zz,2024-05-17T00:00:00,2024-05-17T04:00:00,15,0,0.8738032698343855,"suspicious_username,no_avatar",warned,1
2024-06-01T00:00:00,1234567890,Community Hub,699706688246,paul_runs,2021-11-13T00:00:00,2022-12-02T00:00:00,931,1,0.04310851127789103,,none,0
2024-06-01T00:00:00,1234567890,Community Hub,560889886008,mike_2023,2019-08-16T00:00:00,2019-11-05T00:00:00,1751,1,0.05300868622950575,,none,0
2024-06-01T00:00:00,1234567890,Community Hub,920933919285,dev_pete,2019-07-04T00:00:00,2019-07-06T00:00:00,1794,1,0.14515542680074492,,none,0
2024-06-01T00:00:00,1234567890,Community Hub,970893595358,nina_art,2023-11-09T00:00:00,2024-02-09T00:00:00,205,1,0.12159896770320117,,none,0
2024-06-01T00:00:00,1234567890,Community Hub,537759768199,daniel_f,2020-12-25T00:00:00,2021-12-12T00:00:00,1254,1,0.1930062088678666,,none,0
2024-06-01T00:00:00,1234567890,Community Hub,288518987813,grace_beauty,2017-12-26T00:00:00,2018-08-08T00:00:00,2349,1,0.16202415608934523,,none,0
2024-06-01T00:00:00,1234567890,Community Hub,458651877168,crypto_king_9999,2024-01-03T00:00:00,2024-01-03T00:00:00,150,0,0.8306488290450519,"dormant_bot,pattern_mismatch",flagged,1
2024-06-01T00:00:00,1234567890,Community Hub,534606943690,follow_back_101,2024-04-25T00:00:00,2024-04-26T16:00:00,37,0,0.5457842623945403,"suspicious_username,no_avatar",warned,1
2024-06-01T00:00:00,1234567890,Community Hub,399708423628,mindful_maya,2023-11-04T00:00:00,2023-11-13T00:00:00,210,1,0.23379543679898862,,none,0
2024-06-01T00:00:00,1234567890,Community Hub,961595176549,follow_back_101,2023-12-08T00:00:00,2023-12-08T00:00:00,176,0,0.8365698671086732,"dormant_bot,pattern_mismatch",flagged,1
2024-06-01T00:00:00,1234567890,Community Hub,321016099889,mindful_maya,2023-09-27T00:00:00,2023-12-03T00:00:00,248,1,0.1883509582650984,,none,0
2024-06-01T00:00:00,1234567890,Community Hub,782174525653,chris_builds,2018-02-09T00:00:00,2018-05-27T00:00:00,2304,1,0.14528328276759547,,none,0
2024-06-01T00:00:00,1234567890,Community Hub,946962824198,mike_2023,2023-01-20T00:00:00,2023-02-03T00:00:00,498,1,0.10035234207161184,,none,0
2024-06-01T00:00:00,1234567890,Community Hub,433245341377,daniel_f,2024-02-24T00:00:00,2024-03-02T00:00:00,98,1,0.2199262777222679,,none,0
2024-06-01T00:00:00,1234567890,Community Hub,644551659289,nft_dropper_69,2024-05-12T00:00:00,2024-05-12T14:00:00,20,0,0.8938679981844517,"suspicious_username,no_avatar",warned,1
2024-06-01T00:00:00,1234567890,Community Hub,622244063273,emma.j,2019-06-26T00:00:00,2020-05-26T00:00:00,1802,1,0.22583948123987602,,none,0
2024-06-01T00:00:00,1234567890,Community Hub,216699987704,1234567890ab,2024-05-26T00:00:00,2024-05-26T00:00:00,6,0,0.9671035307067924,"new_account,no_avatar,rapid_join",flagged,1
2024-06-01T00:00:00,1234567890,Community Hub,322553165451,everyday_elena,2017-12-25T00:00:00,2018-03-01T00:00:00,2350,1,0.06781760846457377,,none,0
2024-06-01T00:00:00,1234567890,Community Hub,371236777849,q7w8e9r0t1y2,2023-12-22T00:00:00,2023-12-22T00:00:00,162,0,0.5881374093610056,"dormant_bot,pattern_mismatch",flagged,1
2024-06-01T00:00:00,1234567890,Community Hub,154860577547,daniel_f,2019-11-14T00:00:00,2020-09-12T00:00:00,1661,1,0.120111599239797,,none,0
2024-06-01T00:00:00,1234567890,Community Hub,320503355721,acc29471838,2024-05-30T00:00:00,2024-05-30T00:00:00,2,0,0.8205466338801379,"new_account,no_avatar,rapid_join",flagged,1
2024-06-01T00:00:00,1234567890,Community Hub,208986693976,the_real_sam,2021-08-28T00:00:00,2022-10-15T00:00:00,1008,1,0.10964885037457389,,none,0
2024-06-01T00:00:00,1234567890,Community Hub,298143357414,grace_beauty,2018-11-25T00:00:00,2019-09-24T00:00:00,2015,1,0.031124774106184416,,none,0
2024-06-01T00:00:00,1234567890,Community Hub,448003188169,botanist_beth,2019-11-26T00:00:00,2020-02-09T00:00:00,1649,1,0.044597047998858996,,none,0
2024-06-01T00:00:00,1234567890,Community Hub,873461662464,real_human_01234,2024-04-22T00:00:00,2024-04-22T00:00:00,40,0,0.7476012025299799,"dormant_bot,pattern_mismatch",flagged,1
2024-06-01T00:00:00,1234567890,Community Hub,991306971286,q7w8e9r0t1y2,2024-05-31T00:00:00,2024-05-31T00:00:00,1,0,0.8345790886710305,"new_account,no_avatar,rapid_join",flagged,1
2024-06-01T00:00:00,1234567890,Community Hub,812049084922,lena_captures,2021-06-13T00:00:00,2022-10-06T00:00:00,1084,1,0.1607548018044587,,none,0
2024-06-01T00:00:00,1234567890,Community Hub,633859044703,zz_promo_zz,2023-12-24T00:00:00,2023-12-24T00:00:00,160,0,0.7191476074752133,"dormant_bot,pattern_mismatch",flagged,1
2024-06-01T00:00:00,1234567890,Community Hub,496662118087,zz_promo_zz,2024-02-26T00:00:00,2024-02-26T00:00:00,96,0,0.7564612475823227,"dormant_bot,pattern_mismatch",flagged,1
2024-06-01T00:00:00,1234567890,Community Hub,335243684224,zz_promo_zz,2024-05-23T00:00:00,2024-05-23T22:00:00,9,0,0.6803257683067918,"suspicious_username,no_avatar",warned,1
2024-06-01T00:00:00,1234567890,Community Hub,778529679273,journeys_with_kai,2019-04-23T00:00:00,2020-04-27T00:00:00,1866,1,0.008165639981123934,,none,0
2024-06-01T00:00:00,1234567890,Community Hub,443750403787,alex_travel,2023-02-18T00:00:00,2023-08-23T00:00:00,469,1,0.007943710939645993,,none,0
2024-06-01T00:00:00,1234567890,Community Hub,420488180583,amy_joy,2022-03-22T00:00:00,2023-01-29T00:00:00,802,1,0.04883635956367435,,none,0
2024-06-01T00:00:00,1234567890,Community Hub,173040555184,emma.j,2018-03-13T00:00:00,2018-08-16T00:00:00,2272,1,0.16909800006524633,,none,0
2024-06-01T00:00:00,1234567890,Community Hub,977058607600,tradebot_fx,2024-04-23T00:00:00,2024-04-23T16:00:00,39,0,0.8785625596698733,"suspicious_username,no_avatar",warned,1
2024-06-01T00:00:00,1234567890,Community Hub,532313747726,chris_builds,2021-09-30T00:00:00,2022-08-18T00:00:00,975,1,0.1385844078501944,,none,0
2024-06-01T00:00:00,1234567890,Community Hub,415341941155,1234567890ab,2024-06-01T00:00:00,2024-06-01T00:00:00,0,0,0.7083287785676879,"new_account,no_avatar,rapid_join",flagged,1
2024-06-01T00:00:00,1234567890,Community Hub,359981363397,sarah_smith,2024-01-14T00:00:00,2024-01-27T00:00:00,139,1,0.20994862485193921,,none,0
2024-06-01T00:00:00,1234567890,Community Hub,436077781310,free_followers_now,2024-05-02T00:00:00,2024-05-02T04:00:00,30,0,0.7127468264933972,"suspicious_username,no_avatar",warned,1
2024-06-01T00:00:00,1234567890,Community Hub,148862314072,lena_captures,2019-07-29T00:00:00,2020-11-22T00:00:00,1769,1,0.2262720032750252,,none,0
2024-06-01T00:00:00,1234567890,Community Hub,540834707938,journeys_with_kai,2021-07-19T00:00:00,2022-05-24T00:00:00,1048,1,0.01567837446889217,,none,0
2024-06-01T00:00:00,1234567890,Community Hub,240269424315,user8374629,2024-05-21T00:00:00,2024-05-22T23:00:00,11,0,0.5833105085110343,"suspicious_username,no_avatar",warned,1
2024-06-01T00:00:00,1234567890,Community Hub,690256199700,nft_dropper_69,2024-03-26T00:00:00,2024-03-26T00:00:00,67,0,0.7293700350822304,"dormant_bot,pattern_mismatch",flagged,1
2024-06-01T00:00:00,1234567890,Community Hub,451339709043,everyday_elena,2019-05-03T00:00:00,2020-09-01T00:00:00,1856,1,0.04994961594569941,,none,0
2024-06-01T00:00:00,1234567890,Community Hub,393356886369,photo_by_anna,2019-03-29T00:00:00,2020-07-16T00:00:00,1891,1,0.04776141493366989,,none,0
2024-06-01T00:00:00,1234567890,Community Hub,282026216508,follow_back_101,2024-04-25T00:00:00,2024-04-26T08:00:00,37,0,0.5702523163772006,"suspicious_username,no_avatar",warned,1
2024-06-01T00:00:00,1234567890,Community Hub,487818994907,free_follower_bot,2024-01-13T00:00:00,2024-01-13T00:00:00,140,0,0.7629459364784699,"dormant_bot,pattern_mismatch",flagged,1
2024-06-01T00:00:00,1234567890,Community Hub,324397361951,chris_builds,2019-07-15T00:00:00,2020-04-09T00:00:00,1783,1,0.1917941174685432,,none,0
2024-06-01T00:00:00,1234567890,Community Hub,786075233496,lena_captures,2020-08-30T00:00:00,2020-11-15T00:00:00,1371,1,0.2004928531837355,,none,0
2024-06-01T00:00:00,1234567890,Community Hub,219406714134,acc29471838,2023-12-11T00:00:00,2023-12-11T00:00:00,173,0,0.7930632471678088,"dormant_bot,pattern_mismatch",flagged,1
2024-06-01T00:00:00,1234567890,Community Hub,243914802309,q7w8e9r0t1y2,2024-05-03T00:00:00,2024-05-04T10:00:00,29,0,0.8096122842507799,"suspicious_username,no_avatar",warned,1
2024-06-01T00:00:00,1234567890,Community Hub,564545643882,fit_jessica,2020-08-27T00:00:00,2021-11-15T00:00:00,1374,1,0.24219619974399867,,none,0
2024-06-01T00:00:00,1234567890,Community Hub,705915135839,nft_dropper_69,2024-05-20T00:00:00,2024-05-20T10:00:00,12,0,0.5156268034014576,"suspicious_username,no_avatar",warned,1
2024-06-01T00:00:00,1234567890,Community Hub,738241571462,zz_promo_zz,2024-05-28T00:00:00,2024-05-28T00:00:00,4,0,0.7782786466044327,"new_account,no_avatar,rapid_join",flagged,1
2024-06-01T00:00:00,1234567890,Community Hub,902147238250,tradebot_fx,2024-05-31T00:00:00,2024-05-31T00:00:00,1,0,0.8469071703854301,"new_account,no_avatar,rapid_join",flagged,1
2024-06-01T00:00:00,1234567890,Community Hub,644534935261,tradebot_fx,2024-05-29T00:00:00,2024-05-29T00:00:00,3,0,0.8157446211255421,"new_account,no_avatar,rapid_join",flagged,1
2024-06-01T00:00:00,1234567890,Community Hub,901670424285,code_master,2019-12-18T00:00:00,2020-11-20T00:00:00,1627,1,0.03427799921432062,,none,0
2024-06-01T00:00:00,1234567890,Community Hub,840327417755,free_follower_bot,2024-05-27T00:00:00,2024-05-27T00:00:00,5,0,0.812885432619681,"new_account,no_avatar,rapid_join",flagged,1
2024-06-01T00:00:00,1234567890,Community Hub,532893505112,surf_with_evan,2019-05-13T00:00:00,2020-01-14T00:00:00,1846,1,0.22810403915403282,,none,0
2024-06-01T00:00:00,1234567890,Community Hub,808734620949,crypto_king_9999,2024-01-16T00:00:00,2024-01-16T00:00:00,137,0,0.7930180346778825,"dormant_bot,pattern_mismatch",flagged,1
2024-06-01T00:00:00,1234567890,Community Hub,720906878191,bot_account_7,2024-05-26T00:00:00,2024-05-26T00:00:00,6,0,0.9465234815565161,"new_account,no_avatar,rapid_join",flagged,1
2024-06-01T00:00:00,1234567890,Community Hub,218183783835,daniel_f,2020-09-13T00:00:00,2021-01-29T00:00:00,1357,1,0.22187129068363137,,none,0
2024-06-01T00:00:00,1234567890,Community Hub,264158915675,get_rich_88,2023-12-30T00:00:00,2023-12-30T00:00:00,154,0,0.8269824633537918,"dormant_bot,pattern_mismatch",flagged,1
2024-06-01T00:00:00,1234567890,Community Hub,704715134773,a8f7d3k9p2,2024-05-26T00:00:00,2024-05-26T00:00:00,6,0,0.7836064540561287,"new_account,no_avatar,rapid_join",flagged,1
2024-06-01T00:00:00,1234567890,Community Hub,238389096434,nft_dropper_69,2024-05-16T00:00:00,2024-05-16T09:00:00,16,0,0.5915959727856241,"suspicious_username,no_avatar",warned,1
2024-06-01T00:00:00,1234567890,Community Hub,438824920846,bot_account_7,2024-04-24T00:00:00,2024-04-25T03:00:00,38,0,0.7816794396238439,"suspicious_username,no_avatar",warned,1
2024-06-01T00:00:00,1234567890,Community Hub,540157157697,paul_runs,2018-09-26T00:00:00,2019-01-21T00:00:00,2075,1,0.1874587901802702,,none,0
2024-06-01T00:00:00,1234567890,Community Hub,205077228458,real_human_01234,2024-04-20T00:00:00,2024-04-20T00:00:00,42,0,0.8157663456778612,"dormant_bot,pattern_mismatch",flagged,1
2024-06-01T00:00:00,1234567890,Community Hub,655281879956,earn_fast_2024,2024-05-30T00:00:00,2024-05-30T00:00:00,2,0,0.7076640928858672,"new_account,no_avatar,rapid_join",flagged,1
2024-06-01T00:00:00,1234567890,Community Hub,331123872814,acc29471838,2024-04-18T00:00:00,2024-04-18T11:00:00,44,0,0.8638080362322588,"suspicious_username,no_avatar",warned,1
2024-06-01T00:00:00,1234567890,Community Hub,166724798762,photo_by_anna,2021-10-01T00:00:00,2022-07-16T00:00:00,974,1,0.1031218229319453,,none,0
2024-06-01T00:00:00,1234567890,Community Hub,530015087512,emma.j,2017-11-16T00:00:00,2018-08-01T00:00:00,2389,1,0.05225574512606246,,none,0
2024-06-01T00:00:00,1234567890,Community Hub,828922275378,free_follower_bot,2024-05-28T00:00:00,2024-05-28T00:00:00,4,0,0.7361691854607836,"new_account,no_avatar,rapid_join",flagged,1
2024-06-01T00:00:00,1234567890,Community Hub,408716658015,emma.j,2022-04-18T00:00:00,2023-03-05T00:00:00,775,1,0.12723981581880295,,none,0
2024-06-01T00:00:00,1234567890,Community Hub,736806477428,emma.j,2024-02-15T00:00:00,2024-04-05T00:00:00,107,1,0.15556230593239156,,none,0
2024-06-01T00:00:00,1234567890,Community Hub,283642934492,sarah_smith,2023-07-24T00:00:00,2023-08-17T00:00:00,313,1,0.11346897716985949,,none,0
2024-06-01T00:00:00,1234567890,Community Hub,164179048944,tradebot_fx,2024-05-13T00:00:00,2024-05-14T09:00:00,19,0,0.8196046162137162,"suspicious_username,no_avatar",warned,1
2024-06-01T00:00:00,1234567890,Community Hub,618841904037,nina_art,2018-12-08T00:00:00,2019-09-30T00:00:00,2002,1,0.2265815390997383,,none,0
2024-06-01T00:00:00,1234567890,Community Hub,687913149223,alex_travel,2023-07-17T00:00:00,2023-11-30T00:00:00,320,1,0.18698838552377375,,none,0
2024-06-01T00:00:00,1234567890,Community Hub,582876921173,a8f7d3k9p2,2024-05-31T00:00:00,2024-05-31T00:00:00,1,0,0.820570017704292,"new_account,no_avatar,rapid_join",flagged,1
2024-06-01T00:00:00,1234567890,Community Hub,928793658174,sarah_smith,2018-05-14T00:00:00,2019-08-12T00:00:00,2210,1,0.11837540789973877,,none,0
2024-06-01T00:00:00,1234567890,Community Hub,181962873200,acc29471838,2024-05-01T00:00:00,2024-05-01T07:00:00,31,0,0.8340741268937494,"suspicious_username,no_avatar",warned,1
2024-06-01T00:00:00,1234567890,Community Hub,891026230478,a8f7d3k9p2,2024-05-27T00:00:00,2024-05-27T00:00:00,5,0,0.9222982356551388,"new_account,no_avatar,rapid_join",flagged,1
2024-06-01T00:00:00,1234567890,Community Hub,565332654326,9182736450,2023-12-29T00:00:00,2023-12-29T00:00:00,155,0,0.7521342376191192,"dormant_bot,pattern_mismatch",flagged,1
2024-06-01T00:00:00,1234567890,Community Hub,317628290952,9182736450,2024-04-26T00:00:00,2024-04-27T11:00:00,36,0,0.6504135155581752,"suspicious_username,no_avatar",warned,1
2024-06-01T00:00:00,1234567890,Community Hub,843682286191,earn_fast_2024,2024-05-25T00:00:00,2024-05-26T12:00:00,7,0,0.5589269733276194,"suspicious_username,no_avatar",warned,1
2024-06-01T00:00:00,1234567890,Community Hub,576521497135,bot_account_7,2024-05-29T00:00:00,2024-05-29T00:00:00,3,0,0.7248893040838755,"new_account,no_avatar,rapid_join",flagged,1
2024-06-01T00:00:00,1234567890,Community Hub,851522293184,code_master,2019-12-13T00:00:00,2020-09-17T00:00:00,1632,1,0.14156069812109068,,none,0
2024-06-01T00:00:00,1234567890,Community Hub,809239033971,photo_by_anna,2018-07-20T00:00:00,2019-04-23T00:00:00,2143,1,0.031757261531104475,,none,0
2024-06-01T00:00:00,1234567890,Community Hub,787142368529,chef_marco,2021-11-16T00:00:00,2022-06-23T00:00:00,928,1,0.2029677805586463,,none,0
2024-06-01T00:00:00,1234567890,Community Hub,688274905450,botanist_beth,2020-07-02T00:00:00,2021-07-03T00:00:00,1430,1,0.001098343907952104,,none,0
2024-06-01T00:00:00,1234567890,Community Hub,486057844555,daniel_f,2024-02-09T00:00:00,2024-02-16T00:00:00,113,1,0.14926951862455323,,none,0
2024-06-01T00:00:00,1234567890,Community Hub,660145608574,surf_with_evan,2023-09-20T00:00:00,2024-01-03T00:00:00,255,1,0.119766701930456,,none,0
2024-06-01T00:00:00,1234567890,Community Hub,187964069374,grace_beauty,2023-12-09T00:00:00,2024-01-24T00:00:00,175,1,0.22480087904425203,,none,0
2024-06-01T00:00:00,1234567890,Community Hub,626427337408,grace_beauty,2018-02-06T00:00:00,2019-04-06T00:00:00,2307,1,0.01604813289427731,,none,0
2024-06-01T00:00:00,1234567890,Community Hub,991865657957,bot_account_7,2023-12-06T00:00:00,2023-12-06T00:00:00,178,0,0.5695308290488202,"dormant_bot,pattern_mismatch",flagged,1
2024-06-01T00:00:00,1234567890,Community Hub,988197542281,9182736450,2024-05-28T00:00:00,2024-05-28T00:00:00,4,0,0.9608965563343332,"new_account,no_avatar,rapid_join",flagged,1
2024-06-01T00:00:00,1234567890,Community Hub,453291480432,code_master,2023-11-08T00:00:00,2024-02-14T00:00:00,206,1,0.20605166101887334,,none,0
2024-06-01T00:00:00,1234567890,Community Hub,695837271812,q7w8e9r0t1y2,2024-05-30T00:00:00,2024-05-30T00:00:00,2,0,0.8530500237878798,"new_account,no_avatar,rapid_join",flagged,1
2024-06-01T00:00:00,1234567890,Community Hub,876999414053,99882736450,2024-03-13T00:00:00,2024-03-13T00:00:00,80,0,0.8114088925270804,"dormant_bot,pattern_mismatch",flagged,1
2024-06-01T00:00:00,1234567890,Community Hub,383423713274,zz_promo_zz,2024-05-31T00:00:00,2024-05-31T00:00:00,1,0,0.96682595745822,"new_account,no_avatar,rapid_join",flagged,1
2024-06-01T00:00:00,1234567890,Community Hub,188272145508,journeys_with_kai,2020-11-27T00:00:00,2021-05-17T00:00:00,1282,1,0.23329173461374042,,none,0
2024-06-01T00:00:00,1234567890,Community Hub,763305084763,emma.j,2022-07-15T00:00:00,2023-04-03T00:00:00,687,1,0.19862189295041918,,none,0
2024-06-01T00:00:00,1234567890,Community Hub,807991071162,journeys_with_kai,2023-07-02T00:00:00,2023-08-30T00:00:00,335,1,0.028257096533461923,,none,0
2024-06-01T00:00:00,1234567890,Community Hub,164229444592,get_rich_88,2024-04-17T00:00:00,2024-04-17T00:00:00,45,0,0.6660977136792241,"dormant_bot,pattern_mismatch",flagged,1
2024-06-01T00:00:00,1234567890,Community Hub,934203228982,nina_art,2019-10-09T00:00:00,2020-03-03T00:00:00,1697,1,0.21825792373774958,,none,0
2024-06-01T00:00:00,1234567890,Community Hub,685338167357,photo_by_anna,2018-08-22T00:00:00,2019-12-16T00:00:00,2110,1,0.22713318174565142,,none,0
2024-06-01T00:00:00,1234567890,Community Hub,280440783182,amy_joy,2018-03-17T00:00:00,2018-04-09T00:00:00,2268,1,0.21994088870437553,,none,0
2024-06-01T00:00:00,1234567890,Community Hub,821700438700,acc29471838,2024-05-31T00:00:00,2024-05-31T00:00:00,1,0,0.8137321092980624,"new_account,no_avatar,rapid_join",flagged,1
2024-06-01T00:00:00,1234567890,Community Hub,588627503281,john_doe,2020-12-02T00:00:00,2021-11-13T00:00:00,1277,1,0.12313702545179009,,none,0
2024-06-01T00:00:00,1234567890,Community Hub,623547979219,nft_dropper_69,2024-05-06T00:00:00,2024-05-07T04:00:00,26,0,0.6948644607323166,"suspicious_username,no_avatar",warned,1
2024-06-01T00:00:00,1234567890,Community Hub,623910426129,crypto_king_9999,2024-05-25T00:00:00,2024-05-25T09:00:00,7,0,0.5669642265874442,"suspicious_username,no_avatar",warned,1
2024-06-01T00:00:00,1234567890,Community Hub,730744959710,1234567890ab,2024-05-27T00:00:00,2024-05-27T00:00:00,5,0,0.7029934202067484,"new_account,no_avatar,rapid_join",flagged,1
2024-06-01T00:00:00,1234567890,Community Hub,508010649755,acc29471838,2024-05-30T00:00:00,2024-05-30T00:00:00,2,0,0.8240375266973058,"new_account,no_avatar,rapid_join",flagged,1
2024-06-01T00:00:00,1234567890,Community Hub,540492781856,tom_techie,2018-05-07T00:00:00,2019-05-07T00:00:00,2217,1,0.22775948880057142,,none,0
2024-06-01T00:00:00,1234567890,Community Hub,678410363859,paul_runs,2018-06-03T00:00:00,2018-10-30T00:00:00,2190,1,0.1657843530986192,,none,0
2024-06-01T00:00:00,1234567890,Community Hub,500205236355,99882736450,2024-04-28T00:00:00,2024-04-29T03:00:00,34,0,0.5679155086198394,"suspicious_username,no_avatar",warned,1
2024-06-01T00:00:00,1234567890,Community Hub,603019858823,grace_beauty,2020-07-16T00:00:00,2021-07-06T00:00:00,1416,1,0.190423059803121,,none,0
2024-06-01T00:00:00,1234567890,Community Hub,456445364052,surf_with_evan,2021-08-31T00:00:00,2022-04-05T00:00:00,1005,1,0.2384807679707096,,none,0
2024-06-01T00:00:00,1234567890,Community Hub,285634792044,creative_dan,2024-03-03T00:00:00,2024-03-20T00:00:00,90,1,0.03475957356707948,,none,0
2024-06-01T00:00:00,1234567890,Community Hub,245463579356,botanist_beth,2023-10-15T00:00:00,2023-12-18T00:00:00,230,1,0.08722139682192273,,none,0
2024-06-01T00:00:00,1234567890,Community Hub,932010430413,free_follower_bot,2024-05-27T00:00:00,2024-05-27T00:00:00,5,0,0.7624577129026099,"new_account,no_avatar,rapid_join",flagged,1
2024-06-01T00:00:00,1234567890,Community Hub,563915509869,botanist_beth,2019-02-18T00:00:00,2019-12-22T00:00:00,1930,1,0.21514934364143148,,none,0
2024-06-01T00:00:00,1234567890,Community Hub,227446727116,xXx_profit_xXx,2024-05-17T00:00:00,2024-05-18T14:00:00,15,0,0.7329165520919201,"suspicious_username,no_avatar",warned,1
2024-06-01T00:00:00,1234567890,Community Hub,424186362577,q7w8e9r0t1y2,2024-05-16T00:00:00,2024-05-16T04:00:00,16,0,0.7368256058022743,"suspicious_username,no_avatar",warned,1
2024-06-01T00:00:00,1234567890,Community Hub,495594558310,zz_promo_zz,2024-04-28T00:00:00,2024-04-29T05:00:00,34,0,0.5849270032563874,"suspicious_username,no_avatar",warned,1
2024-06-01T00:00:00,1234567890,Community Hub,378890864660,earn_fast_2024,2024-05-07T00:00:00,2024-05-08T03:00:00,25,0,0.8604526878906334,"suspicious_username,no_avatar",warned,1
2024-06-01T00:00:00,1234567890,Community Hub,822206969796,earn_fast_2024,2024-05-22T00:00:00,2024-05-23T10:00:00,10,0,0.5528927157447692,"suspicious_username,no_avatar",warned,1
2024-06-01T00:00:00,1234567890,Community Hub,933129610906,99882736450,2024-05-27T00:00:00,2024-05-27T00:00:00,5,0,0.7860566804217287,"new_account,no_avatar,rapid_join",flagged,1
2024-06-01T00:00:00,1234567890,Community Hub,804490624098,crypto_king_9999,2023-12-12T00:00:00,2023-12-12T00:00:00,172,0,0.7422272624434262,"dormant_bot,pattern_mismatch",flagged,1
2024-06-01T00:00:00,1234567890,Community Hub,725720591620,earn_fast_2024,2024-04-07T00:00:00,2024-04-07T00:00:00,55,0,0.7076185817697864,"dormant_bot,pattern_mismatch",flagged,1
2024-06-01T00:00:00,1234567890,Community Hub,245672697932,zz_promo_zz,2024-05-31T00:00:00,2024-05-31T00:00:00,1,0,0.7666773280334078,"new_account,no_avatar,rapid_join",flagged,1
2024-06-01T00:00:00,1234567890,Community Hub,792915812769,surf_with_evan,2021-04-27T00:00:00,2022-05-30T00:00:00,1131,1,0.10936981941099572,,none,0
2024-06-01T00:00:00,1234567890,Community Hub,394365536216,chris_builds,2017-08-24T00:00:00,2018-06-03T00:00:00,2473,1,0.19442242016214356,,none,0
2024-06-01T00:00:00,1234567890,Community Hub,273721471969,free_followers_now,2024-05-27T00:00:00,2024-05-27T00:00:00,5,0,0.7560000209606715,"new_account,no_avatar,rapid_join",flagged,1
2024-06-01T00:00:00,1234567890,Community Hub,706390125122,john_doe,2018-08-26T00:00:00,2019-04-06T00:00:00,2106,1,0.029970421109390438,,none,0
2024-06-01T00:00:00,1234567890,Community Hub,361755282288,a8f7d3k9p2,2024-06-01T00:00:00,2024-06-01T00:00:00,0,0,0.8887271212006372,"new_account,no_avatar,rapid_join",flagged,1
2024-06-01T00:00:00,1234567890,Community Hub,129878640890,creative_dan,2020-10-12T00:00:00,2020-11-11T00:00:00,1328,1,0.22926440525089392,,none,0
2024-06-01T00:00:00,1234567890,Community Hub,871153112309,user8374629,2024-05-22T00:00:00,2024-05-22T04:00:00,10,0,0.6085560146573699,"suspicious_username,no_avatar",warned,1
2024-06-01T00:00:00,1234567890,Community Hub,494462737933,journeys_with_kai,2022-12-23T00:00:00,2023-02-11T00:00:00,526,1,0.02376095354240071,,none,0
2024-06-01T00:00:00,1234567890,Community Hub,520521053250,surf_with_evan,2021-01-06T00:00:00,2021-07-22T00:00:00,1242,1,0.031051037726986197,,none,0
2024-06-01T00:00:00,1234567890,Community Hub,957278097679,a8f7d3k9p2,2024-05-31T00:00:00,2024-05-31T00:00:00,1,0,0.7003804361325109,"new_account,no_avatar,rapid_join",flagged,1
2024-06-01T00:00:00,1234567890,Community Hub,994310121445,dev_pete,2023-11-17T00:00:00,2024-02-10T00:00:00,197,1,0.05819171192650177,,none,0
2024-06-01T00:00:00,1234567890,Community Hub,453747008770,zz_promo_zz,2024-01-18T00:00:00,2024-01-18T00:00:00,135,0,0.7055648560688802,"dormant_bot,pattern_mismatch",flagged,1
2024-06-01T00:00:00,1234567890,Community Hub,564118344376,lisa_writes,2020-09-05T00:00:00,2021-09-06T00:00:00,1365,1,0.0036118073828693975,,none,0
2024-06-01T00:00:00,1234567890,Community Hub,531790807411,9182736450,2024-05-26T00:00:00,2024-05-26T00:00:00,6,0,0.7140815078976427,"new_account,no_avatar,rapid_join",flagged,1
2024-06-01T00:00:00,1234567890,Community Hub,428295904049,lisa_writes,2020-01-04T00:00:00,2020-10-31T00:00:00,1610,1,0.18514782063935392,,none,0
2024-06-01T00:00:00,1234567890,Community Hub,661584375371,q7w8e9r0t1y2,2024-02-24T00:00:00,2024-02-24T00:00:00,98,0,0.604123223386538,"dormant_bot,pattern_mismatch",flagged,1
2024-06-01T00:00:00,1234567890,Community Hub,120095295957,code_master,2022-02-26T00:00:00,2022-09-08T00:00:00,826,1,0.16501972622479982,,none,0
2024-06-01T00:00:00,1234567890,Community Hub,430598723845,surf_with_evan,2018-02-21T00:00:00,2018-07-20T00:00:00,2292,1,0.2180151101995975,,none,0
2024-06-01T00:00:00,1234567890,Community Hub,415332494941,bot_account_7,2024-05-29T00:00:00,2024-05-29T00:00:00,3,0,0.7752360849120022,"new_account,no_avatar,rapid_join",flagged,1
2024-06-01T00:00:00,1234567890,Community Hub,832335656472,paul_runs,2023-05-15T00:00:00,2023-11-18T00:00:00,383,1,0.07059809968210573,,none,0
2024-06-01T00:00:00,1234567890,Community Hub,133935695824,photo_by_anna,2023-08-25T00:00:00,2023-11-01T00:00:00,281,1,0.0551508315319196,,none,0
2024-06-01T00:00:00,1234567890,Community Hub,877806711667,nft_dropper_69,2024-03-16T00:00:00,2024-03-16T00:00:00,77,0,0.8226827618042942,"dormant_bot,pattern_mismatch",flagged,1
2024-06-01T00:00:00,1234567890,Community Hub,120827876616,fit_jessica,2023-04-08T00:00:00,2023-06-21T00:00:00,420,1,0.17894606567710886,,none,0
2024-06-01T00:00:00,1234567890,Community Hub,486855438965,xXx_profit_xXx,2024-05-01T00:00:00,2024-05-01T16:00:00,31,0,0.7524320680633606,"suspicious_username,no_avatar",warned,1
2024-06-01T00:00:00,1234567890,Community Hub,229967060912,user8374629,2024-05-09T00:00:00,2024-05-10T03:00:00,23,0,0.6481396348795804,"suspicious_username,no_avatar",warned,1
2024-06-01T00:00:00,1234567890,Community Hub,739182949367,a8f7d3k9p2,2024-04-18T00:00:00,2024-04-18T14:00:00,44,0,0.532874547476001,"suspicious_username,no_avatar",warned,1
2024-06-01T00:00:00,1234567890,Community Hub,817496546971,lisa_writes,2017-08-30T00:00:00,2018-03-27T00:00:00,2467,1,0.06814914752506099,,none,0
2024-06-01T00:00:00,1234567890,Community Hub,495982243595,mike_2023,2022-12-24T00:00:00,2023-03-02T00:00:00,525,1,0.20199581981001669,,none,0
2024-06-01T00:00:00,1234567890,Community Hub,291632750060,user8374629,2024-05-28T00:00:00,2024-05-28T00:00:00,4,0,0.8963558406699995,"new_account,no_avatar,rapid_join",flagged,1
2024-06-01T00:00:00,1234567890,Community Hub,247118353430,botanist_beth,2021-10-15T00:00:00,2022-02-04T00:00:00,960,1,0.12779486133414844,,none,0
2024-06-01T00:00:00,1234567890,Community Hub,986516592580,the_real_sam,2018-03-22T00:00:00,2018-07-26T00:00:00,2263,1,0.09827738587087353,,none,0
2024-06-01T00:00:00,1234567890,Community Hub,963385053802,creative_dan,2018-02-14T00:00:00,2019-05-18T00:00:00,2299,1,0.20871750125064104,,none,0
2024-06-01T00:00:00,1234567890,Community Hub,487205554865,99882736450,2023-12-16T00:00:00,2023-12-16T00:00:00,168,0,0.7487490569583162,"dormant_bot,pattern_mismatch",flagged,1
2024-06-01T00:00:00,1234567890,Community Hub,836647190089,zz_promo_zz,2024-05-26T00:00:00,2024-05-26T00:00:00,6,0,0.8705085732465349,"new_account,no_avatar,rapid_join",flagged,1
2024-06-01T00:00:00,1234567890,Community Hub,802637966753,creative_dan,2023-06-25T00:00:00,2023-10-23T00:00:00,342,1,0.11299177743603314,,none,0
2024-06-01T00:00:00,1234567890,Community Hub,480549926747,99882736450,2024-05-20T00:00:00,2024-05-20T18:00:00,12,0,0.7225233627831749,"suspicious_username,no_avatar",warned,1
2024-06-01T00:00:00,1234567890,Community Hub,503602472074,earn_fast_2024,2024-01-01T00:00:00,2024-01-01T00:00:00,152,0,0.8005736852112066,"dormant_bot,pattern_mismatch",flagged,1
2024-06-01T00:00:00,1234567890,Community Hub,297894815858,follow_back_101,2024-05-29T00:00:00,2024-05-29T00:00:00,3,0,0.8034295310419733,"new_account,no_avatar,rapid_join",flagged,1
2024-06-01T00:00:00,1234567890,Community Hub,750391061281,tradebot_fx,2024-05-26T00:00:00,2024-05-26T00:00:00,6,0,0.8241997201397434,"new_account,no_avatar,rapid_join",flagged,1
2024-06-01T00:00:00,1234567890,Community Hub,652169109415,earn_fast_2024,2024-04-23T00:00:00,2024-04-23T00:00:00,39,0,0.706406798366347,"dormant_bot,pattern_mismatch",flagged,1
2024-06-01T00:00:00,1234567890,Community Hub,391072545464,free_followers_now,2023-12-20T00:00:00,2023-12-20T00:00:00,164,0,0.6029664874808878,"dormant_bot,pattern_mismatch",flagged,1
2024-06-01T00:00:00,1234567890,Community Hub,706368014122,nina_art,2021-08-03T00:00:00,2022-02-22T00:00:00,1033,1,0.20280845352787802,,none,0
2024-06-01T00:00:00,1234567890,Community Hub,485929604188,lena_captures,2019-08-05T00:00:00,2020-09-20T00:00:00,1762,1,0.11335670208312382,,none,0
2024-06-01T00:00:00,1234567890,Community Hub,352213030120,acc29471838,2024-05-30T00:00:00,2024-05-30T00:00:00,2,0,0.8766511972135479,"new_account,no_avatar,rapid_join",flagged,1
2024-06-01T00:00:00,1234567890,Community Hub,393140048006,botanist_beth,2020-09-27T00:00:00,2021-03-11T00:00:00,1343,1,0.19547727438034856,,none,0
2024-06-01T00:00:00,1234567890,Community Hub,338543317165,a8f7d3k9p2,2024-05-30T00:00:00,2024-05-30T00:00:00,2,0,0.852152072020125,"new_account,no_avatar,rapid_join",flagged,1
2024-06-01T00:00:00,1234567890,Community Hub,256390143600,9182736450,2024-05-03T00:00:00,2024-05-03T18:00:00,29,0,0.8724956496753887,"suspicious_username,no_avatar",warned,1
2024-06-01T00:00:00,1234567890,Community Hub,428878267367,free_followers_now,2023-12-12T00:00:00,2023-12-12T00:00:00,172,0,0.5735142353263752,"dormant_bot,pattern_mismatch",flagged,1
2024-06-01T00:00:00,1234567890,Community Hub,210678300421,creative_dan,2018-01-08T00:00:00,2019-05-22T00:00:00,2336,1,0.23110085712623088,,none,0
2024-06-01T00:00:00,1234567890,Community Hub,413933198073,b.scott.official,2020-07-06T00:00:00,2021-05-29T00:00:00,1426,1,0.0022713937543632767,,none,0
2024-06-01T00:00:00,1234567890,Community Hub,990704934910,99882736450,2024-04-28T00:00:00,2024-04-29T06:00:00,34,0,0.5810399446774739,"suspicious_username,no_avatar",warned,1
2024-06-01T00:00:00,1234567890,Community Hub,121616981205,9182736450,2024-05-30T00:00:00,2024-05-30T00:00:00,2,0,0.8024349392118386,"new_account,no_avatar,rapid_join",flagged,1
2024-06-01T00:00:00,1234567890,Community Hub,535427870221,1234567890ab,2024-05-29T00:00:00,2024-05-29T00:00:00,3,0,0.9831792367178703,"new_account,no_avatar,rapid_join",flagged,1
2024-06-01T00:00:00,1234567890,Community Hub,373936559157,1234567890ab,2024-05-18T00:00:00,2024-05-19T04:00:00,14,0,0.7947118162478062,"suspicious_username,no_avatar",warned,1
2024-06-01T00:00:00,1234567890,Community Hub,326912006606,daniel_f,2021-07-11T00:00:00,2022-09-02T00:00:00,1056,1,0.10052022504703748,,none,0
2024-06-01T00:00:00,1234567890,Community Hub,134138642535,mindful_maya,2021-10-08T00:00:00,2022-11-17T00:00:00,967,1,0.17262244031186286,,none,0
2024-06-01T00:00:00,1234567890,Community Hub,261063308981,john_doe,2020-08-20T00:00:00,2021-09-13T00:00:00,1381,1,0.026118038623325596,,none,0
2024-06-01T00:00:00,1234567890,Community Hub,132596862399,99882736450,2024-06-01T00:00:00,2024-06-01T00:00:00,0,0,0.8874310182276798,"new_account,no_avatar,rapid_join",flagged,1
2024-06-01T00:00:00,1234567890,Community Hub,704990544848,airdrop_winner99,2024-05-28T00:00:00,2024-05-28T00:00:00,4,0,0.789851704003495,"new_account,no_avatar,rapid_join",flagged,1
2024-06-01T00:00:00,1234567890,Community Hub,842070528978,tom_techie,2023-08-06T00:00:00,2023-12-16T00:00:00,300,1,0.02158120270416855,,none,0
2024-06-01T00:00:00,1234567890,Community Hub,618884886748,mark_adventure,2023-02-23T00:00:00,2023-07-18T00:00:00,464,1,0.09681044884706064,,none,0
2024-06-01T00:00:00,1234567890,Community Hub,980101434558,b.scott.official,2018-02-19T00:00:00,2019-02-13T00:00:00,2294,1,0.24203776997970947,,none,0
2024-06-01T00:00:00,1234567890,Community Hub,362337424145,emma.j,2021-03-02T00:00:00,2021-09-24T00:00:00,1187,1,0.17381789261236316,,none,0
2024-06-01T00:00:00,1234567890,Community Hub,431962047181,emma.j,2023-08-19T00:00:00,2023-10-16T00:00:00,287,1,0.04541964774475951,,none,0
2024-06-01T00:00:00,1234567890,Community Hub,253138692740,9182736450,2024-02-21T00:00:00,2024-02-21T00:00:00,101,0,0.592924893620031,"dormant_bot,pattern_mismatch",flagged,1
2024-06-01T00:00:00,1234567890,Community Hub,706532259601,a8f7d3k9p2,2024-05-09T00:00:00,2024-05-10T19:00:00,23,0,0.761135024833464,"suspicious_username,no_avatar",warned,1
2024-06-01T00:00:00,1234567890,Community Hub,877777630747,real_human_01234,2024-05-28T00:00:00,2024-05-28T00:00:00,4,0,0.710620184520075,"new_account,no_avatar,rapid_join",flagged,1
2024-06-01T00:00:00,1234567890,Community Hub,356115312412,q7w8e9r0t1y2,2024-04-28T00:00:00,2024-04-28T08:00:00,34,0,0.756022192708559,"suspicious_username,no_avatar",warned,1
2024-06-01T00:00:00,1234567890,Community Hub,130986475843,real_human_01234,2024-04-18T00:00:00,2024-04-19T17:00:00,44,0,0.677952636315708,"suspicious_username,no_avatar",warned,1
2024-06-01T00:00:00,1234567890,Community Hub,419031228154,a8f7d3k9p2,2024-05-05T00:00:00,2024-05-05T22:00:00,27,0,0.7431916754527111,"suspicious_username,no_avatar",warned,1
2024-06-01T00:00:00,1234567890,Community Hub,620628100785,alex_travel,2018-11-11T00:00:00,2019-05-27T00:00:00,2029,1,0.19597806759248151,,none,0
2024-06-01T00:00:00,1234567890,Community Hub,850754991657,xXx_profit_xXx,2024-05-30T00:00:00,2024-05-30T00:00:00,2,0,0.8374992283259225,"new_account,no_avatar,rapid_join",flagged,1
2024-06-01T00:00:00,1234567890,Community Hub,856110404246,tradebot_fx,2024-05-30T00:00:00,2024-05-30T00:00:00,2,0,0.7102114001670123,"new_account,no_avatar,rapid_join",flagged,1
2024-06-01T00:00:00,1234567890,Community Hub,853050479504,everyday_elena,2020-12-15T00:00:00,2021-09-30T00:00:00,1264,1,0.1550004673337433,,none,0
2024-06-01T00:00:00,1234567890,Community Hub,379485111114,9182736450,2024-05-23T00:00:00,2024-05-24T08:00:00,9,0,0.7039403286836328,"suspicious_username,no_avatar",warned,1
2024-06-01T00:00:00,1234567890,Community Hub,377679976820,amy_joy,2018-05-13T00:00:00,2018-12-23T00:00:00,2211,1,0.2257287248072656,,none,0
2024-06-01T00:00:00,1234567890,Community Hub,126857337022,free_followers_now,2024-05-28T00:00:00,2024-05-28T00:00:00,4,0,0.904086080221332,"new_account,no_avatar,rapid_join",flagged,1
2024-06-01T00:00:00,1234567890,Community Hub,185752354151,free_followers_now,2024-05-29T00:00:00,2024-05-29T00:00:00,3,0,0.7368839215133045,"new_account,no_avatar,rapid_join",flagged,1
2024-06-01T00:00:00,1234567890,Community Hub,727614122540,emma.j,2020-04-07T00:00:00,2020-09-06T00:00:00,1516,1,0.013458381380054396,,none,0
2024-06-01T00:00:00,1234567890,Community Hub,771911555391,journeys_with_kai,2022-01-07T00:00:00,2022-04-22T00:00:00,876,1,0.05622224259757186,,none,0
2024-06-01T00:00:00,1234567890,Community Hub,329861127613,follow_back_101,2024-05-30T00:00:00,2024-05-30T00:00:00,2,0,0.9552042946699277,"new_account,no_avatar,rapid_join",flagged,1
2024-06-01T00:00:00,1234567890,Community Hub,398912070996,airdrop_winner99,2024-05-11T00:00:00,2024-05-11T23:00:00,21,0,0.7441439454993916,"suspicious_username,no_avatar",warned,1
2024-06-01T00:00:00,1234567890,Community Hub,890654737544,real_human_01234,2024-03-15T00:00:00,2024-03-15T00:00:00,78,0,0.8241717674076771,"dormant_bot,pattern_mismatch",flagged,1
2024-06-01T00:00:00,1234567890,Community Hub,382296998966,nft_dropper_69,2024-05-15T00:00:00,2024-05-15T12:00:00,17,0,0.8976897101718904,"suspicious_username,no_avatar",warned,1
2024-06-01T00:00:00,1234567890,Community Hub,481338317947,dev_pete,2019-10-31T00:00:00,2020-11-28T00:00:00,1675,1,0.07615233188856668,,none,0
2024-06-01T00:00:00,1234567890,Community Hub,567368436025,a8f7d3k9p2,2024-04-25T00:00:00,2024-04-25T00:00:00,37,0,0.826904970835697,"dormant_bot,pattern_mismatch",flagged,1
2024-06-01T00:00:00,1234567890,Community Hub,493711081477,the_real_sam,2019-09-18T00:00:00,2019-11-22T00:00:00,1718,1,0.1345489726924931,,none,0
2024-06-01T00:00:00,1234567890,Community Hub,806101765872,fit_jessica,2022-06-13T00:00:00,2023-02-20T00:00:00,719,1,0.13167080766331765,,none,0
2024-06-01T00:00:00,1234567890,Community Hub,122387206636,grace_beauty,2017-08-07T00:00:00,2018-03-02T00:00:00,2490,1,0.15832993907397686,,none,0
2024-06-01T00:00:00,1234567890,Community Hub,127548216307,photo_by_anna,2018-10-09T00:00:00,2019-08-28T00:00:00,2062,1,0.07715470342950947,,none,0
2024-06-01T00:00:00,1234567890,Community Hub,433115608218,lena_captures,2019-07-03T00:00:00,2020-10-26T00:00:00,1795,1,0.17245678227040617,,none,0
2024-06-01T00:00:00,1234567890,Community Hub,226134755918,b.scott.official,2021-11-20T00:00:00,2022-08-14T00:00:00,924,1,0.22693478496009167,,none,0
2024-06-01T00:00:00,1234567890,Community Hub,201277201736,real_human_01234,2024-04-19T00:00:00,2024-04-20T21:00:00,43,0,0.8062873736002218,"suspicious_username,no_avatar",warned,1
2024-06-01T00:00:00,1234567890,Community Hub,213765207242,dev_pete,2023-10-28T00:00:00,2023-11-11T00:00:00,217,1,0.2008887650667704,,none,0
2024-06-01T00:00:00,1234567890,Community Hub,783042850126,surf_with_evan,2021-10-22T00:00:00,2023-01-12T00:00:00,953,1,0.21757610408251193,,none,0
2024-06-01T00:00:00,1234567890,Community Hub,294554393321,botanist_beth,2019-08-21T00:00:00,2020-02-11T00:00:00,1746,1,0.19072780367326567,,none,0
2024-06-01T00:00:00,1234567890,Community Hub,625739115623,xXx_profit_xXx,2024-05-31T00:00:00,2024-05-31T00:00:00,1,0,0.7009930996440974,"new_account,no_avatar,rapid_join",flagged,1
2024-06-01T00:00:00,1234567890,Community Hub,902280698738,free_follower_bot,2024-03-08T00:00:00,2024-03-08T00:00:00,85,0,0.6780638252552637,"dormant_bot,pattern_mismatch",flagged,1
2024-06-01T00:00:00,1234567890,Community Hub,335629866238,free_followers_now,2024-04-22T00:00:00,2024-04-23T11:00:00,40,0,0.784276503303035,"suspicious_username,no_avatar",warned,1
2024-06-01T00:00:00,1234567890,Community Hub,931144374763,q7w8e9r0t1y2,2024-05-17T00:00:00,2024-05-17T08:00:00,15,0,0.5794440734838702,"suspicious_username,no_avatar",warned,1
2024-06-01T00:00:00,1234567890,Community Hub,202764286609,the_real_sam,2020-09-28T00:00:00,2021-09-07T00:00:00,1342,1,0.003755168243681023,,none,0
2024-06-01T00:00:00,1234567890,Community Hub,532032115214,surf_with_evan,2020-08-15T00:00:00,2020-12-14T00:00:00,1386,1,0.0336531566583014,,none,0
2024-06-01T00:00:00,1234567890,Community Hub,828926573269,get_rich_88,2024-05-27T00:00:00,2024-05-27T00:00:00,5,0,0.9073694952132821,"new_account,no_avatar,rapid_join",flagged,1
2024-06-01T00:00:00,1234567890,Community Hub,994534474190,nina_art,2023-06-14T00:00:00,2023-11-12T00:00:00,353,1,0.08075862630827474,,none,0
2024-06-01T00:00:00,1234567890,Community Hub,124710572477,nft_dropper_69,2024-05-09T00:00:00,2024-05-09T16:00:00,23,0,0.7971675737901774,"suspicious_username,no_avatar",warned,1
2024-06-01T00:00:00,1234567890,Community Hub,808360455542,bot_account_7,2023-12-18T00:00:00,2023-12-18T00:00:00,166,0,0.620332336348267,"dormant_bot,pattern_mismatch",flagged,1
2024-06-01T00:00:00,1234567890,Community Hub,496130481683,surf_with_evan,2017-11-24T00:00:00,2018-08-21T00:00:00,2381,1,0.24647569887821796,,none,0
2024-06-01T00:00:00,1234567890,Community Hub,634515801301,everyday_elena,2019-09-28T00:00:00,2020-08-21T00:00:00,1708,1,0.23662497258941467,,none,0
2024-06-01T00:00:00,1234567890,Community Hub,703594886658,airdrop_winner99,2024-01-19T00:00:00,2024-01-19T00:00:00,134,0,0.735334065463093,"dormant_bot,pattern_mismatch",flagged,1
2024-06-01T00:00:00,1234567890,Community Hub,943747503854,grace_beauty,2021-04-08T00:00:00,2022-02-27T00:00:00,1150,1,0.19766307248599174,,none,0
2024-06-01T00:00:00,1234567890,Community Hub,660972300750,get_rich_88,2024-03-01T00:00:00,2024-03-01T00:00:00,92,0,0.8467112940273835,"dormant_bot,pattern_mismatch",flagged,1
2024-06-01T00:00:00,1234567890,Community Hub,414520339392,acc29471838,2024-05-03T00:00:00,2024-05-04T18:00:00,29,0,0.7179010923507791,"suspicious_username,no_avatar",warned,1
2024-06-01T00:00:00,1234567890,Community Hub,286534335729,chef_marco,2019-04-18T00:00:00,2019-10-12T00:00:00,1871,1,0.18916488252797606,,none,0
2024-06-01T00:00:00,1234567890,Community Hub,665029575943,1234567890ab,2024-05-15T00:00:00,2024-05-16T14:00:00,17,0,0.8209326211750424,"suspicious_username,no_avatar",warned,1
2024-06-01T00:00:00,1234567890,Community Hub,644532029530,dev_pete,2022-11-25T00:00:00,2023-06-15T00:00:00,554,1,0.07697430516990314,,none,0
2024-06-01T00:00:00,1234567890,Community Hub,936925740245,paul_runs,2017-09-23T00:00:00,2018-10-14T00:00:00,2443,1,0.156503161768916,,none,0
2024-06-01T00:00:00,1234567890,Community Hub,185357934379,emma.j,2021-02-08T00:00:00,2022-03-12T00:00:00,1209,1,0.14465703148196543,,none,0
2024-06-01T00:00:00,1234567890,Community Hub,747221798370,mike_2023,2019-09-04T00:00:00,2020-05-19T00:00:00,1732,1,0.192695616114273,,none,0
2024-06-01T00:00:00,1234567890,Community Hub,187877877630,amy_joy,2022-06-04T00:00:00,2022-12-11T00:00:00,728,1,0.15050261259260417,,none,0
2024-06-01T00:00:00,1234567890,Community Hub,266157453185,john_doe,2023-07-22T00:00:00,2023-09-03T00:00:00,315,1,0.167811894004157,,none,0
2024-06-01T00:00:00,1234567890,Community Hub,444594126560,9182736450,2024-04-17T00:00:00,2024-04-17T00:00:00,45,0,0.6746049006309593,"dormant_bot,pattern_mismatch",flagged,1
2024-06-01T00:00:00,1234567890,Community Hub,171276239049,free_followers_now,2024-05-13T00:00:00,2024-05-13T09:00:00,19,0,0.829042649060841,"suspicious_username,no_avatar",warned,1
2024-06-01T00:00:00,1234567890,Community Hub,171757507138,everyday_elena,2022-09-22T00:00:00,2023-05-12T00:00:00,618,1,0.1498405884090218,,none,0
2024-06-01T00:00:00,1234567890,Community Hub,676008544796,mindful_maya,2023-05-18T00:00:00,2023-11-09T00:00:00,380,1,0.026868148370186445,,none,0
2024-06-01T00:00:00,1234567890,Community Hub,103174921974,user8374629,2024-05-29T00:00:00,2024-05-29T00:00:00,3,0,0.9834861894915833,"new_account,no_avatar,rapid_join",flagged,1
2024-06-01T00:00:00,1234567890,Community Hub,633109699630,grace_beauty,2017-08-10T00:00:00,2017-12-21T00:00:00,2487,1,0.17556492942478238,,none,0
2024-06-01T00:00:00,1234567890,Community Hub,570924117171,tradebot_fx,2024-05-13T00:00:00,2024-05-13T20:00:00,19,0,0.6898819119240772,"suspicious_username,no_avatar",warned,1
2024-06-01T00:00:00,1234567890,Community Hub,655758542728,amy_joy,2019-09-28T00:00:00,2020-04-16T00:00:00,1708,1,0.17752772717004375,,none,0
2024-06-01T00:00:00,1234567890,Community Hub,362277779966,amy_joy,2018-11-24T00:00:00,2018-12-02T00:00:00,2016,1,0.030209121876952766,,none,0
2024-06-01T00:00:00,1234567890,Community Hub,612812245685,the_real_sam,2018-02-26T00:00:00,2018-11-18T00:00:00,2287,1,0.17928009209092574,,none,0
2024-06-01T00:00:00,1234567890,Community Hub,824079935134,bot_account_7,2023-12-10T00:00:00,2023-12-10T00:00:00,174,0,0.5669224086907222,"dormant_bot,pattern_mismatch",flagged,1
2024-06-01T00:00:00,1234567890,Community Hub,755571803100,fit_jessica,2022-02-08T00:00:00,2022-10-08T00:00:00,844,1,0.24340637118531902,,none,0
2024-06-01T00:00:00,1234567890,Community Hub,931085223553,dev_pete,2019-04-15T00:00:00,2019-07-15T00:00:00,1874,1,0.09482424188450203,,none,0
2024-06-01T00:00:00,1234567890,Community Hub,111522021063,get_rich_88,2024-01-07T00:00:00,2024-01-07T00:00:00,146,0,0.6269502343646616,"dormant_bot,pattern_mismatch",flagged,1
2024-06-01T00:00:00,1234567890,Community Hub,393083807015,the_real_sam,2022-11-13T00:00:00,2023-02-07T00:00:00,566,1,0.03439717922815069,,none,0
2024-06-01T00:00:00,1234567890,Community Hub,553694565885,dev_pete,2017-08-31T00:00:00,2017-11-10T00:00:00,2466,1,0.04393779749246754,,none,0
2024-06-01T00:00:00,1234567890,Community Hub,640058769102,bot_account_7,2024-05-23T00:00:00,2024-05-24T16:00:00,9,0,0.5104600037749613,"suspicious_username,no_avatar",warned,1
2024-06-01T00:00:00,1234567890,Community Hub,975998881826,acc29471838,2024-02-18T00:00:00,2024-02-18T00:00:00,104,0,0.626038723029829,"dormant_bot,pattern_mismatch",flagged,1
2024-06-01T00:00:00,1234567890,Community Hub,759313608771,mindful_maya,2020-04-13T00:00:00,2020-06-25T00:00:00,1510,1,0.1297138589297475,,none,0
2024-06-01T00:00:00,1234567890,Community Hub,186932825878,mindful_maya,2020-03-28T00:00:00,2021-07-26T00:00:00,1526,1,0.015156117713215261,,none,0
2024-06-01T00:00:00,1234567890,Community Hub,800893768947,q7w8e9r0t1y2,2024-06-01T00:00:00,2024-06-01T00:00:00,0,0,0.8535428257413683,"new_account,no_avatar,rapid_join",flagged,1
2024-06-01T00:00:00,1234567890,Community Hub,116973921761,zz_promo_zz,2024-05-30T00:00:00,2024-05-30T00:00:00,2,0,0.9407895148194342,"new_account,no_avatar,rapid_join",flagged,1
2024-06-01T00:00:00,1234567890,Community Hub,668592846155,surf_with_evan,2022-07-08T00:00:00,2022-11-26T00:00:00,694,1,0.021013585533035062,,none,0
2024-06-01T00:00:00,1234567890,Community Hub,802151227538,b.scott.official,2023-10-10T00:00:00,2024-02-01T00:00:00,235,1,0.10295925639385259,,none,0
2024-06-01T00:00:00,1234567890,Community Hub,621623044478,dev_pete,2019-06-08T00:00:00,2019-09-07T00:00:00,1820,1,0.14854643369106413,,none,0
2024-06-01T00:00:00,1234567890,Community Hub,661457279597,xXx_profit_xXx,2024-05-31T00:00:00,2024-05-31T00:00:00,1,0,0.700812868192028,"new_account,no_avatar,rapid_join",flagged,1
2024-06-01T00:00:00,1234567890,Community Hub,339090312794,earn_fast_2024,2024-06-01T00:00:00,2024-06-01T00:00:00,0,0,0.7903099982158561,"new_account,no_avatar,rapid_join",flagged,1
2024-06-01T00:00:00,1234567890,Community Hub,387426117572,get_rich_88,2024-04-09T00:00:00,2024-04-09T00:00:00,53,0,0.7028745164921182,"dormant_bot,pattern_mismatch",flagged,1
2024-06-01T00:00:00,1234567890,Community Hub,883697555195,amy_joy,2019-07-21T00:00:00,2020-08-29T00:00:00,1777,1,0.06013800704443184,,none,0
2024-06-01T00:00:00,1234567890,Community Hub,679315266681,follow_back_101,2024-04-26T00:00:00,2024-04-26T00:00:00,36,0,0.5613883813687941,"dormant_bot,pattern_mismatch",flagged,1
2024-06-01T00:00:00,1234567890,Community Hub,650063196920,user8374629,2024-01-10T00:00:00,2024-01-10T00:00:00,143,0,0.6515394609409596,"dormant_bot,pattern_mismatch",flagged,1
2024-06-01T00:00:00,1234567890,Community Hub,609429398200,john_doe,2021-03-30T00:00:00,2022-07-24T00:00:00,1159,1,0.24447136715118228,,none,0
2024-06-01T00:00:00,1234567890,Community Hub,453244460492,botanist_beth,2020-01-14T00:00:00,2020-10-06T00:00:00,1600,1,0.1754539139935632,,none,0
2024-06-01T00:00:00,1234567890,Community Hub,147131812129,grace_beauty,2018-05-24T00:00:00,2018-11-12T00:00:00,2200,1,0.1828616618189758,,none,0
2024-06-01T00:00:00,1234567890,Community Hub,839135596140,the_real_sam,2019-03-27T00:00:00,2019-10-10T00:00:00,1893,1,0.2140164325285635,,none,0
2024-06-01T00:00:00,1234567890,Community Hub,459771621322,tradebot_fx,2024-05-21T00:00:00,2024-05-22T00:00:00,11,0,0.659138689843852,"suspicious_username,no_avatar",warned,1
2024-06-01T00:00:00,1234567890,Community Hub,322210246541,tom_techie,2021-11-07T00:00:00,2022-09-24T00:00:00,937,1,0.1215952717849928,,none,0
2024-06-01T00:00:00,1234567890,Community Hub,472643654906,mike_2023,2021-10-16T00:00:00,2022-03-14T00:00:00,959,1,0.003153040063697349,,none,0
2024-06-01T00:00:00,1234567890,Community Hub,694071534876,nft_dropper_69,2024-01-18T00:00:00,2024-01-18T00:00:00,135,0,0.8190457011805765,"dormant_bot,pattern_mismatch",flagged,1
2024-06-01T00:00:00,1234567890,Community Hub,622031933691,free_follower_bot,2024-05-28T00:00:00,2024-05-28T00:00:00,4,0,0.9516908713488837,"new_account,no_avatar,rapid_join",flagged,1
2024-06-01T00:00:00,1234567890,Community Hub,364435677688,chris_builds,2020-02-09T00:00:00,2021-05-15T00:00:00,1574,1,0.003371324131664022,,none,0
2024-06-01T00:00:00,1234567890,Community Hub,638772018166,get_rich_88,2024-05-12T00:00:00,2024-05-13T10:00:00,20,0,0.8605794926881158,"suspicious_username,no_avatar",warned,1
2024-06-01T00:00:00,1234567890,Community Hub,807201111123,free_follower_bot,2024-06-01T00:00:00,2024-06-01T00:00:00,0,0,0.8553816991336648,"new_account,no_avatar,rapid_join",flagged,1
2024-06-01T00:00:00,1234567890,Community Hub,471689905264,lena_captures,2021-03-28T00:00:00,2021-12-03T00:00:00,1161,1,0.24184026843021844,,none,0
2024-06-01T00:00:00,1234567890,Community Hub,397742274381,zz_promo_zz,2024-03-21T00:00:00,2024-03-21T00:00:00,72,0,0.7653817515334318,"dormant_bot,pattern_mismatch",flagged,1
2024-06-01T00:00:00,1234567890,Community Hub,339997140251,lisa_writes,2020-05-22T00:00:00,2021-06-05T00:00:00,1471,1,0.191293267564731,,none,0
2024-06-01T00:00:00,1234567890,Community Hub,334580951709,xXx_profit_xXx,2024-05-31T00:00:00,2024-05-31T00:00:00,1,0,0.9935750545820039,"new_account,no_avatar,rapid_join",flagged,1
2024-06-01T00:00:00,1234567890,Community Hub,992890857202,1234567890ab,2024-05-29T00:00:00,2024-05-29T00:00:00,3,0,0.7150090465200231,"new_account,no_avatar,rapid_join",flagged,1
2024-06-01T00:00:00,1234567890,Community Hub,756968014888,99882736450,2024-05-14T00:00:00,2024-05-15T22:00:00,18,0,0.7687181443054778,"suspicious_username,no_avatar",warned,1
2024-06-01T00:00:00,1234567890,Community Hub,315084110370,xXx_profit_xXx,2023-12-17T00:00:00,2023-12-17T00:00:00,167,0,0.7151837883855734,"dormant_bot,pattern_mismatch",flagged,1
2024-06-01T00:00:00,1234567890,Community Hub,572911909428,photo_by_anna,2019-06-21T00:00:00,2020-07-28T00:00:00,1807,1,0.09148742009353195,,none,0
2024-06-01T00:00:00,1234567890,Community Hub,549382253051,surf_with_evan,2021-11-03T00:00:00,2022-10-28T00:00:00,941,1,0.2160602649087437,,none,0
2024-06-01T00:00:00,1234567890,Community Hub,394452076080,fit_jessica,2022-12-25T00:00:00,2023-07-04T00:00:00,524,1,0.04815446943695989,,none,0
2024-06-01T00:00:00,1234567890,Community Hub,594273508972,xXx_profit_xXx,2024-05-27T00:00:00,2024-05-27T00:00:00,5,0,0.7075884486473613,"new_account,no_avatar,rapid_join",flagged,1
2024-06-01T00:00:00,1234567890,Community Hub,372070797561,earn_fast_2024,2024-06-01T00:00:00,2024-06-01T00:00:00,0,0,0.8298426343281909,"new_account,no_avatar,rapid_join",flagged,1
2024-06-01T00:00:00,1234567890,Community Hub,647072510372,xXx_profit_xXx,2024-03-10T00:00:00,2024-03-10T00:00:00,83,0,0.8447159147415342,"dormant_bot,pattern_mismatch",flagged,1
2024-06-01T00:00:00,1234567890,Community Hub,478134846882,paul_runs,2022-02-09T00:00:00,2023-03-26T00:00:00,843,1,0.2386405531430845,,none,0
2024-06-01T00:00:00,1234567890,Community Hub,265004612903,daniel_f,2017-09-26T00:00:00,2018-07-25T00:00:00,2440,1,0.0377898347041187,,none,0
2024-06-01T00:00:00,1234567890,Community Hub,562587375680,lena_captures,2022-06-14T00:00:00,2023-04-26T00:00:00,718,1,0.22048021753371655,,none,0
2024-06-01T00:00:00,1234567890,Community Hub,475241597544,photo_by_anna,2018-08-08T00:00:00,2018-11-20T00:00:00,2124,1,0.1353969022854231,,none,0
2024-06-01T00:00:00,1234567890,Community Hub,621828128776,fit_jessica,2018-01-29T00:00:00,2018-07-30T00:00:00,2315,1,0.2045698821582071,,none,0
2024-06-01T00:00:00,1234567890,Community Hub,298405107941,nft_dropper_69,2024-05-29T00:00:00,2024-05-29T00:00:00,3,0,0.9202383357600371,"new_account,no_avatar,rapid_join",flagged,1
2024-06-01T00:00:00,1234567890,Community Hub,996923725948,free_follower_bot,2024-05-11T00:00:00,2024-05-11T10:00:00,21,0,0.5499268893412764,"suspicious_username,no_avatar",warned,1
2024-06-01T00:00:00,1234567890,Community Hub,425148679469,1234567890ab,2024-05-31T00:00:00,2024-05-31T00:00:00,1,0,0.9642539532204836,"new_account,no_avatar,rapid_join",flagged,1
2024-06-01T00:00:00,1234567890,Community Hub,240003777938,real_human_01234,2024-02-11T00:00:00,2024-02-11T00:00:00,111,0,0.7861811809417717,"dormant_bot,pattern_mismatch",flagged,1
2024-06-01T00:00:00,1234567890,Community Hub,828412631746,alex_travel,2019-01-22T00:00:00,2020-02-13T00:00:00,1957,1,0.04498727028666458,,none,0
2024-06-01T00:00:00,1234567890,Community Hub,337806051459,real_human_01234,2024-05-30T00:00:00,2024-05-30T00:00:00,2,0,0.840267834125611,"new_account,no_avatar,rapid_join",flagged,1
2024-06-01T00:00:00,1234567890,Community Hub,392467796328,zz_promo_zz,2024-05-31T00:00:00,2024-05-31T00:00:00,1,0,0.9549612937253471,"new_account,no_avatar,rapid_join",flagged,1
2024-06-01T00:00:00,1234567890,Community Hub,284146733335,crypto_king_9999,2024-05-28T00:00:00,2024-05-28T00:00:00,4,0,0.9703548827496133,"new_account,no_avatar,rapid_join",flagged,1
2024-06-01T00:00:00,1234567890,Community Hub,146540779503,a8f7d3k9p2,2024-01-04T00:00:00,2024-01-04T00:00:00,149,0,0.665222549341569,"dormant_bot,pattern_mismatch",flagged,1
2024-06-01T00:00:00,1234567890,Community Hub,892649898269,nft_dropper_69,2024-05-29T00:00:00,2024-05-29T00:00:00,3,0,0.7561304368435702,"new_account,no_avatar,rapid_join",flagged,1
2024-06-01T00:00:00,1234567890,Community Hub,888302502769,lena_captures,2021-01-05T00:00:00,2021-06-22T00:00:00,1243,1,0.015906319059342505,,none,0
2024-06-01T00:00:00,1234567890,Community Hub,961872450978,free_followers_now,2024-04-24T00:00:00,2024-04-24T00:00:00,38,0,0.5508068853356686,"dormant_bot,pattern_mismatch",flagged,1
2024-06-01T00:00:00,1234567890,Community Hub,802030271821,everyday_elena,2020-09-23T00:00:00,2021-08-26T00:00:00,1347,1,0.11528496364039575,,none,0
2024-06-01T00:00:00,1234567890,Community Hub,439298536903,chef_marco,2019-06-08T00:00:00,2019-09-27T00:00:00,1820,1,0.0047446443012550965,,none,0
2024-06-01T00:00:00,1234567890,Community Hub,458280257201,get_rich_88,2024-05-29T00:00:00,2024-05-29T00:00:00,3,0,0.9890413336401138,"new_account,no_avatar,rapid_join",flagged,1
2024-06-01T00:00:00,1234567890,Community Hub,561694144474,99882736450,2023-12-09T00:00:00,2023-12-09T00:00:00,175,0,0.8453294548827774,"dormant_bot,pattern_mismatch",flagged,1
2024-06-01T00:00:00,1234567890,Community Hub,853949577885,earn_fast_2024,2024-02-07T00:00:00,2024-02-07T00:00:00,115,0,0.7056260042354563,"dormant_bot,pattern_mismatch",flagged,1
2024-06-01T00:00:00,1234567890,Community Hub,353040179958,botanist_beth,2018-04-27T00:00:00,2018-12-06T00:00:00,2227,1,0.1250420676660306,,none,0
2024-06-01T00:00:00,1234567890,Community Hub,413782679986,nina_art,2017-12-06T00:00:00,2018-10-30T00:00:00,2369,1,0.15150921468207093,,none,0
2024-06-01T00:00:00,1234567890,Community Hub,395348234424,amy_joy,2023-05-16T00:00:00,2023-10-22T00:00:00,382,1,0.1568479288174713,,none,0
2024-06-01T00:00:00,1234567890,Community Hub,368733382011,free_followers_now,2024-05-27T00:00:00,2024-05-27T00:00:00,5,0,0.9350361933739606,"new_account,no_avatar,rapid_join",flagged,1
2024-06-01T00:00:00,1234567890,Community Hub,234212941684,bot_account_7,2024-05-31T00:00:00,2024-05-31T00:00:00,1,0,0.7158514878110283,"new_account,no_avatar,rapid_join",flagged,1
2024-06-01T00:00:00,1234567890,Community Hub,666088280115,xXx_profit_xXx,2024-05-01T00:00:00,2024-05-01T13:00:00,31,0,0.5414347922007694,"suspicious_username,no_avatar",warned,1
2024-06-01T00:00:00,1234567890,Community Hub,386245132959,free_follower_bot,2024-06-01T00:00:00,2024-06-01T00:00:00,0,0,0.8635358127934135,"new_account,no_avatar,rapid_join",flagged,1
2024-06-01T00:00:00,1234567890,Community Hub,392148743903,journeys_with_kai,2019-05-11T00:00:00,2019-11-11T00:00:00,1848,1,0.01504218725146425,,none,0
2024-06-01T00:00:00,1234567890,Community Hub,116637909252,daniel_f,2020-03-10T00:00:00,2021-05-31T00:00:00,1544,1,0.19997074534132028,,none,0
2024-06-01T00:00:00,1234567890,Community Hub,961644768850,bot_account_7,2024-05-31T00:00:00,2024-05-31T00:00:00,1,0,0.7801063122945425,"new_account,no_avatar,rapid_join",flagged,1
2024-06-01T00:00:00,1234567890,Community Hub,766148596217,free_follower_bot,2024-05-28T00:00:00,2024-05-28T00:00:00,4,0,0.7890512019151419,"new_account,no_avatar,rapid_join",flagged,1
2024-06-01T00:00:00,1234567890,Community Hub,858843688447,mindful_maya,2019-08-07T00:00:00,2019-12-31T00:00:00,1760,1,0.2391408165945562,,none,0
2024-06-01T00:00:00,1234567890,Community Hub,987351553880,nina_art,2022-04-18T00:00:00,2022-12-23T00:00:00,775,1,0.0661704196515738,,none,0
2024-06-01T00:00:00,1234567890,Community Hub,387895355541,everyday_elena,2019-10-27T00:00:00,2020-07-06T00:00:00,1679,1,0.1882175483096214,,none,0
2024-06-01T00:00:00,1234567890,Community Hub,557098702923,9182736450,2024-01-17T00:00:00,2024-01-17T00:00:00,136,0,0.702856879583839,"dormant_bot,pattern_mismatch",flagged,1
2024-06-01T00:00:00,1234567890,Community Hub,384557081652,bot_account_7,2024-01-22T00:00:00,2024-01-22T00:00:00,131,0,0.618792769993814,"dormant_bot,pattern_mismatch",flagged,1
2024-06-01T00:00:00,1234567890,Community Hub,862226985261,real_human_01234,2024-05-21T00:00:00,2024-05-22T10:00:00,11,0,0.6249586125527363,"suspicious_username,no_avatar",warned,1
2024-06-01T00:00:00,1234567890,Community Hub,640064163439,bot_account_7,2024-05-28T00:00:00,2024-05-28T00:00:00,4,0,0.9061603194453439,"new_account,no_avatar,rapid_join",flagged,1
2024-06-01T00:00:00,1234567890,Community Hub,824364922889,surf_with_evan,2021-12-11T00:00:00,2021-12-20T00:00:00,903,1,0.05109410726114538,,none,0
2024-06-01T00:00:00,1234567890,Community Hub,621170737407,fit_jessica,2017-09-19T00:00:00,2018-01-22T00:00:00,2447,1,0.15476848748284908,,none,0
2024-06-01T00:00:00,1234567890,Community Hub,906707773957,creative_dan,2020-09-17T00:00:00,2021-11-30T00:00:00,1353,1,0.2115397108793052,,none,0
2024-06-01T00:00:00,1234567890,Community Hub,192529707855,xXx_profit_xXx,2023-12-08T00:00:00,2023-12-08T00:00:00,176,0,0.6696282653035508,"dormant_bot,pattern_mismatch",flagged,1
2024-06-01T00:00:00,1234567890,Community Hub,413700570002,99882736450,2024-06-01T00:00:00,2024-06-01T00:00:00,0,0,0.9029368628844449,"new_account,no_avatar,rapid_join",flagged,1
2024-06-01T00:00:00,1234567890,Community Hub,795154845879,everyday_elena,2023-06-26T00:00:00,2023-10-06T00:00:00,341,1,0.14054647123480354,,none,0
2024-06-01T00:00:00,1234567890,Community Hub,229546359896,chris_builds,2021-02-09T00:00:00,2021-10-12T00:00:00,1208,1,0.08840790194075027,,none,0
2024-06-01T00:00:00,1234567890,Community Hub,662496155635,sarah_smith,2022-12-13T00:00:00,2023-06-30T00:00:00,536,1,0.015071956663814612,,none,0
2024-06-01T00:00:00,1234567890,Community Hub,572568138638,xXx_profit_xXx,2024-03-25T00:00:00,2024-03-25T00:00:00,68,0,0.6213843579688745,"dormant_bot,pattern_mismatch",flagged,1
2024-06-01T00:00:00,1234567890,Community Hub,932351325829,fit_jessica,2022-03-15T00:00:00,2022-08-13T00:00:00,809,1,0.04147794899703,,none,0
2024-06-01T00:00:00,1234567890,Community Hub,276809337102,lena_captures,2017-07-31T00:00:00,2018-07-05T00:00:00,2497,1,0.11026441276214927,,none,0
2024-06-01T00:00:00,1234567890,Community Hub,837479939107,fit_jessica,2019-09-05T00:00:00,2020-07-30T00:00:00,1731,1,0.12814401635967762,,none,0
2024-06-01T00:00:00,1234567890,Community Hub,195268887753,amy_joy,2019-12-13T00:00:00,2020-07-17T00:00:00,1632,1,0.2237840557668939,,none,0
2024-06-01T00:00:00,1234567890,Community Hub,823376593603,creative_dan,2020-06-11T00:00:00,2021-05-06T00:00:00,1451,1,0.2469420021025176,,none,0
2024-06-01T00:00:00,1234567890,Community Hub,979729774608,journeys_with_kai,2021-12-29T00:00:00,2022-08-12T00:00:00,885,1,0.02446747116360226,,none,0
2024-06-01T00:00:00,1234567890,Community Hub,875579775099,photo_by_anna,2020-07-16T00:00:00,2020-08-09T00:00:00,1416,1,0.23288935213811077,,none,0
2024-06-01T00:00:00,1234567890,Community Hub,478418121309,lisa_writes,2023-02-04T00:00:00,2023-03-04T00:00:00,483,1,0.2404895813182033,,none,0
2024-06-01T00:00:00,1234567890,Community Hub,835194676148,tradebot_fx,2024-05-07T00:00:00,2024-05-07T13:00:00,25,0,0.7815002243033257,"suspicious_username,no_avatar",warned,1
2024-06-01T00:00:00,1234567890,Community Hub,584982738678,a8f7d3k9p2,2023-12-13T00:00:00,2023-12-13T00:00:00,171,0,0.6858921891585602,"dormant_bot,pattern_mismatch",flagged,1
2024-06-01T00:00:00,1234567890,Community Hub,730040851968,mike_2023,2023-07-20T00:00:00,2023-07-24T00:00:00,317,1,0.08312531477557708,,none,0
2024-06-01T00:00:00,1234567890,Community Hub,526020633343,mark_adventure,2018-09-16T00:00:00,2019-01-19T00:00:00,2085,1,0.24224701423402378,,none,0
2024-06-01T00:00:00,1234567890,Community Hub,404256752992,mindful_maya,2021-02-09T00:00:00,2021-10-09T00:00:00,1208,1,0.07722072825081361,,none,0
2024-06-01T00:00:00,1234567890,Community Hub,825890830890,follow_back_101,2024-05-28T00:00:00,2024-05-28T00:00:00,4,0,0.7606440299164833,"new_account,no_avatar,rapid_join",flagged,1
2024-06-01T00:00:00,1234567890,Community Hub,461480585406,crypto_king_9999,2024-03-19T00:00:00,2024-03-19T00:00:00,74,0,0.7828625384510907,"dormant_bot,pattern_mismatch",flagged,1
2024-06-01T00:00:00,1234567890,Community Hub,298062100637,the_real_sam,2019-08-05T00:00:00,2020-03-28T00:00:00,1762,1,0.20006282776430198,,none,0
2024-06-01T00:00:00,1234567890,Community Hub,567506864507,tradebot_fx,2024-06-01T00:00:00,2024-06-01T00:00:00,0,0,0.7742554032709067,"new_account,no_avatar,rapid_join",flagged,1
2024-06-01T00:00:00,1234567890,Community Hub,702048566177,acc29471838,2024-02-23T00:00:00,2024-02-23T00:00:00,99,0,0.5566904500372245,"dormant_bot,pattern_mismatch",flagged,1
2024-06-01T00:00:00,1234567890,Community Hub,492190742856,dev_pete,2023-10-03T00:00:00,2024-01-11T00:00:00,242,1,0.13778548742425387,,none,0
2024-06-01T00:00:00,1234567890,Community Hub,988122038696,free_follower_bot,2024-05-09T00:00:00,2024-05-10T02:00:00,23,0,0.7550256510515446,"suspicious_username,no_avatar",warned,1
2024-06-01T00:00:00,1234567890,Community Hub,777310360888,free_followers_now,2024-04-15T00:00:00,2024-04-15T00:00:00,47,0,0.672781107826664,"dormant_bot,pattern_mismatch",flagged,1
2024-06-01T00:00:00,1234567890,Community Hub,853745986388,fit_jessica,2022-10-13T00:00:00,2023-06-06T00:00:00,597,1,0.10750167567967647,,none,0
2024-06-01T00:00:00,1234567890,Community Hub,190646433743,nft_dropper_69,2024-05-26T00:00:00,2024-05-26T00:00:00,6,0,0.8566130471107427,"new_account,no_avatar,rapid_join",flagged,1
2024-06-01T00:00:00,1234567890,Community Hub,837681539564,crypto_king_9999,2024-05-31T00:00:00,2024-05-31T00:00:00,1,0,0.7051111316036988,"new_account,no_avatar,rapid_join",flagged,1
2024-06-01T00:00:00,1234567890,Community Hub,656798827596,photo_by_anna,2022-05-07T00:00:00,2022-12-20T00:00:00,756,1,0.23222926747316872,,none,0
2024-06-01T00:00:00,1234567890,Community Hub,634261251850,real_human_01234,2024-04-29T00:00:00,2024-04-29T00:00:00,33,0,0.7515314425388677,"dormant_bot,pattern_mismatch",flagged,1
2024-06-01T00:00:00,1234567890,Community Hub,148996148519,surf_with_evan,2021-01-16T00:00:00,2022-05-22T00:00:00,1232,1,0.2202395097910731,,none,0
2024-06-01T00:00:00,1234567890,Community Hub,530830522795,get_rich_88,2024-04-25T00:00:00,2024-04-26T10:00:00,37,0,0.6623381263780199,"suspicious_username,no_avatar",warned,1
2024-06-01T00:00:00,1234567890,Community Hub,646239867087,99882736450,2024-04-29T00:00:00,2024-04-30T08:00:00,33,0,0.8160447760519852,"suspicious_username,no_avatar",warned,1
2024-06-01T00:00:00,1234567890,Community Hub,373116315837,amy_joy,2020-06-04T00:00:00,2021-05-17T00:00:00,1458,1,0.20915085864732716,,none,0
2024-06-01T00:00:00,1234567890,Community Hub,776362424375,emma.j,2021-07-31T00:00:00,2021-08-22T00:00:00,1036,1,0.11915908924334426,,none,0
2024-06-01T00:00:00,1234567890,Community Hub,707584508992,99882736450,2024-05-26T00:00:00,2024-05-26T00:00:00,6,0,0.7617284875093185,"new_account,no_avatar,rapid_join",flagged,1
2024-06-01T00:00:00,1234567890,Community Hub,119531758056,tradebot_fx,2024-05-29T00:00:00,2024-05-29T00:00:00,3,0,0.7971856588992254,"new_account,no_avatar,rapid_join",flagged,1
2024-06-01T00:00:00,1234567890,Community Hub,464924067063,b.scott.official,2018-10-31T00:00:00,2019-01-09T00:00:00,2040,1,0.015419229163193993,,none,0
2024-06-01T00:00:00,1234567890,Community Hub,893752555389,john_doe,2022-05-10T00:00:00,2022-11-26T00:00:00,753,1,0.23684207549264452,,none,0
2024-06-01T00:00:00,1234567890,Community Hub,724787810601,zz_promo_zz,2024-04-19T00:00:00,2024-04-19T07:00:00,43,0,0.5299390795020098,"suspicious_username,no_avatar",warned,1
2024-06-01T00:00:00,1234567890,Community Hub,117897036952,lena_captures,2022-04-07T00:00:00,2023-01-23T00:00:00,786,1,0.13684882183683053,,none,0
2024-06-01T00:00:00,1234567890,Community Hub,341490517615,nina_art,2020-11-18T00:00:00,2021-03-03T00:00:00,1291,1,0.01958309919589396,,none,0
2024-06-01T00:00:00,1234567890,Community Hub,643587256079,a8f7d3k9p2,2024-05-05T00:00:00,2024-05-05T19:00:00,27,0,0.6910516496782926,"suspicious_username,no_avatar",warned,1
2024-06-01T00:00:00,1234567890,Community Hub,591495883374,user8374629,2024-05-29T00:00:00,2024-05-29T00:00:00,3,0,0.8849485666788779,"new_account,no_avatar,rapid_join",flagged,1
2024-06-01T00:00:00,1234567890,Community Hub,179455179135,q7w8e9r0t1y2,2024-05-26T00:00:00,2024-05-26T00:00:00,6,0,0.9232306087374291,"new_account,no_avatar,rapid_join",flagged,1
2024-06-01T00:00:00,1234567890,Community Hub,687731267575,b.scott.official,2018-07-10T00:00:00,2018-12-05T00:00:00,2153,1,0.16969330055898574,,none,0
2024-06-01T00:00:00,1234567890,Community Hub,572139007060,mark_adventure,2022-10-19T00:00:00,2023-05-24T00:00:00,591,1,0.2442541784687805,,none,0
2024-06-01T00:00:00,1234567890,Community Hub,429948278742,tom_techie,2022-06-01T00:00:00,2023-05-15T00:00:00,731,1,0.004729038281200554,,none,0
2024-06-01T00:00:00,1234567890,Community Hub,151094581403,creative_dan,2019-05-29T00:00:00,2019-11-15T00:00:00,1830,1,0.19975390694860545,,none,0
2024-06-01T00:00:00,1234567890,Community Hub,408552016649,journeys_with_kai,2021-02-24T00:00:00,2021-10-22T00:00:00,1193,1,0.11170603040633753,,none,0
2024-06-01T00:00:00,1234567890,Community Hub,632650532581,daniel_f,2022-10-14T00:00:00,2023-02-10T00:00:00,596,1,0.11952781437140142,,none,0
2024-06-01T00:00:00,1234567890,Community Hub,201630155869,tom_techie,2018-10-09T00:00:00,2019-08-13T00:00:00,2062,1,0.16689186340132192,,none,0
2024-06-01T00:00:00,1234567890,Community Hub,889792437545,amy_joy,2019-05-24T00:00:00,2019-09-13T00:00:00,1835,1,0.1506921421008069,,none,0
2024-06-01T00:00:00,1234567890,Community Hub,732624841548,mindful_maya,2019-12-08T00:00:00,2020-03-17T00:00:00,1637,1,0.120637207796114,,none,0
2024-06-01T00:00:00,1234567890,Community Hub,900039374946,lisa_writes,2019-04-26T00:00:00,2019-10-20T00:00:00,1863,1,0.08184970061426297,,none,0
2024-06-01T00:00:00,1234567890,Community Hub,895343993117,acc29471838,2024-03-04T00:00:00,2024-03-04T00:00:00,89,0,0.5991117193549766,"dormant_bot,pattern_mismatch",flagged,1
2024-06-01T00:00:00,1234567890,Community Hub,621620052004,mindful_maya,2020-10-01T00:00:00,2021-07-21T00:00:00,1339,1,0.0084440786837858,,none,0
2024-06-01T00:00:00,1234567890,Community Hub,934371675422,acc29471838,2024-04-24T00:00:00,2024-04-24T00:00:00,38,0,0.5787345690366545,"dormant_bot,pattern_mismatch",flagged,1
2024-06-01T00:00:00,1234567890,Community Hub,301890176152,surf_with_evan,2019-12-27T00:00:00,2020-11-16T00:00:00,1618,1,0.08674964724015422,,none,0
2024-06-01T00:00:00,1234567890,Community Hub,314694252005,chef_marco,2019-05-24T00:00:00,2020-06-30T00:00:00,1835,1,0.07206751042091877,,none,0
2024-06-01T00:00:00,1234567890,Community Hub,309175440935,john_doe,2022-02-13T00:00:00,2022-05-18T00:00:00,839,1,0.1256741936364503,,none,0
2024-06-01T00:00:00,1234567890,Community Hub,105878786259,b.scott.official,2020-02-08T00:00:00,2020-09-10T00:00:00,1575,1,0.21919502311684308,,none,0
2024-06-01T00:00:00,1234567890,Community Hub,613487728233,99882736450,2024-01-04T00:00:00,2024-01-04T00:00:00,149,0,0.8395875883231904,"dormant_bot,pattern_mismatch",flagged,1
2024-06-01T00:00:00,1234567890,Community Hub,250354343138,99882736450,2024-05-26T00:00:00,2024-05-26T00:00:00,6,0,0.7227083423742603,"new_account,no_avatar,rapid_join",flagged,1
2024-06-01T00:00:00,1234567890,Community Hub,877627123787,xXx_profit_xXx,2024-05-30T00:00:00,2024-05-30T00:00:00,2,0,0.726945476188338,"new_account,no_avatar,rapid_join",flagged,1
2024-06-01T00:00:00,1234567890,Community Hub,853409240139,photo_by_anna,2020-11-04T00:00:00,2021-01-08T00:00:00,1305,1,0.07136481867481506,,none,0
2024-06-01T00:00:00,1234567890,Community Hub,248932977706,user8374629,2024-04-20T00:00:00,2024-04-20T12:00:00,42,0,0.8800519461531195,"suspicious_username,no_avatar",warned,1
2024-06-01T00:00:00,1234567890,Community Hub,519879443276,free_follower_bot,2024-05-31T00:00:00,2024-05-31T00:00:00,1,0,0.8022416870858016,"new_account,no_avatar,rapid_join",flagged,1
2024-06-01T00:00:00,1234567890,Community Hub,712122491838,mike_2023,2022-09-19T00:00:00,2023-01-21T00:00:00,621,1,0.1099958330422933,,none,0
2024-06-01T00:00:00,1234567890,Community Hub,951944616222,earn_fast_2024,2024-01-10T00:00:00,2024-01-10T00:00:00,143,0,0.7788824898041268,"dormant_bot,pattern_mismatch",flagged,1
2024-06-01T00:00:00,1234567890,Community Hub,760922117041,daniel_f,2021-09-06T00:00:00,2021-12-11T00:00:00,999,1,0.13520840679955867,,none,0
2024-06-01T00:00:00,1234567890,Community Hub,869382547212,daniel_f,2020-07-16T00:00:00,2020-08-31T00:00:00,1416,1,0.08140883135338153,,none,0
2024-06-01T00:00:00,1234567890,Community Hub,948395580543,botanist_beth,2024-01-07T00:00:00,2024-03-04T00:00:00,146,1,0.06337766970382422,,none,0
2024-06-01T00:00:00,1234567890,Community Hub,376178396268,paul_runs,2018-08-06T00:00:00,2019-12-12T00:00:00,2126,1,0.10486761469326186,,none,0
2024-06-01T00:00:00,1234567890,Community Hub,502820108568,a8f7d3k9p2,2024-05-26T00:00:00,2024-05-26T00:00:00,6,0,0.7081167654787902,"new_account,no_avatar,rapid_join",flagged,1
2024-06-01T00:00:00,1234567890,Community Hub,333893252926,grace_beauty,2019-12-26T00:00:00,2020-08-06T00:00:00,1619,1,0.20713767243713943,,none,0
2024-06-01T00:00:00,1234567890,Community Hub,730641107707,alex_travel,2020-09-23T00:00:00,2021-08-23T00:00:00,1347,1,0.03857381455830586,,none,0
2024-06-01T00:00:00,1234567890,Community Hub,382158595401,acc29471838,2024-04-19T00:00:00,2024-04-20T18:00:00,43,0,0.8524038377949131,"suspicious_username,no_avatar",warned,1
2024-06-01T00:00:00,1234567890,Community Hub,662800571079,john_doe,2017-08-16T00:00:00,2018-01-13T00:00:00,2481,1,0.0924448910242982,,none,0
2024-06-01T00:00:00,1234567890,Community Hub,941070700775,nft_dropper_69,2023-12-20T00:00:00,2023-12-20T00:00:00,164,0,0.8121589620009168,"dormant_bot,pattern_mismatch",flagged,1
2024-06-01T00:00:00,1234567890,Community Hub,997800709174,lisa_writes,2023-05-24T00:00:00,2023-07-09T00:00:00,374,1,0.09667579790440103,,none,0
2024-06-01T00:00:00,1234567890,Community Hub,196416025489,fit_jessica,2019-06-20T00:00:00,2020-02-17T00:00:00,1808,1,0.06752109796705655,,none,0
2024-06-01T00:00:00,1234567890,Community Hub,621116347731,earn_fast_2024,2024-05-02T00:00:00,2024-05-02T19:00:00,30,0,0.5157962605297807,"suspicious_username,no_avatar",warned,1
2024-06-01T00:00:00,1234567890,Community Hub,693121281315,real_human_01234,2024-05-30T00:00:00,2024-05-30T00:00:00,2,0,0.8522108996020198,"new_account,no_avatar,rapid_join",flagged,1
2024-06-01T00:00:00,1234567890,Community Hub,234574076236,free_followers_now,2024-02-13T00:00:00,2024-02-13T00:00:00,109,0,0.6212334420258943,"dormant_bot,pattern_mismatch",flagged,1
2024-06-01T00:00:00,1234567890,Community Hub,510735807755,chef_marco,2024-02-06T00:00:00,2024-03-19T00:00:00,116,1,0.15432648678803298,,none,0
2024-06-01T00:00:00,1234567890,Community Hub,451881220379,emma.j,2023-11-15T00:00:00,2024-01-04T00:00:00,199,1,0.23619355551691582,,none,0
2024-06-01T00:00:00,1234567890,Community Hub,887549882732,xXx_profit_xXx,2024-03-26T00:00:00,2024-03-26T00:00:00,67,0,0.8311742499175869,"dormant_bot,pattern_mismatch",flagged,1
2024-06-01T00:00:00,1234567890,Community Hub,864100755883,photo_by_anna,2019-01-07T00:00:00,2019-07-06T00:00:00,1972,1,0.04226255462359296,,none,0
2024-06-01T00:00:00,1234567890,Community Hub,174314614136,real_human_01234,2024-05-31T00:00:00,2024-05-31T00:00:00,1,0,0.7183045636690635,"new_account,no_avatar,rapid_join",flagged,1
2024-06-01T00:00:00,1234567890,Community Hub,248351222658,chef_marco,2019-03-08T00:00:00,2019-08-20T00:00:00,1912,1,0.06927602827396365,,none,0
2024-06-01T00:00:00,1234567890,Community Hub,732509340862,crypto_king_9999,2024-02-21T00:00:00,2024-02-21T00:00:00,101,0,0.6495543979324169,"dormant_bot,pattern_mismatch",flagged,1
2024-06-01T00:00:00,1234567890,Community Hub,530287032114,free_follower_bot,2024-05-25T00:00:00,2024-05-25T08:00:00,7,0,0.7813611196741539,"suspicious_username,no_avatar",warned,1
2024-06-01T00:00:00,1234567890,Community Hub,165913480916,grace_beauty,2021-04-12T00:00:00,2022-01-09T00:00:00,1146,1,0.21687364281552038,,none,0
2024-06-01T00:00:00,1234567890,Community Hub,834316999899,nina_art,2020-09-15T00:00:00,2021-10-30T00:00:00,1355,1,0.2201397069036962,,none,0
2024-06-01T00:00:00,1234567890,Community Hub,558374912644,emma.j,2021-06-16T00:00:00,2021-09-05T00:00:00,1081,1,0.10265924706388466,,none,0
2024-06-01T00:00:00,1234567890,Community Hub,333119653402,tom_techie,2021-11-01T00:00:00,2022-11-19T00:00:00,943,1,0.13365044636960763,,none,0
2024-06-01T00:00:00,1234567890,Community Hub,319406173853,1234567890ab,2024-03-14T00:00:00,2024-03-14T00:00:00,79,0,0.5552268091840442,"dormant_bot,pattern_mismatch",flagged,1
2024-06-01T00:00:00,1234567890,Community Hub,161720004527,earn_fast_2024,2024-03-25T00:00:00,2024-03-25T00:00:00,68,0,0.7140384271560071,"dormant_bot,pattern_mismatch",flagged,1
2024-06-01T00:00:00,1234567890,Community Hub,957672276210,acc29471838,2024-03-29T00:00:00,2024-03-29T00:00:00,64,0,0.7678196358924183,"dormant_bot,pattern_mismatch",flagged,1
2024-06-01T00:00:00,1234567890,Community Hub,461589364030,tradebot_fx,2024-02-29T00:00:00,2024-02-29T00:00:00,93,0,0.6125555948578025,"dormant_bot,pattern_mismatch",flagged,1
2024-06-01T00:00:00,1234567890,Community Hub,667081188038,everyday_elena,2021-03-26T00:00:00,2022-04-29T00:00:00,1163,1,0.10840957898423825,,none,0
2024-06-01T00:00:00,1234567890,Community Hub,204735524207,tradebot_fx,2024-03-20T00:00:00,2024-03-20T00:00:00,73,0,0.642733867624125,"dormant_bot,pattern_mismatch",flagged,1
2024-06-01T00:00:00,1234567890,Community Hub,516827712214,zz_promo_zz,2024-06-01T00:00:00,2024-06-01T00:00:00,0,0,0.7349747844469182,"new_account,no_avatar,rapid_join",flagged,1
2024-06-01T00:00:00,1234567890,Community Hub,637084084482,journeys_with_kai,2017-11-04T00:00:00,2018-09-05T00:00:00,2401,1,0.06729274685327552,,none,0
2024-06-01T00:00:00,1234567890,Community Hub,154944748734,daniel_f,2019-01-08T00:00:00,2019-04-11T00:00:00,1971,1,0.09126033510330192,,none,0
2024-06-01T00:00:00,1234567890,Community Hub,181779127933,real_human_01234,2024-05-27T00:00:00,2024-05-27T00:00:00,5,0,0.8019487950391527,"new_account,no_avatar,rapid_join",flagged,1
2024-06-01T00:00:00,1234567890,Community Hub,466124659864,9182736450,2024-05-26T00:00:00,2024-05-26T00:00:00,6,0,0.7532449663888738,"new_account,no_avatar,rapid_join",flagged,1
2024-06-01T00:00:00,1234567890,Community Hub,783540839143,journeys_with_kai,2020-06-11T00:00:00,2021-02-07T00:00:00,1451,1,0.21597357548766372,,none,0
2024-06-01T00:00:00,1234567890,Community Hub,285184722233,q7w8e9r0t1y2,2024-04-18T00:00:00,2024-04-19T22:00:00,44,0,0.7725360074328341,"suspicious_username,no_avatar",warned,1
2024-06-01T00:00:00,1234567890,Community Hub,525176008658,q7w8e9r0t1y2,2024-05-26T00:00:00,2024-05-26T00:00:00,6,0,0.7244683675549207,"new_account,no_avatar,rapid_join",flagged,1
2024-06-01T00:00:00,1234567890,Community Hub,591027774087,q7w8e9r0t1y2,2023-12-24T00:00:00,2023-12-24T00:00:00,160,0,0.579750938720334,"dormant_bot,pattern_mismatch",flagged,1
2024-06-01T00:00:00,1234567890,Community Hub,855460133197,paul_runs,2023-11-02T00:00:00,2023-12-05T00:00:00,212,1,0.19942579041804231,,none,0
2024-06-01T00:00:00,1234567890,Community Hub,437968824529,tradebot_fx,2024-04-26T00:00:00,2024-04-26T16:00:00,36,0,0.5947450267696243,"suspicious_username,no_avatar",warned,1
2024-06-01T00:00:00,1234567890,Community Hub,635921454839,daniel_f,2021-05-03T00:00:00,2022-07-31T00:00:00,1125,1,0.04279195776003253,,none,0
2024-06-01T00:00:00,1234567890,Community Hub,928726534406,earn_fast_2024,2024-05-08T00:00:00,2024-05-09T18:00:00,24,0,0.5881515899165229,"suspicious_username,no_avatar",warned,1
2024-06-01T00:00:00,1234567890,Community Hub,408158890121,follow_back_101,2024-05-29T00:00:00,2024-05-29T00:00:00,3,0,0.7308631806734878,"new_account,no_avatar,rapid_join",flagged,1
2024-06-01T00:00:00,1234567890,Community Hub,227582415350,acc29471838,2024-05-12T00:00:00,2024-05-13T04:00:00,20,0,0.6628775323502463,"suspicious_username,no_avatar",warned,1
2024-06-01T00:00:00,1234567890,Community Hub,620579390032,airdrop_winner99,2024-05-11T00:00:00,2024-05-12T18:00:00,21,0,0.6967786652245822,"suspicious_username,no_avatar",warned,1
2024-06-01T00:00:00,1234567890,Community Hub,512693193354,daniel_f,2024-01-28T00:00:00,2024-02-04T00:00:00,125,1,0.16630310457061825,,none,0
2024-06-01T00:00:00,1234567890,Community Hub,230274222706,nft_dropper_69,2024-04-06T00:00:00,2024-04-06T00:00:00,56,0,0.7744489667439383,"dormant_bot,pattern_mismatch",flagged,1
2024-06-01T00:00:00,1234567890,Community Hub,784290044327,mike_2023,2022-06-22T00:00:00,2023-05-16T00:00:00,710,1,0.2029119874616017,,none,0
2024-06-01T00:00:00,1234567890,Community Hub,498752365197,fit_jessica,2023-09-23T00:00:00,2023-12-29T00:00:00,252,1,0.005295528093924667,,none,0
2024-06-01T00:00:00,1234567890,Community Hub,469589319150,earn_fast_2024,2024-05-21T00:00:00,2024-05-22T10:00:00,11,0,0.8118522891594311,"suspicious_username,no_avatar",warned,1
2024-06-01T00:00:00,1234567890,Community Hub,173476113272,creative_dan,2021-05-01T00:00:00,2022-04-07T00:00:00,1127,1,0.10361944108207857,,none,0
2024-06-01T00:00:00,1234567890,Community Hub,171005302890,chef_marco,2019-01-13T00:00:00,2019-08-31T00:00:00,1966,1,0.24407617775173338,,none,0
2024-06-01T00:00:00,1234567890,Community Hub,449843789568,bot_account_7,2024-01-18T00:00:00,2024-01-18T00:00:00,135,0,0.6691085125536809,"dormant_bot,pattern_mismatch",flagged,1
2024-06-01T00:00:00,1234567890,Community Hub,477035029108,everyday_elena,2020-07-25T00:00:00,2021-08-24T00:00:00,1407,1,0.22386807353427138,,none,0
2024-06-01T00:00:00,1234567890,Community Hub,579965093036,earn_fast_2024,2024-02-07T00:00:00,2024-02-07T00:00:00,115,0,0.6817137677792731,"dormant_bot,pattern_mismatch",flagged,1
2024-06-01T00:00:00,1234567890,Community Hub,806095519824,zz_promo_zz,2024-04-25T00:00:00,2024-04-26T09:00:00,37,0,0.7755790160150892,"suspicious_username,no_avatar",warned,1
2024-06-01T00:00:00,1234567890,Community Hub,119430848616,amy_joy,2020-07-12T00:00:00,2021-03-07T00:00:00,1420,1,0.08448427601590205,,none,0
2024-06-01T00:00:00,1234567890,Community Hub,897933953620,botanist_beth,2020-02-22T00:00:00,2021-03-10T00:00:00,1561,1,0.2027497952738456,,none,0
2024-06-01T00:00:00,1234567890,Community Hub,627756314880,mark_adventure,2021-05-18T00:00:00,2021-10-12T00:00:00,1110,1,0.11202507677825299,,none,0
2024-06-01T00:00:00,1234567890,Community Hub,430663997549,earn_fast_2024,2024-05-30T00:00:00,2024-05-30T00:00:00,2,0,0.9824397140383249,"new_account,no_avatar,rapid_join",flagged,1
2024-06-01T00:00:00,1234567890,Community Hub,968752813881,acc29471838,2024-05-14T00:00:00,2024-05-15T22:00:00,18,0,0.8962648502157984,"suspicious_username,no_avatar",warned,1
2024-06-01T00:00:00,1234567890,Community Hub,521098844666,chris_builds,2020-02-10T00:00:00,2021-06-08T00:00:00,1573,1,0.014878335048631453,,none,0
2024-06-01T00:00:00,1234567890,Community Hub,768356174713,9182736450,2023-12-12T00:00:00,2023-12-12T00:00:00,172,0,0.7636971603436301,"dormant_bot,pattern_mismatch",flagged,1
2024-06-01T00:00:00,1234567890,Community Hub,760576486896,crypto_king_9999,2024-04-04T00:00:00,2024-04-04T00:00:00,58,0,0.7993162936294574,"dormant_bot,pattern_mismatch",flagged,1
2024-06-01T00:00:00,1234567890,Community Hub,107364081444,mike_2023,2024-01-04T00:00:00,2024-02-26T00:00:00,149,1,0.2312504214030885,,none,0
2024-06-01T00:00:00,1234567890,Community Hub,308912365879,acc29471838,2024-02-06T00:00:00,2024-02-06T00:00:00,116,0,0.7355992577866096,"dormant_bot,pattern_mismatch",flagged,1
2024-06-01T00:00:00,1234567890,Community Hub,864390095676,mindful_maya,2019-09-11T00:00:00,2020-09-08T00:00:00,1725,1,0.009188932325705418,,none,0
2024-06-01T00:00:00,1234567890,Community Hub,803021168227,a8f7d3k9p2,2023-12-10T00:00:00,2023-12-10T00:00:00,174,0,0.6572367907738802,"dormant_bot,pattern_mismatch",flagged,1
2024-06-01T00:00:00,1234567890,Community Hub,440692826967,free_follower_bot,2024-05-28T00:00:00,2024-05-28T00:00:00,4,0,0.8175051910082622,"new_account,no_avatar,rapid_join",flagged,1
2024-06-01T00:00:00,1234567890,Community Hub,715571668956,1234567890ab,2024-05-26T00:00:00,2024-05-26T00:00:00,6,0,0.8472680031293904,"new_account,no_avatar,rapid_join",flagged,1
2024-06-01T00:00:00,1234567890,Community Hub,557258710323,9182736450,2024-05-09T00:00:00,2024-05-10T21:00:00,23,0,0.8972651308966799,"suspicious_username,no_avatar",warned,1
2024-06-01T00:00:00,1234567890,Community Hub,454578139930,a8f7d3k9p2,2024-05-19T00:00:00,2024-05-19T22:00:00,13,0,0.7125040908653573,"suspicious_username,no_avatar",warned,1
2024-06-01T00:00:00,1234567890,Community Hub,412566248044,user8374629,2024-05-02T00:00:00,2024-05-03T16:00:00,30,0,0.5438661701074178,"suspicious_username,no_avatar",warned,1
2024-06-01T00:00:00,1234567890,Community Hub,109119574845,a8f7d3k9p2,2024-05-26T00:00:00,2024-05-26T00:00:00,6,0,0.9304347957897278,"new_account,no_avatar,rapid_join",flagged,1
2024-06-01T00:00:00,1234567890,Community Hub,249743825436,free_followers_now,2024-04-07T00:00:00,2024-04-07T00:00:00,55,0,0.8033799607858862,"dormant_bot,pattern_mismatch",flagged,1
2024-06-01T00:00:00,1234567890,Community Hub,950730292637,code_master,2019-04-24T00:00:00,2020-04-02T00:00:00,1865,1,0.088127597878781,,none,0
2024-06-01T00:00:00,1234567890,Community Hub,264268357291,9182736450,2024-05-23T00:00:00,2024-05-23T21:00:00,9,0,0.874653281362417,"suspicious_username,no_avatar",warned,1
2024-06-01T00:00:00,1234567890,Community Hub,973772002837,surf_with_evan,2020-10-21T00:00:00,2022-02-28T00:00:00,1319,1,0.11410490179143865,,none,0
2024-06-01T00:00:00,1234567890,Community Hub,548091027758,grace_beauty,2024-02-06T00:00:00,2024-03-11T00:00:00,116,1,0.026077928584232996,,none,0
2024-06-01T00:00:00,1234567890,Community Hub,570702964089,nft_dropper_69,2024-06-01T00:00:00,2024-06-01T00:00:00,0,0,0.7629680927252688,"new_account,no_avatar,rapid_join",flagged,1
2024-06-01T00:00:00,1234567890,Community Hub,770529838734,sarah_smith,2019-01-29T00:00:00,2020-03-02T00:00:00,1950,1,0.04088213614033359,,none,0
2024-06-01T00:00:00,1234567890,Community Hub,173146390597,nft_dropper_69,2023-12-22T00:00:00,2023-12-22T00:00:00,162,0,0.7925861732251347,"dormant_bot,pattern_mismatch",flagged,1
2024-06-01T00:00:00,1234567890,Community Hub,660473997215,mark_adventure,2023-02-28T00:00:00,2023-09-28T00:00:00,459,1,0.22510397886152328,,none,0
2024-06-01T00:00:00,1234567890,Community Hub,318021623743,nina_art,2021-05-23T00:00:00,2022-05-19T00:00:00,1105,1,0.17778630610344923,,none,0
2024-06-01T00:00:00,1234567890,Community Hub,850690771209,everyday_elena,2022-09-01T00:00:00,2022-10-07T00:00:00,639,1,0.14217089003002753,,none,0
2024-06-01T00:00:00,1234567890,Community Hub,174546622746,earn_fast_2024,2023-12-31T00:00:00,2023-12-31T00:00:00,153,0,0.7506563197849689,"dormant_bot,pattern_mismatch",flagged,1
2024-06-01T00:00:00,1234567890,Community Hub,766169344895,airdrop_winner99,2024-04-07T00:00:00,2024-04-07T00:00:00,55,0,0.5622582617595547,"dormant_bot,pattern_mismatch",flagged,1
2024-06-01T00:00:00,1234567890,Community Hub,921692631235,chef_marco,2020-10-19T00:00:00,2021-02-17T00:00:00,1321,1,0.21528070605067479,,none,0
2024-06-01T00:00:00,1234567890,Community Hub,863306354736,user8374629,2024-05-30T00:00:00,2024-05-30T00:00:00,2,0,0.9961241887835651,"new_account,no_avatar,rapid_join",flagged,1
2024-06-01T00:00:00,1234567890,Community Hub,118230448050,a8f7d3k9p2,2024-05-30T00:00:00,2024-05-30T00:00:00,2,0,0.8221231454095571,"new_account,no_avatar,rapid_join",flagged,1
2024-06-01T00:00:00,1234567890,Community Hub,865126556441,free_followers_now,2024-03-08T00:00:00,2024-03-08T00:00:00,85,0,0.7969203795941878,"dormant_bot,pattern_mismatch",flagged,1
2024-06-01T00:00:00,1234567890,Community Hub,602518966335,alex_travel,2023-08-05T00:00:00,2023-11-24T00:00:00,301,1,0.12858817001925033,,none,0
2024-06-01T00:00:00,1234567890,Community Hub,862293658006,crypto_king_9999,2024-05-03T00:00:00,2024-05-03T12:00:00,29,0,0.7277053135711079,"suspicious_username,no_avatar",warned,1
2024-06-01T00:00:00,1234567890,Community Hub,579212483200,nft_dropper_69,2024-05-25T00:00:00,2024-05-26T11:00:00,7,0,0.6432994953431944,"suspicious_username,no_avatar",warned,1
2024-06-01T00:00:00,1234567890,Community Hub,736210153757,chris_builds,2019-05-15T00:00:00,2020-02-29T00:00:00,1844,1,0.03905342264755529,,none,0
2024-06-01T00:00:00,1234567890,Community Hub,214640992769,a8f7d3k9p2,2023-12-30T00:00:00,2023-12-30T00:00:00,154,0,0.7177046877166249,"dormant_bot,pattern_mismatch",flagged,1
2024-06-01T00:00:00,1234567890,Community Hub,633000733392,bot_account_7,2024-05-26T00:00:00,2024-05-26T00:00:00,6,0,0.9906707570682259,"new_account,no_avatar,rapid_join",flagged,1
2024-06-01T00:00:00,1234567890,Community Hub,409935719044,tom_techie,2022-03-25T00:00:00,2022-10-31T00:00:00,799,1,0.08482876612020956,,none,0
2024-06-01T00:00:00,1234567890,Community Hub,353635794724,chris_builds,2020-03-12T00:00:00,2020-05-20T00:00:00,1542,1,0.22158357018106348,,none,0
2024-06-01T00:00:00,1234567890,Community Hub,207290938620,alex_travel,2019-04-03T00:00:00,2020-07-25T00:00:00,1886,1,0.15355947401532072,,none,0
2024-06-01T00:00:00,1234567890,Community Hub,739188613644,user8374629,2023-12-11T00:00:00,2023-12-11T00:00:00,173,0,0.8116040022135819,"dormant_bot,pattern_mismatch",flagged,1
2024-06-01T00:00:00,1234567890,Community Hub,250631409289,chef_marco,2023-07-02T00:00:00,2023-11-02T00:00:00,335,1,0.18699351470446463,,none,0
2024-06-01T00:00:00,1234567890,Community Hub,400859467088,bot_account_7,2024-03-28T00:00:00,2024-03-28T00:00:00,65,0,0.6247662254444512,"dormant_bot,pattern_mismatch",flagged,1
2024-06-01T00:00:00,1234567890,Community Hub,659435486459,get_rich_88,2024-05-26T00:00:00,2024-05-26T00:00:00,6,0,0.8664947544521823,"new_account,no_avatar,rapid_join",flagged,1
2024-06-01T00:00:00,1234567890,Community Hub,670002122057,acc29471838,2024-02-14T00:00:00,2024-02-14T00:00:00,108,0,0.6919023322331411,"dormant_bot,pattern_mismatch",flagged,1
2024-06-01T00:00:00,1234567890,Community Hub,717155969170,the_real_sam,2021-08-26T00:00:00,2022-04-15T00:00:00,1010,1,0.07210000751212464,,none,0
2024-06-01T00:00:00,1234567890,Community Hub,740626312730,crypto_king_9999,2024-05-27T00:00:00,2024-05-27T00:00:00,5,0,0.7735882935647626,"new_account,no_avatar,rapid_join",flagged,1
2024-06-01T00:00:00,1234567890,Community Hub,424027002607,real_human_01234,2024-01-24T00:00:00,2024-01-24T00:00:00,129,0,0.7983385895807048,"dormant_bot,pattern_mismatch",flagged,1
2024-06-01T00:00:00,1234567890,Community Hub,804805956643,tradebot_fx,2024-05-29T00:00:00,2024-05-29T00:00:00,3,0,0.8565159847546595,"new_account,no_avatar,rapid_join",flagged,1
2024-06-01T00:00:00,1234567890,Community Hub,941485181594,journeys_with_kai,2023-10-29T00:00:00,2023-11-30T00:00:00,216,1,0.1064187955703027,,none,0
2024-06-01T00:00:00,1234567890,Community Hub,732993664750,nina_art,2023-03-26T00:00:00,2023-06-26T00:00:00,433,1,0.10938817754811425,,none,0
2024-06-01T00:00:00,1234567890,Community Hub,168025965099,follow_back_101,2024-05-30T00:00:00,2024-05-30T00:00:00,2,0,0.9812423743527395,"new_account,no_avatar,rapid_join",flagged,1
2024-06-01T00:00:00,1234567890,Community Hub,358371701997,sarah_smith,2020-09-02T00:00:00,2020-10-16T00:00:00,1368,1,0.13943831504983065,,none,0
2024-06-01T00:00:00,1234567890,Community Hub,981056832049,99882736450,2023-12-28T00:00:00,2023-12-28T00:00:00,156,0,0.7218879424634004,"dormant_bot,pattern_mismatch",flagged,1
2024-06-01T00:00:00,1234567890,Community Hub,176020359943,amy_joy,2022-02-08T00:00:00,2022-08-08T00:00:00,844,1,0.05045288241421467,,none,0
2024-06-01T00:00:00,1234567890,Community Hub,412131166568,q7w8e9r0t1y2,2024-04-29T00:00:00,2024-04-30T17:00:00,33,0,0.6907126025134023,"suspicious_username,no_avatar",warned,1
2024-06-01T00:00:00,1234567890,Community Hub,637961833837,free_follower_bot,2024-02-14T00:00:00,2024-02-14T00:00:00,108,0,0.7843586724544478,"dormant_bot,pattern_mismatch",flagged,1
2024-06-01T00:00:00,1234567890,Community Hub,275499311401,lisa_writes,2018-12-13T00:00:00,2019-01-08T00:00:00,1997,1,0.22376985295539384,,none,0
2024-06-01T00:00:00,1234567890,Community Hub,830836161268,daniel_f,2022-12-30T00:00:00,2023-05-16T00:00:00,519,1,0.028259179703693488,,none,0
2024-06-01T00:00:00,1234567890,Community Hub,270113008248,earn_fast_2024,2024-01-15T00:00:00,2024-01-15T00:00:00,138,0,0.7109160171684525,"dormant_bot,pattern_mismatch",flagged,1
2024-06-01T00:00:00,1234567890,Community Hub,860298433331,chris_builds,2020-08-13T00:00:00,2021-08-03T00:00:00,1388,1,0.10399158223785313,,none,0
2024-06-01T00:00:00,1234567890,Community Hub,679249994050,follow_back_101,2024-04-22T00:00:00,2024-04-23T08:00:00,40,0,0.8050061338486242,"suspicious_username,no_avatar",warned,1
2024-06-01T00:00:00,1234567890,Community Hub,549999345306,99882736450,2024-05-27T00:00:00,2024-05-27T00:00:00,5,0,0.8085017353463146,"new_account,no_avatar,rapid_join",flagged,1
2024-06-01T00:00:00,1234567890,Community Hub,717988638883,a8f7d3k9p2,2024-04-19T00:00:00,2024-04-19T11:00:00,43,0,0.6916318911624658,"suspicious_username,no_avatar",warned,1
2024-06-01T00:00:00,1234567890,Community Hub,619397650971,b.scott.official,2021-11-05T00:00:00,2022-11-25T00:00:00,939,1,0.2128591487892916,,none,0
2024-06-01T00:00:00,1234567890,Community Hub,150099439257,emma.j,2019-12-28T00:00:00,2019-12-30T00:00:00,1617,1,0.2456730914359172,,none,0
2024-06-01T00:00:00,1234567890,Community Hub,712386106741,surf_with_evan,2022-12-16T00:00:00,2023-01-18T00:00:00,533,1,0.11374081074988204,,none,0
2024-06-01T00:00:00,1234567890,Community Hub,515166820774,user8374629,2023-12-18T00:00:00,2023-12-18T00:00:00,166,0,0.7324063789325505,"dormant_bot,pattern_mismatch",flagged,1
2024-06-01T00:00:00,1234567890,Community Hub,866221909649,q7w8e9r0t1y2,2024-01-02T00:00:00,2024-01-02T00:00:00,151,0,0.8431861730933073,"dormant_bot,pattern_mismatch",flagged,1
2024-06-01T00:00:00,1234567890,Community Hub,890901959944,sarah_smith,2023-04-30T00:00:00,2023-05-19T00:00:00,398,1,0.11054966576674019,,none,0
2024-06-01T00:00:00,1234567890,Community Hub,443495868520,crypto_king_9999,2024-01-04T00:00:00,2024-01-04T00:00:00,149,0,0.6396958584501757,"dormant_bot,pattern_mismatch",flagged,1
2024-06-01T00:00:00,1234567890,Community Hub,109943858078,the_real_sam,2018-06-16T00:00:00,2019-05-09T00:00:00,2177,1,0.13447936990605774,,none,0
2024-06-01T00:00:00,1234567890,Community Hub,324714010940,everyday_elena,2019-07-22T00:00:00,2020-10-07T00:00:00,1776,1,0.13039312432999753,,none,0
2024-06-01T00:00:00,1234567890,Community Hub,647702048628,acc29471838,2023-12-28T00:00:00,2023-12-28T00:00:00,156,0,0.7567212249653066,"dormant_bot,pattern_mismatch",flagged,1
2024-06-01T00:00:00,1234567890,Community Hub,942618250602,a8f7d3k9p2,2024-05-29T00:00:00,2024-05-29T00:00:00,3,0,0.8012451389118954,"new_account,no_avatar,rapid_join",flagged,1
2024-06-01T00:00:00,1234567890,Community Hub,499084538008,daniel_f,2020-03-16T00:00:00,2020-12-23T00:00:00,1538,1,0.2038408613157758,,none,0
2024-06-01T00:00:00,1234567890,Community Hub,999532880447,free_followers_now,2024-01-24T00:00:00,2024-01-24T00:00:00,129,0,0.7124775157801992,"dormant_bot,pattern_mismatch",flagged,1
2024-06-01T00:00:00,1234567890,Community Hub,376237014256,zz_promo_zz,2024-03-04T00:00:00,2024-03-04T00:00:00,89,0,0.781326977518301,"dormant_bot,pattern_mismatch",flagged,1
2024-06-01T00:00:00,1234567890,Community Hub,220060339226,grace_beauty,2022-06-18T00:00:00,2022-11-22T00:00:00,714,1,0.21691575594910692,,none,0
2024-06-01T00:00:00,1234567890,Community Hub,201587825354,lisa_writes,2023-03-27T00:00:00,2023-05-05T00:00:00,432,1,0.006264629144405537,,none,0
2024-06-01T00:00:00,1234567890,Community Hub,861939188625,earn_fast_2024,2024-01-03T00:00:00,2024-01-03T00:00:00,150,0,0.6270175716152105,"dormant_bot,pattern_mismatch",flagged,1
2024-06-01T00:00:00,1234567890,Community Hub,875394300162,daniel_f,2021-02-06T00:00:00,2022-05-28T00:00:00,1211,1,0.007159499406460101,,none,0
2024-06-01T00:00:00,1234567890,Community Hub,493653007937,real_human_01234,2024-05-05T00:00:00,2024-05-06T06:00:00,27,0,0.6058479254609853,"suspicious_username,no_avatar",warned,1
2024-06-01T00:00:00,1234567890,Community Hub,591180720183,nina_art,2023-10-31T00:00:00,2024-01-06T00:00:00,214,1,0.03427284551088758,,none,0
2024-06-01T00:00:00,1234567890,Community Hub,274175105743,follow_back_101,2024-05-18T00:00:00,2024-05-19T21:00:00,14,0,0.8783741713772925,"suspicious_username,no_avatar",warned,1
2024-06-01T00:00:00,1234567890,Community Hub,857966417997,chris_builds,2023-09-12T00:00:00,2023-09-19T00:00:00,263,1,0.21734391677604947,,none,0
2024-06-01T00:00:00,1234567890,Community Hub,760776179752,airdrop_winner99,2024-05-27T00:00:00,2024-05-27T00:00:00,5,0,0.7287565664538717,"new_account,no_avatar,rapid_join",flagged,1
2024-06-01T00:00:00,1234567890,Community Hub,770968096377,free_followers_now,2024-05-26T00:00:00,2024-05-26T00:00:00,6,0,0.9642832535566951,"new_account,no_avatar,rapid_join",flagged,1
2024-06-01T00:00:00,1234567890,Community Hub,469317919859,botanist_beth,2019-08-20T00:00:00,2020-12-11T00:00:00,1747,1,0.04581200491354856,,none,0
2024-06-01T00:00:00,1234567890,Community Hub,572784395810,paul_runs,2018-09-04T00:00:00,2019-10-26T00:00:00,2097,1,0.048240295134082845,,none,0
2024-06-01T00:00:00,1234567890,Community Hub,888539675195,surf_with_evan,2019-12-27T00:00:00,2020-08-11T00:00:00,1618,1,0.23066226419891803,,none,0
2024-06-01T00:00:00,1234567890,Community Hub,508906965047,1234567890ab,2024-04-23T00:00:00,2024-04-23T11:00:00,39,0,0.7947188897798515,"suspicious_username,no_avatar",warned,1
2024-06-01T00:00:00,1234567890,Community Hub,999305829857,everyday_elena,2022-05-18T00:00:00,2023-02-13T00:00:00,745,1,0.024939817526635433,,none,0
2024-06-01T00:00:00,1234567890,Community Hub,465552699594,creative_dan,2019-10-07T00:00:00,2020-04-09T00:00:00,1699,1,0.02558267517853441,,none,0
2024-06-01T00:00:00,1234567890,Community Hub,243844803936,nft_dropper_69,2024-04-22T00:00:00,2024-04-22T19:00:00,40,0,0.7197794611797004,"suspicious_username,no_avatar",warned,1
2024-06-01T00:00:00,1234567890,Community Hub,545951286332,john_doe,2021-12-20T00:00:00,2022-10-15T00:00:00,894,1,0.1771424836186536,,none,0
2024-06-01T00:00:00,1234567890,Community Hub,178029427529,emma.j,2018-06-09T00:00:00,2018-12-08T00:00:00,2184,1,0.13904610999819117,,none,0
2024-06-01T00:00:00,1234567890,Community Hub,653788613652,photo_by_anna,2019-05-26T00:00:00,2019-10-23T00:00:00,1833,1,0.10207937294002498,,none,0
2024-06-01T00:00:00,1234567890,Community Hub,188697518926,airdrop_winner99,2024-04-18T00:00:00,2024-04-18T00:00:00,44,0,0.6183682884374687,"dormant_bot,pattern_mismatch",flagged,1
2024-06-01T00:00:00,1234567890,Community Hub,406795257043,journeys_with_kai,2018-09-05T00:00:00,2018-12-03T00:00:00,2096,1,0.15081227245682685,,none,0
2024-06-01T00:00:00,1234567890,Community Hub,555757036805,photo_by_anna,2022-12-22T00:00:00,2023-03-01T00:00:00,527,1,0.18638062278007764,,none,0
2024-06-01T00:00:00,1234567890,Community Hub,441162568761,user8374629,2024-05-26T00:00:00,2024-05-26T00:00:00,6,0,0.7151017017501258,"new_account,no_avatar,rapid_join",flagged,1
2024-06-01T00:00:00,1234567890,Community Hub,438722509615,emma.j,2023-07-16T00:00:00,2023-09-23T00:00:00,321,1,0.18773265558319718,,none,0
2024-06-01T00:00:00,1234567890,Community Hub,635535182887,acc29471838,2024-05-09T00:00:00,2024-05-10T13:00:00,23,0,0.6089625795175985,"suspicious_username,no_avatar",warned,1
2024-06-01T00:00:00,1234567890,Community Hub,877601791860,nina_art,2019-01-26T00:00:00,2020-05-09T00:00:00,1953,1,0.22946095927682322,,none,0
2024-06-01T00:00:00,1234567890,Community Hub,619639202361,paul_runs,2019-03-21T00:00:00,2019-03-30T00:00:00,1899,1,0.16661292377094342,,none,0
2024-06-01T00:00:00,1234567890,Community Hub,244345417130,acc29471838,2024-05-10T00:00:00,2024-05-11T05:00:00,22,0,0.7560939059585411,"suspicious_username,no_avatar",warned,1
2024-06-01T00:00:00,1234567890,Community Hub,346283629951,user8374629,2024-03-13T00:00:00,2024-03-13T00:00:00,80,0,0.6571574603368316,"dormant_bot,pattern_mismatch",flagged,1
2024-06-01T00:00:00,1234567890,Community Hub,473792392489,earn_fast_2024,2024-04-24T00:00:00,2024-04-24T00:00:00,38,0,0.8251430264397697,"dormant_bot,pattern_mismatch",flagged,1
2024-06-01T00:00:00,1234567890,Community Hub,545001533249,user8374629,2024-02-21T00:00:00,2024-02-21T00:00:00,101,0,0.7670671698866176,"dormant_bot,pattern_mismatch",flagged,1
2024-06-01T00:00:00,1234567890,Community Hub,472446598075,follow_back_101,2023-12-20T00:00:00,2023-12-20T00:00:00,164,0,0.6507763719463429,"dormant_bot,pattern_mismatch",flagged,1
2024-06-01T00:00:00,1234567890,Community Hub,787710347629,user8374629,2024-05-27T00:00:00,2024-05-27T00:00:00,5,0,0.8276986481376534,"new_account,no_avatar,rapid_join",flagged,1
2024-06-01T00:00:00,1234567890,Community Hub,492938168695,bot_account_7,2024-04-24T00:00:00,2024-04-24T02:00:00,38,0,0.6150959246399355,"suspicious_username,no_avatar",warned,1
2024-06-01T00:00:00,1234567890,Community Hub,734257545304,1234567890ab,2024-05-18T00:00:00,2024-05-18T17:00:00,14,0,0.5136646665551978,"suspicious_username,no_avatar",warned,1
2024-06-01T00:00:00,1234567890,Community Hub,604780412060,creative_dan,2022-10-10T00:00:00,2023-05-09T00:00:00,600,1,0.060953692558567196,,none,0
2024-06-01T00:00:00,1234567890,Community Hub,473269343706,crypto_king_9999,2024-03-23T00:00:00,2024-03-23T00:00:00,70,0,0.5617148916789955,"dormant_bot,pattern_mismatch",flagged,1
2024-06-01T00:00:00,1234567890,Community Hub,123923698362,photo_by_anna,2018-12-05T00:00:00,2019-01-26T00:00:00,2005,1,0.02211192424073724,,none,0
2024-06-01T00:00:00,1234567890,Community Hub,259625630131,nft_dropper_69,2024-05-03T00:00:00,2024-05-04T15:00:00,29,0,0.7519979067196833,"suspicious_username,no_avatar",warned,1
2024-06-01T00:00:00,1234567890,Community Hub,630416176603,fit_jessica,2020-11-05T00:00:00,2020-12-12T00:00:00,1304,1,0.20534759407984246,,none,0
2024-06-01T00:00:00,1234567890,Community Hub,241372216650,fit_jessica,2023-02-06T00:00:00,2023-07-30T00:00:00,481,1,0.1635610763830085,,none,0
2024-06-01T00:00:00,1234567890,Community Hub,374155177314,fit_jessica,2021-05-11T00:00:00,2021-09-16T00:00:00,1117,1,0.09609882169826689,,none,0
2024-06-01T00:00:00,1234567890,Community Hub,971368751472,lisa_writes,2018-03-15T00:00:00,2018-06-18T00:00:00,2270,1,0.03632017389200548,,none,0
2024-06-01T00:00:00,1234567890,Community Hub,795752242014,mindful_maya,2021-10-31T00:00:00,2022-05-01T00:00:00,944,1,0.14201814861856013,,none,0
2024-06-01T00:00:00,1234567890,Community Hub,587767886903,get_rich_88,2024-03-10T00:00:00,2024-03-10T00:00:00,83,0,0.6028923887436998,"dormant_bot,pattern_mismatch",flagged,1
2024-06-01T00:00:00,1234567890,Community Hub,648357245690,tom_techie,2019-09-28T00:00:00,2019-11-05T00:00:00,1708,1,0.07348310620320808,,none,0
2024-06-01T00:00:00,1234567890,Community Hub,836075812491,1234567890ab,2024-05-15T00:00:00,2024-05-16T17:00:00,17,0,0.736245452440998,"suspicious_username,no_avatar",warned,1
2024-06-01T00:00:00,1234567890,Community Hub,571911468747,1234567890ab,2024-05-03T00:00:00,2024-05-03T04:00:00,29,0,0.6827056069173664,"suspicious_username,no_avatar",warned,1
2024-06-01T00:00:00,1234567890,Community Hub,500016008480,free_followers_now,2024-02-16T00:00:00,2024-02-16T00:00:00,106,0,0.7925101881050614,"dormant_bot,pattern_mismatch",flagged,1
2024-06-01T00:00:00,1234567890,Community Hub,928868909413,tradebot_fx,2024-04-22T00:00:00,2024-04-22T06:00:00,40,0,0.532537352418806,"suspicious_username,no_avatar",warned,1
2024-06-01T00:00:00,1234567890,Community Hub,945040765868,free_followers_now,2024-05-02T00:00:00,2024-05-02T18:00:00,30,0,0.5447176938733753,"suspicious_username,no_avatar",warned,1
2024-06-01T00:00:00,1234567890,Community Hub,803841850966,follow_back_101,2024-04-27T00:00:00,2024-04-27T08:00:00,35,0,0.6426944050417136,"suspicious_username,no_avatar",warned,1
2024-06-01T00:00:00,1234567890,Community Hub,274822935161,9182736450,2024-06-01T00:00:00,2024-06-01T00:00:00,0,0,0.9569985144856085,"new_account,no_avatar,rapid_join",flagged,1
2024-06-01T00:00:00,1234567890,Community Hub,159227354311,real_human_01234,2024-01-17T00:00:00,2024-01-17T00:00:00,136,0,0.8014457016166545,"dormant_bot,pattern_mismatch",flagged,1
2024-06-01T00:00:00,1234567890,Community Hub,156959770407,mark_adventure,2018-11-22T00:00:00,2020-01-06T00:00:00,2018,1,0.05050598787947974,,none,0
2024-06-01T00:00:00,1234567890,Community Hub,128411031569,follow_back_101,2024-05-04T00:00:00,2024-05-04T10:00:00,28,0,0.7051549263543043,"suspicious_username,no_avatar",warned,1
2024-06-01T00:00:00,1234567890,Community Hub,155956846948,real_human_01234,2024-05-29T00:00:00,2024-05-29T00:00:00,3,0,0.8555341135863391,"new_account,no_avatar,rapid_join",flagged,1
2024-06-01T00:00:00,1234567890,Community Hub,212278404573,zz_promo_zz,2024-03-06T00:00:00,2024-03-06T00:00:00,87,0,0.7688028660278494,"dormant_bot,pattern_mismatch",flagged,1
2024-06-01T00:00:00,1234567890,Community Hub,877533546403,real_human_01234,2024-05-27T00:00:00,2024-05-27T00:00:00,5,0,0.7960616120352303,"new_account,no_avatar,rapid_join",flagged,1
2024-06-01T00:00:00,1234567890,Community Hub,640255185384,earn_fast_2024,2024-01-26T00:00:00,2024-01-26T00:00:00,127,0,0.8262210625453243,"dormant_bot,pattern_mismatch",flagged,1
2024-06-01T00:00:00,1234567890,Community Hub,861864423928,crypto_king_9999,2024-05-09T00:00:00,2024-05-09T05:00:00,23,0,0.7705715929244517,"suspicious_username,no_avatar",warned,1
2024-06-01T00:00:00,1234567890,Community Hub,201353188736,free_follower_bot,2024-02-22T00:00:00,2024-02-22T00:00:00,100,0,0.6761231576265113,"dormant_bot,pattern_mismatch",flagged,1
2024-06-01T00:00:00,1234567890,Community Hub,479121053030,1234567890ab,2024-05-03T00:00:00,2024-05-03T08:00:00,29,0,0.6831805462133929,"suspicious_username,no_avatar",warned,1
2024-06-01T00:00:00,1234567890,Community Hub,785000321972,nina_art,2021-12-11T00:00:00,2023-01-06T00:00:00,903,1,0.035376894451302016,,none,0
2024-06-01T00:00:00,1234567890,Community Hub,123999639653,user8374629,2024-04-23T00:00:00,2024-04-23T00:00:00,39,0,0.6962638312804256,"dormant_bot,pattern_mismatch",flagged,1
2024-06-01T00:00:00,1234567890,Community Hub,596056483175,bot_account_7,2024-05-26T00:00:00,2024-05-26T00:00:00,6,0,0.9401091175636047,"new_account,no_avatar,rapid_join",flagged,1
2024-06-01T00:00:00,1234567890,Community Hub,131574720464,earn_fast_2024,2023-12-19T00:00:00,2023-12-19T00:00:00,165,0,0.6499818579605783,"dormant_bot,pattern_mismatch",flagged,1
2024-06-01T00:00:00,1234567890,Community Hub,652820532100,1234567890ab,2024-03-09T00:00:00,2024-03-09T00:00:00,84,0,0.5510843223409484,"dormant_bot,pattern_mismatch",flagged,1
2024-06-01T00:00:00,1234567890,Community Hub,536862023735,botanist_beth,2019-04-21T00:00:00,2020-02-13T00:00:00,1868,1,0.048462883041701044,,none,0
2024-06-01T00:00:00,1234567890,Community Hub,579722565157,chef_marco,2018-11-15T00:00:00,2019-12-05T00:00:00,2025,1,0.10024207556397069,,none,0
2024-06-01T00:00:00,1234567890,Community Hub,788088092390,crypto_king_9999,2024-05-19T00:00:00,2024-05-20T11:00:00,13,0,0.6252619465172454,"suspicious_username,no_avatar",warned,1
2024-06-01T00:00:00,1234567890,Community Hub,470053041306,a8f7d3k9p2,2024-05-25T00:00:00,2024-05-26T21:00:00,7,0,0.574903733137941,"suspicious_username,no_avatar",warned,1
2024-06-01T00:00:00,1234567890,Community Hub,909373094898,code_master,2022-05-12T00:00:00,2022-11-30T00:00:00,751,1,0.12664906690962807,,none,0
2024-06-01T00:00:00,1234567890,Community Hub,952858683640,a8f7d3k9p2,2024-04-18T00:00:00,2024-04-19T17:00:00,44,0,0.8157416388785993,"suspicious_username,no_avatar",warned,1
2024-06-01T00:00:00,1234567890,Community Hub,903851758003,free_follower_bot,2024-05-27T00:00:00,2024-05-27T00:00:00,5,0,0.9767080956562625,"new_account,no_avatar,rapid_join",flagged,1
2024-06-01T00:00:00,1234567890,Community Hub,566328298817,botanist_beth,2023-12-22T00:00:00,2024-02-10T00:00:00,162,1,0.08610914209715537,,none,0
2024-06-01T00:00:00,1234567890,Community Hub,415474009557,amy_joy,2020-08-28T00:00:00,2021-06-26T00:00:00,1373,1,0.03501051319132642,,none,0
2024-06-01T00:00:00,1234567890,Community Hub,443200898315,lisa_writes,2023-07-11T00:00:00,2023-12-04T00:00:00,326,1,0.04506095327368606,,none,0
2024-06-01T00:00:00,1234567890,Community Hub,164826307471,crypto_king_9999,2024-05-31T00:00:00,2024-05-31T00:00:00,1,0,0.8403397125911735,"new_account,no_avatar,rapid_join",flagged,1
2024-06-01T00:00:00,1234567890,Community Hub,163034049401,airdrop_winner99,2024-05-03T00:00:00,2024-05-03T15:00:00,29,0,0.5755340966585332,"suspicious_username,no_avatar",warned,1
2024-06-01T00:00:00,1234567890,Community Hub,357697481498,99882736450,2024-05-15T00:00:00,2024-05-15T03:00:00,17,0,0.8701200945207439,"suspicious_username,no_avatar",warned,1
2024-06-01T00:00:00,1234567890,Community Hub,285060484364,zz_promo_zz,2024-05-28T00:00:00,2024-05-28T00:00:00,4,0,0.7780772468877271,"new_account,no_avatar,rapid_join",flagged,1
2024-06-01T00:00:00,1234567890,Community Hub,971687110006,airdrop_winner99,2024-03-30T00:00:00,2024-03-30T00:00:00,63,0,0.5560033394305833,"dormant_bot,pattern_mismatch",flagged,1
2024-06-01T00:00:00,1234567890,Community Hub,704171709883,get_rich_88,2024-06-01T00:00:00,2024-06-01T00:00:00,0,0,0.9277757135688559,"new_account,no_avatar,rapid_join",flagged,1
2024-06-01T00:00:00,1234567890,Community Hub,783366739819,acc29471838,2024-05-08T00:00:00,2024-05-08T01:00:00,24,0,0.7044081320374586,"suspicious_username,no_avatar",warned,1
2024-06-01T00:00:00,1234567890,Community Hub,535743158345,earn_fast_2024,2024-04-20T00:00:00,2024-04-21T20:00:00,42,0,0.8275665263320187,"suspicious_username,no_avatar",warned,1
2024-06-01T00:00:00,1234567890,Community Hub,944020160406,q7w8e9r0t1y2,2024-05-15T00:00:00,2024-05-16T14:00:00,17,0,0.5673733516096867,"suspicious_username,no_avatar",warned,1
2024-06-01T00:00:00,1234567890,Community Hub,942271782151,xXx_profit_xXx,2024-05-09T00:00:00,2024-05-09T05:00:00,23,0,0.5597210530757285,"suspicious_username,no_avatar",warned,1
2024-06-01T00:00:00,1234567890,Community Hub,778449635969,99882736450,2024-05-24T00:00:00,2024-05-25T21:00:00,8,0,0.8495257497500006,"suspicious_username,no_avatar",warned,1
2024-06-01T00:00:00,1234567890,Community Hub,821206787814,free_followers_now,2024-01-16T00:00:00,2024-01-16T00:00:00,137,0,0.6310701115339363,"dormant_bot,pattern_mismatch",flagged,1
2024-06-01T00:00:00,1234567890,Community Hub,570393845569,tradebot_fx,2024-03-31T00:00:00,2024-03-31T00:00:00,62,0,0.6159589460221664,"dormant_bot,pattern_mismatch",flagged,1
2024-06-01T00:00:00,1234567890,Community Hub,938461214063,get_rich_88,2024-05-18T00:00:00,2024-05-18T06:00:00,14,0,0.895643850930232,"suspicious_username,no_avatar",warned,1
2024-06-01T00:00:00,1234567890,Community Hub,569284402338,zz_promo_zz,2024-01-05T00:00:00,2024-01-05T00:00:00,148,0,0.576338564589713,"dormant_bot,pattern_mismatch",flagged,1
2024-06-01T00:00:00,1234567890,Community Hub,465556957824,surf_with_evan,2019-10-09T00:00:00,2020-06-03T00:00:00,1697,1,0.034306209965414225,,none,0
2024-06-01T00:00:00,1234567890,Community Hub,633612894774,daniel_f,2021-07-29T00:00:00,2022-05-24T00:00:00,1038,1,0.18445093604769508,,none,0
2024-06-01T00:00:00,1234567890,Community Hub,897708413136,free_followers_now,2024-05-28T00:00:00,2024-05-28T00:00:00,4,0,0.9272050224267437,"new_account,no_avatar,rapid_join",flagged,1
2024-06-01T00:00:00,1234567890,Community Hub,631429820947,acc29471838,2024-01-17T00:00:00,2024-01-17T00:00:00,136,0,0.7785231347290416,"dormant_bot,pattern_mismatch",flagged,1
2024-06-01T00:00:00,1234567890,Community Hub,646917613420,b.scott.official,2023-11-20T00:00:00,2024-01-29T00:00:00,194,1,0.016707039748714958,,none,0
2024-06-01T00:00:00,1234567890,Community Hub,368862632913,mark_adventure,2022-08-16T00:00:00,2022-12-05T00:00:00,655,1,0.17804528507182565,,none,0
2024-06-01T00:00:00,1234567890,Community Hub,127706018778,chris_builds,2023-06-02T00:00:00,2023-10-24T00:00:00,365,1,0.06638928169114236,,none,0
2024-06-01T00:00:00,1234567890,Community Hub,810160593685,follow_back_101,2024-06-01T00:00:00,2024-06-01T00:00:00,0,0,0.9079406312221935,"new_account,no_avatar,rapid_join",flagged,1
2024-06-01T00:00:00,1234567890,Community Hub,230834828854,xXx_profit_xXx,2024-05-27T00:00:00,2024-05-27T00:00:00,5,0,0.8674914705121844,"new_account,no_avatar,rapid_join",flagged,1
2024-06-01T00:00:00,1234567890,Community Hub,749071057886,free_followers_now,2024-02-12T00:00:00,2024-02-12T00:00:00,110,0,0.6561674676162803,"dormant_bot,pattern_mismatch",flagged,1
2024-06-01T00:00:00,1234567890,Community Hub,245094071989,99882736450,2024-05-26T00:00:00,2024-05-26T00:00:00,6,0,0.8604496313963854,"new_account,no_avatar,rapid_join",flagged,1
2024-06-01T00:00:00,1234567890,Community Hub,552863422598,lena_captures,2019-12-29T00:00:00,2021-04-20T00:00:00,1616,1,0.21228588978371335,,none,0
2024-06-01T00:00:00,1234567890,Community Hub,379309603505,crypto_king_9999,2024-05-30T00:00:00,2024-05-30T00:00:00,2,0,0.9426775355297082,"new_account,no_avatar,rapid_join",flagged,1
2024-06-01T00:00:00,1234567890,Community Hub,769447110104,emma.j,2021-08-04T00:00:00,2022-04-19T00:00:00,1032,1,0.2383955968817714,,none,0
2024-06-01T00:00:00,1234567890,Community Hub,393096492702,acc29471838,2024-05-30T00:00:00,2024-05-30T00:00:00,2,0,0.9043940923318399,"new_account,no_avatar,rapid_join",flagged,1
2024-06-01T00:00:00,1234567890,Community Hub,249053992962,bot_account_7,2024-02-10T00:00:00,2024-02-10T00:00:00,112,0,0.6289603889090415,"dormant_bot,pattern_mismatch",flagged,1
2024-06-01T00:00:00,1234567890,Community Hub,970811880264,tom_techie,2022-06-07T00:00:00,2023-04-12T00:00:00,725,1,0.15434486293137673,,none,0
2024-06-01T00:00:00,1234567890,Community Hub,818112566760,nft_dropper_69,2024-01-10T00:00:00,2024-01-10T00:00:00,143,0,0.8377976848181723,"dormant_bot,pattern_mismatch",flagged,1
2024-06-01T00:00:00,1234567890,Community Hub,599404685916,free_followers_now,2024-05-15T00:00:00,2024-05-16T16:00:00,17,0,0.7657831239324802,"suspicious_username,no_avatar",warned,1
2024-06-01T00:00:00,1234567890,Community Hub,171177190920,emma.j,2023-12-09T00:00:00,2023-12-16T00:00:00,175,1,0.2301662060315195,,none,0
2024-06-01T00:00:00,1234567890,Community Hub,812227763327,acc29471838,2024-03-06T00:00:00,2024-03-06T00:00:00,87,0,0.6367065086493998,"dormant_bot,pattern_mismatch",flagged,1
2024-06-01T00:00:00,1234567890,Community Hub,316282523358,chris_builds,2021-01-19T00:00:00,2021-03-12T00:00:00,1229,1,0.061719716486335174,,none,0
2024-06-01T00:00:00,1234567890,Community Hub,796929001864,1234567890ab,2024-05-30T00:00:00,2024-05-30T00:00:00,2,0,0.8304764987041202,"new_account,no_avatar,rapid_join",flagged,1
2024-06-01T00:00:00,1234567890,Community Hub,521569858023,botanist_beth,2018-08-09T00:00:00,2019-01-12T00:00:00,2123,1,0.2039867885527047,,none,0
2024-06-01T00:00:00,1234567890,Community Hub,926152543926,earn_fast_2024,2024-05-29T00:00:00,2024-05-29T00:00:00,3,0,0.9393004045701406,"new_account,no_avatar,rapid_join",flagged,1
2024-06-01T00:00:00,1234567890,Community Hub,212524618852,john_doe,2023-07-27T00:00:00,2023-10-23T00:00:00,310,1,0.20588686879902587,,none,0
2024-06-01T00:00:00,1234567890,Community Hub,952196813127,creative_dan,2019-06-17T00:00:00,2019-08-10T00:00:00,1811,1,0.15967305665033507,,none,0
2024-06-01T00:00:00,1234567890,Community Hub,275822753885,zz_promo_zz,2024-05-15T00:00:00,2024-05-16T00:00:00,17,0,0.6992776219515843,"suspicious_username,no_avatar",warned,1
2024-06-01T00:00:00,1234567890,Community Hub,738695358779,free_followers_now,2024-03-16T00:00:00,2024-03-16T00:00:00,77,0,0.5626713732908969,"dormant_bot,pattern_mismatch",flagged,1
2024-06-01T00:00:00,1234567890,Community Hub,475602975366,real_human_01234,2024-05-07T00:00:00,2024-05-07T11:00:00,25,0,0.8733988982531837,"suspicious_username,no_avatar",warned,1
2024-06-01T00:00:00,1234567890,Community Hub,288238983297,surf_with_evan,2024-01-24T00:00:00,2024-03-11T00:00:00,129,1,0.06674806605677996,,none,0
2024-06-01T00:00:00,1234567890,Community Hub,428183790002,1234567890ab,2024-05-06T00:00:00,2024-05-07T00:00:00,26,0,0.553062633471682,"suspicious_username,no_avatar",warned,1
2024-06-01T00:00:00,1234567890,Community Hub,780909996433,xXx_profit_xXx,2024-05-28T00:00:00,2024-05-28T00:00:00,4,0,0.8689396231845105,"new_account,no_avatar,rapid_join",flagged,1
2024-06-01T00:00:00,1234567890,Community Hub,812197429951,amy_joy,2023-08-15T00:00:00,2023-11-09T00:00:00,291,1,0.0882877698434259,,none,0
2024-06-01T00:00:00,1234567890,Community Hub,717052993148,code_master,2020-12-26T00:00:00,2021-08-24T00:00:00,1253,1,0.16758901251112138,,none,0
2024-06-01T00:00:00,1234567890,Community Hub,146130095496,nina_art,2020-07-24T00:00:00,2020-09-29T00:00:00,1408,1,0.04212532724800763,,none,0
2024-06-01T00:00:00,1234567890,Community Hub,947253199053,tom_techie,2023-08-09T00:00:00,2023-09-22T00:00:00,297,1,0.18230847744287204,,none,0
2024-06-01T00:00:00,1234567890,Community Hub,744330700168,john_doe,2018-05-24T00:00:00,2019-04-05T00:00:00,2200,1,0.19600005667623305,,none,0
2024-06-01T00:00:00,1234567890,Community Hub,455720675991,amy_joy,2023-08-02T00:00:00,2023-11-05T00:00:00,304,1,0.2292888391702449,,none,0
2024-06-01T00:00:00,1234567890,Community Hub,554400081214,real_human_01234,2024-03-12T00:00:00,2024-03-12T00:00:00,81,0,0.6218395911738979,"dormant_bot,pattern_mismatch",flagged,1
2024-06-01T00:00:00,1234567890,Community Hub,535421692431,xXx_profit_xXx,2024-05-30T00:00:00,2024-05-30T00:00:00,2,0,0.7837042415283163,"new_account,no_avatar,rapid_join",flagged,1
2024-06-01T00:00:00,1234567890,Community Hub,197516592346,1234567890ab,2024-05-30T00:00:00,2024-05-30T00:00:00,2,0,0.7437019951178595,"new_account,no_avatar,rapid_join",flagged,1
2024-06-01T00:00:00,1234567890,Community Hub,264204850920,9182736450,2024-04-05T00:00:00,2024-04-05T00:00:00,57,0,0.6622676122117258,"dormant_bot,pattern_mismatch",flagged,1
2024-06-01T00:00:00,1234567890,Community Hub,601037531963,mindful_maya,2017-11-06T00:00:00,2019-02-28T00:00:00,2399,1,0.20020118295499306,,none,0
2024-06-01T00:00:00,1234567890,Community Hub,361404662942,q7w8e9r0t1y2,2024-02-28T00:00:00,2024-02-28T00:00:00,94,0,0.5987426172051249,"dormant_bot,pattern_mismatch",flagged,1
2024-06-01T00:00:00,1234567890,Community Hub,813947241359,mike_2023,2020-11-13T00:00:00,2021-02-22T00:00:00,1296,1,0.18726777168456044,,none,0
2024-06-01T00:00:00,1234567890,Community Hub,625530281692,a8f7d3k9p2,2024-03-07T00:00:00,2024-03-07T00:00:00,86,0,0.7255431976579502,"dormant_bot,pattern_mismatch",flagged,1
2024-06-01T00:00:00,1234567890,Community Hub,655004423142,b.scott.official,2022-07-16T00:00:00,2022-10-31T00:00:00,686,1,0.05599446118940732,,none,0
2024-06-01T00:00:00,1234567890,Community Hub,550666970537,a8f7d3k9p2,2024-05-08T00:00:00,2024-05-08T09:00:00,24,0,0.6717122710375265,"suspicious_username,no_avatar",warned,1
2024-06-01T00:00:00,1234567890,Community Hub,840549020355,b.scott.official,2020-10-23T00:00:00,2020-11-15T00:00:00,1317,1,0.12886046461641917,,none,0
2024-06-01T00:00:00,1234567890,Community Hub,718397112384,paul_runs,2021-02-07T00:00:00,2021-02-21T00:00:00,1210,1,0.045062181112498934,,none,0
2024-06-01T00:00:00,1234567890,Community Hub,237579662398,dev_pete,2018-11-12T00:00:00,2019-09-29T00:00:00,2028,1,0.037479455457151006,,none,0
2024-06-01T00:00:00,1234567890,Community Hub,487526495237,everyday_elena,2021-07-15T00:00:00,2021-10-03T00:00:00,1052,1,0.24465386475910939,,none,0
2024-06-01T00:00:00,1234567890,Community Hub,437281134916,xXx_profit_xXx,2024-02-29T00:00:00,2024-02-29T00:00:00,93,0,0.7820037797105504,"dormant_bot,pattern_mismatch",flagged,1
2024-06-01T00:00:00,1234567890,Community Hub,510576143964,real_human_01234,2024-04-19T00:00:00,2024-04-20T23:00:00,43,0,0.7193803040448621,"suspicious_username,no_avatar",warned,1
2024-06-01T00:00:00,1234567890,Community Hub,341747044063,tom_techie,2022-06-13T00:00:00,2022-10-29T00:00:00,719,1,0.18566346167447628,,none,0
2024-06-01T00:00:00,1234567890,Community Hub,835397500066,alex_travel,2020-03-17T00:00:00,2021-04-20T00:00:00,1537,1,0.14130199318770015,,none,0
2024-06-01T00:00:00,1234567890,Community Hub,635444069431,9182736450,2024-05-30T00:00:00,2024-05-30T00:00:00,2,0,0.8371589673222994,"new_account,no_avatar,rapid_join",flagged,1
2024-06-01T00:00:00,1234567890,Community Hub,682964357866,a8f7d3k9p2,2024-05-26T00:00:00,2024-05-26T00:00:00,6,0,0.725698915787556,"new_account,no_avatar,rapid_join",flagged,1
2024-06-01T00:00:00,1234567890,Community Hub,149862976759,mark_adventure,2019-10-02T00:00:00,2020-04-01T00:00:00,1704,1,0.23219006499644537,,none,0
2024-06-01T00:00:00,1234567890,Community Hub,197604437582,mark_adventure,2019-08-04T00:00:00,2019-09-30T00:00:00,1763,1,0.18010357554989936,,none,0
2024-06-01T00:00:00,1234567890,Community Hub,817017583460,photo_by_anna,2023-06-28T00:00:00,2023-10-08T00:00:00,339,1,0.18059713742929862,,none,0
2024-06-01T00:00:00,1234567890,Community Hub,758358013469,john_doe,2022-11-19T00:00:00,2023-05-12T00:00:00,560,1,0.11704752854472975,,none,0
2024-06-01T00:00:00,1234567890,Community Hub,697057308002,nft_dropper_69,2024-05-27T00:00:00,2024-05-27T00:00:00,5,0,0.9410599307367634,"new_account,no_avatar,rapid_join",flagged,1
2024-06-01T00:00:00,1234567890,Community Hub,279577434946,b.scott.official,2020-10-26T00:00:00,2021-01-02T00:00:00,1314,1,0.09777749626513549,,none,0
2024-06-01T00:00:00,1234567890,Community Hub,165862234954,get_rich_88,2024-05-27T00:00:00,2024-05-27T00:00:00,5,0,0.9370901438011885,"new_account,no_avatar,rapid_join",flagged,1
2024-06-01T00:00:00,1234567890,Community Hub,543960095864,lena_captures,2020-10-18T00:00:00,2020-12-25T00:00:00,1322,1,0.21247606550384482,,none,0
2024-06-01T00:00:00,1234567890,Community Hub,544611933787,1234567890ab,2024-04-19T00:00:00,2024-04-19T18:00:00,43,0,0.6020193115382091,"suspicious_username,no_avatar",warned,1
2024-06-01T00:00:00,1234567890,Community Hub,693731907934,xXx_profit_xXx,2024-01-01T00:00:00,2024-01-01T00:00:00,152,0,0.732202236173405,"dormant_bot,pattern_mismatch",flagged,1
2024-06-01T00:00:00,1234567890,Community Hub,614574792271,amy_joy,2020-12-06T00:00:00,2021-06-06T00:00:00,1273,1,0.1276703151774519,,none,0
2024-06-01T00:00:00,1234567890,Community Hub,431907491600,journeys_with_kai,2019-01-28T00:00:00,2019-10-16T00:00:00,1951,1,0.2142217544493821,,none,0
2024-06-01T00:00:00,1234567890,Community Hub,747411697211,emma.j,2020-04-30T00:00:00,2020-09-29T00:00:00,1493,1,0.22237933117029635,,none,0
2024-06-01T00:00:00,1234567890,Community Hub,612778773561,nft_dropper_69,2023-12-12T00:00:00,2023-12-12T00:00:00,172,0,0.7318702314299856,"dormant_bot,pattern_mismatch",flagged,1
2024-06-01T00:00:00,1234567890,Community Hub,429891639323,alex_travel,2022-03-29T00:00:00,2023-04-07T00:00:00,795,1,0.08928901923107235,,none,0
2024-06-01T00:00:00,1234567890,Community Hub,798226968709,amy_joy,2020-05-06T00:00:00,2020-10-15T00:00:00,1487,1,0.15716055688933248,,none,0
2024-06-01T00:00:00,1234567890,Community Hub,532255089231,real_human_01234,2024-04-18T00:00:00,2024-04-19T00:00:00,44,0,0.6060764214369189,"suspicious_username,no_avatar",warned,1
2024-06-01T00:00:00,1234567890,Community Hub,516428885151,acc29471838,2024-06-01T00:00:00,2024-06-01T00:00:00,0,0,0.8830966331846131,"new_account,no_avatar,rapid_join",flagged,1
2024-06-01T00:00:00,1234567890,Community Hub,460250118512,earn_fast_2024,2024-05-31T00:00:00,2024-05-31T00:00:00,1,0,0.9404254177659415,"new_account,no_avatar,rapid_join",flagged,1
2024-06-01T00:00:00,1234567890,Community Hub,770680767877,1234567890ab,2024-05-16T00:00:00,2024-05-17T09:00:00,16,0,0.8990421890990596,"suspicious_username,no_avatar",warned,1
2024-06-01T00:00:00,1234567890,Community Hub,399503289681,the_real_sam,2019-11-02T00:00:00,2020-02-13T00:00:00,1673,1,0.028471915102095013,,none,0
2024-06-01T00:00:00,1234567890,Community Hub,655552692172,free_followers_now,2024-05-31T00:00:00,2024-05-31T00:00:00,1,0,0.8248223921941069,"new_account,no_avatar,rapid_join",flagged,1
2024-06-01T00:00:00,1234567890,Community Hub,809988851164,user8374629,2024-05-23T00:00:00,2024-05-24T10:00:00,9,0,0.7276494899582554,"suspicious_username,no_avatar",warned,1
2024-06-01T00:00:00,1234567890,Community Hub,845094512089,lena_captures,2020-01-04T00:00:00,2020-02-14T00:00:00,1610,1,0.19665338642825525,,none,0
2024-06-01T00:00:00,1234567890,Community Hub,345047583331,crypto_king_9999,2024-01-21T00:00:00,2024-01-21T00:00:00,132,0,0.639532708061335,"dormant_bot,pattern_mismatch",flagged,1
2024-06-01T00:00:00,1234567890,Community Hub,502537209015,lena_captures,2023-09-21T00:00:00,2023-11-21T00:00:00,254,1,0.19533657266797874,,none,0
2024-06-01T00:00:00,1234567890,Community Hub,816801371641,a8f7d3k9p2,2024-03-21T00:00:00,2024-03-21T00:00:00,72,0,0.5746075266077179,"dormant_bot,pattern_mismatch",flagged,1
2024-06-01T00:00:00,1234567890,Community Hub,698799534228,surf_with_evan,2017-12-20T00:00:00,2019-03-23T00:00:00,2355,1,0.06701912121082987,,none,0
2024-06-01T00:00:00,1234567890,Community Hub,326533582896,user8374629,2024-05-31T00:00:00,2024-05-31T00:00:00,1,0,0.7708764781186288,"new_account,no_avatar,rapid_join",flagged,1
2024-06-01T00:00:00,1234567890,Community Hub,270048345586,zz_promo_zz,2024-05-29T00:00:00,2024-05-29T00:00:00,3,0,0.800965364947036,"new_account,no_avatar,rapid_join",flagged,1
2024-06-01T00:00:00,1234567890,Community Hub,901407814068,dev_pete,2022-04-26T00:00:00,2022-07-12T00:00:00,767,1,0.12054445077998116,,none,0
2024-06-01T00:00:00,1234567890,Community Hub,462253293517,the_real_sam,2021-10-05T00:00:00,2021-12-08T00:00:00,970,1,0.20513076139867753,,none,0
2024-06-01T00:00:00,1234567890,Community Hub,790673753064,chef_marco,2021-05-13T00:00:00,2021-08-25T00:00:00,1115,1,0.23168250479236294,,none,0
2024-06-01T00:00:00,1234567890,Community Hub,606501595624,everyday_elena,2022-04-26T00:00:00,2023-04-02T00:00:00,767,1,0.006108388140537491,,none,0
2024-06-01T00:00:00,1234567890,Community Hub,260981262514,mark_adventure,2020-01-27T00:00:00,2020-12-14T00:00:00,1587,1,0.2466379162795969,,none,0
2024-06-01T00:00:00,1234567890,Community Hub,455090088059,lisa_writes,2020-06-02T00:00:00,2021-06-29T00:00:00,1460,1,0.15427678296640984,,none,0
2024-06-01T00:00:00,1234567890,Community Hub,373383438415,real_human_01234,2024-05-26T00:00:00,2024-05-26T00:00:00,6,0,0.9979240286319797,"new_account,no_avatar,rapid_join",flagged,1
2024-06-01T00:00:00,1234567890,Community Hub,196075497185,alex_travel,2022-04-18T00:00:00,2022-05-15T00:00:00,775,1,0.10364132178462962,,none,0
2024-06-01T00:00:00,1234567890,Community Hub,807160509771,the_real_sam,2023-07-26T00:00:00,2023-11-11T00:00:00,311,1,0.015364358751240315,,none,0
2024-06-01T00:00:00,1234567890,Community Hub,532826014173,earn_fast_2024,2024-03-23T00:00:00,2024-03-23T00:00:00,70,0,0.6017627083308088,"dormant_bot,pattern_mismatch",flagged,1
2024-06-01T00:00:00,1234567890,Community Hub,742252655170,nina_art,2017-10-29T00:00:00,2018-11-03T00:00:00,2407,1,0.19369409491018197,,none,0
2024-06-01T00:00:00,1234567890,Community Hub,133561376836,xXx_profit_xXx,2024-01-11T00:00:00,2024-01-11T00:00:00,142,0,0.7182228248459446,"dormant_bot,pattern_mismatch",flagged,1
2024-06-01T00:00:00,1234567890,Community Hub,990291307816,code_master,2018-12-08T00:00:00,2019-07-09T00:00:00,2002,1,0.16824168920521756,,none,0
2024-06-01T00:00:00,1234567890,Community Hub,577554053192,earn_fast_2024,2024-03-08T00:00:00,2024-03-08T00:00:00,85,0,0.76437612796831,"dormant_bot,pattern_mismatch",flagged,1
2024-06-01T00:00:00,1234567890,Community Hub,649377634318,crypto_king_9999,2024-06-01T00:00:00,2024-06-01T00:00:00,0,0,0.9419850038052469,"new_account,no_avatar,rapid_join",flagged,1
2024-06-01T00:00:00,1234567890,Community Hub,256048509836,nft_dropper_69,2024-06-01T00:00:00,2024-06-01T00:00:00,0,0,0.8157502608935149,"new_account,no_avatar,rapid_join",flagged,1
2024-06-01T00:00:00,1234567890,Community Hub,373716535101,9182736450,2024-01-18T00:00:00,2024-01-18T00:00:00,135,0,0.6082112476084094,"dormant_bot,pattern_mismatch",flagged,1
2024-06-01T00:00:00,1234567890,Community Hub,903987539648,a8f7d3k9p2,2024-05-18T00:00:00,2024-05-19T10:00:00,14,0,0.7304246474321642,"suspicious_username,no_avatar",warned,1
2024-06-01T00:00:00,1234567890,Community Hub,102707140794,the_real_sam,2021-05-22T00:00:00,2021-12-01T00:00:00,1106,1,0.031125610358162303,,none,0
2024-06-01T00:00:00,1234567890,Community Hub,981070260342,99882736450,2024-03-30T00:00:00,2024-03-30T00:00:00,63,0,0.6763803824329268,"dormant_bot,pattern_mismatch",flagged,1
2024-06-01T00:00:00,1234567890,Community Hub,111207211191,lisa_writes,2018-03-15T00:00:00,2018-09-25T00:00:00,2270,1,0.05216407788304603,,none,0
2024-06-01T00:00:00,1234567890,Community Hub,654887696554,a8f7d3k9p2,2024-01-11T00:00:00,2024-01-11T00:00:00,142,0,0.5808983479360039,"dormant_bot,pattern_mismatch",flagged,1
2024-06-01T00:00:00,1234567890,Community Hub,697915573381,emma.j,2020-06-06T00:00:00,2020-10-13T00:00:00,1456,1,0.18002234623999613,,none,0
2024-06-01T00:00:00,1234567890,Community Hub,919446873965,photo_by_anna,2021-04-26T00:00:00,2021-05-26T00:00:00,1132,1,0.01724668154705844,,none,0
2024-06-01T00:00:00,1234567890,Community Hub,866290644960,mark_adventure,2019-10-24T00:00:00,2019-12-02T00:00:00,1682,1,0.19640695336518693,,none,0
2024-06-01T00:00:00,1234567890,Community Hub,601498834693,chris_builds,2018-01-07T00:00:00,2018-11-09T00:00:00,2337,1,0.028634778801767125,,none,0
2024-06-01T00:00:00,1234567890,Community Hub,307817330668,q7w8e9r0t1y2,2024-05-15T00:00:00,2024-05-16T12:00:00,17,0,0.5777600079675279,"suspicious_username,no_avatar",warned,1
2024-06-01T00:00:00,1234567890,Community Hub,855331483405,nina_art,2017-12-27T00:00:00,2018-04-23T00:00:00,2348,1,0.10374310760433475,,none,0
2024-06-01T00:00:00,1234567890,Community Hub,102056776403,creative_dan,2022-12-07T00:00:00,2022-12-11T00:00:00,542,1,0.1313269320487305,,none,0
2024-06-01T00:00:00,1234567890,Community Hub,281467057089,mark_adventure,2022-01-24T00:00:00,2022-03-12T00:00:00,859,1,0.027685098668956853,,none,0
2024-06-01T00:00:00,1234567890,Community Hub,363666016378,follow_back_101,2024-04-27T00:00:00,2024-04-27T20:00:00,35,0,0.589066966384199,"suspicious_username,no_avatar",warned,1
2024-06-01T00:00:00,1234567890,Community Hub,443198791208,99882736450,2024-03-19T00:00:00,2024-03-19T00:00:00,74,0,0.8248720900058862,"dormant_bot,pattern_mismatch",flagged,1
2024-06-01T00:00:00,1234567890,Community Hub,495614340897,user8374629,2024-03-17T00:00:00,2024-03-17T00:00:00,76,0,0.7884330769443078,"dormant_bot,pattern_mismatch",flagged,1
2024-06-01T00:00:00,1234567890,Community Hub,191716081777,zz_promo_zz,2024-05-26T00:00:00,2024-05-26T00:00:00,6,0,0.8124551840732634,"new_account,no_avatar,rapid_join",flagged,1
2024-06-01T00:00:00,1234567890,Community Hub,231357544699,journeys_with_kai,2020-02-23T00:00:00,2020-08-04T00:00:00,1560,1,0.20435288404901292,,none,0
2024-06-01T00:00:00,1234567890,Community Hub,494594359586,user8374629,2024-05-16T00:00:00,2024-05-16T20:00:00,16,0,0.8774540295606194,"suspicious_username,no_avatar",warned,1
2024-06-01T00:00:00,1234567890,Community Hub,564743428220,acc29471838,2024-05-31T00:00:00,2024-05-31T00:00:00,1,0,0.8293394534366011,"new_account,no_avatar,rapid_join",flagged,1
2024-06-01T00:00:00,1234567890,Community Hub,176598943495,zz_promo_zz,2024-06-01T00:00:00,2024-06-01T00:00:00,0,0,0.8507471509726023,"new_account,no_avatar,rapid_join",flagged,1
2024-06-01T00:00:00,1234567890,Community Hub,266624494202,zz_promo_zz,2024-05-22T00:00:00,2024-05-23T07:00:00,10,0,0.6210485158673956,"suspicious_username,no_avatar",warned,1
2024-06-01T00:00:00,1234567890,Community Hub,225504428071,free_follower_bot,2024-03-06T00:00:00,2024-03-06T00:00:00,87,0,0.5863627557866667,"dormant_bot,pattern_mismatch",flagged,1
2024-06-01T00:00:00,1234567890,Community Hub,325004948671,q7w8e9r0t1y2,2024-05-17T00:00:00,2024-05-17T21:00:00,15,0,0.822323126707307,"suspicious_username,no_avatar",warned,1
2024-06-01T00:00:00,1234567890,Community Hub,721461328351,acc29471838,2024-05-30T00:00:00,2024-05-30T00:00:00,2,0,0.834410989441292,"new_account,no_avatar,rapid_join",flagged,1
2024-06-01T00:00:00,1234567890,Community Hub,840256364646,creative_dan,2017-11-04T00:00:00,2018-09-19T00:00:00,2401,1,0.033923325633844176,,none,0
2024-06-01T00:00:00,1234567890,Community Hub,626823670343,emma.j,2020-08-15T00:00:00,2020-08-27T00:00:00,1386,1,0.20085418650417,,none,0
2024-06-01T00:00:00,1234567890,Community Hub,848483955705,tom_techie,2022-04-24T00:00:00,2022-12-19T00:00:00,769,1,0.020021830385934553,,none,0
2024-06-01T00:00:00,1234567890,Community Hub,423824554151,dev_pete,2023-11-05T00:00:00,2023-11-14T00:00:00,209,1,0.24481309283413494,,none,0
2024-06-01T00:00:00,1234567890,Community Hub,624870980460,nft_dropper_69,2024-05-16T00:00:00,2024-05-16T12:00:00,16,0,0.8741331996463276,"suspicious_username,no_avatar",warned,1
2024-06-01T00:00:00,1234567890,Community Hub,893955639328,earn_fast_2024,2024-05-03T00:00:00,2024-05-03T10:00:00,29,0,0.6866000252087192,"suspicious_username,no_avatar",warned,1
2024-06-01T00:00:00,1234567890,Community Hub,766837033766,9182736450,2023-12-05T00:00:00,2023-12-05T00:00:00,179,0,0.6282454319108436,"dormant_bot,pattern_mismatch",flagged,1
2024-06-01T00:00:00,1234567890,Community Hub,354965330964,earn_fast_2024,2024-05-01T00:00:00,2024-05-02T14:00:00,31,0,0.6415956176549054,"suspicious_username,no_avatar",warned,1
2024-06-01T00:00:00,1234567890,Community Hub,594038785039,code_master,2021-11-03T00:00:00,2022-09-14T00:00:00,941,1,0.23659910312569554,,none,0
2024-06-01T00:00:00,1234567890,Community Hub,251522656201,tradebot_fx,2024-04-30T00:00:00,2024-05-01T10:00:00,32,0,0.5950685258433008,"suspicious_username,no_avatar",warned,1
2024-06-01T00:00:00,1234567890,Community Hub,533608419093,grace_beauty,2018-01-29T00:00:00,2018-03-31T00:00:00,2315,1,0.12616548493553043,,none,0
2024-06-01T00:00:00,1234567890,Community Hub,345685515032,chris_builds,2020-11-12T00:00:00,2021-03-29T00:00:00,1297,1,0.0682530379741649,,none,0
2024-06-01T00:00:00,1234567890,Community Hub,675341757555,crypto_king_9999,2024-05-03T00:00:00,2024-05-04T08:00:00,29,0,0.585896589947914,"suspicious_username,no_avatar",warned,1
2024-06-01T00:00:00,1234567890,Community Hub,426461506847,sarah_smith,2018-01-26T00:00:00,2019-04-20T00:00:00,2318,1,0.2025258333506316,,none,0
2024-06-01T00:00:00,1234567890,Community Hub,874352389157,chef_marco,2019-03-20T00:00:00,2019-04-25T00:00:00,1900,1,0.22650297341740575,,none,0
2024-06-01T00:00:00,1234567890,Community Hub,669419786145,mark_adventure,2022-06-17T00:00:00,2023-06-06T00:00:00,715,1,0.182570305811643,,none,0
2024-06-01T00:00:00,1234567890,Community Hub,157137747955,alex_travel,2020-06-22T00:00:00,2021-01-15T00:00:00,1440,1,0.23420404952648569,,none,0
2024-06-01T00:00:00,1234567890,Community Hub,872104866798,sarah_smith,2018-09-25T00:00:00,2019-10-07T00:00:00,2076,1,0.19025481439008624,,none,0
2024-06-01T00:00:00,1234567890,Community Hub,202441527855,mike_2023,2019-06-27T00:00:00,2020-04-22T00:00:00,1801,1,0.19022190005003875,,none,0
2024-06-01T00:00:00,1234567890,Community Hub,770996431386,free_follower_bot,2024-05-29T00:00:00,2024-05-29T00:00:00,3,0,0.743825144145686,"new_account,no_avatar,rapid_join",flagged,1
2024-06-01T00:00:00,1234567890,Community Hub,942850749116,fit_jessica,2018-12-09T00:00:00,2019-04-24T00:00:00,2001,1,0.09097588902277548,,none,0
2024-06-01T00:00:00,1234567890,Community Hub,838017523799,lena_captures,2019-10-22T00:00:00,2020-06-07T00:00:00,1684,1,0.1269486013352755,,none,0
2024-06-01T00:00:00,1234567890,Community Hub,893485569325,mark_adventure,2021-05-01T00:00:00,2022-06-23T00:00:00,1127,1,0.060248139569733544,,none,0
2024-06-01T00:00:00,1234567890,Community Hub,559890276123,photo_by_anna,2020-09-01T00:00:00,2021-10-25T00:00:00,1369,1,0.0771015376768929,,none,0
2024-06-01T00:00:00,1234567890,Community Hub,884806109728,99882736450,2024-01-25T00:00:00,2024-01-25T00:00:00,128,0,0.7474995086583179,"dormant_bot,pattern_mismatch",flagged,1
2024-06-01T00:00:00,1234567890,Community Hub,580538622627,nft_dropper_69,2024-05-01T00:00:00,2024-05-01T13:00:00,31,0,0.8106394855023488,"suspicious_username,no_avatar",warned,1
2024-06-01T00:00:00,1234567890,Community Hub,588321251034,xXx_profit_xXx,2024-05-26T00:00:00,2024-05-26T00:00:00,6,0,0.7900750351127794,"new_account,no_avatar,rapid_join",flagged,1
2024-06-01T00:00:00,1234567890,Community Hub,247608549360,get_rich_88,2024-05-15T00:00:00,2024-05-16T16:00:00,17,0,0.8745666016385861,"suspicious_username,no_avatar",warned,1
2024-06-01T00:00:00,1234567890,Community Hub,583027321698,fit_jessica,2023-07-30T00:00:00,2023-08-04T00:00:00,307,1,0.14210162435081136,,none,0
2024-06-01T00:00:00,1234567890,Community Hub,414677245985,99882736450,2024-05-26T00:00:00,2024-05-26T00:00:00,6,0,0.786949281954738,"new_account,no_avatar,rapid_join",flagged,1
2024-06-01T00:00:00,1234567890,Community Hub,153188146653,acc29471838,2024-05-16T00:00:00,2024-05-16T08:00:00,16,0,0.8022198596115809,"suspicious_username,no_avatar",warned,1
2024-06-01T00:00:00,1234567890,Community Hub,689656670607,get_rich_88,2023-12-24T00:00:00,2023-12-24T00:00:00,160,0,0.6166710320364134,"dormant_bot,pattern_mismatch",flagged,1
2024-06-01T00:00:00,1234567890,Community Hub,694124914452,sarah_smith,2018-01-02T00:00:00,2018-06-08T00:00:00,2342,1,0.18210534949427795,,none,0
2024-06-01T00:00:00,1234567890,Community Hub,367236385562,get_rich_88,2024-03-18T00:00:00,2024-03-18T00:00:00,75,0,0.8049123412095631,"dormant_bot,pattern_mismatch",flagged,1
2024-06-01T00:00:00,1234567890,Community Hub,308616490467,nina_art,2022-01-12T00:00:00,2022-02-06T00:00:00,871,1,0.17174835453528217,,none,0
2024-06-01T00:00:00,1234567890,Community Hub,706988455332,sarah_smith,2021-03-15T00:00:00,2022-06-05T00:00:00,1174,1,0.13593298401097068,,none,0
2024-06-01T00:00:00,1234567890,Community Hub,807530715461,everyday_elena,2019-03-18T00:00:00,2019-08-19T00:00:00,1902,1,0.21380214760021563,,none,0
2024-06-01T00:00:00,1234567890,Community Hub,454435897472,q7w8e9r0t1y2,2023-12-29T00:00:00,2023-12-29T00:00:00,155,0,0.7642371458331703,"dormant_bot,pattern_mismatch",flagged,1
2024-06-01T00:00:00,1234567890,Community Hub,903603301100,chris_builds,2023-02-16T00:00:00,2023-08-13T00:00:00,471,1,0.07504622838588457,,none,0
2024-06-01T00:00:00,1234567890,Community Hub,656790989471,emma.j,2024-01-07T00:00:00,2024-01-20T00:00:00,146,1,0.11172061153957197,,none,0
2024-06-01T00:00:00,1234567890,Community Hub,715770466625,crypto_king_9999,2024-05-08T00:00:00,2024-05-09T03:00:00,24,0,0.5398253497198301,"suspicious_username,no_avatar",warned,1
2024-06-01T00:00:00,1234567890,Community Hub,215152539180,airdrop_winner99,2024-01-17T00:00:00,2024-01-17T00:00:00,136,0,0.6552466360616914,"dormant_bot,pattern_mismatch",flagged,1
2024-06-01T00:00:00,1234567890,Community Hub,975784217123,everyday_elena,2018-10-28T00:00:00,2019-01-10T00:00:00,2043,1,0.029953477130522765,,none,0
2024-06-01T00:00:00,1234567890,Community Hub,197950571044,zz_promo_zz,2024-05-26T00:00:00,2024-05-26T00:00:00,6,0,0.868199028490986,"new_account,no_avatar,rapid_join",flagged,1
2024-06-01T00:00:00,1234567890,Community Hub,188162972141,nina_art,2019-01-08T00:00:00,2020-01-06T00:00:00,1971,1,0.1201611586294977,,none,0
2024-06-01T00:00:00,1234567890,Community Hub,806665250504,airdrop_winner99,2024-04-26T00:00:00,2024-04-26T10:00:00,36,0,0.8167659868865185,"suspicious_username,no_avatar",warned,1
2024-06-01T00:00:00,1234567890,Community Hub,121081661665,chef_marco,2020-01-15T00:00:00,2020-01-21T00:00:00,1599,1,0.2179780104255637,,none,0
2024-06-01T00:00:00,1234567890,Community Hub,357336634093,chef_marco,2019-08-30T00:00:00,2020-02-04T00:00:00,1737,1,0.24578925977174446,,none,0
2024-06-01T00:00:00,1234567890,Community Hub,906578290758,code_master,2021-10-01T00:00:00,2022-03-07T00:00:00,974,1,0.11810464809301138,,none,0
2024-06-01T00:00:00,1234567890,Community Hub,921862690788,journeys_with_kai,2018-08-01T00:00:00,2019-04-20T00:00:00,2131,1,0.11817737259655903,,none,0
2024-06-01T00:00:00,1234567890,Community Hub,265283977412,tradebot_fx,2024-05-01T00:00:00,2024-05-02T11:00:00,31,0,0.5795464175651079,"suspicious_username,no_avatar",warned,1
2024-06-01T00:00:00,1234567890,Community Hub,866233096367,amy_joy,2022-04-03T00:00:00,2022-12-24T00:00:00,790,1,0.06385189829409699,,none,0
2024-06-01T00:00:00,1234567890,Community Hub,995555756445,free_followers_now,2024-05-26T00:00:00,2024-05-26T00:00:00,6,0,0.9170275544366913,"new_account,no_avatar,rapid_join",flagged,1
2024-06-01T00:00:00,1234567890,Community Hub,959934385647,journeys_with_kai,2021-07-31T00:00:00,2022-08-09T00:00:00,1036,1,0.030310740329525826,,none,0
2024-06-01T00:00:00,1234567890,Community Hub,982026820875,lena_captures,2020-10-08T00:00:00,2021-03-04T00:00:00,1332,1,0.01596715044622704,,none,0
2024-06-01T00:00:00,1234567890,Community Hub,200488367197,user8374629,2024-06-01T00:00:00,2024-06-01T00:00:00,0,0,0.9764593609321206,"new_account,no_avatar,rapid_join",flagged,1
2024-06-01T00:00:00,1234567890,Community Hub,332572418183,code_master,2021-10-01T00:00:00,2023-01-14T00:00:00,974,1,0.07295245242761306,,none,0
2024-06-01T00:00:00,1234567890,Community Hub,811387902282,surf_with_evan,2023-03-18T00:00:00,2023-09-22T00:00:00,441,1,0.17791293257656723,,none,0
2024-06-01T00:00:00,1234567890,Community Hub,633248957095,bot_account_7,2024-04-22T00:00:00,2024-04-23T14:00:00,40,0,0.6217309036182246,"suspicious_username,no_avatar",warned,1
2024-06-01T00:00:00,1234567890,Community Hub,301551521243,bot_account_7,2024-04-24T00:00:00,2024-04-25T20:00:00,38,0,0.817791119041226,"suspicious_username,no_avatar",warned,1
2024-06-01T00:00:00,1234567890,Community Hub,296705216555,dev_pete,2020-11-24T00:00:00,2021-08-29T00:00:00,1285,1,0.1404081782580944,,none,0
2024-06-01T00:00:00,1234567890,Community Hub,861552012140,emma.j,2021-11-29T00:00:00,2022-02-07T00:00:00,915,1,0.03460306473272748,,none,0
2024-06-01T00:00:00,1234567890,Community Hub,743339971493,tradebot_fx,2024-06-01T00:00:00,2024-06-01T00:00:00,0,0,0.7474286426144863,"new_account,no_avatar,rapid_join",flagged,1
2024-06-01T00:00:00,1234567890,Community Hub,530329844336,xXx_profit_xXx,2024-04-11T00:00:00,2024-04-11T00:00:00,51,0,0.5880388264440035,"dormant_bot,pattern_mismatch",flagged,1
2024-06-01T00:00:00,1234567890,Community Hub,636278442857,nina_art,2018-11-09T00:00:00,2019-11-24T00:00:00,2031,1,0.10630285995738759,,none,0
2024-06-01T00:00:00,1234567890,Community Hub,782828115204,airdrop_winner99,2024-04-02T00:00:00,2024-04-02T00:00:00,60,0,0.8084835753268939,"dormant_bot,pattern_mismatch",flagged,1
2024-06-01T00:00:00,1234567890,Community Hub,212634900576,tom_techie,2022-07-08T00:00:00,2023-03-19T00:00:00,694,1,0.23273922303168226,,none,0
2024-06-01T00:00:00,1234567890,Community Hub,764707220243,free_follower_bot,2024-05-30T00:00:00,2024-05-30T00:00:00,2,0,0.7944131879577636,"new_account,no_avatar,rapid_join",flagged,1
2024-06-01T00:00:00,1234567890,Community Hub,868508033704,xXx_profit_xXx,2024-04-29T00:00:00,2024-04-29T17:00:00,33,0,0.5703339931747458,"suspicious_username,no_avatar",warned,1
2024-06-01T00:00:00,1234567890,Community Hub,317835727416,mindful_maya,2023-03-11T00:00:00,2023-04-18T00:00:00,448,1,0.0988086186089725,,none,0
2024-06-01T00:00:00,1234567890,Community Hub,227617727920,a8f7d3k9p2,2024-05-10T00:00:00,2024-05-11T02:00:00,22,0,0.655672607230136,"suspicious_username,no_avatar",warned,1
2024-06-01T00:00:00,1234567890,Community Hub,207792684314,lisa_writes,2019-07-22T00:00:00,2020-09-08T00:00:00,1776,1,0.1626180540970344,,none,0
2024-06-01T00:00:00,1234567890,Community Hub,245074407120,real_human_01234,2024-05-29T00:00:00,2024-05-29T00:00:00,3,0,0.7949106186485597,"new_account,no_avatar,rapid_join",flagged,1
2024-06-01T00:00:00,1234567890,Community Hub,942553847927,emma.j,2022-12-26T00:00:00,2023-06-18T00:00:00,523,1,0.1473629371051545,,none,0
2024-06-01T00:00:00,1234567890,Community Hub,371924822936,chef_marco,2023-09-09T00:00:00,2023-09-20T00:00:00,266,1,0.23481129137528206,,none,0
2024-06-01T00:00:00,1234567890,Community Hub,143920149335,xXx_profit_xXx,2024-04-23T00:00:00,2024-04-24T22:00:00,39,0,0.7872302681457939,"suspicious_username,no_avatar",warned,1
2024-06-01T00:00:00,1234567890,Community Hub,623641780695,crypto_king_9999,2024-05-30T00:00:00,2024-05-30T00:00:00,2,0,0.994900004839193,"new_account,no_avatar,rapid_join",flagged,1
2024-06-01T00:00:00,1234567890,Community Hub,147493301552,a8f7d3k9p2,2024-03-24T00:00:00,2024-03-24T00:00:00,69,0,0.7179123351609876,"dormant_bot,pattern_mismatch",flagged,1
2024-06-01T00:00:00,1234567890,Community Hub,997972476683,tradebot_fx,2024-05-31T00:00:00,2024-05-31T00:00:00,1,0,0.7447746403959764,"new_account,no_avatar,rapid_join",flagged,1
2024-06-01T00:00:00,1234567890,Community Hub,739201388988,zz_promo_zz,2024-05-26T00:00:00,2024-05-26T00:00:00,6,0,0.9565968195103146,"new_account,no_avatar,rapid_join",flagged,1
2024-06-01T00:00:00,1234567890,Community Hub,967777404146,1234567890ab,2024-05-26T00:00:00,2024-05-26T00:00:00,6,0,0.7404912906315139,"new_account,no_avatar,rapid_join",flagged,1
2024-06-01T00:00:00,1234567890,Community Hub,968062183765,photo_by_anna,2022-06-01T00:00:00,2023-04-19T00:00:00,731,1,0.00866677261151877,,none,0
2024-06-01T00:00:00,1234567890,Community Hub,909702009473,tradebot_fx,2024-05-09T00:00:00,2024-05-10T12:00:00,23,0,0.5089213100280877,"suspicious_username,no_avatar",warned,1
2024-06-01T00:00:00,1234567890,Community Hub,770183798465,bot_account_7,2024-06-01T00:00:00,2024-06-01T00:00:00,0,0,0.9650144523533204,"new_account,no_avatar,rapid_join",flagged,1
