name,friends,followers,posts,bio,is_verified,has_profile_pic,label
Person 1928,20,49,1,,0,1,1
Chris Martin,1364,50,67,High school teacher | making STEM fun,0,1,0
Bot 9999,17,7,3,Click link below 💰,0,0,1
Maria Garcia,439,137,276,Data scientist | ML researcher,0,1,0
Person 1928,18,131,1,,0,0,1
Earn Fast,26,110,1,,0,0,1
Yuki Tanaka,214,50,704,Blogger | Lifestyle & wellness,0,1,0
User 8374,22,177,5,btc eth airdrop free coins,0,1,1
Cristiano Ronaldo,0,190687946,1760,Iconic musician 🎸 | 40+ years on stage,1,1,0
Account 293,15,84,3,,0,1,1
Ariana Grande,0,35396735,1634,Nobel Peace Prize laureate | Activist,1,1,0
Money Maker,0,59,6,earn $500/day 👇,0,0,1
Profit King,2,47,3,,0,0,1
Maria Garcia,387,149,686,Wildlife photographer based in Kenya,0,1,0
Sarah Jones,1646,50,696,Dog lover 🐾 | Hiking | Books,0,1,0
Yuki Tanaka,1133,189,998,photographer | travel 📷,0,1,0
Yuki Tanaka,1803,50,359,Dance teacher | choreographer,0,1,0
Kim Kardashian,0,82199454,3671,World-renowned chef 👨‍🍳 | Author of 3 cookbooks,1,1,0
Crypto Bob,16,122,5,📈 passive income daily,0,0,1
Investment Guru,26,176,2,,0,1,1
Sarah Jones,1796,50,229,Dog lover 🐾 | Hiking | Books,0,1,0
User 8374,18,142,4,investment advisor DM me,0,0,1
Money Maker,9,103,5,,0,1,1
Free Follower,22,80,5,,0,0,1
Person 1928,18,17,4,NFT investor | crypto tips,0,0,1
Taylor Swift,0,155156823,2972,Grammy-winning artist 🎵 | New album out now,1,1,0
Earn Fast,19,193,4,,0,0,1
Anna Lee,443,172,546,Gaming streamer | Twitch partner 🎮,0,1,0
John Smith,246,50,497,Wildlife photographer based in Kenya,0,1,0
The Rock,0,190726858,2134,Grammy-winning artist 🎵 | New album out now,1,1,0
Yuki Tanaka,1617,50,257,mom of 3 | foodie 🍕,0,1,0
Mike Brown,1906,289,652,High school teacher | making STEM fun,0,1,0
Ahmed Hassan,817,50,426,software engineer @ Google,0,1,0
Yuki Tanaka,1973,50,701,Yoga instructor | wellness coach 🧘,0,1,0
Click Here Now,3,49,5,NFT investor | crypto tips,0,0,1
Mike Brown,303,75,659,News journalist @NYT,0,1,0
Bot 9999,6,160,3,DM me to grow your account fast,0,0,1
Bot 9999,18,30,4,earn $500/day 👇,0,0,1
Profit King,1,84,6,FREE BTC airdrop → link in bio,0,1,1
John Smith,1613,50,706,mom of 3 | foodie 🍕,0,1,0
Selena Gomez,0,87953007,3499,Iconic musician 🎸 | 40+ years on stage,1,1,0
Investment Guru,1,15,4,🔞 link in bio,0,0,1
John Smith,1138,148,950,Marketing professional | keynote speaker,0,1,0
Mike Brown,1254,521,611,Medical student | future doctor 🩺,0,1,0
Crypto Bob,5,36,5,DM me to grow your account fast,0,1,1
Yuki Tanaka,1970,864,121,Nurse practitioner | women's health advocate,0,1,0
Chris Martin,537,50,715,mom of 3 | foodie 🍕,0,1,0
Chris Martin,469,63,184,Chef | Recipe creator 🍳,0,1,0
Kim Kardashian,0,82860979,4964,World-renowned chef 👨‍🍳 | Author of 3 cookbooks,1,1,0
Person 1928,21,113,5,investment advisor DM me,0,1,1
User 8374,23,156,4,DM me to grow your account fast,0,1,1
Sarah Jones,814,50,159,Developer | Open source enthusiast,0,1,0
Real Human 001,20,27,6,Get free followers — click bio link,0,0,1
David Clark,1968,50,355,Musician. Coffee addict. ☕,0,1,0
Anna Lee,204,93,835,Artist | Digital creator ✨,0,1,0
User 8374,16,54,6,crypto signals ✅ 99% win rate,0,0,1
User 8374,4,30,5,follow for follow back,0,0,1
Account 293,1,98,2,DM me to grow your account fast,0,0,1
User 8374,15,110,3,♻️ repost to win $1000,0,0,1
Chris Martin,1822,50,806,software engineer @ Google,0,1,0
Click Here Now,28,169,3,,0,1,1
Lisa White,1169,110,50,Architect | sustainable design,0,1,0
Crypto Bob,3,128,1,NFT investor | crypto tips,0,1,1
User 8374,6,185,6,♻️ repost to win $1000,0,1,1
User 8374,20,56,4,FREE BTC airdrop → link in bio,0,0,1
Person 1928,5,55,1,btc eth airdrop free coins,0,0,1
Ahmed Hassan,237,1551,517,Podcaster | interviewing founders,0,1,0
Profit King,12,66,5,,0,0,1
Cristiano Ronaldo,0,84783136,2857,Grammy-winning artist 🎵 | New album out now,1,1,0
Money Maker,13,8,1,FREE BTC airdrop → link in bio,0,0,1
Account 293,23,18,2,,0,0,1
Anna Lee,708,92,967,Data scientist | ML researcher,0,1,0
Click Here Now,29,135,3,NFT investor | crypto tips,0,0,1
Click Here Now,24,16,6,btc eth airdrop free coins,0,0,1
John Smith,141,69,590,Yoga instructor | wellness coach 🧘,0,1,0
David Clark,825,50,423,Teacher & lifelong learner 📚,0,1,0
Crypto Bob,0,28,3,,0,0,1
Anna Lee,1771,53,850,Dog lover 🐾 | Hiking | Books,0,1,0
Yuki Tanaka,1621,50,29,UX designer @Meta,0,1,0
Person 1928,4,159,0,🔞 link in bio,0,1,1
Ariana Grande,0,186204791,4461,Fashion icon | Creative Director @LuxuryBrand,1,1,0
Priya Sharma,146,605,103,photographer | travel 📷,0,1,0
Free Follower,21,53,7,promo available 📩,0,0,1
Crypto Bob,13,108,7,📈 passive income daily,0,1,1
Click Here Now,18,61,7,DM me to grow your account fast,0,1,1
Click Here Now,28,180,4,btc eth airdrop free coins,0,1,1
Free Follower,25,29,3,promo available 📩,0,0,1
Chris Martin,818,50,108,Artist | Digital creator ✨,0,1,0
Maria Garcia,415,50,668,Environmental activist 🌱,0,1,0
Crypto Bob,25,87,1,📈 passive income daily,0,0,1
Real Human 001,28,1,2,,0,0,1
Real Human 001,1,16,1,promo available 📩,0,0,1
Chris Martin,838,98,847,Musician. Coffee addict. ☕,0,1,0
John Smith,797,50,975,Marketing professional | keynote speaker,0,1,0
Earn Fast,10,43,4,NFT investor | crypto tips,0,0,1
Earn Fast,9,138,6,FREE BTC airdrop → link in bio,0,0,1
Emma Davis,208,138,469,Marketing professional | keynote speaker,0,1,0
Profit King,24,132,1,promo available 📩,0,0,1
Crypto Bob,23,60,3,btc eth airdrop free coins,0,1,1
Investment Guru,11,85,4,btc eth airdrop free coins,0,1,1
Maria Garcia,241,50,136,Developer | Open source enthusiast,0,1,0
Mike Brown,406,50,512,Architect | sustainable design,0,1,0
Emma Davis,745,50,486,software engineer @ Google,0,1,0
Crypto Bob,27,131,1,follow for follow back,0,0,1
Ahmed Hassan,1300,50,794,Dance teacher | choreographer,0,1,0
Priya Sharma,1436,56,205,Dance teacher | choreographer,0,1,0
Mike Brown,352,60,798,Marketing professional | keynote speaker,0,1,0
Yuki Tanaka,621,50,790,UX designer @Meta,0,1,0
Lisa White,1923,50,984,Gaming streamer | Twitch partner 🎮,0,1,0
John Smith,1031,50,863,mom of 3 | foodie 🍕,0,1,0
Sarah Jones,1642,50,74,fitness coach 💪 DM for plans,0,1,0
User 8374,12,125,3,,0,0,1
Bot 9999,2,158,0,btc eth airdrop free coins,0,0,1
User 8374,25,147,6,,0,1,1
Sarah Jones,1015,81,53,Artist | Digital creator ✨,0,1,0
John Smith,1587,56,317,Blogger | Lifestyle & wellness,0,1,0
Profit King,19,22,2,,0,0,1
Yuki Tanaka,1979,815,396,Musician. Coffee addict. ☕,0,1,0
Maria Garcia,65,453,160,software engineer @ Google,0,1,0
User 8374,10,28,0,,0,1,1
Free Follower,13,30,6,📈 passive income daily,0,1,1
User 8374,17,35,7,Click link below 💰,0,0,1
Real Human 001,20,40,3,earn $500/day 👇,0,0,1
Maria Garcia,276,50,75,photographer | travel 📷,0,1,0
Priya Sharma,971,62,114,News journalist @NYT,0,1,0
Click Here Now,5,176,1,,0,1,1
Priya Sharma,1798,50,17,Chef | Recipe creator 🍳,0,1,0
Chris Martin,1773,50,529,UX designer @Meta,0,1,0
Profit King,1,139,2,DM me to grow your account fast,0,0,1
Lisa White,124,50,794,Teacher & lifelong learner 📚,0,1,0
Person 1928,9,24,0,Real estate investor | DM for passive income secrets,0,0,1
Free Follower,13,140,2,,0,0,1
John Smith,1306,50,686,Marketing professional | keynote speaker,0,1,0
Ahmed Hassan,1296,50,510,Freelance illustrator | art prints available,0,1,0
Yuki Tanaka,1547,50,523,Architect | sustainable design,0,1,0
Bot 9999,7,45,0,DM me to grow your account fast,0,0,1
Real Human 001,4,19,0,btc eth airdrop free coins,0,0,1
Crypto Bob,20,37,4,promo available 📩,0,0,1
Earn Fast,23,86,4,,0,1,1
Money Maker,7,62,1,Get free followers — click bio link,0,0,1
Bot 9999,14,68,7,DM me to grow your account fast,0,1,1
Sarah Jones,917,50,693,Architect | sustainable design,0,1,0
Bot 9999,26,197,0,,0,1,1
Ahmed Hassan,183,50,583,Dog lover 🐾 | Hiking | Books,0,1,0
Click Here Now,6,80,7,DM me to grow your account fast,0,1,1
David Clark,1999,50,650,Traveler | 50+ countries visited ✈️,0,1,0
Anna Lee,478,50,75,Retired engineer | amateur astronomer 🔭,0,1,0
Free Follower,12,195,6,,0,0,1
John Smith,1861,50,422,Teacher & lifelong learner 📚,0,1,0
Cristiano Ronaldo,0,127922432,3864,World-renowned chef 👨‍🍳 | Author of 3 cookbooks,1,1,0
Bot 9999,4,156,5,,0,0,1
David Clark,1431,50,618,fitness coach 💪 DM for plans,0,1,0
David Clark,1454,229,490,Wildlife photographer based in Kenya,0,1,0
Account 293,0,100,4,btc eth airdrop free coins,0,0,1
David Clark,1865,50,583,Podcaster | interviewing founders,0,1,0
Cristiano Ronaldo,0,155353419,4431,Oscar-winning director | Production company: @StudioX,1,1,0
Mike Brown,1055,98,758,Data scientist | ML researcher,0,1,0
Profit King,26,197,5,earn $500/day 👇,0,0,1
Yuki Tanaka,1413,689,446,Fashion designer | PR welcome,0,1,0
Account 293,6,56,7,Get free followers — click bio link,0,1,1
Lisa White,836,168,410,photographer | travel 📷,0,1,0
Emma Davis,353,50,326,Chef | Recipe creator 🍳,0,1,0
The Rock,0,158881961,865,Iconic musician 🎸 | 40+ years on stage,1,1,0
Click Here Now,21,136,3,,0,0,1
Earn Fast,5,151,4,,0,1,1
Real Human 001,8,112,4,earn $500/day 👇,0,1,1
User 8374,12,82,7,earn $500/day 👇,0,1,1
Free Follower,9,140,6,,0,0,1
Sarah Jones,1641,50,852,Medical student | future doctor 🩺,0,1,0
Investment Guru,16,44,7,investment advisor DM me,0,0,1
Person 1928,12,102,5,,0,0,1
Maria Garcia,705,50,128,Artist | Digital creator ✨,0,1,0
Bot 9999,4,41,7,earn $500/day 👇,0,1,1
Earn Fast,20,62,5,DM me to grow your account fast,0,0,1
Sarah Jones,1412,80,43,Marketing professional | keynote speaker,0,1,0
Profit King,4,96,1,,0,1,1
Ahmed Hassan,790,50,942,Freelance illustrator | art prints available,0,1,0
Bot 9999,24,123,2,📈 passive income daily,0,0,1
John Smith,210,50,775,Musician. Coffee addict. ☕,0,1,0
Person 1928,4,44,2,NFT investor | crypto tips,0,0,1
Person 1928,25,126,6,investment advisor DM me,0,0,1
John Smith,388,53,44,Traveler | 50+ countries visited ✈️,0,1,0
Real Human 001,1,63,7,FREE BTC airdrop → link in bio,0,1,1
Profit King,4,182,6,,0,1,1
Chris Martin,235,194,410,Environmental activist 🌱,0,1,0
Ahmed Hassan,1056,333,907,Data scientist | ML researcher,0,1,0
Free Follower,8,141,6,Click link below 💰,0,0,1
Real Human 001,22,185,5,Get free followers — click bio link,0,0,1
Free Follower,24,193,5,btc eth airdrop free coins,0,0,1
Bot 9999,13,81,3,Real estate investor | DM for passive income secrets,0,1,1
Ahmed Hassan,57,118,608,Chef | Recipe creator 🍳,0,1,0
Priya Sharma,1571,159,983,software engineer @ Google,0,1,0
Person 1928,5,52,2,🔞 link in bio,0,0,1
Lisa White,1491,50,504,Traveler | 50+ countries visited ✈️,0,1,0
Taylor Swift,0,128449777,855,Fashion icon | Creative Director @LuxuryBrand,1,1,0
Anna Lee,1006,312,488,Environmental activist 🌱,0,1,0
Person 1928,28,117,2,📈 passive income daily,0,1,1
David Clark,1973,50,104,Medical student | future doctor 🩺,0,1,0
Yuki Tanaka,566,50,580,fitness coach 💪 DM for plans,0,1,0
Earn Fast,9,50,6,,0,0,1
Account 293,15,191,0,investment advisor DM me,0,0,1
David Clark,1076,85,686,Podcaster | interviewing founders,0,1,0
Kim Kardashian,0,108544589,1864,Professional athlete | Team captain | Brand ambassador,1,1,0
John Smith,869,50,790,Environmental activist 🌱,0,1,0
Emma Davis,789,50,709,Medical student | future doctor 🩺,0,1,0
Yuki Tanaka,60,323,690,Chef | Recipe creator 🍳,0,1,0
Person 1928,12,158,6,btc eth airdrop free coins,0,0,1
Person 1928,2,170,1,,0,0,1
Account 293,21,96,4,crypto signals ✅ 99% win rate,0,0,1
Cristiano Ronaldo,0,120957746,752,Grammy-winning artist 🎵 | New album out now,1,1,0
Crypto Bob,24,17,3,DM me to grow your account fast,0,0,1
Selena Gomez,0,121286961,3201,Professional athlete | Team captain | Brand ambassador,1,1,0
Maria Garcia,1534,616,589,Environmental activist 🌱,0,1,0
Selena Gomez,0,99926497,901,World-renowned chef 👨‍🍳 | Author of 3 cookbooks,1,1,0
Lisa White,1922,50,380,Traveler | 50+ countries visited ✈️,0,1,0
Earn Fast,19,9,1,investment advisor DM me,0,0,1
Person 1928,20,49,0,Click link below 💰,0,0,1
Lisa White,529,195,430,mom of 3 | foodie 🍕,0,1,0
Emma Davis,1320,136,248,photographer | travel 📷,0,1,0
Person 1928,22,71,6,investment advisor DM me,0,1,1
Yuki Tanaka,1151,50,69,News journalist @NYT,0,1,0
Taylor Swift,0,61300736,2113,Professional athlete | Team captain | Brand ambassador,1,1,0
Maria Garcia,1350,171,127,Traveler | 50+ countries visited ✈️,0,1,0
Money Maker,24,85,6,DM me to grow your account fast,0,0,1
User 8374,22,77,3,NFT investor | crypto tips,0,1,1
User 8374,1,122,3,Get free followers — click bio link,0,0,1
John Smith,1817,50,112,Freelance illustrator | art prints available,0,1,0
Ariana Grande,0,64079746,573,Official account. For business: manager@agency.com,1,1,0
Money Maker,9,94,3,📈 passive income daily,0,1,1
Sarah Jones,732,377,523,Developer | Open source enthusiast,0,1,0
Earn Fast,17,198,1,,0,0,1
Lisa White,145,337,915,Retired engineer | amateur astronomer 🔭,0,1,0
User 8374,3,174,7,Real estate investor | DM for passive income secrets,0,0,1
Person 1928,7,176,3,DM me to grow your account fast,0,1,1
User 8374,21,11,5,FREE BTC airdrop → link in bio,0,1,1
Ahmed Hassan,202,50,431,Blogger | Lifestyle & wellness,0,1,0
Free Follower,17,146,6,follow for follow back,0,0,1
Maria Garcia,847,85,458,News journalist @NYT,0,1,0
Profit King,1,83,7,♻️ repost to win $1000,0,1,1
Maria Garcia,503,168,699,Nurse practitioner | women's health advocate,0,1,0
Lisa White,163,50,293,Architect | sustainable design,0,1,0
Free Follower,9,40,3,btc eth airdrop free coins,0,1,1
Yuki Tanaka,1110,50,387,photographer | travel 📷,0,1,0
Yuki Tanaka,1272,59,670,Podcaster | interviewing founders,0,1,0
Click Here Now,17,41,1,,0,0,1
Cristiano Ronaldo,0,158939786,3636,World-renowned chef 👨‍🍳 | Author of 3 cookbooks,1,1,0
Sarah Jones,1604,69,100,Chef | Recipe creator 🍳,0,1,0
Click Here Now,8,130,6,follow for follow back,0,0,1
John Smith,1060,50,899,photographer | travel 📷,0,1,0
Person 1928,5,158,3,🔞 link in bio,0,0,1
Profit King,0,166,7,📈 passive income daily,0,0,1
David Clark,1568,50,86,Medical student | future doctor 🩺,0,1,0
Earn Fast,18,56,3,investment advisor DM me,0,1,1
Priya Sharma,1571,50,654,UX designer @Meta,0,1,0
Money Maker,15,147,7,promo available 📩,0,0,1
Bot 9999,12,184,0,earn $500/day 👇,0,1,1
Mike Brown,569,183,935,Blogger | Lifestyle & wellness,0,1,0
Yuki Tanaka,1935,91,689,Chef | Recipe creator 🍳,0,1,0
Bot 9999,27,144,6,NFT investor | crypto tips,0,0,1
Real Human 001,16,175,5,FREE BTC airdrop → link in bio,0,0,1
Kim Kardashian,0,109186545,4806,CEO @Fortune500 | Author | Speaker,1,1,0
Free Follower,6,6,4,Real estate investor | DM for passive income secrets,0,0,1
Kim Kardashian,0,24307754,1733,Oscar-winning director | Production company: @StudioX,1,1,0
Click Here Now,18,108,4,Real estate investor | DM for passive income secrets,0,0,1
Bot 9999,19,123,4,btc eth airdrop free coins,0,1,1
Profit King,29,108,2,NFT investor | crypto tips,0,0,1
Yuki Tanaka,1815,68,15,Traveler | 50+ countries visited ✈️,0,1,0
Kim Kardashian,0,132032896,3771,World #1 tennis player 🎾 | Foundation: @AidFundation,1,1,0
John Smith,1215,68,821,photographer | travel 📷,0,1,0
Money Maker,28,72,3,crypto signals ✅ 99% win rate,0,1,1
Investment Guru,3,28,2,FREE BTC airdrop → link in bio,0,1,1
Real Human 001,7,33,1,,0,1,1
Mike Brown,252,92,478,Marketing professional | keynote speaker,0,1,0
Money Maker,14,167,6,,0,0,1
Person 1928,24,162,0,🔞 link in bio,0,0,1
Investment Guru,7,193,0,♻️ repost to win $1000,0,1,1
Priya Sharma,292,69,897,Traveler | 50+ countries visited ✈️,0,1,0
Mike Brown,202,50,514,photographer | travel 📷,0,1,0
Free Follower,13,118,6,DM me to grow your account fast,0,1,1
John Smith,578,177,457,software engineer @ Google,0,1,0
Earn Fast,27,149,5,DM me to grow your account fast,0,1,1
Real Human 001,22,87,4,investment advisor DM me,0,1,1
Emma Davis,1282,150,936,Environmental activist 🌱,0,1,0
Click Here Now,21,114,2,,0,0,1
Real Human 001,24,59,6,,0,1,1
Cristiano Ronaldo,0,173809508,4184,Oscar-winning director | Production company: @StudioX,1,1,0
Mike Brown,1858,50,560,Fashion designer | PR welcome,0,1,0
Money Maker,8,183,6,,0,0,1
Ariana Grande,0,114289840,4066,Hollywood actor | Upcoming: Summer Blockbuster 2025,1,1,0
Cristiano Ronaldo,0,98177031,989,Fashion icon | Creative Director @LuxuryBrand,1,1,0
Money Maker,15,81,0,,0,1,1
Bot 9999,27,130,7,🔞 link in bio,0,0,1
User 8374,18,74,7,investment advisor DM me,0,1,1
Click Here Now,29,154,6,,0,1,1
Priya Sharma,1073,240,152,Medical student | future doctor 🩺,0,1,0
Mike Brown,372,50,986,UX designer @Meta,0,1,0
Taylor Swift,0,12625100,957,Oscar-winning director | Production company: @StudioX,1,1,0
Profit King,0,162,7,crypto signals ✅ 99% win rate,0,1,1
Bot 9999,11,167,4,📈 passive income daily,0,0,1
Anna Lee,1007,92,353,Medical student | future doctor 🩺,0,1,0
Mike Brown,273,52,150,News journalist @NYT,0,1,0
Taylor Swift,0,153068973,3820,Fashion icon | Creative Director @LuxuryBrand,1,1,0
Free Follower,20,31,7,♻️ repost to win $1000,0,1,1
Earn Fast,15,125,7,DM me to grow your account fast,0,0,1
Lisa White,437,50,84,software engineer @ Google,0,1,0
Earn Fast,9,196,0,promo available 📩,0,1,1
Account 293,23,81,2,,0,1,1
Profit King,5,185,6,earn $500/day 👇,0,1,1
Priya Sharma,1391,186,805,Gaming streamer | Twitch partner 🎮,0,1,0
Cristiano Ronaldo,0,13967506,2889,International supermodel | Agency: IMG Models,1,1,0
Bot 9999,5,192,1,promo available 📩,0,0,1
Click Here Now,10,133,5,NFT investor | crypto tips,0,1,1
Earn Fast,11,91,4,,0,0,1
John Smith,590,50,124,Traveler | 50+ countries visited ✈️,0,1,0
Free Follower,12,94,3,follow for follow back,0,1,1
Priya Sharma,1545,50,27,Freelance illustrator | art prints available,0,1,0
Click Here Now,25,146,7,,0,0,1
Real Human 001,5,199,5,📈 passive income daily,0,0,1
Click Here Now,24,35,0,investment advisor DM me,0,1,1
Money Maker,2,24,4,crypto signals ✅ 99% win rate,0,1,1
Selena Gomez,0,51408126,1368,World #1 tennis player 🎾 | Foundation: @AidFundation,1,1,0
Investment Guru,25,155,2,DM me to grow your account fast,0,0,1
The Rock,0,141477450,2519,World #1 tennis player 🎾 | Foundation: @AidFundation,1,1,0
Emma Davis,310,50,956,Retired engineer | amateur astronomer 🔭,0,1,0
Sarah Jones,473,66,61,Artist | Digital creator ✨,0,1,0
David Clark,1091,50,784,software engineer @ Google,0,1,0
Investment Guru,1,159,2,follow for follow back,0,0,1
David Clark,1295,50,768,photographer | travel 📷,0,1,0
Investment Guru,18,52,0,Click link below 💰,0,0,1
Anna Lee,1638,124,255,Environmental activist 🌱,0,1,0
Priya Sharma,729,50,897,Yoga instructor | wellness coach 🧘,0,1,0
David Clark,402,80,680,Traveler | 50+ countries visited ✈️,0,1,0
Click Here Now,8,153,4,,0,0,1
Yuki Tanaka,1365,125,650,Fashion designer | PR welcome,0,1,0
Sarah Jones,1041,563,434,photographer | travel 📷,0,1,0
User 8374,7,59,5,♻️ repost to win $1000,0,1,1
David Clark,1256,156,141,Teacher & lifelong learner 📚,0,1,0
Taylor Swift,0,12866553,1884,Official account. For business: manager@agency.com,1,1,0
Money Maker,27,107,0,follow for follow back,0,1,1
Free Follower,19,166,3,,0,1,1
Person 1928,11,51,7,follow for follow back,0,0,1
John Smith,1454,50,551,UX designer @Meta,0,1,0
Free Follower,3,133,1,promo available 📩,0,1,1
Sarah Jones,1796,490,788,News journalist @NYT,0,1,0
Anna Lee,1428,50,665,Musician. Coffee addict. ☕,0,1,0
Crypto Bob,17,178,5,DM me to grow your account fast,0,0,1
Anna Lee,576,102,37,Yoga instructor | wellness coach 🧘,0,1,0
Real Human 001,12,115,4,🔞 link in bio,0,0,1
Free Follower,21,85,3,♻️ repost to win $1000,0,0,1
David Clark,370,68,637,software engineer @ Google,0,1,0
Selena Gomez,0,166893867,3752,Hollywood actor | Upcoming: Summer Blockbuster 2025,1,1,0
Anna Lee,1738,50,12,photographer | travel 📷,0,1,0
Money Maker,2,161,5,follow for follow back,0,0,1
Account 293,24,79,2,📈 passive income daily,0,0,1
Cristiano Ronaldo,0,174829981,4554,Iconic musician 🎸 | 40+ years on stage,1,1,0
Ahmed Hassan,1145,50,535,Marketing professional | keynote speaker,0,1,0
User 8374,27,34,6,NFT investor | crypto tips,0,0,1
Real Human 001,24,196,3,,0,0,1
Click Here Now,24,16,3,Real estate investor | DM for passive income secrets,0,0,1
Free Follower,20,11,3,,0,1,1
Priya Sharma,1503,259,742,Blogger | Lifestyle & wellness,0,1,0
Priya Sharma,1515,56,203,Marketing professional | keynote speaker,0,1,0
Emma Davis,1480,50,60,Artist | Digital creator ✨,0,1,0
Ariana Grande,0,103485585,2651,Hollywood actor | Upcoming: Summer Blockbuster 2025,1,1,0
Emma Davis,259,242,714,UX designer @Meta,0,1,0
Yuki Tanaka,1770,87,893,Musician. Coffee addict. ☕,0,1,0
User 8374,14,84,4,,0,1,1
Sarah Jones,1650,50,656,Freelance illustrator | art prints available,0,1,0
Crypto Bob,3,161,4,,0,0,1
Lisa White,402,81,63,Podcaster | interviewing founders,0,1,0
Crypto Bob,26,101,7,Click link below 💰,0,0,1
Earn Fast,0,137,3,,0,0,1
Kim Kardashian,0,48272588,2974,Oscar-winning director | Production company: @StudioX,1,1,0
Profit King,26,194,4,,0,1,1
Earn Fast,15,155,0,🔞 link in bio,0,1,1
Investment Guru,2,80,5,Get free followers — click bio link,0,1,1
Ahmed Hassan,1295,173,704,fitness coach 💪 DM for plans,0,1,0
User 8374,1,42,0,♻️ repost to win $1000,0,1,1
Account 293,16,165,2,,0,1,1
User 8374,24,168,2,DM me to grow your account fast,0,1,1
Investment Guru,16,101,7,,0,1,1
Yuki Tanaka,1226,56,914,Entrepreneur | Founder @startup,0,1,0
Mike Brown,1355,159,103,UX designer @Meta,0,1,0
Real Human 001,24,87,6,NFT investor | crypto tips,0,0,1
Person 1928,4,120,0,FREE BTC airdrop → link in bio,0,1,1
Priya Sharma,346,278,66,Fashion designer | PR welcome,0,1,0
Priya Sharma,1711,50,201,Dance teacher | choreographer,0,1,0
Investment Guru,23,70,0,,0,0,1
Priya Sharma,1852,50,791,Fashion designer | PR welcome,0,1,0
Profit King,23,129,0,btc eth airdrop free coins,0,0,1
Real Human 001,10,177,6,crypto signals ✅ 99% win rate,0,0,1
Account 293,18,39,7,Click link below 💰,0,0,1
David Clark,1515,55,45,Podcaster | interviewing founders,0,1,0
David Clark,538,54,620,Nurse practitioner | women's health advocate,0,1,0
Mike Brown,1947,50,620,Blogger | Lifestyle & wellness,0,1,0
John Smith,922,87,529,Environmental activist 🌱,0,1,0
Real Human 001,5,193,7,♻️ repost to win $1000,0,1,1
Investment Guru,22,53,0,earn $500/day 👇,0,0,1
Anna Lee,296,92,742,Musician. Coffee addict. ☕,0,1,0
Chris Martin,871,50,431,High school teacher | making STEM fun,1,1,0
Mike Brown,1001,199,90,fitness coach 💪 DM for plans,0,1,0
David Clark,526,645,312,Data scientist | ML researcher,0,1,0
Chris Martin,362,194,447,Retired engineer | amateur astronomer 🔭,0,1,0
Emma Davis,207,193,263,Environmental activist 🌱,0,1,0
Chris Martin,270,55,976,Medical student | future doctor 🩺,1,1,0
User 8374,19,180,6,earn $500/day 👇,0,0,1
Crypto Bob,10,199,2,earn $500/day 👇,0,0,1
David Clark,945,56,389,fitness coach 💪 DM for plans,0,1,0
Earn Fast,7,179,6,,0,0,1
Money Maker,28,102,1,,0,1,1
Lisa White,1181,95,835,UX designer @Meta,0,1,0
Yuki Tanaka,1110,302,742,Developer | Open source enthusiast,0,1,0
Click Here Now,5,151,2,crypto signals ✅ 99% win rate,0,0,1
Yuki Tanaka,1544,50,909,Yoga instructor | wellness coach 🧘,0,1,0
Taylor Swift,0,11085645,4831,International supermodel | Agency: IMG Models,1,1,0
Bot 9999,7,43,4,,0,0,1
David Clark,255,50,261,High school teacher | making STEM fun,0,1,0
Kim Kardashian,0,103804551,3886,Official account. For business: manager@agency.com,1,1,0
Selena Gomez,0,133214073,1473,Official account. For business: manager@agency.com,1,1,0
Bot 9999,6,169,7,follow for follow back,0,0,1
Lisa White,1547,50,69,Architect | sustainable design,0,1,0
Priya Sharma,1160,50,944,Blogger | Lifestyle & wellness,0,1,0
Free Follower,8,184,1,earn $500/day 👇,0,0,1
Chris Martin,715,50,704,Gaming streamer | Twitch partner 🎮,0,1,0
User 8374,16,193,7,,0,1,1
Real Human 001,19,159,4,♻️ repost to win $1000,0,1,1
Money Maker,15,154,6,,0,0,1
Click Here Now,9,195,0,Real estate investor | DM for passive income secrets,0,0,1
Person 1928,16,134,6,FREE BTC airdrop → link in bio,0,1,1
Profit King,17,165,1,crypto signals ✅ 99% win rate,0,0,1
David Clark,1041,384,816,Environmental activist 🌱,0,1,0
Free Follower,20,116,0,investment advisor DM me,0,0,1
Crypto Bob,22,122,0,,0,0,1
Chris Martin,67,50,239,News journalist @NYT,0,1,0
Crypto Bob,10,81,0,crypto signals ✅ 99% win rate,0,0,1
Bot 9999,7,0,4,Real estate investor | DM for passive income secrets,0,0,1
Account 293,2,159,1,,0,0,1
Yuki Tanaka,660,50,918,Nurse practitioner | women's health advocate,0,1,0
Ahmed Hassan,742,50,364,Musician. Coffee addict. ☕,0,1,0
Free Follower,3,138,2,NFT investor | crypto tips,0,1,1
Mike Brown,395,50,170,Podcaster | interviewing founders,0,1,0
Ariana Grande,0,46601459,649,Nobel Peace Prize laureate | Activist,1,1,0
Money Maker,29,150,4,crypto signals ✅ 99% win rate,0,0,1
John Smith,1973,50,521,fitness coach 💪 DM for plans,0,1,0
Crypto Bob,11,51,6,promo available 📩,0,0,1
John Smith,1974,418,434,Chef | Recipe creator 🍳,0,1,0
Maria Garcia,1888,98,970,fitness coach 💪 DM for plans,0,1,0
Earn Fast,12,4,1,,0,0,1
Anna Lee,1512,50,430,Entrepreneur | Founder @startup,0,1,0
Profit King,29,174,3,btc eth airdrop free coins,0,0,1
Kim Kardashian,0,80708596,1469,Iconic musician 🎸 | 40+ years on stage,1,1,0
Crypto Bob,4,30,2,📈 passive income daily,0,1,1
The Rock,0,99677577,3780,Official account. For business: manager@agency.com,1,1,0
User 8374,23,147,6,,0,1,1
User 8374,6,190,0,,0,0,1
Free Follower,7,65,7,,0,0,1
Yuki Tanaka,695,50,648,Dog lover 🐾 | Hiking | Books,0,1,0
Money Maker,25,144,6,DM me to grow your account fast,0,0,1
Money Maker,23,155,1,btc eth airdrop free coins,0,0,1
Lisa White,123,216,696,News journalist @NYT,0,1,0
David Clark,869,50,426,Nurse practitioner | women's health advocate,0,1,0
Mike Brown,907,50,222,Fashion designer | PR welcome,0,1,0
Mike Brown,1609,87,59,Dance teacher | choreographer,0,1,0
Investment Guru,21,20,4,🔞 link in bio,0,1,1
David Clark,1926,146,24,Marketing professional | keynote speaker,0,1,0
David Clark,1491,102,286,Musician. Coffee addict. ☕,0,1,0
The Rock,0,144427389,2141,Iconic musician 🎸 | 40+ years on stage,1,1,0
David Clark,1181,106,706,Chef | Recipe creator 🍳,0,1,0
Ahmed Hassan,1186,50,707,UX designer @Meta,0,1,0
Anna Lee,139,972,915,News journalist @NYT,0,1,0
Chris Martin,600,50,576,Environmental activist 🌱,0,1,0
Mike Brown,195,50,759,Blogger | Lifestyle & wellness,0,1,0
Yuki Tanaka,630,50,850,Nurse practitioner | women's health advocate,0,1,0
Account 293,19,184,1,Real estate investor | DM for passive income secrets,0,0,1
Free Follower,24,50,4,NFT investor | crypto tips,0,0,1
Priya Sharma,901,115,72,fitness coach 💪 DM for plans,0,1,0
Ahmed Hassan,122,50,885,Medical student | future doctor 🩺,0,1,0
Maria Garcia,645,137,577,Artist | Digital creator ✨,0,1,0
Emma Davis,1872,83,767,software engineer @ Google,0,1,0
Crypto Bob,10,112,5,follow for follow back,0,0,1
Earn Fast,17,165,6,🔞 link in bio,0,0,1
Investment Guru,12,95,5,FREE BTC airdrop → link in bio,0,0,1
David Clark,1357,83,857,Developer | Open source enthusiast,0,1,0
Chris Martin,269,50,298,fitness coach 💪 DM for plans,0,1,0
User 8374,3,62,5,,0,0,1
Free Follower,9,1,5,♻️ repost to win $1000,0,0,1
Sarah Jones,1049,264,693,Environmental activist 🌱,0,1,0
Ahmed Hassan,1658,99,885,Artist | Digital creator ✨,0,1,0
Sarah Jones,1840,50,410,Chef | Recipe creator 🍳,0,1,0
Priya Sharma,1029,50,693,Marketing professional | keynote speaker,0,1,0
Investment Guru,27,188,6,♻️ repost to win $1000,0,1,1
Emma Davis,769,309,602,Freelance illustrator | art prints available,0,1,0
Account 293,29,178,1,DM me to grow your account fast,0,0,1
Lisa White,1991,50,476,Wildlife photographer based in Kenya,1,1,0
Priya Sharma,620,50,645,Teacher & lifelong learner 📚,0,1,0
Chris Martin,1195,50,424,Nurse practitioner | women's health advocate,0,1,0
Click Here Now,26,180,0,,0,1,1
Maria Garcia,943,197,312,Chef | Recipe creator 🍳,0,1,0
Person 1928,3,25,6,,0,1,1
Mike Brown,150,50,351,Dog lover 🐾 | Hiking | Books,0,1,0
Crypto Bob,8,184,5,crypto signals ✅ 99% win rate,0,0,1
Mike Brown,560,212,61,Chef | Recipe creator 🍳,0,1,0
Emma Davis,624,50,536,Architect | sustainable design,0,1,0
Money Maker,10,119,1,♻️ repost to win $1000,0,0,1
Free Follower,22,129,3,crypto signals ✅ 99% win rate,0,1,1
Free Follower,13,190,0,,0,1,1
Account 293,7,91,7,promo available 📩,0,1,1
Taylor Swift,0,176372169,2122,Professional athlete | Team captain | Brand ambassador,1,1,0
Person 1928,5,21,0,btc eth airdrop free coins,0,1,1
Bot 9999,6,49,7,Get free followers — click bio link,0,1,1
Cristiano Ronaldo,0,51194287,4883,Grammy-winning artist 🎵 | New album out now,1,1,0
Yuki Tanaka,998,50,713,Chef | Recipe creator 🍳,0,1,0
Priya Sharma,825,50,719,Teacher & lifelong learner 📚,0,1,0
Click Here Now,27,30,4,Get free followers — click bio link,0,1,1
Free Follower,23,58,7,btc eth airdrop free coins,0,0,1
Real Human 001,9,188,1,,0,0,1
Maria Garcia,644,57,600,Artist | Digital creator ✨,0,1,0
Chris Martin,109,67,765,software engineer @ Google,0,1,0
Real Human 001,9,58,2,♻️ repost to win $1000,0,1,1
Investment Guru,21,183,7,Get free followers — click bio link,0,1,1
Profit King,25,179,3,FREE BTC airdrop → link in bio,0,0,1
Emma Davis,1948,50,257,Yoga instructor | wellness coach 🧘,0,1,0
Click Here Now,4,108,5,Get free followers — click bio link,0,0,1
John Smith,1789,98,957,UX designer @Meta,0,1,0
Ahmed Hassan,1678,50,85,Dance teacher | choreographer,0,1,0
Maria Garcia,774,50,978,Yoga instructor | wellness coach 🧘,0,1,0
Priya Sharma,295,82,677,UX designer @Meta,0,1,0
Yuki Tanaka,882,58,242,Entrepreneur | Founder @startup,0,1,0
Priya Sharma,291,61,480,Artist | Digital creator ✨,1,1,0
User 8374,4,57,6,,0,0,1
User 8374,11,137,3,📈 passive income daily,0,0,1
Account 293,3,66,5,DM me to grow your account fast,0,0,1
Cristiano Ronaldo,0,52457540,2972,Nobel Peace Prize laureate | Activist,1,1,0
David Clark,1906,67,369,software engineer @ Google,0,1,0
John Smith,710,71,602,Gaming streamer | Twitch partner 🎮,0,1,0
Real Human 001,20,13,6,investment advisor DM me,0,1,1
Click Here Now,1,176,3,,0,0,1
Chris Martin,944,50,717,Marketing professional | keynote speaker,0,1,0
Ahmed Hassan,1357,50,523,Marketing professional | keynote speaker,1,1,0
Real Human 001,12,130,5,Real estate investor | DM for passive income secrets,0,0,1
Cristiano Ronaldo,0,138957199,3487,Grammy-winning artist 🎵 | New album out now,1,1,0
Bot 9999,25,46,6,,0,1,1
Click Here Now,19,169,1,📈 passive income daily,0,1,1
Person 1928,3,115,4,♻️ repost to win $1000,0,1,1
Bot 9999,21,66,4,NFT investor | crypto tips,0,1,1
Emma Davis,618,50,551,Musician. Coffee addict. ☕,0,1,0
David Clark,1006,50,173,Teacher & lifelong learner 📚,0,1,0
User 8374,4,102,1,follow for follow back,0,1,1
Person 1928,15,78,4,,0,1,1
Person 1928,5,11,5,crypto signals ✅ 99% win rate,0,1,1
Ahmed Hassan,1133,50,82,High school teacher | making STEM fun,0,1,0
Cristiano Ronaldo,0,103393679,1247,Grammy-winning artist 🎵 | New album out now,1,1,0
Ahmed Hassan,242,375,700,Musician. Coffee addict. ☕,0,1,0
Free Follower,4,147,5,earn $500/day 👇,0,1,1
Kim Kardashian,0,83522008,601,Oscar-winning director | Production company: @StudioX,1,1,0
Money Maker,5,181,3,,0,0,1
Earn Fast,22,22,7,Click link below 💰,0,0,1
Money Maker,29,133,2,NFT investor | crypto tips,0,1,1
The Rock,0,144400003,715,Professional athlete | Team captain | Brand ambassador,1,1,0
Crypto Bob,2,106,4,investment advisor DM me,0,0,1
Maria Garcia,906,50,196,Dog lover 🐾 | Hiking | Books,0,1,0
User 8374,28,150,2,Get free followers — click bio link,0,0,1
Yuki Tanaka,570,97,647,Marketing professional | keynote speaker,0,1,0
Lisa White,1870,192,230,Musician. Coffee addict. ☕,1,1,0
Mike Brown,273,54,301,Fashion designer | PR welcome,0,1,0
Earn Fast,3,39,5,investment advisor DM me,0,0,1
Investment Guru,24,103,5,btc eth airdrop free coins,0,0,1
Ahmed Hassan,1827,68,773,News journalist @NYT,0,1,0
Bot 9999,14,22,0,Real estate investor | DM for passive income secrets,0,0,1
Ariana Grande,0,77037661,1909,CEO @Fortune500 | Author | Speaker,1,1,0
Free Follower,7,52,7,📈 passive income daily,0,1,1
Free Follower,9,193,7,,0,0,1
User 8374,12,112,5,Click link below 💰,0,1,1
Person 1928,14,77,3,earn $500/day 👇,0,0,1
Lisa White,1982,50,265,software engineer @ Google,1,1,0
Account 293,17,111,1,FREE BTC airdrop → link in bio,0,0,1
Sarah Jones,162,58,36,Blogger | Lifestyle & wellness,0,1,0
Person 1928,11,166,7,btc eth airdrop free coins,0,0,1
Earn Fast,11,12,6,📈 passive income daily,0,0,1
Real Human 001,14,154,2,♻️ repost to win $1000,0,0,1
Profit King,28,31,2,Get free followers — click bio link,0,0,1
Free Follower,29,185,6,earn $500/day 👇,0,0,1
User 8374,17,113,7,follow for follow back,0,1,1
Anna Lee,1710,50,917,Podcaster | interviewing founders,0,1,0
Ahmed Hassan,1165,57,645,High school teacher | making STEM fun,0,1,0
Mike Brown,1786,50,506,Medical student | future doctor 🩺,0,1,0
Bot 9999,5,176,3,,0,0,1
Crypto Bob,21,17,4,,0,0,1
John Smith,310,76,257,photographer | travel 📷,0,1,0
Chris Martin,706,50,45,Blogger | Lifestyle & wellness,0,1,0
Earn Fast,21,7,4,,0,0,1
Anna Lee,1939,50,792,Yoga instructor | wellness coach 🧘,0,1,0
Free Follower,14,136,5,promo available 📩,0,0,1
Click Here Now,2,91,6,crypto signals ✅ 99% win rate,0,0,1
Money Maker,12,64,6,,0,0,1
Kim Kardashian,0,111525861,2639,World #1 tennis player 🎾 | Foundation: @AidFundation,1,1,0
Bot 9999,11,159,4,,0,0,1
Person 1928,4,77,1,,0,0,1
Yuki Tanaka,1352,50,368,Developer | Open source enthusiast,0,1,0
Anna Lee,138,230,740,Marketing professional | keynote speaker,0,1,0
Sarah Jones,364,50,775,Chef | Recipe creator 🍳,0,1,0
David Clark,1919,50,577,Medical student | future doctor 🩺,0,1,0
Yuki Tanaka,723,194,656,Teacher & lifelong learner 📚,0,1,0
Crypto Bob,25,118,4,,0,0,1
Money Maker,9,193,6,Get free followers — click bio link,0,0,1
Profit King,23,84,2,Click link below 💰,0,0,1
Person 1928,1,46,0,btc eth airdrop free coins,0,0,1
Earn Fast,26,22,7,♻️ repost to win $1000,0,1,1
Priya Sharma,178,435,64,Traveler | 50+ countries visited ✈️,0,1,0
Click Here Now,24,126,5,FREE BTC airdrop → link in bio,0,1,1
Real Human 001,14,180,6,promo available 📩,0,1,1
Sarah Jones,945,50,832,News journalist @NYT,0,1,0
David Clark,730,67,455,Medical student | future doctor 🩺,0,1,0
Click Here Now,12,108,3,Real estate investor | DM for passive income secrets,0,0,1
Earn Fast,5,105,6,,0,1,1
Free Follower,26,178,7,,0,0,1
Click Here Now,3,194,7,DM me to grow your account fast,0,0,1
User 8374,15,156,1,FREE BTC airdrop → link in bio,0,0,1
Sarah Jones,1018,50,986,Fashion designer | PR welcome,0,1,0
David Clark,50,50,610,Dog lover 🐾 | Hiking | Books,0,1,0
User 8374,6,20,3,NFT investor | crypto tips,0,0,1
Earn Fast,6,85,2,promo available 📩,0,0,1
Lisa White,1583,200,116,UX designer @Meta,0,1,0
John Smith,1342,50,998,photographer | travel 📷,0,1,0
Earn Fast,29,58,3,,0,1,1
Real Human 001,7,168,2,NFT investor | crypto tips,0,0,1
Profit King,27,190,7,FREE BTC airdrop → link in bio,0,1,1
Real Human 001,15,44,5,♻️ repost to win $1000,0,0,1
Emma Davis,932,82,382,Dance teacher | choreographer,0,1,0
Person 1928,27,54,5,,0,0,1
Chris Martin,122,151,483,Retired engineer | amateur astronomer 🔭,0,1,0
Click Here Now,20,32,1,,0,1,1
Ahmed Hassan,899,50,800,Wildlife photographer based in Kenya,0,1,0
Account 293,24,46,4,♻️ repost to win $1000,0,1,1
Yuki Tanaka,1460,89,170,Musician. Coffee addict. ☕,0,1,0
Emma Davis,1330,111,444,Nurse practitioner | women's health advocate,0,1,0
Money Maker,3,62,4,Real estate investor | DM for passive income secrets,0,1,1
Earn Fast,6,112,5,,0,0,1
Priya Sharma,1082,229,454,Dog lover 🐾 | Hiking | Books,0,1,0
Profit King,1,46,1,promo available 📩,0,1,1
Person 1928,16,3,0,Get free followers — click bio link,0,1,1
Taylor Swift,0,25658442,3466,Nobel Peace Prize laureate | Activist,1,1,0
Anna Lee,124,50,705,Environmental activist 🌱,0,1,0
Earn Fast,6,39,6,🔞 link in bio,0,1,1
Account 293,29,77,0,📈 passive income daily,0,1,1
Bot 9999,14,189,4,,0,1,1
Emma Davis,814,188,184,photographer | travel 📷,0,1,0
Lisa White,313,50,512,Artist | Digital creator ✨,0,1,0
Earn Fast,27,39,0,DM me to grow your account fast,0,1,1
User 8374,15,175,5,earn $500/day 👇,0,0,1
Click Here Now,8,86,5,,0,0,1
Real Human 001,10,14,0,,0,1,1
Investment Guru,8,130,0,NFT investor | crypto tips,0,1,1
Account 293,4,132,3,investment advisor DM me,0,1,1
Real Human 001,25,185,5,,0,0,1
Ariana Grande,0,94148410,3667,Hollywood actor | Upcoming: Summer Blockbuster 2025,1,1,0
User 8374,8,17,5,DM me to grow your account fast,0,0,1
Bot 9999,14,27,5,NFT investor | crypto tips,0,0,1
John Smith,623,50,728,UX designer @Meta,0,1,0
Yuki Tanaka,124,50,317,Entrepreneur | Founder @startup,0,1,0
The Rock,0,118699594,3056,World #1 tennis player 🎾 | Foundation: @AidFundation,1,1,0
Maria Garcia,913,270,992,Teacher & lifelong learner 📚,0,1,0
Person 1928,14,187,0,,0,1,1
Anna Lee,395,317,691,software engineer @ Google,0,1,0
Crypto Bob,2,38,3,,0,0,1
Earn Fast,3,131,4,♻️ repost to win $1000,0,0,1
Cristiano Ronaldo,0,118811993,3624,Official account. For business: manager@agency.com,1,1,0
Real Human 001,23,37,4,,0,0,1
Sarah Jones,253,80,914,Entrepreneur | Founder @startup,0,1,0
Kim Kardashian,0,68614271,4394,Nobel Peace Prize laureate | Activist,1,1,0
John Smith,1574,72,326,Musician. Coffee addict. ☕,0,1,0
Click Here Now,23,38,2,btc eth airdrop free coins,0,0,1
Sarah Jones,1037,50,443,Retired engineer | amateur astronomer 🔭,0,1,0
Lisa White,884,50,642,Data scientist | ML researcher,0,1,0
Ahmed Hassan,1457,90,170,Developer | Open source enthusiast,0,1,0
Anna Lee,1958,125,56,Podcaster | interviewing founders,0,1,0
Free Follower,7,86,7,,0,1,1
John Smith,605,197,608,Yoga instructor | wellness coach 🧘,0,1,0
Emma Davis,376,50,769,Musician. Coffee addict. ☕,0,1,0
Real Human 001,16,179,4,📈 passive income daily,0,1,1
Free Follower,10,55,7,📈 passive income daily,0,1,1
Account 293,16,127,0,,0,1,1
Ahmed Hassan,170,174,368,mom of 3 | foodie 🍕,0,1,0
Click Here Now,12,178,4,FREE BTC airdrop → link in bio,0,0,1
Money Maker,10,75,3,investment advisor DM me,0,1,1
Account 293,1,141,3,🔞 link in bio,0,1,1
Click Here Now,1,131,5,📈 passive income daily,0,0,1
Person 1928,25,109,5,btc eth airdrop free coins,0,0,1
Investment Guru,6,167,4,FREE BTC airdrop → link in bio,0,0,1
Real Human 001,2,53,7,Real estate investor | DM for passive income secrets,0,1,1
John Smith,1980,248,811,Data scientist | ML researcher,0,1,0
Priya Sharma,671,50,693,Nurse practitioner | women's health advocate,0,1,0
Anna Lee,1411,80,709,Wildlife photographer based in Kenya,0,1,0
Click Here Now,12,112,5,🔞 link in bio,0,1,1
Bot 9999,16,192,7,FREE BTC airdrop → link in bio,0,0,1
Account 293,18,58,4,FREE BTC airdrop → link in bio,0,0,1
Kim Kardashian,0,186520232,604,International supermodel | Agency: IMG Models,1,1,0
Person 1928,18,77,6,promo available 📩,0,1,1
Priya Sharma,470,50,181,Musician. Coffee addict. ☕,0,1,0
The Rock,0,180357808,3195,Professional athlete | Team captain | Brand ambassador,1,1,0
User 8374,24,131,0,📈 passive income daily,0,0,1
Click Here Now,15,188,1,Click link below 💰,0,0,1
Anna Lee,1637,50,332,Blogger | Lifestyle & wellness,1,1,0
Person 1928,8,65,6,earn $500/day 👇,0,0,1
Ariana Grande,0,12848811,1568,Professional athlete | Team captain | Brand ambassador,1,1,0
User 8374,29,146,7,promo available 📩,0,0,1
Priya Sharma,959,83,764,Podcaster | interviewing founders,0,1,0
Maria Garcia,272,50,766,photographer | travel 📷,0,1,0
Chris Martin,458,50,413,software engineer @ Google,0,1,0
Ariana Grande,0,70692961,4420,Hollywood actor | Upcoming: Summer Blockbuster 2025,1,1,0
Priya Sharma,332,63,712,software engineer @ Google,0,1,0
Money Maker,13,138,7,crypto signals ✅ 99% win rate,0,1,1
Ahmed Hassan,776,50,696,mom of 3 | foodie 🍕,0,1,0
Ariana Grande,0,125578178,4588,Nobel Peace Prize laureate | Activist,1,1,0
Ahmed Hassan,515,80,751,Environmental activist 🌱,0,1,0
Ahmed Hassan,418,54,328,High school teacher | making STEM fun,0,1,0
User 8374,13,20,5,,0,1,1
The Rock,0,117330147,674,International supermodel | Agency: IMG Models,1,1,0
Yuki Tanaka,1861,64,119,News journalist @NYT,0,1,0
Bot 9999,12,50,4,NFT investor | crypto tips,0,0,1
Yuki Tanaka,1618,50,407,Blogger | Lifestyle & wellness,0,1,0
Real Human 001,1,168,0,investment advisor DM me,0,0,1
Anna Lee,1924,187,452,photographer | travel 📷,0,1,0
Money Maker,13,18,3,Real estate investor | DM for passive income secrets,0,0,1
User 8374,17,34,2,NFT investor | crypto tips,0,0,1
Yuki Tanaka,1409,96,140,News journalist @NYT,0,1,0
Selena Gomez,0,151383218,2662,Fashion icon | Creative Director @LuxuryBrand,1,1,0
Lisa White,436,177,444,Yoga instructor | wellness coach 🧘,0,1,0
Lisa White,1670,216,704,Marketing professional | keynote speaker,0,1,0
Mike Brown,1471,72,870,Traveler | 50+ countries visited ✈️,0,1,0
Emma Davis,132,50,736,photographer | travel 📷,0,1,0
John Smith,1298,282,369,Dance teacher | choreographer,0,1,0
Priya Sharma,499,50,715,Marketing professional | keynote speaker,0,1,0
Yuki Tanaka,1401,237,514,fitness coach 💪 DM for plans,0,1,0
Account 293,3,92,5,DM me to grow your account fast,0,0,1
Priya Sharma,917,50,593,Wildlife photographer based in Kenya,0,1,0
Bot 9999,8,123,2,DM me to grow your account fast,0,1,1
Person 1928,27,163,2,,0,0,1
Emma Davis,1765,50,895,Freelance illustrator | art prints available,0,1,0
David Clark,1078,69,588,photographer | travel 📷,0,1,0
Selena Gomez,0,70679544,3747,World #1 tennis player 🎾 | Foundation: @AidFundation,1,1,0
Profit King,28,130,7,btc eth airdrop free coins,0,1,1
Maria Garcia,1703,460,988,photographer | travel 📷,0,1,0
Taylor Swift,0,63337938,3790,Fashion icon | Creative Director @LuxuryBrand,1,1,0
Kim Kardashian,0,184600224,4930,Grammy-winning artist 🎵 | New album out now,1,1,0
Anna Lee,615,545,492,mom of 3 | foodie 🍕,0,1,0
Ariana Grande,0,167050160,2743,International supermodel | Agency: IMG Models,1,1,0
Maria Garcia,161,50,294,Dog lover 🐾 | Hiking | Books,0,1,0
Money Maker,3,100,5,crypto signals ✅ 99% win rate,0,0,1
Crypto Bob,4,38,1,btc eth airdrop free coins,0,0,1
Person 1928,1,174,2,earn $500/day 👇,0,0,1
Click Here Now,7,77,0,DM me to grow your account fast,0,1,1
Bot 9999,15,94,0,Get free followers — click bio link,0,0,1
Yuki Tanaka,696,93,891,Developer | Open source enthusiast,0,1,0
Investment Guru,4,70,5,promo available 📩,0,1,1
Ariana Grande,0,97703213,2292,Grammy-winning artist 🎵 | New album out now,1,1,0
Bot 9999,12,62,6,NFT investor | crypto tips,0,1,1
Earn Fast,0,16,4,🔞 link in bio,0,1,1
Lisa White,558,50,398,Data scientist | ML researcher,0,1,0
Profit King,27,42,0,,0,0,1
Free Follower,10,171,5,promo available 📩,0,1,1
Chris Martin,1235,70,901,Architect | sustainable design,0,1,0
Ahmed Hassan,1080,50,85,Podcaster | interviewing founders,0,1,0
Money Maker,22,175,0,Real estate investor | DM for passive income secrets,0,1,1
Money Maker,24,63,7,,0,1,1
Free Follower,8,49,6,,0,1,1
Money Maker,18,151,7,Real estate investor | DM for passive income secrets,0,0,1
Bot 9999,24,145,2,,0,0,1
Maria Garcia,1428,50,232,mom of 3 | foodie 🍕,0,1,0
Real Human 001,15,163,7,,0,0,1
David Clark,825,125,627,Developer | Open source enthusiast,0,1,0
Investment Guru,25,49,5,📈 passive income daily,0,1,1
Crypto Bob,0,148,5,DM me to grow your account fast,0,0,1
Profit King,18,163,1,,0,1,1
David Clark,1918,50,94,High school teacher | making STEM fun,0,1,0
Mike Brown,173,120,996,Fashion designer | PR welcome,0,1,0
Person 1928,14,69,0,follow for follow back,0,1,1
Account 293,6,20,2,FREE BTC airdrop → link in bio,0,1,1
David Clark,951,63,725,mom of 3 | foodie 🍕,0,1,0
Priya Sharma,965,206,46,Architect | sustainable design,0,1,0
Lisa White,1642,50,366,Musician. Coffee addict. ☕,0,1,0
Mike Brown,90,108,739,High school teacher | making STEM fun,0,1,0
Yuki Tanaka,230,50,41,Musician. Coffee addict. ☕,0,1,0
Anna Lee,1443,50,798,Blogger | Lifestyle & wellness,0,1,0
Cristiano Ronaldo,0,115136542,4552,Professional athlete | Team captain | Brand ambassador,1,1,0
Click Here Now,3,4,5,,0,1,1
John Smith,1744,86,589,Architect | sustainable design,0,1,0
Lisa White,834,65,161,Wildlife photographer based in Kenya,0,1,0
Money Maker,19,146,7,♻️ repost to win $1000,0,0,1
Maria Garcia,1945,83,429,UX designer @Meta,0,1,0
User 8374,19,21,3,🔞 link in bio,0,0,1
Click Here Now,14,101,7,,0,1,1
Emma Davis,460,50,241,Fashion designer | PR welcome,0,1,0
Profit King,2,134,3,FREE BTC airdrop → link in bio,0,0,1
Mike Brown,802,127,878,Data scientist | ML researcher,0,1,0
Priya Sharma,128,142,718,News journalist @NYT,0,1,0
Emma Davis,1352,103,132,Entrepreneur | Founder @startup,0,1,0
Real Human 001,8,147,7,🔞 link in bio,0,1,1
Investment Guru,16,4,2,follow for follow back,0,0,1
Anna Lee,1256,50,244,Podcaster | interviewing founders,0,1,0
David Clark,1424,50,287,Dance teacher | choreographer,0,1,0
Person 1928,6,26,5,promo available 📩,0,0,1
Ariana Grande,0,162320366,3354,Grammy-winning artist 🎵 | New album out now,1,1,0
Kim Kardashian,0,93657218,3282,Nobel Peace Prize laureate | Activist,1,1,0
Free Follower,25,37,0,,0,0,1
John Smith,319,50,594,Marketing professional | keynote speaker,0,1,0
Sarah Jones,1239,50,124,Marketing professional | keynote speaker,0,1,0
Investment Guru,0,146,6,promo available 📩,0,1,1
Yuki Tanaka,1939,54,409,Marketing professional | keynote speaker,0,1,0
Sarah Jones,1832,146,843,Environmental activist 🌱,0,1,0
Person 1928,9,92,4,Real estate investor | DM for passive income secrets,0,0,1
Ahmed Hassan,73,50,371,Retired engineer | amateur astronomer 🔭,0,1,0
Bot 9999,17,83,7,FREE BTC airdrop → link in bio,0,0,1
Cristiano Ronaldo,0,194252353,3553,Nobel Peace Prize laureate | Activist,1,1,0
Click Here Now,24,60,1,btc eth airdrop free coins,0,1,1
Account 293,28,78,2,follow for follow back,0,0,1
Bot 9999,9,76,6,NFT investor | crypto tips,0,1,1
Bot 9999,10,125,4,Click link below 💰,0,1,1
Click Here Now,19,114,0,Real estate investor | DM for passive income secrets,0,0,1
Profit King,18,8,5,follow for follow back,0,1,1
Person 1928,3,28,7,FREE BTC airdrop → link in bio,0,0,1
Mike Brown,509,136,975,Data scientist | ML researcher,0,1,0
Crypto Bob,1,193,3,NFT investor | crypto tips,0,1,1
Lisa White,940,50,952,Freelance illustrator | art prints available,0,1,0
John Smith,977,100,703,fitness coach 💪 DM for plans,0,1,0
Taylor Swift,0,118320811,1969,Hollywood actor | Upcoming: Summer Blockbuster 2025,1,1,0
Click Here Now,7,144,7,NFT investor | crypto tips,0,0,1
Earn Fast,7,49,1,Click link below 💰,0,0,1
David Clark,1558,143,712,Dog lover 🐾 | Hiking | Books,0,1,0
David Clark,458,85,68,Dance teacher | choreographer,0,1,0
Account 293,10,189,1,,0,1,1
Ahmed Hassan,396,50,567,Developer | Open source enthusiast,0,1,0
Ahmed Hassan,1970,50,876,Fashion designer | PR welcome,0,1,0
Yuki Tanaka,1857,50,969,Musician. Coffee addict. ☕,0,1,0
Priya Sharma,449,65,441,Gaming streamer | Twitch partner 🎮,0,1,0
Sarah Jones,63,73,824,fitness coach 💪 DM for plans,0,1,0
Ariana Grande,0,63438186,567,Grammy-winning artist 🎵 | New album out now,1,1,0
Account 293,26,53,6,NFT investor | crypto tips,0,0,1
Lisa White,675,82,84,photographer | travel 📷,0,1,0
Real Human 001,4,62,1,btc eth airdrop free coins,0,1,1
Chris Martin,378,55,723,Retired engineer | amateur astronomer 🔭,0,1,0
Maria Garcia,1181,60,66,fitness coach 💪 DM for plans,0,1,0
Earn Fast,8,12,6,crypto signals ✅ 99% win rate,0,0,1
Ahmed Hassan,1463,149,625,Freelance illustrator | art prints available,0,1,0
Sarah Jones,1962,50,474,Dance teacher | choreographer,0,1,0
Maria Garcia,1235,50,392,Retired engineer | amateur astronomer 🔭,0,1,0
Chris Martin,851,72,698,fitness coach 💪 DM for plans,0,1,0
Click Here Now,8,133,6,btc eth airdrop free coins,0,1,1
Bot 9999,11,112,7,,0,1,1
The Rock,0,83449553,1219,World #1 tennis player 🎾 | Foundation: @AidFundation,1,1,0
Real Human 001,1,91,3,FREE BTC airdrop → link in bio,0,0,1
Ahmed Hassan,682,239,527,News journalist @NYT,0,1,0
Lisa White,1774,50,341,News journalist @NYT,0,1,0
Mike Brown,439,50,652,Medical student | future doctor 🩺,0,1,0
Lisa White,924,50,271,Chef | Recipe creator 🍳,0,1,0
Real Human 001,18,172,5,Click link below 💰,0,1,1
Free Follower,3,2,3,🔞 link in bio,0,0,1
Yuki Tanaka,52,175,752,Medical student | future doctor 🩺,0,1,0
Kim Kardashian,0,70057992,1377,World-renowned chef 👨‍🍳 | Author of 3 cookbooks,1,1,0
Bot 9999,6,173,6,,0,1,1
John Smith,1353,50,21,Medical student | future doctor 🩺,0,1,0
Mike Brown,1449,174,50,mom of 3 | foodie 🍕,0,1,0
Taylor Swift,0,14633329,803,CEO @Fortune500 | Author | Speaker,1,1,0
Investment Guru,26,125,1,📈 passive income daily,0,1,1
Profit King,4,185,1,FREE BTC airdrop → link in bio,0,0,1
Ariana Grande,0,152230344,2761,Professional athlete | Team captain | Brand ambassador,1,1,0
Priya Sharma,284,218,342,Teacher & lifelong learner 📚,0,1,0
Money Maker,6,126,1,FREE BTC airdrop → link in bio,0,1,1
Mike Brown,1255,958,311,Developer | Open source enthusiast,1,1,0
Investment Guru,4,96,7,,0,1,1
Chris Martin,1895,193,195,High school teacher | making STEM fun,0,1,0
Earn Fast,26,157,0,follow for follow back,0,1,1
User 8374,29,153,4,📈 passive income daily,0,0,1
Person 1928,1,172,0,Click link below 💰,0,0,1
Sarah Jones,894,54,318,Chef | Recipe creator 🍳,0,1,0
David Clark,1428,550,61,High school teacher | making STEM fun,0,1,0
The Rock,0,78433074,2014,CEO @Fortune500 | Author | Speaker,1,1,0
Yuki Tanaka,1822,516,192,Freelance illustrator | art prints available,0,1,0
John Smith,880,50,762,Dog lover 🐾 | Hiking | Books,0,1,0
Real Human 001,26,74,3,NFT investor | crypto tips,0,1,1
Earn Fast,20,40,7,btc eth airdrop free coins,0,0,1
Profit King,6,164,4,investment advisor DM me,0,1,1
Earn Fast,15,7,2,,0,0,1
Crypto Bob,0,129,1,,0,0,1
David Clark,1428,50,329,Developer | Open source enthusiast,0,1,0
Click Here Now,15,8,0,♻️ repost to win $1000,0,0,1
Lisa White,336,318,505,Architect | sustainable design,0,1,0
Crypto Bob,1,90,2,NFT investor | crypto tips,0,1,1
Chris Martin,609,50,960,Environmental activist 🌱,0,1,0
Kim Kardashian,0,133603560,3048,Official account. For business: manager@agency.com,1,1,0
Free Follower,15,105,7,,0,0,1
Free Follower,7,118,5,Click link below 💰,0,0,1
Maria Garcia,1217,80,316,Medical student | future doctor 🩺,0,1,0
John Smith,1330,50,624,Dance teacher | choreographer,0,1,0
Ahmed Hassan,422,100,687,Medical student | future doctor 🩺,0,1,0
Bot 9999,5,129,2,,0,1,1
Lisa White,976,50,240,photographer | travel 📷,0,1,0
Real Human 001,15,158,0,,0,0,1
Chris Martin,807,91,167,software engineer @ Google,0,1,0
Anna Lee,1232,50,803,Blogger | Lifestyle & wellness,0,1,0
Chris Martin,1130,113,307,Entrepreneur | Founder @startup,0,1,0
Investment Guru,21,110,5,📈 passive income daily,0,1,1
Bot 9999,9,66,4,📈 passive income daily,0,1,1
Kim Kardashian,0,52231991,3161,Oscar-winning director | Production company: @StudioX,1,1,0
Kim Kardashian,0,49318712,4230,Professional athlete | Team captain | Brand ambassador,1,1,0
Bot 9999,21,180,4,📈 passive income daily,0,0,1
Person 1928,1,135,7,NFT investor | crypto tips,0,1,1
Selena Gomez,0,192114915,4734,Hollywood actor | Upcoming: Summer Blockbuster 2025,1,1,0
Crypto Bob,29,185,0,investment advisor DM me,0,0,1
Earn Fast,27,146,1,follow for follow back,0,0,1
Investment Guru,12,153,2,♻️ repost to win $1000,0,1,1
Money Maker,22,189,2,btc eth airdrop free coins,0,0,1
Crypto Bob,15,85,3,,0,1,1
Earn Fast,20,182,6,earn $500/day 👇,0,1,1
The Rock,0,56750826,668,Nobel Peace Prize laureate | Activist,1,1,0
David Clark,674,106,403,Marketing professional | keynote speaker,0,1,0
Chris Martin,1811,50,286,Gaming streamer | Twitch partner 🎮,0,1,0
Person 1928,22,88,6,NFT investor | crypto tips,0,0,1
Click Here Now,2,150,4,♻️ repost to win $1000,0,0,1
Investment Guru,0,157,1,promo available 📩,0,1,1
Free Follower,10,119,7,♻️ repost to win $1000,0,1,1
Profit King,15,33,7,NFT investor | crypto tips,0,1,1
Ahmed Hassan,632,50,180,Yoga instructor | wellness coach 🧘,0,1,0
Mike Brown,713,301,345,Artist | Digital creator ✨,0,1,0
Emma Davis,1131,50,539,mom of 3 | foodie 🍕,0,1,0
User 8374,19,69,0,📈 passive income daily,0,1,1
Lisa White,814,50,406,Environmental activist 🌱,0,1,0
Ahmed Hassan,827,153,186,photographer | travel 📷,0,1,0
Mike Brown,1377,66,263,Gaming streamer | Twitch partner 🎮,0,1,0
Profit King,10,47,7,FREE BTC airdrop → link in bio,0,0,1
Real Human 001,28,110,0,♻️ repost to win $1000,0,0,1
Bot 9999,4,40,7,FREE BTC airdrop → link in bio,0,0,1
Account 293,10,23,5,crypto signals ✅ 99% win rate,0,0,1
Bot 9999,26,58,2,♻️ repost to win $1000,0,0,1
Selena Gomez,0,142121450,4747,Official account. For business: manager@agency.com,1,1,0
Maria Garcia,1314,50,943,fitness coach 💪 DM for plans,0,1,0
Ahmed Hassan,772,50,664,Architect | sustainable design,0,1,0
Earn Fast,27,37,1,promo available 📩,0,1,1
Lisa White,441,1244,372,Environmental activist 🌱,0,1,0
Investment Guru,18,139,5,,0,0,1
Investment Guru,1,64,7,DM me to grow your account fast,0,0,1
Crypto Bob,26,125,3,,0,1,1
Sarah Jones,1427,96,212,Dog lover 🐾 | Hiking | Books,0,1,0
Free Follower,7,186,1,Click link below 💰,0,0,1
Profit King,27,171,3,earn $500/day 👇,0,0,1
Account 293,13,81,7,DM me to grow your account fast,0,0,1
Real Human 001,10,26,3,🔞 link in bio,0,1,1
Profit King,29,5,1,,0,0,1
Ahmed Hassan,974,68,639,Podcaster | interviewing founders,0,1,0
Click Here Now,24,150,1,investment advisor DM me,0,0,1
Free Follower,28,116,0,FREE BTC airdrop → link in bio,0,1,1
Maria Garcia,1788,50,775,Freelance illustrator | art prints available,0,1,0
Crypto Bob,13,95,7,DM me to grow your account fast,0,0,1
Emma Davis,899,50,529,News journalist @NYT,0,1,0
Real Human 001,5,122,0,btc eth airdrop free coins,0,0,1
Account 293,4,196,7,Click link below 💰,0,0,1
Free Follower,18,122,6,NFT investor | crypto tips,0,0,1
Ariana Grande,0,174034197,3632,International supermodel | Agency: IMG Models,1,1,0
Kim Kardashian,0,120737959,2703,Hollywood actor | Upcoming: Summer Blockbuster 2025,1,1,0
Account 293,26,155,3,,0,0,1
Ariana Grande,0,52211823,3427,Grammy-winning artist 🎵 | New album out now,1,1,0
Ahmed Hassan,1778,88,237,mom of 3 | foodie 🍕,0,1,0
Real Human 001,21,191,4,earn $500/day 👇,0,1,1
Lisa White,869,50,888,Nurse practitioner | women's health advocate,0,1,0
Bot 9999,11,108,6,btc eth airdrop free coins,0,0,1
Person 1928,18,104,7,,0,0,1
Ahmed Hassan,1416,54,263,UX designer @Meta,0,1,0
David Clark,1886,129,227,Blogger | Lifestyle & wellness,0,1,0
Chris Martin,1141,50,349,High school teacher | making STEM fun,0,1,0
David Clark,682,62,461,Gaming streamer | Twitch partner 🎮,0,1,0
Anna Lee,1471,165,435,High school teacher | making STEM fun,0,1,0
Account 293,15,90,2,,0,0,1
Selena Gomez,0,39999940,1536,Professional athlete | Team captain | Brand ambassador,1,1,0
Yuki Tanaka,1511,174,372,Architect | sustainable design,0,1,0
Investment Guru,20,199,4,investment advisor DM me,0,0,1
Ahmed Hassan,1764,50,638,Musician. Coffee addict. ☕,0,1,0
Sarah Jones,371,50,632,photographer | travel 📷,0,1,0
Click Here Now,6,144,5,crypto signals ✅ 99% win rate,0,0,1
Money Maker,6,158,2,Get free followers — click bio link,0,1,1
Bot 9999,8,180,7,📈 passive income daily,0,1,1
David Clark,1270,50,751,Developer | Open source enthusiast,0,1,0
The Rock,0,105217899,2644,Professional athlete | Team captain | Brand ambassador,1,1,0
Person 1928,5,61,7,,0,0,1
Emma Davis,368,50,138,Wildlife photographer based in Kenya,0,1,0
Sarah Jones,781,50,680,Artist | Digital creator ✨,0,1,0
Yuki Tanaka,1686,69,27,Traveler | 50+ countries visited ✈️,0,1,0
Priya Sharma,1351,74,544,Traveler | 50+ countries visited ✈️,0,1,0
Real Human 001,8,37,0,📈 passive income daily,0,1,1
Money Maker,15,7,3,NFT investor | crypto tips,0,0,1
Lisa White,1584,50,892,Traveler | 50+ countries visited ✈️,0,1,0
Priya Sharma,1226,50,153,Musician. Coffee addict. ☕,0,1,0
Person 1928,22,99,5,♻️ repost to win $1000,0,1,1
Mike Brown,355,50,29,Dance teacher | choreographer,0,1,0
Earn Fast,1,145,6,FREE BTC airdrop → link in bio,0,0,1
Profit King,8,124,1,btc eth airdrop free coins,0,0,1
Kim Kardashian,0,65243226,2718,World #1 tennis player 🎾 | Foundation: @AidFundation,1,1,0
Click Here Now,15,21,6,,0,0,1
Priya Sharma,868,50,686,News journalist @NYT,0,1,0
Click Here Now,11,199,1,,0,0,1
Ariana Grande,0,185023821,4356,CEO @Fortune500 | Author | Speaker,1,1,0
Chris Martin,257,50,338,Wildlife photographer based in Kenya,0,1,0
Emma Davis,1752,50,421,Artist | Digital creator ✨,0,1,0
Lisa White,582,126,990,Developer | Open source enthusiast,0,1,0
David Clark,1352,50,956,Fashion designer | PR welcome,0,1,0
David Clark,585,92,587,UX designer @Meta,0,1,0
Yuki Tanaka,930,86,680,Developer | Open source enthusiast,0,1,0
Account 293,29,120,2,,0,1,1
Person 1928,4,25,4,📈 passive income daily,0,0,1
Account 293,2,116,1,🔞 link in bio,0,0,1
Ahmed Hassan,791,50,303,Musician. Coffee addict. ☕,0,1,0
Kim Kardashian,0,53426885,3525,Oscar-winning director | Production company: @StudioX,1,1,0
Real Human 001,8,2,7,Click link below 💰,0,0,1
User 8374,0,132,7,,0,0,1
Priya Sharma,619,68,53,Musician. Coffee addict. ☕,0,1,0
David Clark,1266,50,678,Marketing professional | keynote speaker,0,1,0
The Rock,0,82438112,3236,International supermodel | Agency: IMG Models,1,1,0
Emma Davis,1982,157,582,Chef | Recipe creator 🍳,0,1,0
Real Human 001,29,84,1,,0,0,1
Anna Lee,922,168,439,Retired engineer | amateur astronomer 🔭,0,1,0
Ahmed Hassan,1566,50,612,Chef | Recipe creator 🍳,0,1,0
Kim Kardashian,0,160571593,2954,CEO @Fortune500 | Author | Speaker,1,1,0
Anna Lee,847,77,182,High school teacher | making STEM fun,0,1,0
Emma Davis,1928,53,380,Developer | Open source enthusiast,0,1,0
Ahmed Hassan,1534,110,321,UX designer @Meta,0,1,0
Earn Fast,11,122,3,investment advisor DM me,0,0,1
Click Here Now,5,166,1,investment advisor DM me,0,0,1
Free Follower,14,136,3,,0,0,1
David Clark,1782,50,774,photographer | travel 📷,0,1,0
Free Follower,25,187,3,investment advisor DM me,0,0,1
Real Human 001,3,198,2,🔞 link in bio,0,0,1
Person 1928,3,118,2,Real estate investor | DM for passive income secrets,0,0,1
Emma Davis,248,158,510,UX designer @Meta,0,1,0
Profit King,6,48,7,earn $500/day 👇,0,0,1
Emma Davis,1020,62,962,Dog lover 🐾 | Hiking | Books,0,1,0
Sarah Jones,787,50,424,Artist | Digital creator ✨,0,1,0
Earn Fast,24,25,3,,0,0,1
Priya Sharma,1592,50,134,Artist | Digital creator ✨,1,1,0
Yuki Tanaka,1904,50,626,Gaming streamer | Twitch partner 🎮,0,1,0
Person 1928,19,31,1,investment advisor DM me,0,1,1
Sarah Jones,248,56,481,Chef | Recipe creator 🍳,0,1,0
Free Follower,29,178,4,crypto signals ✅ 99% win rate,0,1,1
Money Maker,6,23,3,btc eth airdrop free coins,0,1,1
Chris Martin,1491,73,983,Marketing professional | keynote speaker,0,1,0
Person 1928,20,88,5,investment advisor DM me,0,1,1
Earn Fast,18,30,2,Click link below 💰,0,0,1
Real Human 001,27,6,1,crypto signals ✅ 99% win rate,0,1,1
The Rock,0,194737577,1456,World-renowned chef 👨‍🍳 | Author of 3 cookbooks,1,1,0
Taylor Swift,0,198848120,678,Nobel Peace Prize laureate | Activist,1,1,0
Ariana Grande,0,81294391,1724,Iconic musician 🎸 | 40+ years on stage,1,1,0
David Clark,1270,50,290,Developer | Open source enthusiast,0,1,0
Priya Sharma,1062,50,503,Data scientist | ML researcher,0,1,0
Crypto Bob,23,133,0,follow for follow back,0,0,1
Cristiano Ronaldo,0,85170570,1118,World-renowned chef 👨‍🍳 | Author of 3 cookbooks,1,1,0
Click Here Now,5,185,7,🔞 link in bio,0,1,1
Money Maker,8,148,0,,0,1,1
Real Human 001,29,47,7,crypto signals ✅ 99% win rate,0,1,1
Account 293,25,185,1,♻️ repost to win $1000,0,1,1
Bot 9999,28,74,5,,0,0,1
Real Human 001,0,9,3,♻️ repost to win $1000,0,1,1
Mike Brown,1492,153,940,Architect | sustainable design,0,1,0
Investment Guru,20,97,6,,0,0,1
Bot 9999,21,54,4,crypto signals ✅ 99% win rate,0,0,1
Money Maker,9,112,4,FREE BTC airdrop → link in bio,0,0,1
Person 1928,26,18,5,♻️ repost to win $1000,0,1,1
Money Maker,22,26,6,,0,0,1
User 8374,13,31,5,,0,0,1
Person 1928,28,49,3,,0,0,1
Yuki Tanaka,552,118,218,software engineer @ Google,0,1,0
John Smith,902,50,188,Data scientist | ML researcher,0,1,0
Ariana Grande,0,121387296,4441,Official account. For business: manager@agency.com,1,1,0
Taylor Swift,0,93815095,4664,World #1 tennis player 🎾 | Foundation: @AidFundation,1,1,0
Click Here Now,0,161,1,Real estate investor | DM for passive income secrets,0,1,1
Ahmed Hassan,260,50,639,Podcaster | interviewing founders,0,1,0
Money Maker,24,124,0,📈 passive income daily,0,0,1
Taylor Swift,0,86195718,1206,CEO @Fortune500 | Author | Speaker,1,1,0
Sarah Jones,868,50,638,fitness coach 💪 DM for plans,0,1,0
Anna Lee,1224,50,751,Freelance illustrator | art prints available,0,1,0
Mike Brown,406,145,722,Dog lover 🐾 | Hiking | Books,0,1,0
Emma Davis,1047,199,870,Architect | sustainable design,0,1,0
Cristiano Ronaldo,0,149729305,1073,World-renowned chef 👨‍🍳 | Author of 3 cookbooks,1,1,0
Lisa White,1612,50,886,Marketing professional | keynote speaker,0,1,0
Real Human 001,25,123,6,earn $500/day 👇,0,0,1
Priya Sharma,812,109,950,UX designer @Meta,0,1,0
Selena Gomez,0,151146556,2396,Grammy-winning artist 🎵 | New album out now,1,1,0
Earn Fast,29,66,4,,0,1,1
The Rock,0,37724512,2748,Oscar-winning director | Production company: @StudioX,1,1,0
Anna Lee,533,224,703,Blogger | Lifestyle & wellness,0,1,0
Bot 9999,13,8,5,DM me to grow your account fast,0,1,1
John Smith,77,296,777,Dance teacher | choreographer,0,1,0
Maria Garcia,741,50,614,Chef | Recipe creator 🍳,0,1,0
Click Here Now,5,180,2,Click link below 💰,0,0,1
Crypto Bob,26,66,2,,0,0,1
Chris Martin,1379,50,874,software engineer @ Google,0,1,0
Crypto Bob,12,68,7,FREE BTC airdrop → link in bio,0,0,1
Bot 9999,13,46,0,NFT investor | crypto tips,0,0,1
Account 293,21,91,5,investment advisor DM me,0,0,1
Ahmed Hassan,1894,50,526,Gaming streamer | Twitch partner 🎮,0,1,0
Sarah Jones,648,121,358,photographer | travel 📷,0,1,0
Emma Davis,1441,249,274,Marketing professional | keynote speaker,0,1,0
Crypto Bob,22,46,5,♻️ repost to win $1000,0,1,1
Sarah Jones,1940,50,179,Environmental activist 🌱,0,1,0
Earn Fast,3,110,2,follow for follow back,0,1,1
Maria Garcia,1576,69,413,Entrepreneur | Founder @startup,0,1,0
Account 293,12,40,2,,0,0,1
Earn Fast,29,125,4,follow for follow back,0,1,1
Earn Fast,8,16,3,investment advisor DM me,0,0,1
Ariana Grande,0,54442853,4347,Hollywood actor | Upcoming: Summer Blockbuster 2025,1,1,0
Real Human 001,11,35,6,,0,1,1
Taylor Swift,0,45004721,1836,World #1 tennis player 🎾 | Foundation: @AidFundation,1,1,0
Anna Lee,1064,94,759,photographer | travel 📷,0,1,0
Mike Brown,723,50,569,UX designer @Meta,0,1,0
Account 293,4,149,5,,0,0,1
John Smith,1294,57,95,Medical student | future doctor 🩺,1,1,0
Investment Guru,26,34,1,,0,0,1
Real Human 001,27,12,6,,0,0,1
Yuki Tanaka,1877,50,410,Yoga instructor | wellness coach 🧘,0,1,0
Earn Fast,25,108,0,btc eth airdrop free coins,0,0,1
Kim Kardashian,0,152877508,1477,Hollywood actor | Upcoming: Summer Blockbuster 2025,1,1,0
The Rock,0,176898901,1571,Hollywood actor | Upcoming: Summer Blockbuster 2025,1,1,0
Cristiano Ronaldo,0,11329228,831,World-renowned chef 👨‍🍳 | Author of 3 cookbooks,1,1,0
Lisa White,117,50,546,Chef | Recipe creator 🍳,0,1,0
Kim Kardashian,0,22661213,1308,CEO @Fortune500 | Author | Speaker,1,1,0
Anna Lee,1392,84,262,Dance teacher | choreographer,0,1,0
The Rock,0,14820016,4048,Professional athlete | Team captain | Brand ambassador,1,1,0
Money Maker,3,21,6,promo available 📩,0,1,1
Account 293,28,22,0,Real estate investor | DM for passive income secrets,0,1,1
The Rock,0,182512044,999,Hollywood actor | Upcoming: Summer Blockbuster 2025,1,1,0
Ariana Grande,0,147424783,2238,Nobel Peace Prize laureate | Activist,1,1,0
Anna Lee,451,50,797,fitness coach 💪 DM for plans,0,1,0
John Smith,1524,71,161,Freelance illustrator | art prints available,0,1,0
Ariana Grande,0,13383750,3166,Nobel Peace Prize laureate | Activist,1,1,0
The Rock,0,135644482,3000,CEO @Fortune500 | Author | Speaker,1,1,0
Money Maker,16,15,5,,0,0,1
Click Here Now,24,63,1,Get free followers — click bio link,0,0,1
Chris Martin,617,50,205,fitness coach 💪 DM for plans,0,1,0
Crypto Bob,24,9,6,btc eth airdrop free coins,0,1,1
Priya Sharma,978,478,22,Architect | sustainable design,0,1,0
Selena Gomez,0,15646270,3477,Official account. For business: manager@agency.com,1,1,0
Priya Sharma,1004,86,908,Dog lover 🐾 | Hiking | Books,0,1,0
Yuki Tanaka,373,50,228,Entrepreneur | Founder @startup,0,1,0
Crypto Bob,11,186,7,📈 passive income daily,0,0,1
Lisa White,862,214,56,Retired engineer | amateur astronomer 🔭,0,1,0
Free Follower,10,143,0,Get free followers — click bio link,0,0,1
Selena Gomez,0,85676296,906,World #1 tennis player 🎾 | Foundation: @AidFundation,1,1,0
Profit King,18,21,0,FREE BTC airdrop → link in bio,0,1,1
David Clark,1473,53,742,Environmental activist 🌱,0,1,0
User 8374,8,128,1,promo available 📩,0,0,1
Cristiano Ronaldo,0,195811313,4458,Official account. For business: manager@agency.com,1,1,0
David Clark,1082,63,727,Wildlife photographer based in Kenya,0,1,0
Kim Kardashian,0,149167560,4533,Official account. For business: manager@agency.com,1,1,0
Earn Fast,29,137,4,btc eth airdrop free coins,0,0,1
Profit King,29,10,7,,0,0,1
Ahmed Hassan,847,53,118,Yoga instructor | wellness coach 🧘,0,1,0
Click Here Now,18,137,4,DM me to grow your account fast,0,0,1
Investment Guru,4,63,3,🔞 link in bio,0,1,1
Real Human 001,12,50,0,promo available 📩,0,1,1
Mike Brown,1988,62,225,Traveler | 50+ countries visited ✈️,0,1,0
Priya Sharma,1072,109,94,UX designer @Meta,0,1,0
Mike Brown,98,162,851,Artist | Digital creator ✨,0,1,0
Sarah Jones,1601,56,746,UX designer @Meta,0,1,0
Money Maker,16,87,2,♻️ repost to win $1000,0,1,1
John Smith,1444,156,633,photographer | travel 📷,0,1,0
Money Maker,15,43,2,investment advisor DM me,0,0,1
Ariana Grande,0,87295886,858,Oscar-winning director | Production company: @StudioX,1,1,0
Account 293,29,16,7,♻️ repost to win $1000,0,1,1
Lisa White,1777,50,279,Data scientist | ML researcher,0,1,0
Maria Garcia,1856,50,922,fitness coach 💪 DM for plans,0,1,0
Click Here Now,3,55,4,,0,0,1
Bot 9999,27,135,6,,0,0,1
Cristiano Ronaldo,0,116524988,1462,Oscar-winning director | Production company: @StudioX,1,1,0
Taylor Swift,0,153111591,2008,Official account. For business: manager@agency.com,1,1,0
Profit King,3,187,7,crypto signals ✅ 99% win rate,0,0,1
Click Here Now,16,31,5,📈 passive income daily,0,0,1
Ahmed Hassan,537,50,561,Gaming streamer | Twitch partner 🎮,0,1,0
Sarah Jones,1493,716,753,Nurse practitioner | women's health advocate,0,1,0
Earn Fast,14,118,4,crypto signals ✅ 99% win rate,0,0,1
Crypto Bob,27,119,7,follow for follow back,0,0,1
The Rock,0,17168583,2073,International supermodel | Agency: IMG Models,1,1,0
Money Maker,19,119,0,📈 passive income daily,0,0,1
Real Human 001,4,133,2,,0,0,1
Click Here Now,15,184,2,,0,1,1
Free Follower,1,97,1,DM me to grow your account fast,0,0,1
Selena Gomez,0,76101785,867,CEO @Fortune500 | Author | Speaker,1,1,0
Real Human 001,14,178,7,Real estate investor | DM for passive income secrets,0,1,1
David Clark,1089,50,189,Artist | Digital creator ✨,0,1,0
Real Human 001,26,74,5,,0,0,1
Investment Guru,21,105,7,🔞 link in bio,0,0,1
David Clark,1480,227,439,Nurse practitioner | women's health advocate,0,1,0
Investment Guru,17,111,6,investment advisor DM me,0,0,1
Real Human 001,20,44,1,NFT investor | crypto tips,0,1,1
Investment Guru,11,67,7,crypto signals ✅ 99% win rate,0,1,1
Crypto Bob,28,142,2,📈 passive income daily,0,0,1
David Clark,691,156,921,mom of 3 | foodie 🍕,0,1,0
Free Follower,9,199,4,,0,0,1
Crypto Bob,29,22,7,🔞 link in bio,0,1,1
Account 293,27,29,6,FREE BTC airdrop → link in bio,0,1,1
Selena Gomez,0,37761802,3748,Professional athlete | Team captain | Brand ambassador,1,1,0
Lisa White,628,50,335,software engineer @ Google,0,1,0
Real Human 001,5,171,0,,0,1,1
Priya Sharma,1888,50,386,Data scientist | ML researcher,0,1,0
Taylor Swift,0,81528523,3166,Nobel Peace Prize laureate | Activist,1,1,0
Lisa White,1996,50,395,Environmental activist 🌱,0,1,0
Account 293,18,172,4,,0,0,1
Chris Martin,890,50,133,High school teacher | making STEM fun,0,1,0
Selena Gomez,0,115903381,3417,World-renowned chef 👨‍🍳 | Author of 3 cookbooks,1,1,0
Profit King,28,182,1,Get free followers — click bio link,0,0,1
Priya Sharma,941,50,779,Developer | Open source enthusiast,0,1,0
Earn Fast,12,62,2,📈 passive income daily,0,1,1
Money Maker,7,130,6,,0,0,1
Money Maker,10,195,4,crypto signals ✅ 99% win rate,0,0,1
Investment Guru,6,142,7,FREE BTC airdrop → link in bio,0,0,1
Real Human 001,19,139,1,promo available 📩,0,1,1
Account 293,8,47,3,,0,0,1
The Rock,0,26981465,4213,Oscar-winning director | Production company: @StudioX,1,1,0
Mike Brown,785,242,520,Freelance illustrator | art prints available,0,1,0
Chris Martin,213,59,554,Dog lover 🐾 | Hiking | Books,0,1,0
John Smith,1542,50,110,Architect | sustainable design,0,1,0
Mike Brown,176,50,789,software engineer @ Google,0,1,0
John Smith,194,110,852,News journalist @NYT,0,1,0
Priya Sharma,1985,50,355,Dance teacher | choreographer,0,1,0
Sarah Jones,1828,50,670,Nurse practitioner | women's health advocate,0,1,0
Real Human 001,26,66,7,follow for follow back,0,0,1
Investment Guru,15,149,3,🔞 link in bio,0,0,1
Mike Brown,785,50,171,Marketing professional | keynote speaker,1,1,0
Free Follower,22,182,1,📈 passive income daily,0,1,1
Account 293,12,36,6,♻️ repost to win $1000,0,0,1
Free Follower,13,137,2,earn $500/day 👇,0,1,1
Mike Brown,410,50,820,Freelance illustrator | art prints available,0,1,0
Maria Garcia,408,50,312,software engineer @ Google,0,1,0
Ahmed Hassan,1715,453,495,News journalist @NYT,0,1,0
Crypto Bob,5,96,0,investment advisor DM me,0,0,1
Chris Martin,370,61,936,News journalist @NYT,0,1,0
Ahmed Hassan,662,194,164,Yoga instructor | wellness coach 🧘,0,1,0
Yuki Tanaka,1404,173,45,Wildlife photographer based in Kenya,0,1,0
Click Here Now,26,46,2,investment advisor DM me,0,0,1
Yuki Tanaka,1696,50,524,photographer | travel 📷,0,1,0
Profit King,16,60,6,♻️ repost to win $1000,0,1,1
Bot 9999,18,59,7,Get free followers — click bio link,0,0,1
Free Follower,27,35,5,follow for follow back,0,0,1
User 8374,23,66,5,Click link below 💰,0,1,1
David Clark,1747,163,380,Gaming streamer | Twitch partner 🎮,0,1,0
Yuki Tanaka,1246,50,559,Developer | Open source enthusiast,0,1,0
Profit King,25,22,7,,0,0,1
Ahmed Hassan,891,94,616,Fashion designer | PR welcome,0,1,0
Sarah Jones,82,50,632,High school teacher | making STEM fun,0,1,0
Priya Sharma,1859,50,129,Nurse practitioner | women's health advocate,0,1,0
Priya Sharma,532,514,71,Dog lover 🐾 | Hiking | Books,0,1,0
Bot 9999,28,109,7,🔞 link in bio,0,1,1
Lisa White,546,50,559,Developer | Open source enthusiast,0,1,0
Bot 9999,1,116,2,Get free followers — click bio link,0,0,1
Earn Fast,29,76,5,,0,0,1
Profit King,16,64,5,crypto signals ✅ 99% win rate,0,0,1
Click Here Now,27,191,3,NFT investor | crypto tips,0,1,1
Bot 9999,23,158,2,Real estate investor | DM for passive income secrets,0,1,1
Crypto Bob,1,23,0,follow for follow back,0,0,1
Click Here Now,1,152,2,♻️ repost to win $1000,0,0,1
Real Human 001,0,187,1,📈 passive income daily,0,0,1
Bot 9999,26,125,5,,0,0,1
Sarah Jones,1765,50,584,mom of 3 | foodie 🍕,0,1,0
Cristiano Ronaldo,0,147580588,4776,Official account. For business: manager@agency.com,1,1,0
Account 293,25,118,3,Click link below 💰,0,0,1
Priya Sharma,829,248,283,Teacher & lifelong learner 📚,0,1,0
Earn Fast,23,118,4,earn $500/day 👇,0,0,1
Lisa White,1991,93,406,Artist | Digital creator ✨,0,1,0
Crypto Bob,13,59,7,Get free followers — click bio link,0,0,1
Kim Kardashian,0,35956185,1540,Hollywood actor | Upcoming: Summer Blockbuster 2025,1,1,0
Cristiano Ronaldo,0,187385702,3480,Grammy-winning artist 🎵 | New album out now,1,1,0
Investment Guru,15,100,7,♻️ repost to win $1000,0,0,1
Emma Davis,1092,76,617,Retired engineer | amateur astronomer 🔭,0,1,0
Bot 9999,25,116,0,promo available 📩,0,1,1
Ahmed Hassan,1874,50,866,Musician. Coffee addict. ☕,0,1,0
Bot 9999,9,21,7,DM me to grow your account fast,0,1,1
Yuki Tanaka,834,50,614,High school teacher | making STEM fun,0,1,0
Profit King,3,60,4,btc eth airdrop free coins,0,0,1
Priya Sharma,1622,94,872,Gaming streamer | Twitch partner 🎮,0,1,0
Chris Martin,1702,109,910,Artist | Digital creator ✨,0,1,0
Person 1928,16,173,2,promo available 📩,0,0,1
Lisa White,1676,50,180,Podcaster | interviewing founders,0,1,0
Sarah Jones,1291,50,198,Dance teacher | choreographer,0,1,0
Investment Guru,7,28,6,investment advisor DM me,0,1,1
David Clark,781,50,54,Retired engineer | amateur astronomer 🔭,0,1,0
Click Here Now,17,138,7,🔞 link in bio,0,1,1
Bot 9999,9,57,4,,0,0,1
Account 293,9,65,1,promo available 📩,0,0,1
Priya Sharma,654,50,763,Blogger | Lifestyle & wellness,0,1,0
Selena Gomez,0,128389642,3699,World #1 tennis player 🎾 | Foundation: @AidFundation,1,1,0
Click Here Now,6,108,2,🔞 link in bio,0,1,1
Kim Kardashian,0,158122115,4354,Official account. For business: manager@agency.com,1,1,0
Chris Martin,248,323,299,Data scientist | ML researcher,0,1,0
Cristiano Ronaldo,0,38489013,1649,Grammy-winning artist 🎵 | New album out now,1,1,0
Earn Fast,10,0,5,Click link below 💰,0,1,1
Money Maker,13,190,4,🔞 link in bio,0,0,1
Mike Brown,1922,50,655,Podcaster | interviewing founders,0,1,0
Click Here Now,25,4,4,follow for follow back,0,0,1
Free Follower,16,152,7,♻️ repost to win $1000,0,0,1
Profit King,8,103,7,NFT investor | crypto tips,0,1,1
Real Human 001,3,88,7,NFT investor | crypto tips,0,0,1
Profit King,7,134,3,,0,0,1
Click Here Now,23,100,2,promo available 📩,0,1,1
Yuki Tanaka,1579,50,443,Architect | sustainable design,0,1,0
Anna Lee,1964,82,791,Retired engineer | amateur astronomer 🔭,0,1,0
Click Here Now,11,25,4,,0,0,1
Ariana Grande,0,138322801,2116,Grammy-winning artist 🎵 | New album out now,1,1,0
Person 1928,4,6,3,NFT investor | crypto tips,0,0,1
Account 293,9,178,0,♻️ repost to win $1000,0,0,1
Person 1928,5,73,2,follow for follow back,0,0,1
Priya Sharma,1675,50,52,photographer | travel 📷,0,1,0
Kim Kardashian,0,24127378,4503,Official account. For business: manager@agency.com,1,1,0
Money Maker,16,92,7,Get free followers — click bio link,0,0,1
Free Follower,22,178,4,Real estate investor | DM for passive income secrets,0,1,1
Free Follower,7,196,7,NFT investor | crypto tips,0,1,1
Click Here Now,11,185,5,Click link below 💰,0,1,1
Anna Lee,1305,50,460,Chef | Recipe creator 🍳,0,1,0
Anna Lee,126,122,792,fitness coach 💪 DM for plans,0,1,0
Chris Martin,1967,250,648,mom of 3 | foodie 🍕,0,1,0
Money Maker,28,170,3,,0,1,1
Profit King,26,145,4,follow for follow back,0,0,1
David Clark,212,149,893,Podcaster | interviewing founders,0,1,0
Chris Martin,588,294,367,Podcaster | interviewing founders,0,1,0
Yuki Tanaka,1220,157,620,Dance teacher | choreographer,1,1,0
Mike Brown,1560,280,387,Architect | sustainable design,0,1,0
Sarah Jones,957,53,528,Nurse practitioner | women's health advocate,0,1,0
Profit King,5,157,0,crypto signals ✅ 99% win rate,0,0,1
Click Here Now,25,134,5,promo available 📩,0,0,1
Free Follower,7,199,7,♻️ repost to win $1000,0,0,1
Earn Fast,22,87,3,crypto signals ✅ 99% win rate,0,0,1
Profit King,17,168,2,,0,0,1
Profit King,24,166,2,promo available 📩,0,1,1
Maria Garcia,1949,50,516,Fashion designer | PR welcome,0,1,0
Earn Fast,3,136,0,follow for follow back,0,0,1
Bot 9999,12,175,4,follow for follow back,0,0,1
Taylor Swift,0,167390999,3996,CEO @Fortune500 | Author | Speaker,1,1,0
Investment Guru,9,11,1,promo available 📩,0,1,1
Ahmed Hassan,1894,224,523,Marketing professional | keynote speaker,0,1,0
Person 1928,5,108,5,DM me to grow your account fast,0,0,1
Person 1928,14,157,4,Real estate investor | DM for passive income secrets,0,0,1
John Smith,453,50,374,Architect | sustainable design,0,1,0
Sarah Jones,576,84,877,Marketing professional | keynote speaker,0,1,0
Account 293,22,70,6,,0,0,1
Person 1928,25,20,4,DM me to grow your account fast,0,0,1
Crypto Bob,24,42,6,Get free followers — click bio link,0,1,1
Free Follower,15,37,0,♻️ repost to win $1000,0,1,1
Emma Davis,1869,198,254,Medical student | future doctor 🩺,0,1,0
Investment Guru,6,184,0,Click link below 💰,0,1,1
David Clark,404,313,207,Medical student | future doctor 🩺,0,1,0
Chris Martin,253,138,300,Podcaster | interviewing founders,0,1,0
Mike Brown,462,50,877,News journalist @NYT,0,1,0
Yuki Tanaka,929,50,975,Retired engineer | amateur astronomer 🔭,0,1,0
David Clark,1957,82,384,photographer | travel 📷,0,1,0
Selena Gomez,0,26853164,2300,Oscar-winning director | Production company: @StudioX,1,1,0
Real Human 001,23,48,7,Click link below 💰,0,1,1
Anna Lee,1602,50,884,mom of 3 | foodie 🍕,0,1,0
Lisa White,622,50,69,Artist | Digital creator ✨,0,1,0
Taylor Swift,0,50555278,3924,Official account. For business: manager@agency.com,1,1,0
Earn Fast,23,168,2,NFT investor | crypto tips,0,0,1
Investment Guru,3,114,3,📈 passive income daily,0,0,1
Free Follower,4,132,2,follow for follow back,0,0,1
Earn Fast,7,198,7,,0,1,1
Emma Davis,1323,50,111,Dance teacher | choreographer,0,1,0
Cristiano Ronaldo,0,115548528,3849,CEO @Fortune500 | Author | Speaker,1,1,0
Free Follower,23,101,5,Click link below 💰,0,0,1
Anna Lee,1543,50,54,photographer | travel 📷,0,1,0
Person 1928,1,168,6,investment advisor DM me,0,1,1
Investment Guru,21,161,5,♻️ repost to win $1000,0,0,1
Lisa White,525,50,247,Freelance illustrator | art prints available,0,1,0
Cristiano Ronaldo,0,148931607,3760,World #1 tennis player 🎾 | Foundation: @AidFundation,1,1,0
Bot 9999,3,77,4,,0,0,1
Anna Lee,1271,50,621,Yoga instructor | wellness coach 🧘,0,1,0
Money Maker,21,99,2,♻️ repost to win $1000,0,0,1
Account 293,28,41,2,🔞 link in bio,0,0,1
Lisa White,555,50,753,Data scientist | ML researcher,0,1,0
Crypto Bob,12,77,4,Click link below 💰,0,0,1
Sarah Jones,732,50,648,High school teacher | making STEM fun,0,1,0
Ariana Grande,0,109208729,3364,Hollywood actor | Upcoming: Summer Blockbuster 2025,1,1,0
Priya Sharma,436,70,338,Nurse practitioner | women's health advocate,0,1,0
Emma Davis,1002,134,862,Entrepreneur | Founder @startup,0,1,0
Sarah Jones,829,50,897,Gaming streamer | Twitch partner 🎮,0,1,0
Ahmed Hassan,1858,179,956,Environmental activist 🌱,0,1,0
Investment Guru,27,139,3,earn $500/day 👇,0,0,1
Person 1928,7,25,5,Click link below 💰,0,1,1
Sarah Jones,1707,765,671,UX designer @Meta,0,1,0
Ahmed Hassan,1607,393,683,Artist | Digital creator ✨,0,1,0
Account 293,20,1,5,promo available 📩,0,0,1
Mike Brown,673,417,902,Dance teacher | choreographer,0,1,0
Real Human 001,4,22,1,Click link below 💰,0,0,1
Emma Davis,1125,111,187,Podcaster | interviewing founders,0,1,0
The Rock,0,45855241,2387,World #1 tennis player 🎾 | Foundation: @AidFundation,1,1,0
David Clark,1175,53,994,Data scientist | ML researcher,0,1,0
Free Follower,12,22,5,earn $500/day 👇,0,0,1
Chris Martin,690,65,616,Developer | Open source enthusiast,0,1,0
Sarah Jones,71,151,565,Fashion designer | PR welcome,0,1,0
Person 1928,12,185,4,📈 passive income daily,0,0,1
Kim Kardashian,0,195539275,1732,World-renowned chef 👨‍🍳 | Author of 3 cookbooks,1,1,0
Chris Martin,291,50,845,Data scientist | ML researcher,0,1,0
Account 293,20,169,7,,0,0,1
Crypto Bob,12,4,7,btc eth airdrop free coins,0,1,1
Lisa White,1625,72,850,Developer | Open source enthusiast,0,1,0
Sarah Jones,887,317,55,Nurse practitioner | women's health advocate,0,1,0
Investment Guru,20,179,1,FREE BTC airdrop → link in bio,0,0,1
Crypto Bob,28,165,3,Get free followers — click bio link,0,1,1
The Rock,0,137657895,658,Grammy-winning artist 🎵 | New album out now,1,1,0
Yuki Tanaka,1172,94,10,Dog lover 🐾 | Hiking | Books,0,1,0
David Clark,151,357,254,Medical student | future doctor 🩺,0,1,0
Bot 9999,8,133,0,,0,1,1
Click Here Now,18,47,6,,0,0,1
Click Here Now,2,22,7,,0,1,1
Maria Garcia,1425,50,260,Wildlife photographer based in Kenya,0,1,0
Person 1928,0,134,3,crypto signals ✅ 99% win rate,0,1,1
Money Maker,12,199,0,follow for follow back,0,1,1
Priya Sharma,1139,455,806,Dance teacher | choreographer,0,1,0
Emma Davis,1977,50,734,UX designer @Meta,0,1,0
Ariana Grande,0,44299362,4230,Grammy-winning artist 🎵 | New album out now,1,1,0
Mike Brown,1109,50,691,Artist | Digital creator ✨,0,1,0
Earn Fast,14,159,2,,0,0,1
Anna Lee,889,50,23,Dance teacher | choreographer,0,1,0
John Smith,325,50,599,High school teacher | making STEM fun,0,1,0
Earn Fast,8,22,7,crypto signals ✅ 99% win rate,0,1,1
Real Human 001,13,11,2,,0,0,1
Yuki Tanaka,963,50,549,photographer | travel 📷,0,1,0
Money Maker,23,73,2,promo available 📩,0,0,1
Earn Fast,12,189,1,investment advisor DM me,0,1,1
Ahmed Hassan,306,50,313,Traveler | 50+ countries visited ✈️,0,1,0
Account 293,26,69,6,NFT investor | crypto tips,0,1,1
Anna Lee,1156,318,45,fitness coach 💪 DM for plans,0,1,0
Profit King,8,181,3,btc eth airdrop free coins,0,0,1
Free Follower,14,191,3,btc eth airdrop free coins,0,0,1
Earn Fast,9,38,5,earn $500/day 👇,0,1,1
Earn Fast,20,192,6,Get free followers — click bio link,0,0,1
Chris Martin,1298,262,242,Nurse practitioner | women's health advocate,0,1,0
The Rock,0,141971567,620,World-renowned chef 👨‍🍳 | Author of 3 cookbooks,1,1,0
Yuki Tanaka,675,50,135,Artist | Digital creator ✨,0,1,0
Click Here Now,6,106,2,📈 passive income daily,0,0,1
User 8374,7,86,4,,0,1,1
Account 293,17,172,2,promo available 📩,0,1,1
John Smith,1287,178,614,Dance teacher | choreographer,0,1,0
Emma Davis,488,66,979,Entrepreneur | Founder @startup,0,1,0
Mike Brown,843,50,98,News journalist @NYT,0,1,0
Chris Martin,152,50,679,Gaming streamer | Twitch partner 🎮,0,1,0
Maria Garcia,1742,50,999,Traveler | 50+ countries visited ✈️,0,1,0
User 8374,3,152,6,Click link below 💰,0,0,1
Real Human 001,2,98,7,♻️ repost to win $1000,0,0,1
Free Follower,19,70,5,,0,0,1
Bot 9999,18,52,6,btc eth airdrop free coins,0,0,1
The Rock,0,193214903,1639,Professional athlete | Team captain | Brand ambassador,1,1,0
Click Here Now,11,82,0,,0,0,1
Free Follower,6,170,2,📈 passive income daily,0,0,1
Investment Guru,28,158,0,♻️ repost to win $1000,0,0,1
Investment Guru,7,179,7,investment advisor DM me,0,0,1
Real Human 001,26,102,5,,0,1,1
Yuki Tanaka,861,50,333,Medical student | future doctor 🩺,0,1,0
Bot 9999,24,139,1,Get free followers — click bio link,0,0,1
Chris Martin,903,50,536,UX designer @Meta,0,1,0
Cristiano Ronaldo,0,128770912,4005,CEO @Fortune500 | Author | Speaker,1,1,0
User 8374,14,128,4,♻️ repost to win $1000,0,0,1
Real Human 001,25,103,2,,0,0,1
User 8374,14,120,1,,0,0,1
Emma Davis,1721,50,263,Artist | Digital creator ✨,0,1,0
Anna Lee,1953,50,770,Fashion designer | PR welcome,0,1,0
Sarah Jones,1119,297,103,UX designer @Meta,0,1,0
Account 293,24,139,6,Get free followers — click bio link,0,1,1
Account 293,17,21,7,investment advisor DM me,0,0,1
Person 1928,18,173,4,,0,1,1
User 8374,22,51,6,investment advisor DM me,0,0,1
Anna Lee,874,55,341,Architect | sustainable design,0,1,0
John Smith,686,50,439,Architect | sustainable design,0,1,0
Crypto Bob,21,171,6,📈 passive income daily,0,0,1
Person 1928,7,38,5,crypto signals ✅ 99% win rate,0,1,1
Mike Brown,1961,50,25,Traveler | 50+ countries visited ✈️,0,1,0
Maria Garcia,974,54,196,Environmental activist 🌱,0,1,0
Emma Davis,1974,50,113,Developer | Open source enthusiast,0,1,0
Free Follower,17,25,4,investment advisor DM me,0,1,1
Investment Guru,10,52,5,Real estate investor | DM for passive income secrets,0,1,1
Earn Fast,16,125,7,Real estate investor | DM for passive income secrets,0,1,1
Bot 9999,23,58,7,follow for follow back,0,0,1
Priya Sharma,1281,50,960,Dance teacher | choreographer,0,1,0
Selena Gomez,0,190052272,3715,Hollywood actor | Upcoming: Summer Blockbuster 2025,1,1,0
Emma Davis,224,50,782,Dog lover 🐾 | Hiking | Books,0,1,0
Free Follower,12,106,5,📈 passive income daily,0,0,1
Investment Guru,12,30,7,earn $500/day 👇,0,0,1
John Smith,468,56,238,Podcaster | interviewing founders,0,1,0
Ariana Grande,0,80021738,1702,CEO @Fortune500 | Author | Speaker,1,1,0
Priya Sharma,1907,91,655,High school teacher | making STEM fun,0,1,0
Person 1928,1,28,1,,0,0,1
Priya Sharma,1868,231,439,software engineer @ Google,0,1,0
David Clark,1726,50,85,Retired engineer | amateur astronomer 🔭,0,1,0
Lisa White,1955,107,701,Retired engineer | amateur astronomer 🔭,0,1,0
Priya Sharma,1892,135,929,Teacher & lifelong learner 📚,0,1,0
Mike Brown,316,59,161,Data scientist | ML researcher,0,1,0
Mike Brown,563,91,499,Yoga instructor | wellness coach 🧘,0,1,0
Lisa White,772,85,959,Dog lover 🐾 | Hiking | Books,0,1,0
Cristiano Ronaldo,0,38955493,3494,World #1 tennis player 🎾 | Foundation: @AidFundation,1,1,0
Crypto Bob,10,111,4,Real estate investor | DM for passive income secrets,0,0,1
Free Follower,27,141,3,crypto signals ✅ 99% win rate,0,0,1
Maria Garcia,1585,53,318,Wildlife photographer based in Kenya,0,1,0
Mike Brown,719,183,494,fitness coach 💪 DM for plans,0,1,0
David Clark,739,84,538,Dog lover 🐾 | Hiking | Books,0,1,0
User 8374,16,54,2,Get free followers — click bio link,0,0,1
Profit King,23,6,5,FREE BTC airdrop → link in bio,0,1,1
Kim Kardashian,0,137277420,3621,Hollywood actor | Upcoming: Summer Blockbuster 2025,1,1,0
Real Human 001,13,143,5,,0,0,1
Profit King,27,48,3,FREE BTC airdrop → link in bio,0,1,1
Lisa White,1051,153,60,UX designer @Meta,0,1,0
Bot 9999,15,194,1,investment advisor DM me,0,0,1
Bot 9999,13,30,3,♻️ repost to win $1000,0,0,1
Anna Lee,1335,50,23,UX designer @Meta,0,1,0
Person 1928,16,30,4,crypto signals ✅ 99% win rate,0,1,1
Click Here Now,22,35,7,📈 passive income daily,0,0,1
Priya Sharma,785,50,730,News journalist @NYT,0,1,0
Money Maker,29,175,7,,0,0,1
Maria Garcia,345,187,885,Artist | Digital creator ✨,0,1,0
Account 293,9,11,0,FREE BTC airdrop → link in bio,0,1,1
Real Human 001,24,188,1,📈 passive income daily,0,1,1
Lisa White,1086,50,817,fitness coach 💪 DM for plans,0,1,0
Ariana Grande,0,84134395,4839,Oscar-winning director | Production company: @StudioX,1,1,0
Free Follower,2,132,3,,0,0,1
Click Here Now,2,129,7,FREE BTC airdrop → link in bio,0,0,1
Lisa White,546,138,687,Musician. Coffee addict. ☕,0,1,0
The Rock,0,61058496,4858,CEO @Fortune500 | Author | Speaker,1,1,0
Bot 9999,18,194,6,,0,0,1
Sarah Jones,642,50,651,Musician. Coffee addict. ☕,1,1,0
Anna Lee,103,109,824,Developer | Open source enthusiast,0,1,0
Person 1928,18,58,5,Real estate investor | DM for passive income secrets,0,0,1
User 8374,24,45,5,earn $500/day 👇,0,1,1
User 8374,12,72,3,FREE BTC airdrop → link in bio,0,1,1
Lisa White,51,58,116,Dance teacher | choreographer,0,1,0
Yuki Tanaka,133,50,889,Dance teacher | choreographer,0,1,0
John Smith,1099,73,319,Wildlife photographer based in Kenya,0,1,0
Ahmed Hassan,595,96,359,Yoga instructor | wellness coach 🧘,0,1,0
Mike Brown,1530,50,393,software engineer @ Google,0,1,0
Sarah Jones,1426,72,369,Entrepreneur | Founder @startup,0,1,0
The Rock,0,43266113,2075,International supermodel | Agency: IMG Models,1,1,0
Yuki Tanaka,1324,150,718,News journalist @NYT,0,1,0
The Rock,0,148292191,3470,Iconic musician 🎸 | 40+ years on stage,1,1,0
Anna Lee,1417,222,429,Data scientist | ML researcher,0,1,0
Crypto Bob,23,76,2,🔞 link in bio,0,0,1
Chris Martin,364,50,850,Freelance illustrator | art prints available,0,1,0
Investment Guru,25,101,7,🔞 link in bio,0,0,1
Emma Davis,1185,258,637,Yoga instructor | wellness coach 🧘,0,1,0
Ahmed Hassan,145,108,328,mom of 3 | foodie 🍕,0,1,0
Chris Martin,510,85,913,News journalist @NYT,0,1,0
Anna Lee,1037,50,861,Environmental activist 🌱,0,1,0
Bot 9999,14,69,4,FREE BTC airdrop → link in bio,0,0,1
Click Here Now,28,0,7,,0,0,1
Investment Guru,6,149,3,📈 passive income daily,0,0,1
Ahmed Hassan,748,50,543,Marketing professional | keynote speaker,0,1,0
Crypto Bob,20,115,7,NFT investor | crypto tips,0,0,1
Account 293,28,82,2,DM me to grow your account fast,0,1,1
John Smith,1864,50,167,Teacher & lifelong learner 📚,0,1,0
Click Here Now,28,199,3,FREE BTC airdrop → link in bio,0,0,1
Anna Lee,532,54,243,Retired engineer | amateur astronomer 🔭,0,1,0
Ariana Grande,0,118215266,1960,International supermodel | Agency: IMG Models,1,1,0
Maria Garcia,863,50,753,photographer | travel 📷,0,1,0
Ahmed Hassan,131,50,127,Architect | sustainable design,0,1,0
Profit King,13,126,1,DM me to grow your account fast,0,1,1
Priya Sharma,1680,50,183,photographer | travel 📷,0,1,0
John Smith,290,114,937,Marketing professional | keynote speaker,0,1,0
Money Maker,0,161,3,📈 passive income daily,0,1,1
Ahmed Hassan,586,50,436,Podcaster | interviewing founders,0,1,0
Person 1928,16,80,5,📈 passive income daily,0,1,1
Selena Gomez,0,36418967,2390,CEO @Fortune500 | Author | Speaker,1,1,0
Cristiano Ronaldo,0,152258980,3755,Fashion icon | Creative Director @LuxuryBrand,1,1,0
Earn Fast,0,25,1,📈 passive income daily,0,0,1
Bot 9999,23,140,2,♻️ repost to win $1000,0,1,1
Investment Guru,2,81,4,,0,1,1
Ahmed Hassan,1247,69,360,UX designer @Meta,0,1,0
John Smith,840,113,502,Musician. Coffee addict. ☕,0,1,0
Money Maker,17,195,2,,0,0,1
Kim Kardashian,0,62363546,4262,World-renowned chef 👨‍🍳 | Author of 3 cookbooks,1,1,0
Real Human 001,23,104,0,FREE BTC airdrop → link in bio,0,0,1
Ahmed Hassan,1275,50,464,Chef | Recipe creator 🍳,0,1,0
Investment Guru,27,45,5,,0,0,1
Free Follower,3,90,5,Get free followers — click bio link,0,1,1
Ahmed Hassan,1643,1136,184,Data scientist | ML researcher,0,1,0
Ariana Grande,0,69793094,2580,Grammy-winning artist 🎵 | New album out now,1,1,0
Ahmed Hassan,1893,50,966,Gaming streamer | Twitch partner 🎮,0,1,0
Emma Davis,1449,612,699,Teacher & lifelong learner 📚,0,1,0
Free Follower,17,2,1,,0,0,1
Money Maker,24,199,0,Click link below 💰,0,0,1
Free Follower,7,161,7,Real estate investor | DM for passive income secrets,0,0,1
Free Follower,29,130,3,crypto signals ✅ 99% win rate,0,0,1
Chris Martin,501,50,476,Gaming streamer | Twitch partner 🎮,0,1,0
Money Maker,27,192,4,,0,0,1
Investment Guru,9,107,7,,0,0,1
Sarah Jones,722,170,250,Gaming streamer | Twitch partner 🎮,0,1,0
Ariana Grande,0,195584730,818,Official account. For business: manager@agency.com,1,1,0
Investment Guru,22,169,3,📈 passive income daily,0,1,1
Click Here Now,2,174,5,btc eth airdrop free coins,0,0,1
Cristiano Ronaldo,0,142816171,2046,World-renowned chef 👨‍🍳 | Author of 3 cookbooks,1,1,0
Real Human 001,11,181,4,NFT investor | crypto tips,0,0,1
Earn Fast,12,151,3,btc eth airdrop free coins,0,0,1
Click Here Now,4,136,3,,0,1,1
Mike Brown,1354,68,836,Entrepreneur | Founder @startup,0,1,0
Crypto Bob,2,16,3,DM me to grow your account fast,0,0,1
Ahmed Hassan,1705,50,656,Musician. Coffee addict. ☕,0,1,0
Money Maker,23,141,5,,0,0,1
Free Follower,29,42,0,earn $500/day 👇,0,0,1
Investment Guru,23,2,2,earn $500/day 👇,0,0,1
User 8374,10,75,1,,0,0,1
Emma Davis,1299,50,872,photographer | travel 📷,0,1,0
Bot 9999,28,135,0,,0,1,1
David Clark,803,50,704,UX designer @Meta,0,1,0
Maria Garcia,1132,50,627,Traveler | 50+ countries visited ✈️,0,1,0
Click Here Now,6,100,2,📈 passive income daily,0,0,1
John Smith,1927,50,997,fitness coach 💪 DM for plans,0,1,0
Kim Kardashian,0,65710291,3878,Iconic musician 🎸 | 40+ years on stage,1,1,0
Click Here Now,26,94,0,btc eth airdrop free coins,0,1,1
Maria Garcia,657,50,753,UX designer @Meta,0,1,0
Earn Fast,19,81,1,follow for follow back,0,0,1
Crypto Bob,14,53,0,,0,0,1
Ahmed Hassan,278,50,299,Yoga instructor | wellness coach 🧘,0,1,0
Taylor Swift,0,148993187,2306,Iconic musician 🎸 | 40+ years on stage,1,1,0
Maria Garcia,1590,50,932,High school teacher | making STEM fun,0,1,0
Crypto Bob,8,88,6,follow for follow back,0,1,1
Free Follower,29,102,5,earn $500/day 👇,0,0,1
Ahmed Hassan,316,124,155,photographer | travel 📷,0,1,0
Person 1928,21,9,5,follow for follow back,0,1,1
Crypto Bob,0,85,5,btc eth airdrop free coins,0,1,1
Maria Garcia,901,50,461,Musician. Coffee addict. ☕,0,1,0
Profit King,28,95,7,,0,1,1
Mike Brown,1234,234,906,Wildlife photographer based in Kenya,0,1,0
Money Maker,2,83,3,🔞 link in bio,0,1,1
Free Follower,24,5,1,♻️ repost to win $1000,0,0,1
Person 1928,15,85,3,promo available 📩,0,0,1
Money Maker,26,42,6,📈 passive income daily,0,0,1
Crypto Bob,29,8,2,🔞 link in bio,0,0,1
Crypto Bob,9,65,5,,0,1,1
Account 293,25,11,6,,0,1,1
Account 293,8,80,5,📈 passive income daily,0,0,1
Priya Sharma,1564,86,37,Freelance illustrator | art prints available,0,1,0
Profit King,22,44,7,,0,0,1
Kim Kardashian,0,79431845,681,Nobel Peace Prize laureate | Activist,1,1,0
David Clark,689,50,722,Architect | sustainable design,0,1,0
Real Human 001,8,102,4,crypto signals ✅ 99% win rate,0,0,1
Maria Garcia,1383,50,340,High school teacher | making STEM fun,0,1,0
Click Here Now,17,94,5,Real estate investor | DM for passive income secrets,0,1,1
Anna Lee,1007,50,766,UX designer @Meta,0,1,0
Mike Brown,783,50,635,Chef | Recipe creator 🍳,0,1,0
Cristiano Ronaldo,0,184583826,3745,Iconic musician 🎸 | 40+ years on stage,1,1,0
Real Human 001,1,179,4,♻️ repost to win $1000,0,0,1
Bot 9999,9,88,6,,0,0,1
Chris Martin,1752,58,231,Nurse practitioner | women's health advocate,0,1,0
Earn Fast,3,22,0,NFT investor | crypto tips,0,1,1
Person 1928,2,93,5,,0,1,1
Crypto Bob,21,99,3,FREE BTC airdrop → link in bio,0,0,1
Kim Kardashian,0,124611117,1273,World-renowned chef 👨‍🍳 | Author of 3 cookbooks,1,1,0
Money Maker,14,116,3,NFT investor | crypto tips,0,0,1
User 8374,18,101,5,FREE BTC airdrop → link in bio,0,1,1
Sarah Jones,519,50,638,software engineer @ Google,0,1,0
Real Human 001,13,144,2,Get free followers — click bio link,0,1,1
Bot 9999,0,175,1,Click link below 💰,0,1,1
Selena Gomez,0,38983299,4091,Professional athlete | Team captain | Brand ambassador,1,1,0
Kim Kardashian,0,24853427,872,Official account. For business: manager@agency.com,1,1,0
John Smith,1870,50,826,Gaming streamer | Twitch partner 🎮,0,1,0
Account 293,0,106,5,,0,0,1
Emma Davis,546,118,719,Fashion designer | PR welcome,0,1,0
Real Human 001,17,108,1,,0,0,1
Profit King,24,59,1,,0,0,1
Person 1928,4,71,2,,0,1,1
Kim Kardashian,0,156510306,1654,Grammy-winning artist 🎵 | New album out now,1,1,0
Crypto Bob,16,20,4,🔞 link in bio,0,1,1
Money Maker,5,163,2,,0,1,1
User 8374,12,177,0,♻️ repost to win $1000,0,0,1
Chris Martin,388,50,158,Gaming streamer | Twitch partner 🎮,0,1,0
Sarah Jones,1922,50,410,Developer | Open source enthusiast,0,1,0
Click Here Now,9,60,2,📈 passive income daily,0,1,1
John Smith,1786,50,794,Developer | Open source enthusiast,0,1,0
Money Maker,7,133,3,NFT investor | crypto tips,0,1,1
Maria Garcia,1774,446,933,fitness coach 💪 DM for plans,0,1,0
Earn Fast,13,165,2,,0,1,1
Free Follower,5,77,0,,0,1,1
Priya Sharma,1573,396,625,Fashion designer | PR welcome,0,1,0
John Smith,1290,50,367,Data scientist | ML researcher,0,1,0
Bot 9999,18,38,1,Click link below 💰,0,0,1
Emma Davis,1945,96,475,Retired engineer | amateur astronomer 🔭,0,1,0
Bot 9999,4,129,5,NFT investor | crypto tips,0,0,1
Account 293,26,189,3,Get free followers — click bio link,0,0,1
Account 293,3,68,5,📈 passive income daily,0,0,1
Ariana Grande,0,20742011,1085,Professional athlete | Team captain | Brand ambassador,1,1,0
Sarah Jones,1671,128,888,Yoga instructor | wellness coach 🧘,0,1,0
Priya Sharma,914,71,511,Teacher & lifelong learner 📚,0,1,0
Bot 9999,8,83,2,follow for follow back,0,0,1
Profit King,25,54,0,Click link below 💰,0,1,1
Sarah Jones,518,50,640,Freelance illustrator | art prints available,0,1,0
Investment Guru,10,187,6,,0,1,1
John Smith,856,50,262,News journalist @NYT,0,1,0
Emma Davis,1054,147,365,Architect | sustainable design,0,1,0
Investment Guru,1,99,6,DM me to grow your account fast,0,0,1
Crypto Bob,24,38,2,,0,1,1
The Rock,0,41807966,4728,CEO @Fortune500 | Author | Speaker,1,1,0
Money Maker,27,177,4,,0,0,1
Bot 9999,14,101,4,,0,0,1
John Smith,1518,221,508,photographer | travel 📷,0,1,0
Priya Sharma,56,50,27,Dance teacher | choreographer,0,1,0
Bot 9999,20,13,7,,0,1,1
Priya Sharma,1256,50,190,Chef | Recipe creator 🍳,0,1,0
Account 293,24,93,7,earn $500/day 👇,0,1,1
Maria Garcia,660,181,738,Blogger | Lifestyle & wellness,0,1,0
Real Human 001,6,25,6,Click link below 💰,0,0,1
The Rock,0,99870646,1691,Grammy-winning artist 🎵 | New album out now,1,1,0
Person 1928,27,106,7,btc eth airdrop free coins,0,1,1
Click Here Now,21,156,7,DM me to grow your account fast,0,1,1
John Smith,866,199,286,Architect | sustainable design,0,1,0
Taylor Swift,0,127510002,2356,Hollywood actor | Upcoming: Summer Blockbuster 2025,1,1,0
Sarah Jones,1066,1152,851,Freelance illustrator | art prints available,0,1,0
Crypto Bob,19,169,4,DM me to grow your account fast,0,0,1
John Smith,660,50,985,Nurse practitioner | women's health advocate,0,1,0
Taylor Swift,0,145674008,3540,Grammy-winning artist 🎵 | New album out now,1,1,0
Real Human 001,18,170,7,earn $500/day 👇,0,1,1
Emma Davis,190,50,698,Architect | sustainable design,0,1,0
John Smith,540,208,557,fitness coach 💪 DM for plans,0,1,0
Emma Davis,547,57,254,Chef | Recipe creator 🍳,0,1,0
Crypto Bob,25,174,0,btc eth airdrop free coins,0,0,1
Mike Brown,889,67,352,Data scientist | ML researcher,0,1,0
Kim Kardashian,0,111715986,4745,Hollywood actor | Upcoming: Summer Blockbuster 2025,1,1,0
Earn Fast,13,127,3,FREE BTC airdrop → link in bio,0,1,1
Chris Martin,1797,50,215,UX designer @Meta,0,1,0
Crypto Bob,11,134,3,,0,1,1
Priya Sharma,461,56,236,Dance teacher | choreographer,0,1,0
Maria Garcia,837,139,984,Blogger | Lifestyle & wellness,0,1,0
User 8374,0,193,1,Get free followers — click bio link,0,0,1
Earn Fast,13,129,3,investment advisor DM me,0,0,1
Crypto Bob,15,146,3,FREE BTC airdrop → link in bio,0,0,1
Bot 9999,14,146,1,promo available 📩,0,0,1
User 8374,19,65,6,DM me to grow your account fast,0,0,1
Profit King,22,102,1,crypto signals ✅ 99% win rate,0,0,1
Money Maker,6,52,4,investment advisor DM me,0,1,1
Investment Guru,7,167,4,DM me to grow your account fast,0,0,1
Mike Brown,1212,50,405,mom of 3 | foodie 🍕,0,1,0
Money Maker,7,2,3,crypto signals ✅ 99% win rate,0,1,1
Chris Martin,732,128,467,Dance teacher | choreographer,0,1,0
User 8374,27,121,6,follow for follow back,0,1,1
Anna Lee,796,50,356,Wildlife photographer based in Kenya,0,1,0
Chris Martin,532,185,727,News journalist @NYT,0,1,0
Ariana Grande,0,96382737,1320,World-renowned chef 👨‍🍳 | Author of 3 cookbooks,1,1,0
Taylor Swift,0,55389280,3029,Professional athlete | Team captain | Brand ambassador,1,1,0
Mike Brown,1979,116,689,Architect | sustainable design,0,1,0
Bot 9999,20,15,5,,0,0,1
Chris Martin,1329,50,124,Musician. Coffee addict. ☕,0,1,0
Free Follower,20,185,5,Real estate investor | DM for passive income secrets,0,1,1
User 8374,9,123,7,earn $500/day 👇,0,0,1
Real Human 001,14,53,2,,0,0,1
Crypto Bob,23,3,0,Get free followers — click bio link,0,1,1
Account 293,25,41,7,🔞 link in bio,0,1,1
Crypto Bob,22,195,7,,0,1,1
Crypto Bob,20,95,0,♻️ repost to win $1000,0,0,1
Crypto Bob,3,113,1,,0,1,1
Chris Martin,1931,97,962,software engineer @ Google,1,1,0
Crypto Bob,13,44,0,investment advisor DM me,0,0,1
Free Follower,11,26,4,♻️ repost to win $1000,0,0,1
Real Human 001,19,158,3,crypto signals ✅ 99% win rate,0,1,1
Account 293,21,150,6,Click link below 💰,0,1,1
Profit King,22,63,3,promo available 📩,0,1,1
Earn Fast,27,0,3,Get free followers — click bio link,0,1,1
Investment Guru,22,179,4,investment advisor DM me,0,1,1
Account 293,0,69,5,,0,0,1
Anna Lee,568,50,929,Freelance illustrator | art prints available,0,1,0
Crypto Bob,13,178,3,Click link below 💰,0,0,1
Investment Guru,5,5,2,📈 passive income daily,0,0,1
Bot 9999,9,148,6,,0,0,1
Earn Fast,9,108,4,Get free followers — click bio link,0,1,1
Yuki Tanaka,102,76,601,software engineer @ Google,0,1,0
Anna Lee,513,50,858,UX designer @Meta,0,1,0
Account 293,27,138,2,📈 passive income daily,0,0,1
Person 1928,24,164,6,,0,0,1
Priya Sharma,1009,50,322,Musician. Coffee addict. ☕,0,1,0
Click Here Now,29,32,2,🔞 link in bio,0,1,1
Free Follower,8,62,0,,0,1,1
Emma Davis,258,188,811,Environmental activist 🌱,0,1,0
Sarah Jones,427,172,313,Entrepreneur | Founder @startup,0,1,0
Sarah Jones,80,50,729,fitness coach 💪 DM for plans,0,1,0
Free Follower,15,75,6,,0,0,1
Investment Guru,16,43,7,,0,0,1
Account 293,0,47,1,📈 passive income daily,0,1,1
User 8374,20,41,3,btc eth airdrop free coins,0,0,1
Investment Guru,19,109,5,crypto signals ✅ 99% win rate,0,1,1
Crypto Bob,0,32,5,,0,0,1
Investment Guru,0,150,0,FREE BTC airdrop → link in bio,0,1,1
Real Human 001,19,107,5,🔞 link in bio,0,1,1
Profit King,17,171,6,,0,1,1
Bot 9999,8,87,6,FREE BTC airdrop → link in bio,0,0,1
Money Maker,11,40,7,Get free followers — click bio link,0,0,1
Person 1928,28,23,7,,0,1,1
Bot 9999,13,53,3,Get free followers — click bio link,0,0,1
Investment Guru,26,30,0,Real estate investor | DM for passive income secrets,0,0,1
Person 1928,6,188,1,crypto signals ✅ 99% win rate,0,0,1
Ahmed Hassan,1625,50,48,photographer | travel 📷,0,1,0
John Smith,1559,50,973,Gaming streamer | Twitch partner 🎮,0,1,0
Free Follower,7,97,1,,0,0,1
Profit King,23,85,5,DM me to grow your account fast,0,0,1
Lisa White,234,106,413,Traveler | 50+ countries visited ✈️,0,1,0
Lisa White,1574,50,295,Architect | sustainable design,0,1,0
Ahmed Hassan,642,50,477,mom of 3 | foodie 🍕,0,1,0
Bot 9999,9,11,1,investment advisor DM me,0,1,1
Real Human 001,24,116,0,FREE BTC airdrop → link in bio,0,1,1
Earn Fast,24,8,3,♻️ repost to win $1000,0,0,1
Investment Guru,22,30,7,,0,0,1
John Smith,1628,135,31,High school teacher | making STEM fun,0,1,0
Earn Fast,6,182,5,investment advisor DM me,0,0,1
Maria Garcia,1839,50,282,News journalist @NYT,0,1,0
User 8374,2,165,4,btc eth airdrop free coins,0,0,1
User 8374,7,11,7,btc eth airdrop free coins,0,0,1
Sarah Jones,1372,51,86,Wildlife photographer based in Kenya,0,1,0
Crypto Bob,22,10,0,,0,1,1
User 8374,18,34,2,NFT investor | crypto tips,0,0,1
John Smith,884,149,804,Teacher & lifelong learner 📚,0,1,0
Account 293,19,157,1,Click link below 💰,0,0,1
Selena Gomez,0,193812417,4339,World-renowned chef 👨‍🍳 | Author of 3 cookbooks,1,1,0
Earn Fast,23,124,4,Real estate investor | DM for passive income secrets,0,1,1
Lisa White,534,50,478,Nurse practitioner | women's health advocate,0,1,0
Person 1928,18,116,2,NFT investor | crypto tips,0,0,1
Mike Brown,156,575,276,Architect | sustainable design,0,1,0
Chris Martin,1677,50,419,Developer | Open source enthusiast,0,1,0
User 8374,23,106,3,investment advisor DM me,0,0,1
Money Maker,17,177,7,btc eth airdrop free coins,0,0,1
Profit King,4,199,6,btc eth airdrop free coins,0,0,1
Maria Garcia,1609,409,230,Artist | Digital creator ✨,0,1,0
Person 1928,24,41,3,Get free followers — click bio link,0,0,1
Person 1928,26,130,1,🔞 link in bio,0,1,1
Chris Martin,575,50,970,Chef | Recipe creator 🍳,0,1,0
Anna Lee,1515,88,261,Artist | Digital creator ✨,0,1,0
Priya Sharma,426,50,817,Dog lover 🐾 | Hiking | Books,0,1,0
Mike Brown,913,54,348,UX designer @Meta,0,1,0
Ahmed Hassan,1635,50,53,High school teacher | making STEM fun,0,1,0
John Smith,1482,50,165,Podcaster | interviewing founders,0,1,0
Real Human 001,20,49,4,FREE BTC airdrop → link in bio,0,0,1
User 8374,3,75,1,,0,1,1
Money Maker,10,103,2,promo available 📩,0,0,1
Person 1928,6,129,6,btc eth airdrop free coins,0,1,1
Maria Garcia,258,50,689,Nurse practitioner | women's health advocate,0,1,0
Investment Guru,21,13,6,FREE BTC airdrop → link in bio,0,0,1
Emma Davis,1743,263,396,photographer | travel 📷,0,1,0
Click Here Now,0,46,3,,0,0,1
Lisa White,216,210,802,Marketing professional | keynote speaker,0,1,0
Earn Fast,13,67,1,FREE BTC airdrop → link in bio,0,1,1
Yuki Tanaka,70,60,414,Fashion designer | PR welcome,0,1,0
Sarah Jones,849,50,935,Wildlife photographer based in Kenya,0,1,0
Selena Gomez,0,99302407,2315,Nobel Peace Prize laureate | Activist,1,1,0
Emma Davis,1796,53,861,Medical student | future doctor 🩺,0,1,0
Click Here Now,23,34,3,,0,0,1
Money Maker,21,102,0,Real estate investor | DM for passive income secrets,0,1,1
David Clark,1999,50,789,News journalist @NYT,0,1,0
Ahmed Hassan,1643,50,70,Artist | Digital creator ✨,0,1,0
Person 1928,16,5,0,follow for follow back,0,0,1
Crypto Bob,25,43,3,,0,0,1
Mike Brown,202,50,462,Wildlife photographer based in Kenya,0,1,0
David Clark,1157,50,378,Dog lover 🐾 | Hiking | Books,0,1,0
Priya Sharma,1154,583,135,Data scientist | ML researcher,0,1,0
The Rock,0,32265249,1868,Official account. For business: manager@agency.com,1,1,0
Earn Fast,6,141,1,promo available 📩,0,0,1
Kim Kardashian,0,96505136,2362,Oscar-winning director | Production company: @StudioX,1,1,0
Person 1928,13,155,4,FREE BTC airdrop → link in bio,0,0,1
Lisa White,476,50,154,Chef | Recipe creator 🍳,0,1,0
Profit King,14,58,1,earn $500/day 👇,0,0,1
Investment Guru,21,18,6,FREE BTC airdrop → link in bio,0,0,1
Sarah Jones,1115,50,199,Marketing professional | keynote speaker,1,1,0
Ahmed Hassan,531,50,691,Data scientist | ML researcher,0,1,0
Ahmed Hassan,1257,132,481,Developer | Open source enthusiast,0,1,0
Investment Guru,2,149,6,follow for follow back,0,0,1
David Clark,1968,72,836,Traveler | 50+ countries visited ✈️,0,1,0
Anna Lee,313,50,761,Architect | sustainable design,0,1,0
Investment Guru,26,95,1,Click link below 💰,0,0,1
Money Maker,6,113,7,🔞 link in bio,0,0,1
Money Maker,26,126,6,DM me to grow your account fast,0,1,1
Bot 9999,11,55,4,Get free followers — click bio link,0,1,1
Yuki Tanaka,1545,50,501,Developer | Open source enthusiast,0,1,0
Real Human 001,29,167,3,🔞 link in bio,0,0,1
User 8374,29,198,6,crypto signals ✅ 99% win rate,0,0,1
Priya Sharma,1796,50,794,Data scientist | ML researcher,0,1,0
Real Human 001,9,119,6,🔞 link in bio,0,0,1
The Rock,0,66916221,2339,Grammy-winning artist 🎵 | New album out now,1,1,0
Money Maker,18,100,4,,0,1,1
The Rock,0,53974610,1007,Nobel Peace Prize laureate | Activist,1,1,0
Bot 9999,5,40,5,Get free followers — click bio link,0,0,1
Investment Guru,4,65,3,,0,0,1
Yuki Tanaka,861,147,694,Developer | Open source enthusiast,0,1,0
David Clark,1889,50,67,Developer | Open source enthusiast,0,1,0
Selena Gomez,0,95862218,4965,International supermodel | Agency: IMG Models,1,1,0
David Clark,545,122,203,Entrepreneur | Founder @startup,0,1,0
Chris Martin,1886,50,154,Medical student | future doctor 🩺,0,1,0
Anna Lee,1659,50,230,Fashion designer | PR welcome,0,1,0
Free Follower,14,51,4,Click link below 💰,0,0,1
Anna Lee,1124,247,677,Dog lover 🐾 | Hiking | Books,0,1,0
Priya Sharma,1882,50,232,photographer | travel 📷,0,1,0
Profit King,1,174,1,♻️ repost to win $1000,0,0,1
Emma Davis,1690,50,592,Nurse practitioner | women's health advocate,0,1,0
Real Human 001,14,81,1,NFT investor | crypto tips,0,0,1
Priya Sharma,1204,61,212,software engineer @ Google,0,1,0
Click Here Now,12,153,4,📈 passive income daily,0,0,1
Account 293,29,46,5,🔞 link in bio,0,0,1
User 8374,0,69,3,crypto signals ✅ 99% win rate,0,0,1
Money Maker,12,163,5,crypto signals ✅ 99% win rate,0,0,1
Account 293,21,66,0,,0,0,1
Ahmed Hassan,1638,50,655,mom of 3 | foodie 🍕,0,1,0
Bot 9999,5,78,4,,0,0,1
David Clark,898,50,580,High school teacher | making STEM fun,0,1,0
Click Here Now,10,43,2,Get free followers — click bio link,0,1,1
John Smith,1399,50,353,Wildlife photographer based in Kenya,0,1,0
Mike Brown,738,50,738,Chef | Recipe creator 🍳,0,1,0
Ahmed Hassan,1866,50,342,Dance teacher | choreographer,0,1,0
Kim Kardashian,0,187344871,1045,World #1 tennis player 🎾 | Foundation: @AidFundation,1,1,0
Real Human 001,15,37,4,Get free followers — click bio link,0,1,1
Mike Brown,58,165,513,Freelance illustrator | art prints available,0,1,0
Mike Brown,1154,50,776,Dance teacher | choreographer,0,1,0
John Smith,1408,83,675,News journalist @NYT,0,1,0
Money Maker,16,172,7,btc eth airdrop free coins,0,0,1
Person 1928,22,161,1,🔞 link in bio,0,0,1
Crypto Bob,18,16,4,📈 passive income daily,0,1,1
Click Here Now,25,162,0,📈 passive income daily,0,0,1
David Clark,1120,50,537,Wildlife photographer based in Kenya,0,1,0
Profit King,28,5,5,Real estate investor | DM for passive income secrets,0,0,1
Profit King,27,156,1,,0,0,1
User 8374,23,4,3,,0,0,1
Free Follower,12,78,3,NFT investor | crypto tips,0,1,1
Money Maker,11,19,7,investment advisor DM me,0,0,1
Account 293,18,144,2,♻️ repost to win $1000,0,0,1
Crypto Bob,3,146,3,Get free followers — click bio link,0,0,1
Sarah Jones,1654,330,603,Nurse practitioner | women's health advocate,0,1,0
Kim Kardashian,0,159155594,3377,World-renowned chef 👨‍🍳 | Author of 3 cookbooks,1,1,0
Mike Brown,861,50,459,Retired engineer | amateur astronomer 🔭,0,1,0
Maria Garcia,829,58,974,Developer | Open source enthusiast,0,1,0
Profit King,12,92,7,📈 passive income daily,0,0,1
Click Here Now,22,84,3,📈 passive income daily,0,0,1
Bot 9999,26,51,1,Real estate investor | DM for passive income secrets,0,0,1
Bot 9999,28,121,3,,0,1,1
Kim Kardashian,0,123520743,2255,CEO @Fortune500 | Author | Speaker,1,1,0
Crypto Bob,11,58,5,Real estate investor | DM for passive income secrets,0,0,1
John Smith,952,50,595,Nurse practitioner | women's health advocate,0,1,0
Sarah Jones,1645,110,844,Entrepreneur | Founder @startup,0,1,0
Investment Guru,15,189,7,investment advisor DM me,0,1,1
Priya Sharma,1071,50,682,High school teacher | making STEM fun,0,1,0
Anna Lee,1334,93,961,photographer | travel 📷,0,1,0
The Rock,0,98634950,2113,CEO @Fortune500 | Author | Speaker,1,1,0
Chris Martin,947,50,858,Entrepreneur | Founder @startup,0,1,0
Ahmed Hassan,625,50,985,Retired engineer | amateur astronomer 🔭,0,1,0
Chris Martin,578,56,796,Developer | Open source enthusiast,0,1,0
Crypto Bob,13,59,2,,0,0,1
Kim Kardashian,0,144036111,4168,Grammy-winning artist 🎵 | New album out now,1,1,0
Maria Garcia,1900,85,567,Marketing professional | keynote speaker,0,1,0
Kim Kardashian,0,99096295,1090,World-renowned chef 👨‍🍳 | Author of 3 cookbooks,1,1,0
Chris Martin,1029,50,268,Medical student | future doctor 🩺,0,1,0
Investment Guru,19,120,6,btc eth airdrop free coins,0,0,1
Investment Guru,1,138,6,crypto signals ✅ 99% win rate,0,0,1
Profit King,4,9,2,,0,0,1
Money Maker,0,35,7,NFT investor | crypto tips,0,1,1
Ahmed Hassan,1818,50,343,Dog lover 🐾 | Hiking | Books,0,1,0
Click Here Now,16,8,1,,0,0,1
Account 293,3,25,2,crypto signals ✅ 99% win rate,0,0,1
Bot 9999,18,170,2,Real estate investor | DM for passive income secrets,0,1,1
Sarah Jones,472,165,777,mom of 3 | foodie 🍕,0,1,0
Person 1928,12,59,2,♻️ repost to win $1000,0,0,1
Anna Lee,1717,153,535,fitness coach 💪 DM for plans,0,1,0
John Smith,1097,50,718,Entrepreneur | Founder @startup,0,1,0
Taylor Swift,0,13986036,4638,CEO @Fortune500 | Author | Speaker,1,1,0
Bot 9999,15,6,6,follow for follow back,0,0,1
David Clark,1488,50,388,Artist | Digital creator ✨,0,1,0
Mike Brown,1771,50,998,Developer | Open source enthusiast,0,1,0
Profit King,9,22,4,follow for follow back,0,1,1
Click Here Now,11,176,4,,0,0,1
Lisa White,1443,50,243,Chef | Recipe creator 🍳,0,1,0
Free Follower,29,31,1,,0,1,1
Priya Sharma,1202,50,874,Dog lover 🐾 | Hiking | Books,0,1,0
Account 293,16,165,7,earn $500/day 👇,0,0,1
Anna Lee,1641,116,316,Blogger | Lifestyle & wellness,0,1,0
Sarah Jones,1732,50,313,Retired engineer | amateur astronomer 🔭,0,1,0
Yuki Tanaka,429,134,493,Developer | Open source enthusiast,0,1,0
Kim Kardashian,0,27160297,3720,World-renowned chef 👨‍🍳 | Author of 3 cookbooks,1,1,0
Investment Guru,1,187,1,Click link below 💰,0,0,1
Lisa White,85,50,83,News journalist @NYT,0,1,0
Free Follower,10,64,3,promo available 📩,0,0,1
Mike Brown,1712,87,469,Data scientist | ML researcher,0,1,0
Chris Martin,611,50,175,Yoga instructor | wellness coach 🧘,0,1,0
Person 1928,23,90,4,,0,1,1
Maria Garcia,1416,50,538,Wildlife photographer based in Kenya,0,1,0
Emma Davis,1851,50,588,Developer | Open source enthusiast,0,1,0
Investment Guru,9,6,6,,0,1,1
Real Human 001,11,57,6,,0,1,1
Lisa White,143,50,851,UX designer @Meta,0,1,0
David Clark,420,134,802,Blogger | Lifestyle & wellness,0,1,0
Earn Fast,24,113,3,,0,1,1
Crypto Bob,27,96,0,promo available 📩,0,0,1
Taylor Swift,0,192692765,3321,Oscar-winning director | Production company: @StudioX,1,1,0
Real Human 001,24,183,3,,0,1,1
David Clark,1775,78,11,Wildlife photographer based in Kenya,0,1,0
Money Maker,29,22,0,Get free followers — click bio link,0,1,1
Free Follower,24,12,0,,0,0,1
Kim Kardashian,0,13499152,3186,Iconic musician 🎸 | 40+ years on stage,1,1,0
Bot 9999,28,119,1,Click link below 💰,0,1,1
David Clark,1631,67,352,Wildlife photographer based in Kenya,0,1,0
Bot 9999,25,124,6,NFT investor | crypto tips,0,0,1
Yuki Tanaka,860,85,422,Architect | sustainable design,0,1,0
Kim Kardashian,0,91947822,4865,Professional athlete | Team captain | Brand ambassador,1,1,0
Bot 9999,18,189,5,🔞 link in bio,0,0,1
Account 293,14,121,4,btc eth airdrop free coins,0,0,1
Money Maker,2,19,3,investment advisor DM me,0,1,1
Investment Guru,17,90,4,promo available 📩,0,0,1
Click Here Now,23,81,1,earn $500/day 👇,0,1,1
Person 1928,2,155,4,Real estate investor | DM for passive income secrets,0,1,1
Mike Brown,603,51,964,Gaming streamer | Twitch partner 🎮,0,1,0
Crypto Bob,16,129,2,,0,1,1
Person 1928,1,156,7,Real estate investor | DM for passive income secrets,0,0,1
