username,followers,following,public_repos,public_gists,account_age_days,bio,label,burst_score,posting_regularity_score,time_of_day_entropy,active_hours_count,follow_velocity,duplicate_content_ratio,sentiment_variance,profile_completeness_score,mutual_follower_ratio
mark_adventure,1.0,67.0,18.0,18.0,365.0,Dog lover | Hiking | Books,0,0.127,0.304,0.742,12.0,1.05,0.119,0.2245,0.966,0.471
get_rich_88,19.0,593.0,0.0,0.0,11.0,FREE BTC airdrop → link in bio,1,0.772,0.865,0.258,1.0,270.51,0.975,0.0403,0.192,0.022
lisa_writes,26.0,72.0,20.0,0.0,2879.0,Retired engineer | amateur astronomer,1,0.124,0.102,0.966,17.0,0.646,0.145,0.2844,0.842,0.1855
zz_promo_zz,17.0,2113.0,1.0,0.0,54.0,Click link below 💰,1,0.697,0.909,0.161,2.0,237.83,0.799,0.0906,0.158,0.0486
ethan_games,0.0,51.628500297314154,59.8663336062882,28.19459023917097,1763.3240685504795,News journalist @NYT,0,0.0,0.2612886251969961,0.931487591464359,13.927152741871412,3.6761196741467526,0.10455872357547638,0.27979219201096683,0.8965683898051261,0.23678787147951527
follow_back_101,17.0,308.0,0.0,0.0,31.0,FREE BTC airdrop → link in bio,1,0.807,0.959,0.307,2.0,104.86,0.857,0.0113,0.098,0.0126
tom_techie,92.0,26.0,21.0,25.0,2543.0,Developer | Open source enthusiast,0,0.133,0.246,0.711,14.0,1.253,0.119,0.5499,0.901,0.5972
emma.j,30.0,25.0,56.0,10.0,5000.0,Fashion designer | PR welcome,0,0.03,0.55,0.874,14.0,1.727,0.159,0.6318,0.791,0.4905
free_follower_bot,16.0,2692.0,0.0,0.0,46.0,follow for follow back,1,0.657,0.86,0.295,1.0,209.35,0.904,0.0954,0.059,0.0379
creative_dan,1.0,24.0,11.0,10.0,5000.0,software engineer @ Google,0,0.061,0.495,0.953,8.0,3.351,0.065,0.565,0.811,0.195
nina_art,16.84650400804997,37.74917320449494,115.35392979579144,29.113385639592032,2937.7780503282847,Traveler | 50+ countries visited,0,0.06995962805947618,0.12491354846524289,0.7227135175107733,9.68133334123777,4.539939318247333,0.09786136891399048,0.672398023235941,0.9513757435244409,0.20329478051676586
xXx_profit_xXx,4.0,2046.0,2.0,0.0,8.0,btc eth airdrop free coins,1,0.708,0.963,0.355,3.0,195.31,0.967,0.0919,0.11,0.0052
get_rich_88,10.0,2469.0,0.0,0.0,38.0,btc eth airdrop free coins,1,0.851,0.984,0.288,1.0,265.93,0.95,0.0293,0.036,0.0149
mike_2023,50.0,25.0,13.0,9.0,5000.0,Architect | sustainable design,0,0.121,0.186,0.778,14.0,4.944,0.103,0.2483,0.857,0.1924
chef_marco,757.0,8.0,19.0,29.0,1542.0,Musician. Coffee addict.,0,0.11,0.249,0.705,9.0,0.562,0.001,0.4309,0.661,0.3889
airdrop_winner99,13.0,1691.0,0.0,0.0,51.0,investment advisor DM me,1,0.607,0.965,0.208,3.0,119.08,0.765,0.0873,0.046,0.0415
crypto_king_9999,16.0,967.0,1.0,0.0,5.0,official giveaway account,1,0.698,0.872,0.259,3.0,243.5,0.932,0.0283,0.01,0.0098
9182736450,7.0,1721.0,2.0,0.0,18.0,earn while you sleep 💸,1,0.747,0.966,0.398,4.0,293.69,0.706,0.0364,0.207,0.0276
ben_codes,28.67308072851586,51.2134566126102,3.858164506930107,1.695999388532114,1338.2545531292299,High school teacher | making STEM fun,0,0.0771911879640047,0.36712548888755014,0.8563884299219683,12.32292802347961,1.0078569431307307,0.1464578708626364,0.4412314129921093,0.9050437084822239,0.3700159021478578
sarah_smith,18.0,18.0,37.0,5.0,4047.0,Teacher & lifelong learner,0,0.075,0.323,0.936,14.0,0.61,0.132,0.5995,0.795,0.1496
earn_fast_2024,8.0,1171.0,1.0,0.0,59.0,📈 passive income daily,1,0.618,0.905,0.259,1.0,76.77,0.789,0.0382,0.084,0.0208
get_rich_88,10.0,479.0,0.0,0.0,51.0,,0,0.689,0.891,0.367,2.0,75.51,0.723,0.0673,0.197,0.0226
free_follower_bot,1.0,1682.0,0.0,0.0,48.0,btc eth airdrop free coins,1,0.907,0.988,0.3,1.0,246.75,0.958,0.0196,0.056,0.0375
john_doe,122.0,18.0,26.0,22.0,4381.0,News journalist @NYT,0,0.079,0.242,0.85,9.0,1.428,0.083,0.2574,0.678,0.3234
john_doe,4.0,56.0,11.0,18.0,4072.0,Artist | Digital creator,0,0.009,0.236,0.883,18.0,1.919,0.053,0.6881,0.734,0.5338
grace_beauty,31.0,58.0,2.0,14.0,5000.0,Yoga instructor | wellness coach,0,0.104,0.204,0.663,11.0,3.377,0.172,0.6796,0.811,0.1426
mia_cooks,160.87005389296888,35.11082670632664,31.570918112636242,9.27175489605551,447.3457586674682,Musician. Coffee addict.,0,0.014549512054245825,0.09076291707456274,0.8560153687046078,10.282035056467079,2.6344516364900734,0.12046673955444268,0.37571369086446466,0.9339956488418856,0.6009677308021047
noah_films,74.0,23.0,6.0,6.0,5000.0,News journalist @NYT,0,0.145,0.153,0.874,15.0,1.664,0.08,0.5536,0.856,0.1836
free_follower_bot,6.0,2116.0,0.0,0.0,20.0,FREE BTC airdrop → link in bio,1,0.709,0.947,0.341,3.0,69.36,0.729,0.041,0.22,0.0135
rachel_reads,13.0,133.0,2.0,14.0,5000.0,High school teacher | making STEM fun,1,0.117,0.217,0.828,18.0,2.208,0.042,0.5447,0.842,0.2001
real_human_01234,15.0,2854.0,0.0,0.0,52.0,,1,0.713,0.952,0.236,3.0,187.46,0.746,0.0246,0.218,0.0327
rachel_reads,37.0,166.0,2.0,19.0,5000.0,Blogger | Lifestyle & wellness,0,0.12,0.188,0.787,8.0,2.904,0.085,0.3761,0.742,0.5035
bot_account_7,0.5530417605531994,1724.890212304812,0.8688589747860154,1.0196550593355604,90.48544613724968,earn $500/day 👇,1,0.8710019524383608,1.0072385462695497,0.2981837325907966,1.3716990541608394,241.0083796234337,0.9091474847076192,0.08770732298868131,0.12610781255285305,0.056742428278613984
fit_jessica,8.382162223094042,22.677910522050105,0.0,22.647774846686254,2321.6119081602474,Fashion designer | PR welcome,0,0.03883400842971226,0.38743167935850836,0.7600118438164319,13.09805360008968,7.3051879091202725,0.0,0.4867540946692583,0.6986981755843121,0.4015859988353765
bot_account_7,16.0,2214.0,2.0,0.0,59.0,earn while you sleep 💸,1,0.832,0.956,0.379,3.0,66.27,0.951,0.0505,0.224,0.0414
xXx_profit_xXx,10.051852766733818,2212.04086401638,0.0,0.0,42.43655259948295,,1,0.7003175671242418,0.9113088859614942,0.2198444388825101,1.947332721558233,147.33041485537,0.8548300497180594,0.03996083033644056,0.22739835490328442,0.032455580488557276
emma.j,0.0,7.690438711841633,7.588544829503133,19.99619937407109,1081.7011597061492,Blogger | Lifestyle & wellness,0,0.15177310922968826,0.5177721089517253,0.7100055165774686,16.13493452331574,0.30662401899648906,0.018940878866167864,0.30962678341289,0.5986088505520464,0.4023472734809785
insta_boost_247,2.0,658.0,1.0,0.0,50.0,NFT investor | crypto tips,1,0.721,0.91,0.36,3.0,227.62,0.739,0.0117,0.178,0.009
get_rich_88,11.0,2666.0,1.0,0.0,28.0,earn $500/day 👇,1,0.647,0.966,0.184,2.0,163.03,0.889,0.0694,0.246,0.0395
nina_art,62.0,24.0,35.0,10.0,1842.0,Marketing professional | keynote speaker,0,0.14,0.549,0.695,16.0,0.343,0.184,0.4486,0.698,0.3823
follow_back_101,0.0,1272.5484252825588,3.5712953398064453,0.0,2.668842361431853,crypto millionaire | teach you how,1,0.810279522051097,0.9226672296639467,0.12276281630503237,0.8813077488491492,69.1576352057295,0.8539965248718093,0.06630321212868931,0.12259898933129618,0.013518755062525947
xXx_profit_xXx,0.0,2823.0,2.0,0.0,23.0,Click link below 💰,1,0.838,0.959,0.22,1.0,174.99,0.928,0.0319,0.087,0.0351
1234567890ab,12.597270819080029,2429.9519804938277,2.669066573535697,0.34248338204631334,0.0,,1,0.7108477954823903,0.9281195535022407,0.14484729014929304,1.8861446564127944,285.97766805991756,0.7668502819691412,0.04363378542445027,0.06869804364291004,0.009569401788146477
insta_boost_247,11.0,2546.0,0.0,0.0,30.0,,1,0.86,0.878,0.183,2.0,223.71,0.773,0.0927,0.199,0.0127
alex_travel,15.0,108.0,9.0,12.0,4085.0,Environmental activist,0,0.065,0.211,0.97,11.0,3.846,0.161,0.2125,0.747,0.1161
fit_jessica,16.0,11.0,6.0,7.0,5000.0,Architect | sustainable design,0,0.076,0.421,0.953,11.0,4.848,0.139,0.3855,0.964,0.3918
mark_adventure,80.68962007479254,0.0,19.764263255751967,0.0,1251.9945346515008,High school teacher | making STEM fun,0,0.08098694217540922,0.3803440015131651,0.7501288308747875,16.433733097176358,2.796115985963347,0.0,0.2378159261538174,0.786707806966247,0.4926899223223157
real_human_01234,14.719669587571396,1078.0360545590886,2.978655357579799,0.0,125.73365675347542,FREE gift cards click here,1,0.8215378799045382,0.9029146225629309,0.14274178448381528,0.7057053137408539,195.68529383525524,1.0018217913566494,0.07040201551202349,0.27812161814235126,0.01419396016018494
alex_travel,7.0,3.0,35.0,26.0,1874.0,Environmental activist,0,0.132,0.195,0.653,10.0,4.591,0.015,0.6371,0.772,0.5166
sophia_teaches,1008.0,28.0,16.0,9.0,3965.0,UX designer @Meta,0,0.062,0.233,0.841,16.0,0.966,0.054,0.5132,0.747,0.4051
insta_boost_247,3.5285358048937003,1836.0711252350557,0.14891969532029914,0.0,1.9808642904051013,DM me to grow your account fast,1,0.7787534536235041,1.0170263344807917,0.2408250286300353,3.048580176575763,248.71576893980216,0.8923876039466057,0.09675839504226905,0.0,0.0035324888760361337
ben_codes,57.0,45.0,19.0,0.0,2750.0,mom of 3 | foodie,0,0.034,0.403,0.692,15.0,0.983,0.046,0.5698,0.923,0.4031
a8f7d3k9p2,12.0,1748.0,2.0,0.0,48.0,promo available 📩,1,0.662,0.873,0.156,3.0,56.49,0.802,0.0626,0.298,0.0073
dev_pete,21.0,12.0,8.0,4.0,637.0,fitness coach 💪 DM for training plans,0,0.033,0.179,0.868,10.0,0.919,0.151,0.5833,0.801,0.367
insta_boost_247,11.0,1483.0,1.0,0.0,23.0,official giveaway account,1,0.758,0.883,0.208,1.0,271.68,0.851,0.0604,0.173,0.0287
creative_dan,311.0,2.0,5.0,27.0,1217.0,Entrepreneur | Founder @startup,0,0.001,0.532,0.802,11.0,1.248,0.15,0.3941,0.677,0.5245
rachel_reads,18.0,12.0,3.0,24.0,2480.0,Freelance illustrator | art prints available,0,0.147,0.486,0.926,15.0,4.084,0.15,0.5293,0.628,0.3405
free_follower_bot,2.0,2339.0,2.0,0.0,17.0,♻️ repost to win $1000,1,0.779,0.92,0.239,1.0,250.63,0.909,0.0922,0.087,0.0018
emma.j,5.0,10.0,3.0,5.0,4718.0,mom of 3 | foodie,0,0.065,0.404,0.925,9.0,1.926,0.05,0.434,0.718,0.1847
real_human_01234,1.0,436.0,1.0,0.0,17.0,make money online → bio link,1,0.923,0.935,0.37,1.0,120.03,0.906,0.0208,0.238,0.0026
q7w8e9r0t1y2,10.0,2599.0,1.0,0.0,48.0,,1,0.899,0.87,0.288,2.0,187.62,0.945,0.0823,0.021,0.038
user8374629,12.0,1409.0,1.0,0.0,35.0,make money online → bio link,1,0.757,0.896,0.253,2.0,209.24,0.884,0.0371,0.268,0.0247
f4f_master_99,0.0,2726.0,2.0,0.0,57.0,FREE gift cards click here,1,0.907,0.96,0.317,2.0,64.35,0.754,0.0765,0.154,0.0199
real_human_01234,16.0,2182.0,0.0,0.0,39.0,btc eth airdrop free coins,1,0.797,0.937,0.122,2.0,81.87,0.836,0.0446,0.211,0.0133
earn_fast_2024,6.0,504.0,1.0,0.0,18.0,promo available 📩,1,0.674,0.952,0.264,1.0,259.94,0.869,0.0984,0.288,0.038
bot291847362,19.0,1293.0,0.0,0.0,54.0,♻️ repost to win $1000,1,0.664,0.903,0.387,4.0,283.35,0.967,0.0712,0.224,0.0318
grace_beauty,97.0,18.0,25.0,17.0,5000.0,Developer | Open source enthusiast,0,0.047,0.478,0.787,8.0,4.707,0.009,0.2581,0.958,0.3147
noah_films,24.0,5.0,8.0,21.0,1181.0,Data scientist | ML researcher,0,0.026,0.525,0.972,9.0,1.9,0.096,0.3782,0.604,0.4159
dev_pete,10.0,7.0,13.0,1.0,753.0,Marketing professional | keynote speaker,0,0.089,0.465,0.949,13.0,4.669,0.002,0.3386,0.722,0.4703
f4f_master_99,10.0,2416.0,1.0,0.0,50.0,follow for follow back,1,0.879,0.939,0.235,2.0,186.04,0.882,0.0351,0.21,0.027
luke_designs,61.3188058056632,0.0,8.928937595889364,6.8838618866044445,1378.380594009265,Artist | Digital creator,0,0.048917543056796936,0.3979317038979196,0.9599873618915502,13.901381631527471,9.04926004329319,0.07204116653585028,0.5267781984600723,0.8465909195420667,0.21615153889476985
fit_jessica,229.0,7.0,54.0,10.0,1269.0,Wildlife photographer based in Kenya,0,0.074,0.545,0.923,10.0,3.481,0.024,0.2619,0.625,0.4785
sophia_teaches,34.18407910897499,0.0,9.857846781031474,29.70310011357321,5015.260385922091,Marketing professional | keynote speaker,0,0.09278280748291932,0.346041941829148,0.8263459039620032,10.852867199719494,10.151076691280073,0.14615340110655634,0.6888886365475057,0.8906970886767954,0.18667766267396638
mark_adventure,1.0,21.0,64.0,8.0,2503.0,mom of 3 | foodie,0,0.118,0.311,0.954,18.0,0.873,0.03,0.4136,0.937,0.156
bot_account_7,13.0,1990.0,0.0,0.0,47.0,earn $500/day 👇,1,0.801,0.875,0.353,3.0,286.29,0.839,0.065,0.141,0.0349
xXx_profit_xXx,13.326402598004378,1099.379884575285,0.0,0.0,0.0,investment advisor DM me,1,0.7392264829592343,0.9032799124743075,0.16897625130129101,1.1167583914527761,188.69601181190495,0.8051581363524392,0.10660336254079208,0.12215511435097835,0.012108590637662026
james_hikes,373.83277410174827,0.0,232.54553807055606,22.950779829823862,5015.546148057545,mom of 3 | foodie,0,0.005120660100200503,0.17413255479541714,0.6697969642302122,12.850177024264632,0.0,0.1290903564379418,0.39798100925734425,0.982190021049558,0.11476801825984596
noah_films,160.0,8.0,19.0,7.0,4121.0,Wildlife photographer based in Kenya,0,0.142,0.305,0.824,17.0,1.302,0.138,0.594,0.773,0.3265
ava_dances,108.0,9.0,12.0,25.0,2513.0,Environmental activist,0,0.053,0.511,0.818,18.0,3.572,0.109,0.3029,0.889,0.4284
lisa_writes,55.55102191050869,0.0,11.201137105731842,27.223055523002802,2055.422308919186,Blogger | Lifestyle & wellness,0,0.08839723107626943,0.16801087993350822,0.711989733992246,7.901079696683666,0.0,0.07336824008794851,0.41098121111547464,0.6246432524794672,0.5840084521812539
james_hikes,357.0,47.0,1.0,27.0,428.0,Fashion designer | PR welcome,0,0.079,0.313,0.787,9.0,4.337,0.123,0.4778,0.9,0.5303
lisa_writes,1147.0,25.0,8.0,7.0,5000.0,mom of 3 | foodie,0,0.048,0.433,0.688,15.0,4.106,0.049,0.5811,0.649,0.5591
free_follower_bot,0.0,278.0912189160472,0.0,0.0,0.0,,1,0.7204338809978645,0.9276124286157665,0.3040543384980288,3.063438645889096,69.48619682006594,0.7526275029377333,0.06042045663889825,0.10608505150849175,0.007151823653180881
dev_pete,4.0,43.0,11.0,17.0,1047.0,Marketing professional | keynote speaker,0,0.137,0.352,0.675,15.0,3.959,0.015,0.5504,0.641,0.4313
emma.j,56.16035223176406,0.0,60.445873729034325,14.708864802814986,1318.3316343807937,Medical student | future doctor,0,0.117851471398061,0.4255153712810748,0.8736673020523659,9.396867044146065,5.03730187616277,0.0690473429906069,0.5336829270693004,0.7954099613104738,0.5160275365887191
airdrop_winner99,16.0,2546.0,1.0,0.0,50.0,,1,0.632,0.924,0.284,2.0,199.32,0.714,0.0452,0.109,0.0422
alex_travel,46.0,34.0,14.0,14.0,3454.0,Traveler | 50+ countries visited,0,0.018,0.368,0.711,8.0,1.445,0.082,0.4879,0.847,0.3431
ava_dances,21.0,14.0,32.0,17.0,967.0,Teacher & lifelong learner,0,0.149,0.186,0.682,17.0,4.626,0.178,0.5497,0.637,0.4458
noah_films,70.0,14.0,47.0,21.0,545.0,Blogger | Lifestyle & wellness,1,0.13,0.264,0.896,18.0,2.865,0.043,0.2676,0.822,0.106
amy_joy,2.0,21.0,7.0,28.0,1374.0,software engineer @ Google,0,0.001,0.481,0.731,10.0,1.337,0.029,0.5748,0.647,0.2109
follow_back_101,3.0,2866.0,0.0,0.0,22.0,♻️ repost to win $1000,1,0.903,0.893,0.214,2.0,194.69,0.782,0.0774,0.164,0.0462
ben_codes,92.0,16.0,33.0,25.0,1111.0,Environmental activist,0,0.031,0.478,0.802,8.0,2.49,0.014,0.368,0.798,0.3441
creative_dan,1.0,114.0,15.0,15.0,1574.0,Marketing professional | keynote speaker,0,0.124,0.476,0.693,15.0,2.006,0.053,0.3406,0.989,0.4637
chef_marco,77.73529623137918,2.620786237966384,9.178210728630598,22.095084881408038,2714.747270259015,Dance teacher | choreographer,0,0.06840272764648092,0.4107527251926539,0.7386047061943372,9.754805540471484,0.3521842633523281,0.0,0.5605881984776456,0.850560389848159,0.4347553987564316
photo_by_anna,103.0,108.0,8.0,1.0,1865.0,Chef | Recipe creator,0,0.073,0.236,0.871,9.0,1.897,0.167,0.5069,0.778,0.3763
autoliker_pro,0.0,2803.0,2.0,0.0,48.0,,1,0.688,0.903,0.235,4.0,262.98,0.816,0.0372,0.193,0.0345
photo_by_anna,689.0,39.0,32.0,4.0,2689.0,photographer | travel 📷,0,0.022,0.214,0.663,11.0,0.35,0.16,0.655,0.658,0.4402
mark_adventure,177.0,18.0,8.0,17.0,5000.0,Medical student | future doctor,0,0.09,0.333,0.842,8.0,3.022,0.165,0.4248,0.687,0.1589
free_follower_bot,4.0,1882.0,2.0,0.0,42.0,,1,0.877,0.932,0.228,4.0,244.98,0.962,0.0753,0.242,0.0235
code_master,7.0,11.0,3.0,16.0,1379.0,Data scientist | ML researcher,0,0.096,0.41,0.703,14.0,0.53,0.159,0.4604,0.7,0.5979
amy_joy,112.10848209496694,33.617599154505555,11.578715722129386,5.699036316043675,2571.1451904886467,Artist | Digital creator,0,0.06109443674110607,0.25827644231203517,0.8195541589076206,11.101661743537731,0.021133673535781217,0.07570127287684156,0.5681125760642214,0.7400307629753283,0.4088760325440599
user8374629,3.0,2883.0,1.0,0.0,18.0,♻️ repost to win $1000,1,0.865,0.892,0.216,3.0,119.17,0.719,0.0807,0.008,0.0447
zz_promo_zz,3.0,2938.0,0.0,0.0,1.0,follow for follow back,1,0.655,0.978,0.206,3.0,259.54,0.702,0.0307,0.23,0.0327
daniel_f,20.25687520244808,36.57358976555048,25.180127403941384,4.553240904979733,918.6834420444544,Dog lover | Hiking | Books,0,0.021635450445331043,0.5129725352514632,0.8365445211588854,12.024795009430562,3.801807098965417,0.17157806315589696,0.43276953316171396,0.780779883010044,0.32176762552218274
ben_codes,61.0,69.0,9.0,24.0,5000.0,Freelance illustrator | art prints available,0,0.041,0.248,0.785,8.0,2.534,0.055,0.6505,0.917,0.2951
crypto_king_9999,4.0,664.0,0.0,0.0,52.0,follow for follow back,1,0.715,0.924,0.126,3.0,298.03,0.717,0.0307,0.138,0.0282
code_master,254.0,77.0,38.0,11.0,2389.0,fitness coach 💪 DM for training plans,0,0.149,0.342,0.74,15.0,3.925,0.083,0.6694,0.883,0.2826
1234567890ab,4.0,2786.0,1.0,0.0,49.0,follow for follow back,1,0.805,0.875,0.387,1.0,275.71,0.714,0.0159,0.113,0.0287
autoliker_pro,10.0,321.0,1.0,0.0,47.0,,1,0.79,0.888,0.282,4.0,87.42,0.765,0.0413,0.051,0.0146
mia_cooks,1152.0,8.0,20.0,29.0,1248.0,Traveler | 50+ countries visited,0,0.023,0.339,0.693,15.0,0.677,0.017,0.5651,0.752,0.3637
ava_dances,28.495957171189588,53.397471870113165,13.495133543095632,22.6087157187026,4312.208104422748,Marketing professional | keynote speaker,0,0.1340045635522189,0.11205091765327506,0.9766260997709204,13.929565020529862,0.0,0.19939160714691628,0.536952422236321,0.8059318763128228,0.4198316114553322
free_follower_bot,5.0,753.0,1.0,0.0,48.0,earn $500/day 👇,1,0.849,0.99,0.383,1.0,222.94,0.865,0.0983,0.185,0.0429
creative_dan,2.0,14.0,1.0,16.0,387.0,Dog lover | Hiking | Books,0,0.022,0.237,0.943,15.0,1.216,0.04,0.2578,0.928,0.2743
john_doe,910.0533024880688,5.679258751704147,32.13696510698201,10.095180145963488,675.5651093436928,Podcaster | interviewing founders,0,0.16136505333205817,0.4536629937121948,0.7357197084239091,10.72221493743614,12.317826640583597,0.0879762946078773,0.5592173751466121,0.7488777732641586,0.15573239157147922
acc29471838,11.0,2947.0,0.0,0.0,37.0,follow for follow back,1,0.713,0.932,0.104,2.0,153.77,0.747,0.02,0.049,0.0268
emma.j,23.031132231591123,7.72495232241838,16.809917614125155,12.582924213653204,1839.4096223238662,Gaming streamer | Twitch partner,0,0.04321370714042884,0.543244220039988,0.7030157173322971,18.1776966433869,2.9982794573589246,0.01510710472228145,0.62307442938287,0.859494278333628,0.12760351800389802
get_rich_88,13.0,1428.0,1.0,0.0,6.0,FREE gift cards click here,1,0.7,0.911,0.237,1.0,98.78,0.953,0.0686,0.236,0.0369
free_follower_bot,13.0,1357.0,0.0,0.0,37.0,follow for follow back,1,0.739,0.866,0.308,2.0,81.72,0.75,0.0927,0.253,0.0076
fit_jessica,9.0,31.0,7.0,27.0,1155.0,Gaming streamer | Twitch partner,0,0.085,0.522,0.75,16.0,0.551,0.045,0.3642,0.636,0.1836
alex_travel,30.0,19.0,23.0,9.0,770.0,Medical student | future doctor,0,0.086,0.388,0.962,15.0,4.112,0.047,0.6434,0.833,0.5836
paul_runs,2.0,12.0,5.0,17.0,5000.0,Dance teacher | choreographer,0,0.044,0.289,0.863,15.0,0.464,0.154,0.6584,0.821,0.3037
chris_builds,260.0,11.0,6.0,25.0,5000.0,Artist | Digital creator,0,0.081,0.401,0.896,13.0,3.611,0.027,0.2167,0.964,0.4048
follow_back_101,30.12609731135468,2291.414278112838,0.0,0.0,5.967051682691218,♻️ repost to win $1000,1,0.8309470592212548,0.9777504550661343,0.1444993906957222,0.7953847426129195,77.91199054477522,0.8532646312958567,0.08691660511693386,0.044861490648123066,0.04399995087103414
dev_pete,82.68899698625152,0.0,98.28318956767122,11.529138565203919,1330.6521359959268,photographer | travel 📷,0,0.12788944233141886,0.20960721332659005,0.6838189234942456,11.498786329457191,0.0,0.16670988162685138,0.35548401062496127,0.6801738408295975,0.340026491965852
emma.j,7.0,11.0,4.0,10.0,1291.0,Artist | Digital creator,0,0.068,0.273,0.954,11.0,1.709,0.043,0.4149,0.98,0.2742
mike_2023,1358.8248169393464,30.323565994358702,6.0089583294463385,19.04788533732979,5003.914015469569,News journalist @NYT,0,0.015608423889862843,0.493949232663007,0.7317359659970586,10.324601491466012,0.0,0.16802962452372558,0.4473419418545732,0.9291175688973886,0.16618999029157083
james_hikes,10.0,7.0,21.0,27.0,2207.0,Developer | Open source enthusiast,0,0.01,0.395,0.882,10.0,1.156,0.155,0.3715,0.853,0.4672
1234567890ab,4.0,2504.0,1.0,0.0,37.0,,1,0.94,0.902,0.133,2.0,223.43,0.802,0.0778,0.197,0.0475
user8374629,1.0,2239.0,1.0,0.0,41.0,,1,0.641,0.885,0.293,1.0,141.98,0.854,0.0219,0.024,0.012
follow_back_101,1.0,1985.0,0.0,0.0,47.0,investment advisor DM me,1,0.838,0.895,0.374,4.0,139.8,0.71,0.0301,0.043,0.0053
ava_dances,5.775995566535604,9.316805091507705,5.014548103028645,27.604058736513235,5202.25139854882,Wildlife photographer based in Kenya,0,0.00565035921582493,0.3894514076077538,0.8421904779239313,10.039249103847114,2.8838570590475574,0.10748293892909702,0.6174064873254744,0.6894952123887396,0.18006071340066032
luke_designs,26.0,71.0,4.0,14.0,2414.0,Artist | Digital creator,0,0.138,0.396,0.876,18.0,4.035,0.036,0.4744,0.814,0.1467
ethan_games,5.21528243518684,36.76071155386815,13.05214456276941,0.04774326622469384,4954.155979971831,Nurse practitioner | women's health advocate,0,0.017218375239401243,0.18862934079157684,0.9502477225787316,10.78560716669098,11.364680988008143,0.19243184682278636,0.4817523790465018,0.9047347091892675,0.598462962514699
mark_adventure,228.0,7.0,7.0,4.0,1638.0,UX designer @Meta,0,0.047,0.417,0.838,8.0,4.154,0.153,0.3133,0.739,0.196
9182736450,11.0,2817.0,1.0,0.0,43.0,investment advisor DM me,1,0.793,0.892,0.392,1.0,140.81,0.847,0.0811,0.168,0.0298
acc29471838,13.0,2847.0,2.0,0.0,59.0,crypto signals ✅ 99% win rate,1,0.71,0.876,0.252,3.0,281.35,0.781,0.0972,0.158,0.0466
free_follower_bot,5.0,269.0,1.0,0.0,19.0,crypto millionaire | teach you how,1,0.827,0.874,0.336,3.0,83.83,0.864,0.0149,0.114,0.0437
dev_pete,15.0,42.0,113.0,0.0,3041.0,Architect | sustainable design,0,0.138,0.327,0.663,17.0,4.607,0.196,0.5936,0.955,0.2464
earn_fast_2024,9.0,2159.0,0.0,0.0,15.0,DM me to grow your account fast,1,0.803,0.944,0.213,1.0,66.89,0.866,0.0156,0.253,0.0391
rachel_reads,25.0,13.0,9.0,11.0,4335.0,fitness coach 💪 DM for training plans,0,0.116,0.519,0.963,15.0,4.644,0.067,0.5877,0.945,0.2653
mark_adventure,416.2655481043923,49.00185749735871,7.159020080766139,2.840330877533632,541.1871199519433,Wildlife photographer based in Kenya,0,0.035304450212132826,0.3887520614146433,0.699117623648105,17.10779679696801,0.0,0.07046185489051124,0.49065325781758296,0.7810718333381361,0.5536669924419472
nina_art,0.0,13.401792016521973,8.18237888175234,7.370711496779303,1088.3434501368863,Data scientist | ML researcher,0,0.13565298973958373,0.2982118228090389,0.892101756168263,11.92476774343839,6.084272922846509,0.20906411746023285,0.33276794630160966,0.8581653592043581,0.3718389317882548
fit_jessica,100.0,37.0,32.0,29.0,4185.0,Wildlife photographer based in Kenya,0,0.101,0.263,0.816,12.0,1.044,0.106,0.4147,0.972,0.1507
chef_marco,86.25532392861922,0.0,18.273508633981205,4.472364511958227,560.3845303076504,Wildlife photographer based in Kenya,0,0.0,0.35265149007731267,0.7975350003816779,12.840151055723412,0.0,0.16415756138756937,0.4940287919049431,0.6156310322395947,0.358409918578188
dev_pete,4.0,17.0,5.0,1.0,5000.0,Marketing professional | keynote speaker,0,0.081,0.189,0.852,12.0,4.805,0.174,0.2093,0.796,0.4452
get_rich_88,4.0,2545.0,0.0,0.0,52.0,earn $500/day 👇,1,0.932,0.917,0.189,2.0,148.66,0.973,0.0752,0.038,0.0075
noah_films,70.0,5.0,2.0,11.0,1033.0,Dog lover | Hiking | Books,0,0.028,0.219,0.855,8.0,2.198,0.181,0.365,0.843,0.5031
grace_beauty,200.7682773612605,117.6515070425713,8.610269662725239,2.4986229866088436,3326.0848947789314,Fashion designer | PR welcome,0,0.07660540376628663,0.21627823032666543,0.8402523249662325,7.530553314993841,2.8514008745369255,0.09999945112842519,0.30414362555923474,0.8379230063652693,0.4940011713242577
sarah_smith,341.0,11.0,87.0,9.0,3243.0,Teacher & lifelong learner,0,0.144,0.546,0.845,10.0,2.404,0.107,0.2657,0.622,0.3611
user8374629,18.0,246.0,1.0,0.0,16.0,airdrop $ETH daily,1,0.73,0.891,0.238,4.0,156.08,0.719,0.0312,0.132,0.0451
mia_cooks,1258.0,63.0,11.0,26.0,5000.0,Data scientist | ML researcher,1,0.072,0.302,0.928,13.0,3.783,0.035,0.5175,0.713,0.1808
nina_art,1669.0,98.0,68.0,6.0,2101.0,Marketing professional | keynote speaker,0,0.036,0.186,0.955,8.0,4.189,0.07,0.2028,0.965,0.3149
airdrop_winner99,15.0,1521.0,2.0,0.0,55.0,FREE BTC airdrop → link in bio,1,0.771,0.951,0.336,2.0,266.59,0.731,0.0929,0.234,0.0429
creative_dan,4.0,11.0,37.0,13.0,935.0,Freelance illustrator | art prints available,0,0.074,0.241,0.742,14.0,0.57,0.084,0.6233,0.981,0.1012
xXx_profit_xXx,6.0,1951.0,0.0,0.0,44.0,FREE BTC airdrop → link in bio,1,0.624,0.859,0.182,4.0,205.98,0.899,0.0792,0.201,0.0458
dev_pete,2.0,5.0,7.0,9.0,365.0,News journalist @NYT,0,0.035,0.315,0.761,10.0,2.507,0.044,0.6725,0.709,0.426
free_follower_bot,4.0,2739.0,2.0,0.0,19.0,,1,0.784,0.893,0.16,1.0,242.08,0.919,0.0787,0.26,0.03
chef_marco,26.0,2.0,61.0,26.0,3471.0,Freelance illustrator | art prints available,0,0.049,0.21,0.772,17.0,1.211,0.176,0.4657,0.719,0.4069
mark_adventure,535.0,59.0,8.0,19.0,3483.0,Architect | sustainable design,0,0.112,0.133,0.704,12.0,4.652,0.043,0.2465,0.79,0.4564
dev_pete,1.0,14.0,1.0,23.0,1993.0,Dance teacher | choreographer,0,0.082,0.234,0.75,15.0,3.433,0.105,0.4059,0.877,0.1556
fit_jessica,1968.9027686932868,0.0,1.344592014347349,26.567035699851164,592.0051067567842,Dance teacher | choreographer,0,0.0017980443019635153,0.5152446976976933,0.9020451717335637,9.683949002193325,4.102586408236841,0.024377129988130773,0.21128903434906426,0.63057492585864,0.29277852638348073
emma.j,27.0,14.0,54.0,6.0,951.0,Medical student | future doctor,0,0.021,0.301,0.828,15.0,0.552,0.013,0.6226,0.976,0.3404
bot_account_7,4.0,1366.0,0.0,0.0,29.0,,1,0.856,0.882,0.381,4.0,228.81,0.837,0.0863,0.175,0.0214
autoliker_pro,4.0,2575.0,0.0,0.0,37.0,Click link below 💰,1,0.602,0.98,0.214,2.0,249.03,0.706,0.0519,0.198,0.0407
fit_jessica,417.0,53.0,16.0,29.0,427.0,Freelance illustrator | art prints available,0,0.013,0.351,0.766,10.0,3.392,0.143,0.2488,0.677,0.1466
emma.j,101.69497514200465,44.67501767793864,2.8149514141938297,12.019801030316517,2776.9989035622443,Data scientist | ML researcher,0,0.0588953507240149,0.5228600792973053,0.8558160233809103,11.392531936281008,0.0,0.19501031697612375,0.5926684484504426,0.8331193179260821,0.27950582499808324
insta_boost_247,9.0,1602.0,1.0,0.0,19.0,,1,0.645,0.883,0.168,2.0,96.07,0.873,0.0362,0.107,0.0349
noah_films,21.0,78.0,22.0,24.0,2278.0,Chef | Recipe creator,0,0.006,0.486,0.81,13.0,0.974,0.153,0.5843,0.645,0.5242
chris_builds,10.0,23.0,2.0,22.0,4858.0,Marketing professional | keynote speaker,0,0.041,0.505,0.937,14.0,2.303,0.032,0.3009,0.819,0.4138
free_follower_bot,14.0,691.0,0.0,0.0,40.0,official giveaway account,1,0.75,0.885,0.311,3.0,70.07,0.979,0.0738,0.042,0.0173
alex_travel,145.0,58.0,7.0,10.0,2542.0,Medical student | future doctor,0,0.022,0.192,0.957,17.0,3.436,0.138,0.3717,0.952,0.1337
john_doe,21.89144395976766,142.62872377169458,3.1406116578213976,17.912923478944393,1309.542270592032,Environmental activist,0,0.07971961871471661,0.21661677687552822,0.7964115927307417,12.928861045707322,0.0,0.05431454600926209,0.5374617147304298,0.6339539352254723,0.24401109368125998
noah_films,107.0,52.0,7.0,12.0,2731.0,News journalist @NYT,0,0.098,0.508,0.711,16.0,4.903,0.146,0.655,0.637,0.4096
real_human_01234,6.0,772.0,2.0,0.0,42.0,,1,0.79,0.901,0.277,2.0,110.96,0.711,0.0269,0.189,0.0012
mike_2023,1.0,18.0,24.0,8.0,856.0,Fashion designer | PR welcome,0,0.047,0.113,0.711,12.0,2.229,0.087,0.2764,0.981,0.2649
dev_pete,206.85767857436235,0.0,30.442083076586847,24.471889982254254,852.6306826370702,Musician. Coffee addict.,0,0.14123652388471072,0.5084072302076583,0.7362949255179587,13.299232986898458,4.505993140409124,0.1655397169093541,0.49182294228683315,0.9020700298334698,0.21588344746135857
code_master,7.0,34.0,3.0,20.0,1461.0,Data scientist | ML researcher,0,0.002,0.535,0.748,10.0,0.617,0.186,0.246,0.934,0.4984
luke_designs,0.0,29.768319827522845,2.2804503567140113,3.430493914897606,4817.95787228565,Entrepreneur | Founder @startup,0,0.11715569204342352,0.4681238091718182,0.9397091839566297,14.128662735925058,13.504890795702917,0.0067688141745159,0.22469456090663456,0.6372614876330611,0.27658332079692505
xXx_profit_xXx,6.0,2900.0,1.0,0.0,57.0,earn $500/day 👇,1,0.607,0.959,0.151,1.0,221.23,0.803,0.0517,0.193,0.0465
rachel_reads,376.0,42.0,9.0,21.0,673.0,Traveler | 50+ countries visited,0,0.022,0.111,0.701,11.0,2.331,0.028,0.6816,0.846,0.59
user8374629,0.0,2850.9640836146914,3.5285628026594242,0.4175740140314579,59.98013039267657,FREE gift cards click here,1,0.7935595160168577,0.9857278292505517,0.18118125248259362,2.5820497208346365,287.3300760797197,0.741254172717073,0.07754787625435682,0.279971882761557,0.06048889520218677
code_master,15.764372186261143,42.6129934978821,4.324547889406947,29.226286541697217,759.2288425842455,fitness coach 💪 DM for training plans,0,0.06040062645439176,0.09926752593200919,0.8698266556709799,17.84319569991396,0.0,0.022210109060781247,0.2865564245164104,0.9618646873937005,0.44680335468245913
mia_cooks,7.0,24.0,120.0,16.0,3529.0,photographer | travel 📷,0,0.113,0.455,0.674,11.0,0.56,0.19,0.3202,0.761,0.4582
emma.j,250.0,28.0,21.0,23.0,1813.0,software engineer @ Google,0,0.116,0.319,0.662,18.0,3.8,0.104,0.6194,0.606,0.3935
bot_account_7,10.0,1080.0,0.0,0.0,47.0,,1,0.887,0.916,0.12,4.0,261.39,0.949,0.0296,0.27,0.0048
user8374629,13.0,785.0,2.0,0.0,20.0,NFT investor | crypto tips,1,0.865,0.964,0.211,4.0,275.77,0.924,0.057,0.199,0.0235
f4f_master_99,6.0,1843.0,0.0,0.0,26.0,FREE gift cards click here,1,0.608,0.949,0.158,3.0,73.48,0.851,0.0619,0.27,0.0248
john_doe,0.0,0.0,7.0953224245971995,9.483101129303382,1726.275287881337,Marketing professional | keynote speaker,0,0.06897099264014948,0.3225869511959261,0.8712465667068097,17.137867948502958,3.9184417889988223,0.060650030752391886,0.3557239727348251,0.8072538377978115,0.5099165229217915
dev_pete,648.0,90.0,19.0,6.0,2645.0,Yoga instructor | wellness coach,0,0.012,0.218,0.739,10.0,3.803,0.135,0.3505,0.873,0.336
grace_beauty,16.201907115932123,29.25465641734578,6.977651743077326,0.6587190083199246,583.0905309323495,Wildlife photographer based in Kenya,0,0.020915992086474475,0.4769122061483647,0.8364193530270303,16.786364463056515,2.6607966292351333,0.0665529876650077,0.522419416566592,0.9663171430221763,0.1969389947193676
free_follower_bot,11.0,2715.0,2.0,0.0,19.0,Click link below 💰,1,0.644,0.927,0.209,3.0,51.87,0.811,0.0936,0.193,0.0048
insta_boost_247,14.0,2330.0,0.0,0.0,4.0,DM me to grow your account fast,1,0.827,0.927,0.15,1.0,147.53,0.99,0.0766,0.214,0.0376
ava_dances,106.0,60.0,62.0,10.0,5000.0,fitness coach 💪 DM for training plans,0,0.119,0.51,0.927,12.0,4.271,0.17,0.5072,0.789,0.2946
1234567890ab,5.0,2932.0,2.0,0.0,51.0,Click link below 💰,1,0.655,0.875,0.174,2.0,281.42,0.793,0.0187,0.015,0.0361
follow_back_101,4.0,2046.0,0.0,0.0,14.0,make money online → bio link,1,0.716,0.885,0.175,1.0,289.22,0.747,0.0746,0.267,0.0153
photo_by_anna,1.0,29.0,1.0,24.0,5000.0,Fashion designer | PR welcome,0,0.102,0.506,0.791,9.0,4.928,0.063,0.5018,0.736,0.2809
follow_back_101,13.0,2368.0,1.0,0.0,14.0,,1,0.751,0.867,0.266,3.0,100.6,0.922,0.0392,0.004,0.0028
mark_adventure,54.0,29.0,29.0,28.0,1039.0,News journalist @NYT,0,0.138,0.4,0.75,16.0,4.246,0.198,0.5967,0.72,0.3947
earn_fast_2024,3.0,2388.0,0.0,0.0,54.0,investment advisor DM me,1,0.76,0.882,0.124,1.0,144.85,0.86,0.0824,0.168,0.0147
follow_back_101,7.31518077982549,1898.6287724088663,0.10388965037570597,0.0,0.0,Click link below 💰,1,0.8603095049544307,0.9142384958541568,0.2640323659826387,1.106998725938128,198.21751615329794,0.8608655003838032,0.06759913962373827,0.07957972645477793,0.0
james_hikes,661.0,10.0,7.0,5.0,2807.0,Yoga instructor | wellness coach,0,0.125,0.114,0.914,10.0,2.223,0.139,0.4761,0.716,0.4802
paul_runs,12.0,54.0,6.0,16.0,1000.0,Marketing professional | keynote speaker,0,0.108,0.453,0.945,16.0,0.397,0.103,0.3569,0.977,0.2074
bot_account_7,19.0,336.0,1.0,0.0,4.0,,1,0.648,0.924,0.325,2.0,229.93,0.81,0.0121,0.157,0.0332
creative_dan,186.0,65.0,4.0,7.0,2297.0,Gaming streamer | Twitch partner,0,0.013,0.11,0.739,17.0,1.848,0.03,0.489,0.853,0.4908
paul_runs,15.0,16.0,6.0,1.0,5000.0,High school teacher | making STEM fun,0,0.06,0.547,0.935,16.0,4.859,0.092,0.6906,0.94,0.1699
tom_techie,2.0,15.0,21.0,18.0,1035.0,Retired engineer | amateur astronomer,0,0.01,0.463,0.826,14.0,4.917,0.053,0.2754,0.892,0.5288
ethan_games,35.0,42.0,14.0,28.0,1003.0,Wildlife photographer based in Kenya,0,0.001,0.46,0.986,8.0,0.182,0.04,0.5195,0.902,0.4864
ethan_games,127.0,14.0,9.0,3.0,5000.0,UX designer @Meta,0,0.084,0.392,0.981,9.0,1.138,0.128,0.4584,0.769,0.5027
insta_boost_247,7.0,1185.0,1.0,0.0,10.0,DM me to grow your account fast,1,0.741,0.96,0.251,4.0,239.24,0.935,0.0487,0.089,0.0152
ethan_games,7.0,38.0,11.0,4.0,4572.0,Medical student | future doctor,0,0.111,0.213,0.769,12.0,2.106,0.037,0.5518,0.698,0.2914
emma.j,38.0,106.0,2.0,2.0,870.0,Entrepreneur | Founder @startup,0,0.092,0.431,0.761,10.0,3.488,0.155,0.2049,0.63,0.4579
tom_techie,4.0,22.0,7.0,21.0,5000.0,Architect | sustainable design,0,0.08,0.259,0.867,10.0,1.037,0.118,0.2841,0.71,0.1283
ethan_games,481.0,2.0,61.0,22.0,5000.0,Yoga instructor | wellness coach,0,0.004,0.188,0.798,15.0,1.963,0.039,0.2713,0.976,0.5809
sophia_teaches,52.268958626495774,0.0,25.9287953347327,13.581550468962206,690.7164266305974,News journalist @NYT,0,0.06116388808384832,0.30294688537033376,0.9994990620822679,18.26855722002777,5.071680091526366,0.07076702530297427,0.48476280233167285,0.8076148399488794,0.16580669704986734
earn_fast_2024,10.222466308099204,2974.3073942447418,1.834673544696394,0.4869321601335917,50.659255976622546,Click link below 💰,1,0.6682702105623741,0.9414401270994935,0.2642009823470328,1.6352807905867064,152.16723787107074,0.7229726010706041,0.043559249874750405,0.1847257763591531,0.0412774746936537
bot291847362,5.0,2431.0,1.0,0.0,17.0,Click link below 💰,1,0.858,0.871,0.158,4.0,118.34,0.835,0.0704,0.187,0.049
bot_account_7,19.0,445.0,1.0,0.0,36.0,,1,0.81,0.946,0.137,4.0,72.53,0.815,0.0401,0.216,0.0476
bot_account_7,4.0,354.0,1.0,0.0,21.0,investment advisor DM me,1,0.798,0.907,0.26,3.0,109.28,0.949,0.0626,0.146,0.0116
chef_marco,50.548216255689674,36.705996336976234,25.940654463147293,15.209491136669936,673.5749593222672,software engineer @ Google,0,0.0015345104696820825,0.1764000893471479,0.7328373331082436,17.106015782191456,0.0,2.890863840940023e-05,0.49754501135291224,0.843042275074949,0.522396482717522
grace_beauty,20.0,41.0,21.0,26.0,979.0,Musician. Coffee addict.,0,0.083,0.231,0.673,10.0,2.13,0.019,0.2739,0.742,0.5291
mia_cooks,133.0,28.0,29.0,20.0,980.0,Dog lover | Hiking | Books,0,0.021,0.481,0.728,15.0,4.584,0.04,0.5691,0.919,0.2555
emma.j,377.0,3.0,30.0,14.0,1518.0,High school teacher | making STEM fun,0,0.075,0.431,0.834,16.0,4.533,0.182,0.6815,0.978,0.2283
user8374629,17.0,357.0,1.0,0.0,18.0,FREE gift cards click here,1,0.765,0.95,0.118,4.0,50.47,0.765,0.0226,0.189,0.0012
fit_jessica,9.0,19.0,1.0,16.0,2662.0,Dance teacher | choreographer,0,0.143,0.156,0.776,11.0,3.274,0.045,0.2626,0.737,0.1574
luke_designs,433.0,98.0,3.0,22.0,4097.0,fitness coach 💪 DM for training plans,0,0.06,0.512,0.782,16.0,0.34,0.135,0.6636,0.963,0.4351
f4f_master_99,3.0,1333.0,0.0,0.0,31.0,official giveaway account,1,0.934,0.909,0.317,3.0,112.38,0.752,0.0783,0.164,0.0283
get_rich_88,33.19444675111954,711.4966400391542,0.0,0.0,64.28725281798907,earn while you sleep 💸,1,0.7691014038199868,0.8701556769051509,0.2568658227698215,2.259727480123415,203.5195147447516,0.7564766746022444,0.07118923887437086,0.23579975980555018,0.05278255639222308
fit_jessica,17.0,5.0,7.0,18.0,3665.0,Fashion designer | PR welcome,0,0.085,0.202,0.867,13.0,4.417,0.168,0.2556,0.916,0.3717
f4f_master_99,13.0,1144.0,0.0,0.0,1.0,DM me to grow your account fast,1,0.818,0.872,0.257,2.0,268.96,0.737,0.0323,0.009,0.0307
f4f_master_99,27.97098961080042,700.740515055322,3.0615078111500855,0.0,153.98884976895664,earn $500/day 👇,1,0.7971926437174321,0.8798674398055744,0.22115817964974538,0.8987750925854611,229.049756265439,0.8558031781518132,0.06012123316400008,0.06805790381013146,0.0
mark_adventure,16.0,18.0,2.0,8.0,4048.0,Traveler | 50+ countries visited,0,0.024,0.158,0.791,16.0,2.628,0.12,0.4172,0.861,0.5955
paul_runs,43.0,20.0,10.0,0.0,3178.0,Blogger | Lifestyle & wellness,0,0.146,0.453,0.672,12.0,3.785,0.077,0.3164,0.843,0.2294
nina_art,1.0,33.0,9.0,22.0,5000.0,Dance teacher | choreographer,0,0.017,0.439,0.829,12.0,4.167,0.095,0.6315,0.828,0.2063
user8374629,6.0,586.0,0.0,0.0,36.0,crypto millionaire | teach you how,1,0.811,0.964,0.374,2.0,283.98,0.939,0.0435,0.064,0.0466
9182736450,0.0,2329.0,2.0,0.0,28.0,follow for follow back,1,0.863,0.952,0.132,1.0,256.33,0.974,0.0626,0.077,0.021
acc29471838,13.0,320.0,0.0,0.0,32.0,btc eth airdrop free coins,1,0.696,0.915,0.389,2.0,244.7,0.796,0.084,0.144,0.0115
zz_promo_zz,0.0,3030.9180379829722,4.0826249065099915,0.761280601161391,0.0,,1,0.787724416533551,0.9636812255400188,0.3007711230500557,1.9692005502355034,119.69405416341985,0.7378728210721793,0.09016547064661715,0.15693624073390355,0.023756394453824718
grace_beauty,94.0,41.0,1.0,17.0,2199.0,Nurse practitioner | women's health advocate,0,0.044,0.468,0.67,18.0,3.709,0.192,0.2565,0.604,0.1133
ethan_games,102.0,20.0,12.0,19.0,2366.0,fitness coach 💪 DM for training plans,0,0.105,0.19,0.966,12.0,3.719,0.197,0.2584,0.788,0.1793
earn_fast_2024,11.332382508561311,2289.9349113013086,1.0883542156071415,0.0,83.73702931091492,FREE gift cards click here,1,0.7835025144684304,0.9529428811397571,0.18638251439851033,1.5449902484417386,167.72261266572912,0.8748458356127695,0.040996853516755895,0.01869355907579402,0.040214897506113345
chef_marco,387.0,61.0,248.0,25.0,5000.0,Chef | Recipe creator,0,0.009,0.366,0.679,10.0,4.312,0.012,0.3491,0.902,0.1572
real_human_01234,7.786488333424593,2035.8965257245563,0.0,0.0,33.094486623456035,official giveaway account,1,0.6057907761263207,0.9716271170873063,0.163817377241698,1.8082379627065361,219.13657014028243,0.7044924750785861,0.051951463758798555,0.09366536356981808,0.023282804881742756
olivia_draws,218.0,23.0,8.0,11.0,505.0,Teacher & lifelong learner,0,0.089,0.176,0.677,8.0,0.171,0.111,0.6912,0.845,0.1787
emma.j,6.0,15.0,23.0,15.0,1751.0,Architect | sustainable design,0,0.09,0.245,0.963,16.0,2.193,0.187,0.6601,0.812,0.1853
acc29471838,16.0,1896.0,2.0,0.0,10.0,official giveaway account,1,0.666,0.857,0.147,4.0,140.68,0.974,0.0978,0.015,0.0085
free_follower_bot,8.0,2369.0,0.0,0.0,40.0,♻️ repost to win $1000,1,0.924,0.887,0.344,1.0,141.14,0.787,0.0979,0.16,0.036
follow_back_101,11.0,1266.0,2.0,0.0,50.0,♻️ repost to win $1000,1,0.602,0.986,0.208,4.0,124.53,0.764,0.0156,0.182,0.0438
f4f_master_99,16.0,1259.0,0.0,0.0,37.0,make money online → bio link,1,0.789,0.96,0.176,3.0,150.28,0.886,0.0845,0.293,0.0178
autoliker_pro,5.0,1014.0,2.0,0.0,17.0,earn while you sleep 💸,1,0.823,0.902,0.296,1.0,202.06,0.736,0.0718,0.285,0.0082
noah_films,520.7133458763498,12.564402932475595,174.17175100444575,27.217529682584292,313.62962672124246,Teacher & lifelong learner,0,0.1362957343452958,0.23988817814102056,0.7798683783570421,8.686723166335891,12.966150066513649,0.034476934601720105,0.5398336566029479,0.8104413122853424,0.5581363703287671
xXx_profit_xXx,30.57987088205357,1510.263083794671,3.273138455946799,0.10225489281384463,99.66277705747339,,1,0.961593286801791,0.8880869619004165,0.2833817134900485,2.954740215886636,171.0648610861537,0.8744436773213589,0.09094800288352811,0.18355900464753377,0.006415792495453317
tom_techie,24.052790285713513,96.60800142664723,35.67175120977987,28.79024590365138,1510.7977221913006,Dance teacher | choreographer,0,0.10025582174031696,0.4156211552253899,0.9926539711062664,13.761687113381422,0.2554261301255495,0.13347010723678485,0.4429225720755127,0.826249014796166,0.2739738153951467
bot_account_7,10.0,2883.0,0.0,0.0,30.0,airdrop $ETH daily,1,0.772,0.908,0.397,1.0,274.88,0.989,0.0798,0.02,0.0026
xXx_profit_xXx,2.0,463.0,0.0,0.0,3.0,,1,0.74,0.854,0.303,4.0,148.4,0.952,0.054,0.193,0.0095
john_doe,35.384577389013614,0.0,32.691649970512266,22.7766462065592,1154.5269901466206,Architect | sustainable design,0,0.07869212667858969,0.4993021646482157,0.8276990219850099,17.86711010056661,0.0,0.044250553833103626,0.23892125476015152,0.7721224072522134,0.5084518040712437
olivia_draws,46.0,24.0,5.0,27.0,1045.0,Developer | Open source enthusiast,0,0.01,0.362,0.832,10.0,4.586,0.025,0.3915,0.808,0.1979
tom_techie,8.917270561476478,0.0,7.050650277891399,10.367323805985956,2849.6432908874995,fitness coach 💪 DM for training plans,0,0.06582327068657369,0.3033131492381982,0.9546914020816191,17.367928503027674,0.0,0.20274319079522257,0.6028558347154713,0.9381295672881274,0.25484010470033297
ethan_games,185.0,25.0,5.0,2.0,5000.0,Musician. Coffee addict.,0,0.141,0.265,0.73,18.0,1.524,0.115,0.2406,0.853,0.3482
ava_dances,3.0,11.0,25.0,15.0,3211.0,Artist | Digital creator,0,0.074,0.147,0.859,17.0,3.871,0.12,0.2162,0.823,0.4886
emma.j,8.0,34.0,3.0,3.0,5000.0,Podcaster | interviewing founders,0,0.071,0.404,0.894,14.0,0.176,0.182,0.6516,0.747,0.3172
sarah_smith,8.0,25.0,5.0,13.0,2646.0,software engineer @ Google,0,0.008,0.222,0.923,11.0,2.36,0.026,0.2946,0.909,0.2216
nina_art,604.0,19.0,3.0,28.0,1384.0,Artist | Digital creator,0,0.021,0.357,0.909,9.0,4.208,0.107,0.4551,0.711,0.5594
real_human_01234,0.0,1292.9216071088629,1.387069029054342,0.03090994041648778,144.95093280545487,DM me to grow your account fast,1,0.6437978546000516,0.8707066021451743,0.22203133773236117,2.454970879010778,292.9087389778306,0.8601476153012899,0.03904663134791186,0.04006706763411781,0.0
free_follower_bot,0.0,597.8010019703786,0.0,0.0,79.35896930552337,crypto millionaire | teach you how,1,0.6005248512037162,0.9195805980930556,0.13678714953480736,1.0300463501345367,92.89912449964214,0.9275458815146771,0.05851043522071454,0.2783041987931534,0.01917538579999784
f4f_master_99,2.0,1026.0,2.0,0.0,39.0,📈 passive income daily,1,0.661,0.946,0.128,2.0,295.66,0.911,0.0946,0.246,0.0005
daniel_f,193.0,59.0,16.0,6.0,819.0,fitness coach 💪 DM for training plans,0,0.134,0.237,0.815,18.0,1.989,0.089,0.6995,0.75,0.4935
ben_codes,5.0,9.0,26.0,28.0,837.0,Yoga instructor | wellness coach,0,0.091,0.518,0.746,13.0,2.287,0.196,0.2393,0.777,0.1669
emma.j,183.0,30.0,9.0,28.0,2867.0,Chef | Recipe creator,0,0.117,0.319,0.8,13.0,3.109,0.083,0.5374,0.825,0.1359
james_hikes,98.0,10.0,6.0,0.0,4535.0,Blogger | Lifestyle & wellness,0,0.073,0.186,0.928,9.0,0.207,0.14,0.4482,0.688,0.5779
9182736450,13.0,2821.0,2.0,0.0,23.0,airdrop $ETH daily,1,0.758,0.952,0.204,4.0,130.36,0.909,0.0485,0.186,0.0497
mike_2023,920.0,5.0,4.0,6.0,3489.0,Musician. Coffee addict.,0,0.016,0.207,0.712,15.0,4.407,0.094,0.5008,0.834,0.4546
airdrop_winner99,14.835396220275038,2143.5884560675104,0.0,0.16465650104890053,0.0,airdrop $ETH daily,1,0.6369603573170382,0.9218460004458023,0.13604991374753186,3.2342781276707075,282.71139235990444,0.8577676268391252,0.048120559378356444,0.1079698011415968,0.028825297121502672
dev_pete,4.0,53.0,15.0,3.0,5000.0,Teacher & lifelong learner,0,0.114,0.287,0.889,8.0,3.224,0.001,0.3259,0.731,0.5703
xXx_profit_xXx,18.0,2757.0,2.0,0.0,58.0,,1,0.779,0.873,0.115,1.0,196.15,0.843,0.0986,0.191,0.0257
acc29471838,5.25810866745258,2804.69820054743,2.301272443192176,0.0,0.0,crypto millionaire | teach you how,1,0.7220964963227716,0.9893776574562183,0.12651146954668518,2.230880737872579,128.39308197180046,0.9384747774424684,0.09248419552954643,0.26078035806371686,0.02156581267577747
acc29471838,15.0,1071.0,0.0,0.0,6.0,,1,0.63,0.939,0.292,3.0,151.71,0.795,0.0334,0.211,0.0031
dev_pete,31.710990814556336,11.668207966292812,16.59160800904111,5.469372550830389,540.7220306922472,mom of 3 | foodie,0,0.12047543114798503,0.5029536845613546,0.7648372567935967,13.068945182100014,0.23489060867008105,0.0923558594597547,0.2550847578191217,0.9660100316283529,0.41509141627021157
a8f7d3k9p2,0.0,2699.0,1.0,0.0,22.0,,1,0.814,0.892,0.361,4.0,136.12,0.737,0.0874,0.072,0.0374
zz_promo_zz,4.0,815.0,2.0,0.0,4.0,official giveaway account,1,0.946,0.96,0.265,2.0,92.54,0.928,0.0745,0.031,0.0082
zz_promo_zz,2.0,831.0,0.0,0.0,29.0,📈 passive income daily,1,0.631,0.918,0.202,1.0,222.78,0.897,0.0274,0.132,0.0214
grace_beauty,10.659170882995337,0.0,3.9265881703129693,29.486931339033504,1769.4404161264556,photographer | travel 📷,0,0.0731999260188896,0.23293966262666513,0.9498801251185502,16.743486803555495,0.0,0.1360094958453071,0.5326025876751052,0.8636380596614432,0.6097338485054484
acc29471838,7.0,2928.0,1.0,0.0,44.0,,1,0.831,0.908,0.269,2.0,155.37,0.703,0.063,0.269,0.037
f4f_master_99,12.0,555.0,2.0,0.0,22.0,official giveaway account,1,0.826,0.973,0.282,2.0,89.24,0.728,0.0816,0.183,0.0073
airdrop_winner99,10.0,246.0,0.0,0.0,31.0,airdrop $ETH daily,1,0.638,0.937,0.28,2.0,130.36,0.761,0.065,0.258,0.0202
earn_fast_2024,0.0,1524.0,2.0,0.0,52.0,promo available 📩,1,0.716,0.942,0.359,1.0,83.91,0.808,0.0249,0.028,0.0172
noah_films,77.0,17.0,13.0,11.0,1881.0,Traveler | 50+ countries visited,0,0.048,0.527,0.92,14.0,3.655,0.136,0.3597,0.885,0.4681
free_follower_bot,9.0,2149.0,1.0,0.0,56.0,follow for follow back,1,0.637,0.933,0.211,4.0,291.79,0.798,0.0575,0.04,0.0167
olivia_draws,66.0,8.0,39.0,2.0,5000.0,Entrepreneur | Founder @startup,0,0.028,0.147,0.745,11.0,1.177,0.099,0.4245,0.653,0.2797
zz_promo_zz,5.0,2918.0,2.0,0.0,32.0,investment advisor DM me,1,0.916,0.864,0.335,3.0,280.22,0.759,0.062,0.196,0.0056
real_human_01234,2.0,395.0,1.0,0.0,49.0,♻️ repost to win $1000,1,0.89,0.885,0.145,3.0,129.04,0.827,0.0491,0.255,0.0049
nina_art,17.0,15.0,15.0,10.0,997.0,Traveler | 50+ countries visited,0,0.054,0.187,0.783,18.0,3.461,0.148,0.6297,0.79,0.4228
sarah_smith,165.0,9.0,17.0,26.0,3356.0,fitness coach 💪 DM for training plans,0,0.076,0.376,0.872,16.0,4.843,0.043,0.643,0.712,0.5657
chris_builds,152.0,38.0,198.0,13.0,5000.0,Developer | Open source enthusiast,0,0.072,0.375,0.76,18.0,0.389,0.039,0.586,0.805,0.4444
amy_joy,3.4810590516743307,13.558888966545652,45.0010184024642,2.1700477078467943,839.9050198815534,Data scientist | ML researcher,0,0.04074778239306833,0.41385511844547423,0.8278147636172457,12.55156682017333,5.627589795401603,0.06773644471055545,0.59683333198263,0.9302262548867938,0.28979448362035104
chris_builds,29.0,21.0,54.0,12.0,714.0,Dance teacher | choreographer,0,0.147,0.281,0.873,16.0,4.974,0.142,0.3987,0.659,0.1818
ava_dances,37.12485530315678,0.0,8.847674718135863,3.765086371151694,1725.502648714797,Artist | Digital creator,0,0.0,0.18382438234281237,0.8855003424861024,16.361353494351757,5.1000537492215114,0.1008547820097138,0.5093768463763165,0.5854024851314208,0.4027143825202595
acc29471838,5.0,1537.0,0.0,0.0,56.0,earn while you sleep 💸,1,0.654,0.891,0.316,4.0,159.48,0.809,0.0999,0.052,0.0424
mia_cooks,16.0,23.0,20.0,4.0,5000.0,software engineer @ Google,0,0.135,0.425,0.777,10.0,0.393,0.077,0.5105,0.719,0.2365
code_master,97.38478724202821,14.448008654810588,6.013371917245062,10.331972078257287,837.8450006985843,Architect | sustainable design,0,0.038148638507256506,0.4660551514993909,0.9715385156710965,11.1064227995008,0.0,0.06804589364137947,0.3347346548579104,0.9465956542605908,0.5234939591132703
q7w8e9r0t1y2,9.84980607603132,1554.299981369588,0.9124748733946935,0.0,40.32049839401891,Click link below 💰,1,0.8769652691496335,0.8701806325254482,0.10113139559641851,1.7294079089853447,116.3440811583357,0.8534974194631282,0.08263307599647425,0.23925756218387062,0.03320608605297806
bot_account_7,25.848971585986348,810.5436835995034,0.6671687459655855,0.6499723031686001,76.06772579440272,NFT investor | crypto tips,1,0.8006115627396758,0.8785199660498584,0.37809549187289304,0.9829550096070618,190.5728771384927,0.8318354468316638,0.05773951466144837,0.12983040979643748,0.0
user8374629,3.0,2974.0,1.0,0.0,2.0,make money online → bio link,1,0.785,0.914,0.32,2.0,175.29,0.96,0.0477,0.113,0.0262
bot_account_7,19.0,1042.0,0.0,0.0,5.0,♻️ repost to win $1000,1,0.721,0.932,0.155,2.0,70.88,0.896,0.0419,0.025,0.0303
ethan_games,37.0,5.0,14.0,27.0,1689.0,fitness coach 💪 DM for training plans,0,0.108,0.175,0.986,10.0,4.066,0.026,0.2914,0.647,0.4832
mia_cooks,1110.3423135812684,0.0,0.0,24.662863869800685,2257.3979808359677,software engineer @ Google,0,0.032462476910518165,0.21779546725026352,0.6817782146189246,16.323407342583387,6.480767785320865,0.0761781529375134,0.7095899826191762,0.6724855529685234,0.3330190893878397
9182736450,6.0,1989.0,2.0,0.0,7.0,FREE gift cards click here,1,0.605,0.919,0.182,3.0,260.71,0.912,0.0194,0.135,0.0334
amy_joy,185.0,31.0,7.0,1.0,5000.0,Yoga instructor | wellness coach,0,0.034,0.434,0.66,18.0,3.841,0.075,0.532,0.84,0.4036
nina_art,2.0,19.0,34.0,15.0,448.0,Medical student | future doctor,0,0.067,0.311,0.781,14.0,2.342,0.001,0.6154,0.983,0.3747
ethan_games,43.0,75.0,13.0,26.0,2654.0,Artist | Digital creator,0,0.11,0.3,0.945,11.0,2.837,0.088,0.339,0.875,0.4396
follow_back_101,3.0,2767.0,0.0,0.0,23.0,FREE BTC airdrop → link in bio,1,0.673,0.927,0.279,3.0,286.06,0.836,0.0906,0.014,0.0474
q7w8e9r0t1y2,15.0,206.0,1.0,0.0,17.0,airdrop $ETH daily,1,0.779,0.881,0.253,4.0,250.07,0.81,0.041,0.289,0.0237
grace_beauty,165.0,83.0,21.0,0.0,4212.0,Gaming streamer | Twitch partner,0,0.033,0.146,0.97,16.0,4.52,0.006,0.5171,0.954,0.4621
insta_boost_247,4.642863818088758,228.605793204806,3.3338646729326094,1.416166481037063,23.914787459678447,make money online → bio link,1,0.6998710097225671,0.8347113476367508,0.31678043812133594,0.7758055528629919,283.14692281125116,0.983381848520162,0.04869966081068083,0.142171755940117,0.051316327478741854
sophia_teaches,96.0,73.0,68.0,18.0,2159.0,Freelance illustrator | art prints available,0,0.008,0.116,0.754,11.0,4.298,0.01,0.5808,0.84,0.1962
lisa_writes,110.0,30.0,1.0,0.0,5000.0,Environmental activist,0,0.001,0.311,0.783,16.0,1.202,0.195,0.2073,0.606,0.4358
james_hikes,2.0,88.0,20.0,24.0,5000.0,Retired engineer | amateur astronomer,0,0.138,0.4,0.838,12.0,2.212,0.166,0.59,0.909,0.4903
a8f7d3k9p2,1.4470256397512475,1567.8989655878534,4.1802357285212555,0.44488683510682164,51.56757494166776,FREE gift cards click here,1,0.7314893606113472,0.9475691170117059,0.2542840833281275,3.5293608566083017,134.82471806217242,0.832565035338242,0.06693344444429229,0.10889390692990619,0.029954804762636976
luke_designs,6.0,33.0,14.0,19.0,4638.0,Environmental activist,0,0.081,0.549,0.678,15.0,0.767,0.191,0.4604,0.767,0.5904
emma.j,8.0,11.0,64.0,21.0,2112.0,Traveler | 50+ countries visited,0,0.147,0.372,0.715,18.0,2.445,0.098,0.6624,0.701,0.5791
dev_pete,2.432571963653757,31.488042648297384,6.517681207208711,13.177798838725847,691.6668344984389,Yoga instructor | wellness coach,0,0.0840685951270604,0.17622328912928134,0.7699865775081925,8.719950594653291,0.0,0.07745391583400377,0.3916295173541863,0.8696702472219044,0.14109904415608626
user8374629,0.0,1525.0,0.0,0.0,58.0,,1,0.629,0.898,0.392,3.0,279.72,0.912,0.0371,0.294,0.0421
user8374629,45.964645583200706,1893.6075733086036,2.129234818149683,0.08606928376728179,153.70026622428566,make money online → bio link,1,0.8622380002204745,1.0103671124567979,0.2348997075901902,2.262721220161825,247.56303488786264,0.8296227124978175,0.05550748157299842,0.117539930055334,0.053713768523639474
mike_2023,21.0,8.0,3.0,0.0,390.0,Dance teacher | choreographer,0,0.036,0.324,0.94,17.0,2.717,0.064,0.434,0.771,0.1025
luke_designs,716.0,5.0,19.0,13.0,860.0,Entrepreneur | Founder @startup,0,0.101,0.509,0.965,10.0,2.836,0.08,0.3526,0.754,0.2261
mike_2023,7.0,58.0,101.0,9.0,365.0,Blogger | Lifestyle & wellness,0,0.023,0.108,0.662,8.0,0.113,0.008,0.5986,0.933,0.2386
chris_builds,23.972244705189052,0.0,7.323423829193768,24.082228678348727,5023.443124629187,UX designer @Meta,0,0.10186431568421223,0.5110814339430293,0.9402817091535731,12.027680423645275,3.4662121604903358,0.14156427307405564,0.45565163297149014,0.7497520782651619,0.32602614093274446
follow_back_101,8.0,2028.0,0.0,0.0,19.0,crypto millionaire | teach you how,0,0.699,0.957,0.27,2.0,259.28,0.979,0.0479,0.291,0.0498
mia_cooks,14.0,18.0,21.0,23.0,365.0,photographer | travel 📷,0,0.019,0.243,0.914,14.0,0.41,0.196,0.6398,0.939,0.3181
emma.j,33.0,25.0,10.0,14.0,648.0,Yoga instructor | wellness coach,0,0.02,0.205,0.881,18.0,1.82,0.001,0.2064,0.625,0.1053
mike_2023,2.0,76.0,19.0,20.0,5000.0,Traveler | 50+ countries visited,0,0.137,0.204,0.88,16.0,3.019,0.149,0.3248,0.864,0.2052
q7w8e9r0t1y2,35.2919818412063,1056.3401781095006,5.109663032878851,0.1269289847442971,0.0,earn $500/day 👇,0,0.8693561725038349,0.9728662732231951,0.19370319332757704,3.0899265836743774,154.27204975133807,0.8156317557818987,0.06715993531585536,0.0,0.010070584586744478
1234567890ab,11.0,2118.0,2.0,0.0,31.0,NFT investor | crypto tips,1,0.812,0.973,0.355,2.0,145.0,0.736,0.0847,0.197,0.0009
fit_jessica,214.0,3.0,8.0,1.0,582.0,Podcaster | interviewing founders,0,0.094,0.344,0.78,9.0,1.725,0.133,0.4742,0.932,0.3876
get_rich_88,6.0,1299.0,2.0,0.0,53.0,,1,0.721,0.962,0.215,2.0,183.84,0.973,0.0414,0.154,0.0321
acc29471838,12.693301777439666,267.83432150999727,0.0,0.00020746752958975153,75.37234937931709,📈 passive income daily,1,0.7253673056147321,0.885891801964909,0.255746249024575,3.9575896904267283,249.2011178086001,0.9568310581296623,0.0855272172998538,0.0636492110451998,0.0
noah_films,126.0,10.0,31.0,29.0,1837.0,Musician. Coffee addict.,0,0.007,0.34,0.803,15.0,2.799,0.127,0.3654,0.697,0.1327
mia_cooks,9.0,99.0,10.0,5.0,2293.0,Data scientist | ML researcher,0,0.094,0.184,0.944,12.0,1.107,0.111,0.4001,0.826,0.4602
sophia_teaches,246.0,10.0,40.0,15.0,3863.0,Medical student | future doctor,0,0.146,0.237,0.859,8.0,3.975,0.171,0.5478,0.811,0.5315
nina_art,110.86023638916957,0.0,11.201602007568315,19.923239681990644,1122.897202965344,Architect | sustainable design,0,0.1589500206871099,0.23991861433059217,0.901281966485464,11.042285670295868,7.66677110873678,0.1674409207489927,0.4441494060610507,0.7550328913676181,0.6231559316354854
photo_by_anna,15.778884358393533,6.223222302631044,5.971311695000832,9.942357971987057,5125.182525129791,Retired engineer | amateur astronomer,0,0.09012872186635985,0.4904401620935164,0.7297669155265962,13.458270259616757,0.0,0.18326612207011825,0.47990162530664,0.830819120958607,0.33016909352945173
noah_films,35.0,91.0,1.0,1.0,957.0,Data scientist | ML researcher,0,0.018,0.434,0.85,18.0,1.759,0.165,0.2783,0.939,0.5941
a8f7d3k9p2,17.0,1773.0,0.0,0.0,24.0,btc eth airdrop free coins,1,0.813,0.98,0.236,4.0,134.5,0.758,0.0796,0.087,0.0415
acc29471838,3.0,2264.0,2.0,0.0,29.0,,1,0.704,0.973,0.113,4.0,109.73,0.783,0.062,0.014,0.0387
grace_beauty,7.0,4.0,28.0,9.0,3275.0,software engineer @ Google,0,0.13,0.333,0.804,10.0,0.126,0.111,0.5729,0.607,0.579
q7w8e9r0t1y2,10.0,2327.0,1.0,0.0,6.0,,1,0.625,0.908,0.143,2.0,78.88,0.885,0.0536,0.038,0.0221
ben_codes,36.0,55.0,1.0,26.0,4395.0,Artist | Digital creator,0,0.041,0.233,0.685,13.0,3.803,0.102,0.6539,0.734,0.1009
creative_dan,128.0,44.0,4.0,1.0,3353.0,Entrepreneur | Founder @startup,0,0.102,0.218,0.658,8.0,3.603,0.031,0.2947,0.614,0.3919
xXx_profit_xXx,8.0,629.0,2.0,0.0,47.0,Click link below 💰,1,0.698,0.911,0.4,3.0,65.22,0.843,0.0232,0.043,0.0187
ethan_games,61.0,84.0,2.0,18.0,5000.0,mom of 3 | foodie,0,0.041,0.475,0.835,9.0,3.985,0.044,0.4994,0.95,0.3119
airdrop_winner99,0.0,799.0,2.0,0.0,18.0,,1,0.66,0.884,0.328,1.0,293.33,0.803,0.0275,0.14,0.0303
airdrop_winner99,4.0,469.0,0.0,0.0,4.0,,1,0.905,0.965,0.215,2.0,96.06,0.75,0.0145,0.263,0.0093
paul_runs,22.0,18.0,9.0,28.0,1778.0,Gaming streamer | Twitch partner,0,0.006,0.491,0.857,15.0,0.566,0.066,0.4397,0.62,0.5298
bot291847362,9.0,2027.0,0.0,0.0,57.0,official giveaway account,1,0.754,0.946,0.21,3.0,177.26,0.935,0.0733,0.258,0.0173
grace_beauty,204.0,7.0,5.0,6.0,852.0,Nurse practitioner | women's health advocate,0,0.125,0.444,0.762,16.0,4.772,0.05,0.5948,0.715,0.1138
amy_joy,17.0,11.0,5.0,4.0,3609.0,Fashion designer | PR welcome,0,0.101,0.423,0.751,10.0,4.647,0.017,0.5959,0.866,0.1864
f4f_master_99,32.09411400622814,2722.313313957055,0.0,0.12967752615038647,0.0,make money online → bio link,1,0.8211019681378807,0.8416431143588039,0.25879644483314207,2.4141601835067585,150.23900882778395,0.9440239498842676,0.04034605660990512,0.16605463534253845,0.025364707987935185
ben_codes,853.0,46.0,25.0,19.0,1647.0,Nurse practitioner | women's health advocate,0,0.11,0.239,0.697,16.0,0.3,0.146,0.431,0.84,0.4477
free_follower_bot,7.0,1777.0,2.0,0.0,21.0,investment advisor DM me,1,0.614,0.905,0.311,3.0,121.15,0.873,0.0968,0.202,0.0389
amy_joy,8.0,21.0,16.0,14.0,1969.0,Freelance illustrator | art prints available,0,0.02,0.171,0.653,13.0,0.472,0.055,0.51,0.997,0.4883
luke_designs,5.0,82.0,31.0,3.0,365.0,mom of 3 | foodie,0,0.005,0.336,0.72,15.0,4.295,0.123,0.5668,0.628,0.284
chef_marco,58.04149565668459,99.92113240765316,14.437504643316903,8.098593734218099,1546.8526354094827,Data scientist | ML researcher,0,0.12737039412683188,0.37427087588547003,0.998319926370687,11.93103065019858,0.0,0.14246073740703807,0.5359910055546379,0.9612061779109803,0.32867063074018765
sophia_teaches,540.0,9.0,124.0,18.0,5000.0,Teacher & lifelong learner,0,0.146,0.136,0.882,13.0,3.027,0.153,0.6197,0.81,0.3073
dev_pete,18.0,50.0,19.0,19.0,5000.0,software engineer @ Google,0,0.099,0.323,0.792,17.0,2.455,0.092,0.6747,0.746,0.4347
xXx_profit_xXx,2.7313088990784813,2332.1168519310186,1.4635233412441608,0.40329421304335317,12.400148915450394,DM me to grow your account fast,1,0.6229279858921488,0.864653792704363,0.30942022586917317,1.9199082443267625,52.13417601553014,0.8609980582104976,0.012477611117883602,0.26124062517927427,0.017093879625832756
earn_fast_2024,6.0,937.0,0.0,0.0,18.0,crypto millionaire | teach you how,1,0.922,0.963,0.273,2.0,116.18,0.973,0.0424,0.261,0.0255
a8f7d3k9p2,1.0,1226.0,1.0,0.0,49.0,♻️ repost to win $1000,1,0.804,0.936,0.354,3.0,209.35,0.962,0.0906,0.035,0.0497
dev_pete,79.0,72.0,37.0,24.0,3284.0,Musician. Coffee addict.,0,0.063,0.208,0.928,13.0,2.939,0.043,0.5558,0.781,0.4895
luke_designs,41.88531011325664,2.0171749768056437,17.22679447708643,12.200713460230858,5010.286129891798,News journalist @NYT,0,0.06929166932187612,0.5471706295475836,0.7818970277426093,14.04289939535531,0.0,0.020447596410550658,0.5910661183479193,0.6000783682962518,0.1445328711295885
sophia_teaches,54.0,20.0,25.0,22.0,3709.0,Marketing professional | keynote speaker,0,0.022,0.492,0.667,13.0,2.287,0.128,0.3241,0.606,0.586
noah_films,2.0,20.0,18.0,15.0,365.0,mom of 3 | foodie,0,0.013,0.177,0.698,15.0,3.302,0.059,0.4597,0.775,0.5537
acc29471838,6.0,664.0,1.0,0.0,32.0,btc eth airdrop free coins,1,0.824,0.907,0.133,2.0,280.97,0.87,0.0991,0.174,0.006
1234567890ab,0.0,2347.0315883952476,0.0,0.30271288863176044,0.0,promo available 📩,1,0.8612722488056239,0.9886875578307917,0.2470017010889957,1.0542798570871559,184.2567572035898,0.8931760004426352,0.06829295470864283,0.0603699629392516,0.0071637563606929905
amy_joy,57.97631122753212,0.0,41.259179621669105,22.643750650678825,4325.47558928579,UX designer @Meta,0,0.0,0.5334559482344278,0.9709727473289422,12.022471870251238,0.0,0.042668843355718945,0.41691243026418,0.8738079963588635,0.13338331058133904
nina_art,13.0,19.0,16.0,12.0,365.0,Fashion designer | PR welcome,0,0.007,0.393,0.841,8.0,3.879,0.01,0.3262,1.0,0.2444
airdrop_winner99,15.0,1827.0,1.0,0.0,55.0,,1,0.726,0.911,0.376,3.0,58.36,0.763,0.0727,0.12,0.0137
sophia_teaches,30.0,13.0,2.0,22.0,1937.0,Blogger | Lifestyle & wellness,0,0.084,0.513,0.698,17.0,3.781,0.19,0.6871,0.651,0.1593
paul_runs,5.0,10.0,123.0,25.0,3513.0,Wildlife photographer based in Kenya,0,0.034,0.39,0.805,17.0,4.009,0.033,0.6862,0.956,0.5909
amy_joy,25.32473570891492,113.7736993731923,66.09039190079773,1.4546867663157181,2743.057904129299,Architect | sustainable design,0,0.13145157560356646,0.1297056260207382,0.6881073627075999,8.918831455831242,1.872925975972905,0.05657694392040767,0.6566436901957323,0.9222288921244751,0.5745261778168689
crypto_king_9999,4.0,2868.0,1.0,0.0,57.0,earn $500/day 👇,1,0.655,0.915,0.14,4.0,99.22,0.885,0.0899,0.067,0.01
james_hikes,323.0,8.0,11.0,12.0,833.0,Fashion designer | PR welcome,0,0.048,0.158,0.832,15.0,2.689,0.088,0.4198,0.778,0.4859
insta_boost_247,3.0,2736.0,0.0,0.0,43.0,airdrop $ETH daily,1,0.652,0.93,0.397,1.0,72.73,0.932,0.0478,0.042,0.0007
olivia_draws,9.0,5.0,6.0,28.0,5000.0,Dance teacher | choreographer,0,0.039,0.222,0.707,18.0,2.022,0.021,0.53,0.738,0.3309
bot_account_7,1.0,2652.0,0.0,0.0,23.0,airdrop $ETH daily,1,0.773,0.976,0.104,2.0,139.63,0.931,0.0705,0.012,0.0213
get_rich_88,18.57927896237204,1505.275941854455,1.267258834326145,0.3811036510204596,79.45764498448952,♻️ repost to win $1000,1,0.9399440089899403,0.9920424986980906,0.25455302956403847,3.8871315955815566,142.2711614718988,0.9017077702850788,0.01464098916417019,0.12313300795098185,0.03502951171838313
autoliker_pro,7.0,1835.0,1.0,0.0,7.0,btc eth airdrop free coins,1,0.887,0.967,0.313,2.0,200.55,0.886,0.0804,0.196,0.0011
code_master,2.0,5.0,139.0,19.0,2778.0,Gaming streamer | Twitch partner,0,0.04,0.421,0.887,8.0,3.074,0.051,0.6977,0.87,0.4937
noah_films,45.0,19.0,6.0,12.0,1382.0,Nurse practitioner | women's health advocate,0,0.028,0.54,0.815,11.0,1.47,0.015,0.6097,0.61,0.2628
bot291847362,5.0,1194.0,2.0,0.0,55.0,crypto signals ✅ 99% win rate,1,0.666,0.968,0.343,1.0,59.72,0.928,0.0505,0.25,0.0391
acc29471838,7.147473623894172,1485.6970506743323,0.6347036600897707,0.4442135440406316,66.73710354319888,crypto signals ✅ 99% win rate,1,0.6786702423327345,0.8819402857738501,0.1912054562835758,2.949209426289487,192.05362539539732,0.917627306396405,0.0699735153159557,0.03145137207079278,0.025058702237253122
real_human_01234,5.0,2426.0,1.0,0.0,38.0,Click link below 💰,1,0.696,0.872,0.377,4.0,229.22,0.778,0.0637,0.084,0.008
james_hikes,8.0,45.0,2.0,2.0,3426.0,UX designer @Meta,0,0.094,0.282,0.715,11.0,2.97,0.166,0.4846,0.866,0.1518
fit_jessica,4.0,10.0,78.0,3.0,365.0,Chef | Recipe creator,0,0.074,0.191,0.799,11.0,2.499,0.118,0.6596,0.669,0.499
earn_fast_2024,10.0,2159.0,0.0,0.0,54.0,make money online → bio link,1,0.776,0.872,0.235,4.0,143.81,0.863,0.0514,0.102,0.026
mark_adventure,1170.0,4.0,3.0,16.0,365.0,Gaming streamer | Twitch partner,0,0.062,0.332,0.725,12.0,2.482,0.021,0.4826,0.943,0.5134
chris_builds,5.0,29.0,7.0,20.0,1786.0,Dance teacher | choreographer,0,0.088,0.513,0.859,12.0,3.71,0.089,0.2726,0.932,0.4838
chris_builds,1.0,43.0,2.0,22.0,4049.0,Medical student | future doctor,0,0.096,0.332,0.863,17.0,3.174,0.111,0.3939,0.607,0.1572
crypto_king_9999,4.0,1897.0,0.0,0.0,13.0,promo available 📩,1,0.948,0.854,0.294,2.0,101.49,0.821,0.0481,0.282,0.0425
get_rich_88,3.0,790.0,1.0,0.0,26.0,crypto millionaire | teach you how,1,0.803,0.977,0.148,2.0,181.36,0.742,0.068,0.253,0.0455
q7w8e9r0t1y2,0.0,2063.7676145029377,1.6685275433945626,0.0,52.561079726909895,earn $500/day 👇,1,0.7110701290422392,0.8583793106021845,0.3430362926691161,3.237319490522334,154.97911772608435,0.7258542965066337,0.0673854353269475,0.11718972182643497,0.022112766681540334
ethan_games,3.0,8.0,2.0,19.0,1778.0,Architect | sustainable design,0,0.005,0.409,0.772,15.0,3.768,0.071,0.6534,0.933,0.4966
1234567890ab,11.0,2809.0,2.0,0.0,21.0,📈 passive income daily,1,0.773,0.922,0.168,4.0,81.83,0.759,0.0961,0.221,0.0223
nina_art,28.0,28.0,1.0,11.0,3022.0,Architect | sustainable design,0,0.049,0.256,0.822,11.0,1.224,0.148,0.6828,0.665,0.3977
chef_marco,65.0,15.0,8.0,29.0,3057.0,photographer | travel 📷,0,0.079,0.328,0.879,10.0,4.254,0.036,0.6573,0.768,0.2399
creative_dan,163.0,43.0,4.0,22.0,2182.0,UX designer @Meta,0,0.052,0.239,0.727,14.0,0.44,0.029,0.3173,0.952,0.1976
rachel_reads,1226.2544899386232,49.831479473065045,7.376729400593506,22.895851486566492,489.1191131670802,Retired engineer | amateur astronomer,0,0.07003299699523013,0.26405831570792554,0.7484015542954563,17.762253524187454,1.4637881231153727,0.09849956484922265,0.4654287091428117,0.7388285092270048,0.11713949125226886
james_hikes,11.0,23.0,3.0,23.0,2195.0,Yoga instructor | wellness coach,0,0.101,0.25,0.77,18.0,2.577,0.163,0.4445,0.65,0.4951
f4f_master_99,16.0,535.0,2.0,0.0,9.0,,1,0.823,0.905,0.117,4.0,212.9,0.877,0.0827,0.121,0.0148
tom_techie,17.0,9.0,41.0,6.0,2742.0,Freelance illustrator | art prints available,0,0.073,0.524,0.852,14.0,2.746,0.158,0.4504,0.719,0.5768
airdrop_winner99,12.393161366473656,2049.1452963902307,0.0,0.0,26.196755804916386,make money online → bio link,1,0.6444914911288908,0.9453033867442802,0.33437399082522246,3.318706138521548,98.13655353359036,0.9284721474156222,0.08533590077620774,0.02729858661921185,0.03505484710154101
ava_dances,2.0,136.0,13.0,28.0,2464.0,Chef | Recipe creator,0,0.102,0.339,0.846,8.0,0.139,0.105,0.4956,0.746,0.4757
chef_marco,25.0,16.0,29.0,19.0,734.0,Retired engineer | amateur astronomer,0,0.004,0.3,0.943,11.0,0.963,0.069,0.6001,0.636,0.3036
follow_back_101,7.0,940.0,0.0,0.0,43.0,FREE gift cards click here,1,0.735,0.981,0.146,3.0,231.94,0.866,0.0467,0.105,0.0464
amy_joy,66.8847596658326,0.0,36.04404834943117,22.995500166784527,2789.837160052241,Fashion designer | PR welcome,0,0.1302189278162309,0.4461506672191497,0.8861575307399979,15.26560894551525,7.82195037952957,0.1479191467396021,0.6462922089047773,0.7172664662655839,0.5340974283579834
xXx_profit_xXx,17.0,875.0,0.0,0.0,2.0,FREE BTC airdrop → link in bio,1,0.765,0.923,0.168,4.0,129.83,0.964,0.0545,0.042,0.0078
9182736450,3.0,2671.0,2.0,0.0,20.0,make money online → bio link,1,0.855,0.891,0.114,3.0,216.84,0.754,0.0595,0.244,0.0171
code_master,1.0,70.0,82.0,17.0,365.0,Musician. Coffee addict.,0,0.037,0.287,0.836,16.0,4.328,0.069,0.6377,0.744,0.4853
ava_dances,73.88247581633624,64.05068168496422,77.60268000719822,5.50634863967607,470.90079032216335,Teacher & lifelong learner,0,0.08862834378489601,0.5379957012456822,0.7721533834533127,14.258753977713003,6.081232473163699,0.11662593686965295,0.47353334864192137,0.840053691181956,0.17140645221345296
autoliker_pro,18.0,569.0,2.0,0.0,30.0,DM me to grow your account fast,1,0.865,0.915,0.215,1.0,85.25,0.806,0.054,0.299,0.0116
alex_travel,32.230951951217754,43.1561508777574,21.926731900132342,12.837023789952005,1678.0093974395493,Traveler | 50+ countries visited,0,0.08408817247938688,0.2637456825535154,0.8355058542309811,16.083109039819984,0.0,0.2000439839701919,0.4474661348321892,0.8674737491032434,0.5595604788536339
1234567890ab,9.0,1840.0,1.0,0.0,21.0,,1,0.692,0.913,0.105,4.0,157.16,0.799,0.0284,0.289,0.0226
autoliker_pro,10.0,1174.0,2.0,0.0,25.0,FREE gift cards click here,1,0.84,0.934,0.159,1.0,132.76,0.927,0.0116,0.086,0.0147
sophia_teaches,35.0,2.0,35.0,10.0,365.0,Entrepreneur | Founder @startup,0,0.013,0.453,0.811,16.0,3.363,0.029,0.2156,0.809,0.2091
chef_marco,8.610239095664124,93.93202230393271,13.928593123801413,9.406587381644435,1968.1769066309607,Wildlife photographer based in Kenya,0,0.08365719346834291,0.3152872389603055,0.7498234629287917,7.995398403090736,5.909455978558719,0.18559717308241672,0.5849151931703769,0.6953605241912002,0.30084774727655555
autoliker_pro,18.0,1776.0,2.0,0.0,39.0,crypto millionaire | teach you how,1,0.93,0.894,0.343,3.0,230.48,0.849,0.0183,0.258,0.0089
1234567890ab,3.0,2608.0,2.0,0.0,42.0,DM me to grow your account fast,1,0.86,0.871,0.173,2.0,268.64,0.771,0.0989,0.294,0.0046
crypto_king_9999,7.099358144007005,918.8188246325841,2.6731553606044547,0.0,0.0,follow for follow back,1,0.7903863041811235,0.9321188809788761,0.28666162281583596,4.052438347202668,80.61632523480353,0.8767942838827106,0.07654199289357652,0.1417492364000566,0.04331153467047122
free_follower_bot,15.0,2342.0,2.0,0.0,6.0,,1,0.731,0.934,0.385,3.0,236.3,0.716,0.0683,0.098,0.0303
user8374629,6.0,2281.0,0.0,0.0,5.0,FREE gift cards click here,1,0.888,0.929,0.273,1.0,143.22,0.751,0.0378,0.005,0.0495
q7w8e9r0t1y2,14.0,2133.0,0.0,0.0,32.0,airdrop $ETH daily,1,0.766,0.892,0.178,2.0,258.0,0.873,0.0796,0.055,0.0202
acc29471838,20.500405650484087,857.6338128018956,4.093798034760552,0.0,16.208015981137144,follow for follow back,1,0.9022245399277515,0.8945107983520348,0.36394728098392304,2.938716902739498,87.11269091081093,0.7399249003066316,0.06276438298237509,0.10109593336156841,0.03352082214977476
creative_dan,250.0,67.0,17.0,1.0,2530.0,mom of 3 | foodie,0,0.136,0.378,0.856,14.0,1.969,0.17,0.5491,0.645,0.1869
airdrop_winner99,14.0,2504.0,1.0,0.0,20.0,,1,0.763,0.924,0.139,3.0,153.31,0.937,0.0975,0.097,0.0017
sarah_smith,44.43969059196138,0.0,11.945457849486894,27.500872867701652,3748.700860178272,Data scientist | ML researcher,0,0.0,0.12068278457586654,0.9909940127272616,14.735435652799685,0.0,0.1838139017563872,0.6879035115372608,0.8162304751487244,0.5803453647040351
bot291847362,8.0,918.0,2.0,0.0,9.0,make money online → bio link,1,0.696,0.985,0.266,1.0,85.33,0.788,0.0732,0.235,0.0131
john_doe,13.0,14.0,5.0,9.0,2174.0,Podcaster | interviewing founders,0,0.149,0.205,0.696,11.0,3.302,0.161,0.543,0.694,0.4559
tom_techie,3742.0,12.0,18.0,8.0,4774.0,Developer | Open source enthusiast,0,0.076,0.2,0.777,16.0,4.678,0.111,0.542,0.603,0.3322
ethan_games,103.0,71.0,5.0,26.0,5000.0,photographer | travel 📷,0,0.093,0.119,0.884,18.0,2.799,0.1,0.314,0.957,0.311
dev_pete,74.0,16.0,18.0,28.0,5000.0,News journalist @NYT,0,0.016,0.316,0.685,18.0,3.496,0.05,0.5852,0.639,0.2787
ava_dances,172.0,6.0,23.0,13.0,3600.0,Wildlife photographer based in Kenya,0,0.02,0.14,0.848,15.0,3.581,0.19,0.6707,0.963,0.5745
bot291847362,14.0,410.0,1.0,0.0,32.0,make money online → bio link,1,0.87,0.889,0.172,3.0,105.84,0.722,0.0316,0.081,0.0393
autoliker_pro,13.0,994.0,2.0,0.0,3.0,FREE gift cards click here,1,0.941,0.872,0.174,3.0,126.42,0.902,0.0938,0.073,0.0497
mia_cooks,3.0,19.0,97.0,2.0,2322.0,Blogger | Lifestyle & wellness,0,0.081,0.54,0.949,17.0,1.152,0.009,0.664,0.679,0.1436
mia_cooks,3.0,31.0,10.0,21.0,660.0,UX designer @Meta,0,0.016,0.547,0.708,9.0,0.152,0.13,0.2692,0.605,0.5343
chris_builds,583.0,9.0,23.0,9.0,5000.0,Dog lover | Hiking | Books,0,0.042,0.496,0.679,11.0,1.43,0.095,0.2689,0.734,0.4084
photo_by_anna,62.0,29.0,1.0,0.0,5000.0,Environmental activist,0,0.079,0.466,0.692,9.0,0.943,0.112,0.6113,0.905,0.3761
autoliker_pro,11.0,669.0,1.0,0.0,18.0,,1,0.774,0.901,0.23,1.0,222.03,0.904,0.0257,0.177,0.0292
photo_by_anna,49.0,10.0,1.0,1.0,1056.0,mom of 3 | foodie,0,0.013,0.466,0.933,12.0,2.417,0.148,0.2683,0.856,0.5117
emma.j,128.0,8.0,27.0,15.0,5000.0,Marketing professional | keynote speaker,0,0.072,0.399,0.662,16.0,3.269,0.111,0.3802,0.791,0.1827
zz_promo_zz,14.0,651.0,2.0,0.0,42.0,♻️ repost to win $1000,1,0.666,0.977,0.152,4.0,96.43,0.723,0.0425,0.266,0.0368
sophia_teaches,222.0,13.0,5.0,3.0,5000.0,Developer | Open source enthusiast,0,0.027,0.132,0.67,15.0,1.9,0.041,0.4947,0.938,0.2243
olivia_draws,91.0,6.0,26.0,9.0,813.0,Marketing professional | keynote speaker,0,0.039,0.178,0.934,18.0,1.08,0.181,0.3335,0.884,0.5723
free_follower_bot,9.0,2988.0,0.0,0.0,36.0,,1,0.675,0.881,0.198,2.0,197.87,0.824,0.0542,0.182,0.038
creative_dan,969.0,137.0,62.0,3.0,487.0,UX designer @Meta,0,0.023,0.353,0.812,13.0,1.295,0.015,0.2293,0.613,0.4017
ava_dances,422.0,6.0,6.0,2.0,1471.0,Freelance illustrator | art prints available,0,0.032,0.161,0.893,16.0,0.377,0.039,0.2161,0.664,0.2507
sarah_smith,47.0,13.0,11.0,1.0,769.0,Yoga instructor | wellness coach,0,0.016,0.34,0.702,18.0,1.174,0.193,0.5256,0.67,0.4983
a8f7d3k9p2,9.0,1514.0,2.0,0.0,3.0,,1,0.679,0.872,0.298,2.0,293.21,0.985,0.0835,0.115,0.0252
9182736450,0.0,2832.6917566323955,0.0,0.0,15.062093808355781,earn while you sleep 💸,1,0.9211832399556809,0.8837434464775994,0.18826764294238282,0.7465731195804943,250.92934056243962,0.8482595446642418,0.01989798745885619,0.06879873954349804,0.045651572351188406
q7w8e9r0t1y2,8.0,2076.0,2.0,0.0,33.0,make money online → bio link,1,0.722,0.979,0.287,3.0,216.53,0.919,0.0229,0.034,0.0389
user8374629,4.0,1323.0,0.0,0.0,27.0,FREE BTC airdrop → link in bio,1,0.678,0.864,0.202,4.0,127.65,0.716,0.0538,0.236,0.0446
acc29471838,17.0,2557.0,2.0,0.0,4.0,,1,0.929,0.938,0.394,1.0,209.25,0.75,0.0312,0.25,0.0275
rachel_reads,420.0,18.0,4.0,20.0,786.0,Medical student | future doctor,0,0.039,0.38,0.988,15.0,2.182,0.079,0.4064,0.73,0.2911
a8f7d3k9p2,28.912425318169483,316.9275382110333,0.0,0.0,0.0,NFT investor | crypto tips,1,0.949549557773223,0.9231876985409984,0.18757213441546433,4.204430948066992,137.33434928115514,0.9719493208132457,0.03371944163577689,0.3089755683517177,0.022543343931122
earn_fast_2024,15.0,677.0,0.0,0.0,11.0,crypto millionaire | teach you how,1,0.662,0.91,0.399,1.0,199.97,0.876,0.0404,0.015,0.0141
bot291847362,6.0,1068.0,2.0,0.0,12.0,,1,0.933,0.947,0.172,4.0,104.84,0.938,0.0903,0.261,0.0148
sophia_teaches,17.0,23.0,1.0,7.0,1544.0,Teacher & lifelong learner,0,0.125,0.326,0.739,8.0,3.995,0.115,0.3465,0.656,0.2749
creative_dan,241.37661900225152,48.29454689309511,10.697639740763279,18.56016910426878,2767.6660139690007,fitness coach 💪 DM for training plans,0,0.0931383327440877,0.16452321684930438,0.8632301204938622,10.879017724760168,6.766636998532693,0.04676988187960463,0.6425831929223629,0.738835615392556,0.2539848223353627
f4f_master_99,12.0,940.0,0.0,0.0,5.0,,1,0.644,0.901,0.248,2.0,119.84,0.737,0.016,0.194,0.0103
q7w8e9r0t1y2,16.0,2921.0,0.0,0.0,33.0,Click link below 💰,1,0.761,0.956,0.195,1.0,135.92,0.845,0.0651,0.135,0.0116
bot_account_7,12.69510936197159,2057.065452939945,0.8088264577031111,0.04137570084940685,0.0,,1,0.8330985785824331,0.926922486168535,0.20212544649908593,1.8754975407147385,65.16404552762448,0.8405553520562242,0.08064231036170058,0.23884299927435135,0.004046121187065207
sarah_smith,239.79616754990784,5.999924004722523,1.3298418508282015,18.320800103169287,2564.4645791305747,Chef | Recipe creator,0,0.07541006081309633,0.28073782447522044,0.7292847941157744,9.308538987535137,8.002960477784004,0.10870738004229735,0.27321001224790875,0.8361620961566706,0.4988571972252196
user8374629,8.0,1297.0,1.0,0.0,12.0,,1,0.806,0.895,0.345,3.0,271.9,0.717,0.0517,0.118,0.0097
photo_by_anna,1.0,58.0,20.0,29.0,679.0,Yoga instructor | wellness coach,0,0.124,0.252,0.815,11.0,2.165,0.032,0.2295,0.952,0.5775
grace_beauty,169.47354471179796,0.0,3.8038890524277127,1.3624653881251274,4818.012677592546,software engineer @ Google,0,0.048476975428528635,0.3750787769873972,0.7855260076355601,7.4523429737408735,2.954996628395696,0.14118248872187322,0.3645472222003714,0.8901073775629261,0.28101721892396714
earn_fast_2024,0.0,1970.8659901680987,3.7253141272255066,0.10101596353430702,0.0,FREE gift cards click here,1,0.7482242299279911,0.9004559840865203,0.10830400995640667,1.6758541686830406,128.82342345622789,0.9824799187175012,0.04756345355442959,0.20300717194571866,0.011461369588775942
mia_cooks,34.0,7.0,7.0,29.0,4231.0,News journalist @NYT,0,0.106,0.215,0.675,10.0,4.32,0.024,0.4877,0.991,0.4916
ava_dances,101.0,30.0,8.0,26.0,709.0,Architect | sustainable design,0,0.112,0.243,0.869,11.0,0.88,0.075,0.2457,0.713,0.5715
mia_cooks,6.0,20.0,4.0,26.0,5000.0,Architect | sustainable design,0,0.075,0.101,0.761,9.0,2.328,0.172,0.6922,0.658,0.5562
code_master,302.0,26.0,10.0,28.0,2429.0,photographer | travel 📷,0,0.04,0.351,0.876,10.0,3.245,0.138,0.2342,0.943,0.4463
paul_runs,50.40681096991197,14.027438606251977,9.61828378205052,18.072629786207212,1652.0604655958964,Traveler | 50+ countries visited,0,0.031043156076908687,0.1469433311832174,0.6605804404632692,11.6887650526731,0.0,0.10969735012713414,0.2946384387624219,0.6816753555128577,0.47913086865571997
zz_promo_zz,1.0,733.0,2.0,0.0,47.0,,1,0.6,0.897,0.159,1.0,84.35,0.845,0.0171,0.193,0.037
code_master,377.0,13.0,34.0,27.0,5000.0,Musician. Coffee addict.,0,0.119,0.357,0.94,14.0,3.769,0.194,0.3297,0.935,0.4793
q7w8e9r0t1y2,10.0,352.0,0.0,0.0,45.0,DM me to grow your account fast,1,0.67,0.947,0.32,3.0,276.08,0.733,0.0846,0.196,0.017
noah_films,21.0,20.0,175.0,11.0,3854.0,Traveler | 50+ countries visited,0,0.142,0.136,0.82,12.0,0.434,0.173,0.597,0.931,0.4135
james_hikes,1.0,114.0,36.0,15.0,966.0,Blogger | Lifestyle & wellness,0,0.054,0.474,0.978,11.0,1.286,0.12,0.562,0.857,0.4649
ava_dances,29.0,11.0,49.0,0.0,365.0,Podcaster | interviewing founders,0,0.017,0.248,0.667,8.0,3.248,0.109,0.2613,0.971,0.1424
ava_dances,883.0,50.0,12.0,26.0,1156.0,fitness coach 💪 DM for training plans,0,0.015,0.364,0.656,8.0,4.677,0.185,0.6564,0.856,0.1792
noah_films,1.0,19.0,47.0,20.0,3719.0,Musician. Coffee addict.,0,0.091,0.252,0.964,10.0,4.248,0.07,0.578,0.946,0.5228
rachel_reads,84.0,9.0,39.0,22.0,4610.0,Gaming streamer | Twitch partner,0,0.017,0.124,0.789,16.0,2.357,0.08,0.3527,0.836,0.2247
get_rich_88,10.0,509.0,1.0,0.0,44.0,airdrop $ETH daily,1,0.659,0.938,0.199,2.0,205.71,0.708,0.027,0.032,0.039
chef_marco,4.0,28.0,3.0,12.0,2409.0,Retired engineer | amateur astronomer,0,0.15,0.496,0.925,12.0,1.504,0.172,0.4448,0.803,0.526
f4f_master_99,18.0,2674.0,1.0,0.0,58.0,NFT investor | crypto tips,1,0.916,0.875,0.286,4.0,179.24,0.765,0.0337,0.278,0.0218
chef_marco,1.0,8.0,109.0,6.0,3779.0,News journalist @NYT,0,0.048,0.166,0.824,17.0,4.642,0.042,0.6481,0.896,0.3907
amy_joy,63.0,6.0,1.0,17.0,1551.0,Dog lover | Hiking | Books,0,0.14,0.523,0.683,14.0,4.292,0.12,0.6192,0.609,0.4404
daniel_f,274.0,8.0,22.0,9.0,3869.0,mom of 3 | foodie,0,0.144,0.166,0.959,14.0,1.066,0.115,0.3378,0.95,0.3613
ethan_games,934.9172773001399,1.5773525464303475,0.0,18.61076059787155,661.393102283994,Chef | Recipe creator,0,0.11849290164850045,0.5139836342474602,0.9853222710348271,11.773484830966177,0.0,0.1633079127255927,0.7048721758994982,0.6112415742344504,0.5377799102869646
airdrop_winner99,17.0,548.0,2.0,0.0,47.0,earn $500/day 👇,1,0.661,0.879,0.259,4.0,68.97,0.717,0.03,0.216,0.0339
q7w8e9r0t1y2,12.0,2828.0,1.0,0.0,49.0,FREE BTC airdrop → link in bio,1,0.879,0.911,0.254,3.0,250.34,0.937,0.0799,0.215,0.0281
grace_beauty,74.28534545841676,22.105975457816136,37.910563320821076,28.57726871686104,656.0035813614236,Yoga instructor | wellness coach,0,0.024417071620703078,0.4256123841273793,0.6604108218957059,12.791759983335679,0.0,0.18992519620033266,0.5909327975062632,0.9088364502877445,0.4536982253605567
zz_promo_zz,5.0,2044.0,1.0,0.0,23.0,NFT investor | crypto tips,1,0.779,0.962,0.223,2.0,107.72,0.844,0.0248,0.038,0.0003
lisa_writes,947.008103193422,45.109795464138685,121.16283170530826,18.26440093925238,411.65771821507394,photographer | travel 📷,0,0.012755756313957266,0.1865590603709963,0.7732940877510864,18.225589092561282,4.890211316735588,0.2112597331005805,0.303143602411731,0.9608577832114839,0.1675879309437543
mia_cooks,42.0,7.0,7.0,6.0,639.0,Environmental activist,0,0.122,0.48,0.946,10.0,2.011,0.055,0.5963,0.781,0.5854
zz_promo_zz,19.0,2894.0,1.0,0.0,33.0,follow for follow back,1,0.845,0.887,0.315,3.0,221.44,0.973,0.045,0.287,0.0363
acc29471838,1.0,2349.0,2.0,0.0,35.0,investment advisor DM me,1,0.699,0.985,0.367,2.0,186.34,0.859,0.0722,0.07,0.0139
john_doe,70.0,36.0,19.0,0.0,422.0,software engineer @ Google,0,0.015,0.401,0.672,14.0,0.155,0.18,0.6354,0.628,0.546
acc29471838,0.0,1138.6624289227177,0.0,0.18935230041777187,143.8258038200665,btc eth airdrop free coins,1,0.8259478636270298,0.96021085429656,0.17803122440713856,1.5755564943779945,117.40965402883124,0.7441876977826519,0.029526943194849296,0.09923240460741937,0.0
lisa_writes,1.0,8.0,42.0,12.0,780.0,UX designer @Meta,0,0.046,0.458,0.82,12.0,2.186,0.076,0.5218,0.683,0.4171
grace_beauty,11.0,16.0,4.0,17.0,5000.0,Dance teacher | choreographer,0,0.092,0.446,0.778,16.0,3.297,0.106,0.6286,0.876,0.3512
free_follower_bot,0.0,2825.0,0.0,0.0,26.0,earn $500/day 👇,1,0.719,0.972,0.131,4.0,212.03,0.96,0.0495,0.029,0.0003
lisa_writes,50.07329432485854,0.0,8.058691735981697,22.45078220490114,3252.6157520843317,Blogger | Lifestyle & wellness,0,0.15586670833043106,0.47841571863534355,0.668500678159124,15.051041852650878,3.6858938833564014,0.01361494800860598,0.385195434915125,0.6227080099144005,0.5866318481728016
q7w8e9r0t1y2,17.0,1189.0,1.0,0.0,32.0,promo available 📩,1,0.829,0.945,0.272,4.0,144.6,0.845,0.0264,0.207,0.0101
lisa_writes,42.96386991489403,0.0,11.400649039561088,14.88059815595227,1300.4708416970107,software engineer @ Google,0,0.12341198311665559,0.5199628546769247,0.9812276415987888,11.051495812465225,8.0968872596948,0.17664100204572744,0.33900469307572095,0.7560406108957283,0.11288760827956662
bot291847362,14.0,2598.0,1.0,0.0,26.0,investment advisor DM me,1,0.886,0.972,0.228,4.0,53.53,0.746,0.032,0.271,0.0014
9182736450,15.0,727.0,1.0,0.0,15.0,official giveaway account,1,0.687,0.983,0.307,3.0,295.35,0.861,0.0365,0.033,0.0315
photo_by_anna,90.0,24.0,5.0,26.0,532.0,Retired engineer | amateur astronomer,0,0.143,0.207,0.888,12.0,0.284,0.082,0.598,0.691,0.5082
earn_fast_2024,3.0,2060.0,1.0,0.0,4.0,follow for follow back,1,0.86,0.89,0.201,3.0,210.7,0.883,0.0703,0.202,0.0369
nina_art,37.0,9.0,56.0,5.0,404.0,fitness coach 💪 DM for training plans,0,0.017,0.497,0.869,11.0,1.011,0.088,0.42,0.735,0.3195
follow_back_101,18.898856738990887,744.9541042717076,0.0,0.0,16.818704523315155,earn $500/day 👇,1,0.6110826584928281,0.8773046385392846,0.21590314946138647,3.216583368530941,156.2572221589586,0.8034847660616337,0.021115557726107535,0.22734253953292266,0.049985360658415405
crypto_king_9999,2.0,1324.0,2.0,0.0,10.0,earn $500/day 👇,1,0.768,0.979,0.108,4.0,192.01,0.724,0.0651,0.224,0.0319
sophia_teaches,60.0,15.0,2.0,9.0,5000.0,Developer | Open source enthusiast,0,0.113,0.144,0.947,18.0,0.914,0.085,0.6422,0.667,0.2781
luke_designs,20.0,22.0,2.0,12.0,365.0,High school teacher | making STEM fun,0,0.096,0.48,0.84,14.0,2.531,0.143,0.3025,0.659,0.5609
autoliker_pro,0.0,1696.203105993753,1.5633012786877079,0.03619258098859787,0.0,DM me to grow your account fast,1,0.6312296033648584,0.9070344395937915,0.2961474475619264,1.0441547170618901,99.89152000564818,0.9586180655262486,0.09074418736442949,0.09492720179800374,0.006243065186934871
xXx_profit_xXx,10.0,578.0,1.0,0.0,6.0,,1,0.853,0.941,0.178,3.0,297.56,0.893,0.0419,0.176,0.0368
lisa_writes,3.0,142.0,6.0,8.0,1894.0,Nurse practitioner | women's health advocate,0,0.044,0.414,0.722,17.0,3.313,0.006,0.4715,0.943,0.1684
a8f7d3k9p2,10.0,1151.0,2.0,0.0,1.0,Click link below 💰,1,0.771,0.861,0.225,1.0,111.94,0.813,0.0504,0.209,0.0063
airdrop_winner99,19.0,1408.0,0.0,0.0,28.0,make money online → bio link,1,0.601,0.956,0.136,2.0,247.26,0.936,0.0307,0.139,0.003
mia_cooks,49.01578349864462,0.0,5.024694237833465,21.788108442192556,285.0871252631964,Freelance illustrator | art prints available,0,0.013388747870097965,0.5257178330859202,0.6764049226918336,14.119232119722328,2.1297152350061443,0.19316459074302617,0.3756530816450761,0.9171449259545544,0.40312198633970103
code_master,3.00132767999426,125.66641412644807,19.179358874109,18.918458275682635,419.55654587775416,fitness coach 💪 DM for training plans,0,0.037780920641084396,0.22879593807053136,0.8205797471416961,9.84475033656664,3.5032008986509395,0.0401842275326393,0.36322427889858855,0.805727317299135,0.2264598585915433
chris_builds,159.0,42.0,18.0,26.0,2669.0,Freelance illustrator | art prints available,0,0.143,0.508,0.659,17.0,0.536,0.044,0.4265,0.978,0.2254
photo_by_anna,70.90147399037176,0.0,5.654671084240607,3.061833211387555,3230.7292976507115,News journalist @NYT,0,0.0976694227288021,0.42150338471947574,0.9858138930959391,12.020548362339735,0.0,0.15591760932060023,0.21111618276279173,0.8006367899832812,0.5414364360596944
alex_travel,4.0,24.0,9.0,8.0,4011.0,Environmental activist,0,0.138,0.435,0.935,11.0,4.802,0.03,0.2433,0.682,0.5864
john_doe,119.0,1.0,59.0,18.0,2516.0,Fashion designer | PR welcome,0,0.123,0.488,0.835,17.0,0.871,0.06,0.2428,0.889,0.3329
f4f_master_99,7.841935062564891,1149.6940495461852,4.971982211583697,0.25411790751288216,0.0,Click link below 💰,1,0.9692934105005523,0.9765993440751413,0.20258321863681716,2.0985175205803843,98.66697065789153,0.977099174243341,0.05073576989158755,0.22068863169118108,0.04313469562985592
code_master,9.35153269852194,0.0,55.26640439479632,3.057375577751093,1730.657448746859,Yoga instructor | wellness coach,0,0.03855386632967292,0.2216532067412318,0.7209618632333751,14.730009392364765,0.0,0.0,0.214172749687293,0.8484311124845703,0.4988783375502067
olivia_draws,0.712439104763348,129.3651653514484,6.428290027627459,16.391608378442594,1413.0532833534678,Data scientist | ML researcher,0,0.03632711826963203,0.41336715856067163,0.7888437927608712,18.201462964511734,7.02137872738828,0.1561384659140006,0.49634715902880644,0.6338548857800478,0.4985357163730855
9182736450,5.0,2439.0,0.0,0.0,44.0,FREE BTC airdrop → link in bio,1,0.832,0.854,0.204,1.0,71.82,0.747,0.0548,0.133,0.0301
sarah_smith,1.0,33.0,110.0,13.0,685.0,photographer | travel 📷,0,0.149,0.486,0.903,17.0,3.647,0.082,0.6826,0.645,0.5007
ben_codes,36.522819722161024,48.582403943130096,7.473074976676427,19.28566421748404,4569.37576821593,Podcaster | interviewing founders,0,0.16484827412153716,0.46222477365450365,0.708788048830464,9.734946484350198,0.0,0.03816049760562059,0.26479827963442104,0.9427220454661936,0.4521403815670579
mia_cooks,9.0,7.0,43.0,5.0,1861.0,UX designer @Meta,0,0.006,0.466,0.748,9.0,1.334,0.12,0.3321,0.798,0.2312
paul_runs,17.0,18.0,5.0,25.0,519.0,photographer | travel 📷,1,0.01,0.478,0.805,12.0,3.9,0.071,0.6254,0.76,0.147
photo_by_anna,33.0,8.0,17.0,17.0,864.0,Medical student | future doctor,0,0.056,0.43,0.86,17.0,2.772,0.056,0.206,0.915,0.4305
daniel_f,487.0,15.0,43.0,21.0,2665.0,Fashion designer | PR welcome,0,0.013,0.468,0.714,10.0,4.688,0.123,0.4599,0.987,0.1299
john_doe,23.0,9.0,4.0,15.0,2406.0,Blogger | Lifestyle & wellness,0,0.105,0.187,0.699,10.0,3.679,0.077,0.5127,0.733,0.1851
crypto_king_9999,9.0,2433.0,0.0,0.0,3.0,FREE gift cards click here,1,0.655,0.954,0.162,1.0,294.03,0.937,0.0848,0.226,0.0101
lisa_writes,294.0,16.0,30.0,22.0,5000.0,News journalist @NYT,0,0.028,0.386,0.816,16.0,1.858,0.027,0.2465,0.606,0.3585
airdrop_winner99,10.0,1478.0,2.0,0.0,50.0,make money online → bio link,1,0.83,0.975,0.113,3.0,222.2,0.928,0.0488,0.051,0.0369
mark_adventure,1.0,5.0,2.0,24.0,639.0,Freelance illustrator | art prints available,0,0.034,0.118,0.806,16.0,2.677,0.104,0.3914,0.873,0.5477
follow_back_101,5.0,993.0,0.0,0.0,46.0,promo available 📩,0,0.936,0.862,0.376,1.0,180.14,0.847,0.0293,0.034,0.0065
ben_codes,4129.0,30.0,30.0,17.0,503.0,Musician. Coffee addict.,0,0.076,0.107,0.752,9.0,3.325,0.041,0.4841,0.779,0.4609
mia_cooks,109.72052830838712,0.0,5.4144275816960175,15.876934987545482,4252.202653118674,Blogger | Lifestyle & wellness,0,0.13876685063714464,0.49228165517097794,0.7905207472407125,12.996576549218618,3.0595359612653272,0.1104671722677298,0.5381179925719412,0.8546077172926733,0.18093009466216534
acc29471838,18.0,884.0,1.0,0.0,42.0,,1,0.626,0.862,0.312,2.0,109.33,0.737,0.064,0.076,0.014
creative_dan,65.78859389420425,47.275663423722676,2.045345910765304,7.7972668792668465,268.56375892928475,Artist | Digital creator,0,0.05791279131066751,0.33240097922810175,0.9232862085353297,16.320410686426122,1.7428247434617876,0.049159922100753255,0.35490838440571487,0.9505682311378387,0.41449786427185337
sarah_smith,135.85220706293393,47.856193525657645,2.226631633678193,0.6796927958774894,899.2501823903293,Wildlife photographer based in Kenya,0,0.1171184977466302,0.20726813992918225,0.6729568952566033,12.898122820770238,4.584709798748253,0.010958840568513675,0.43093167284167133,0.6690380401941104,0.24396694633281
a8f7d3k9p2,9.0,1986.0,0.0,0.0,54.0,FREE gift cards click here,1,0.84,0.887,0.212,2.0,50.6,0.983,0.0891,0.115,0.0391
tom_techie,3.0,20.0,12.0,27.0,365.0,News journalist @NYT,0,0.078,0.44,0.895,8.0,2.208,0.12,0.4367,0.797,0.4331
f4f_master_99,4.160843190671024,2498.2442015343986,2.5907989688373187,0.5496499277702961,28.782957564110568,,1,0.7751755732752571,0.9005512664444962,0.1108197066455963,4.3107252248866725,294.84254398196134,0.9394027453847595,0.06764142418687688,0.013148335476740573,0.04002098390552575
nina_art,277.0,30.0,4.0,25.0,718.0,Artist | Digital creator,0,0.02,0.396,0.871,10.0,4.548,0.187,0.4025,0.812,0.2382
airdrop_winner99,12.0,2089.0,1.0,0.0,20.0,promo available 📩,1,0.882,0.878,0.134,3.0,92.36,0.757,0.0325,0.106,0.0
1234567890ab,11.0,249.0,0.0,0.0,21.0,follow for follow back,1,0.715,0.895,0.193,3.0,232.38,0.925,0.0806,0.294,0.008
a8f7d3k9p2,5.0,812.0,1.0,0.0,22.0,official giveaway account,1,0.632,0.953,0.208,4.0,218.01,0.776,0.0488,0.02,0.0366
insta_boost_247,29.73947331811837,2215.2275904022476,3.021329505070454,0.0,68.04266536774898,DM me to grow your account fast,1,0.6591537370487828,0.9474793792309509,0.2844959099503467,3.8709063713828944,189.78814148968667,0.7232887335153462,0.056487766262233785,0.08145785315996251,0.022324907870038043
lisa_writes,200.0,55.0,21.0,25.0,5000.0,Marketing professional | keynote speaker,0,0.037,0.421,0.981,9.0,4.157,0.08,0.6414,0.654,0.3219
sarah_smith,20.0,16.0,174.0,7.0,365.0,Retired engineer | amateur astronomer,0,0.106,0.394,0.863,18.0,0.322,0.173,0.4617,0.688,0.4166
emma.j,24.0,119.0,1.0,1.0,933.0,Gaming streamer | Twitch partner,0,0.125,0.115,0.664,18.0,2.833,0.127,0.2526,0.8,0.3401
autoliker_pro,18.0,542.0,0.0,0.0,48.0,crypto millionaire | teach you how,1,0.889,0.955,0.134,4.0,156.41,0.845,0.0173,0.229,0.0241
1234567890ab,11.0,2704.0,2.0,0.0,1.0,DM me to grow your account fast,1,0.653,0.98,0.163,3.0,133.76,0.737,0.0941,0.156,0.0213
photo_by_anna,2.0,4.0,1.0,19.0,1514.0,Musician. Coffee addict.,0,0.04,0.45,0.792,12.0,0.111,0.142,0.4528,0.632,0.5355
james_hikes,32.70584633582749,10.726443595792558,7.439347884901089,26.02358790183589,1480.1031804989084,Blogger | Lifestyle & wellness,0,0.03741787822704375,0.4059636970334364,0.8595360456202661,9.116148793938592,1.7168477582070165,0.18920095862622993,0.5128855155776828,1.0013315912531366,0.4562400423923657
follow_back_101,33.97453191881747,2369.3792610807554,2.6928668124758803,0.3393733176026218,0.0,crypto millionaire | teach you how,1,0.681653432096874,0.9241653570419718,0.088432124055414,1.024007923725113,124.53676429415538,0.8221741933496876,0.043652373051341384,0.0393609006215137,0.014507282940487023
lisa_writes,5.0,18.0,44.0,19.0,766.0,Teacher & lifelong learner,0,0.092,0.326,0.855,10.0,2.746,0.089,0.3098,0.916,0.4839
mia_cooks,202.0,37.0,24.0,23.0,3270.0,Dog lover | Hiking | Books,0,0.066,0.214,0.688,16.0,2.545,0.04,0.2178,0.932,0.2372
autoliker_pro,17.0,1291.0,0.0,0.0,25.0,NFT investor | crypto tips,1,0.623,0.943,0.118,2.0,282.93,0.754,0.0318,0.071,0.0262
bot_account_7,1.0,2917.0,1.0,0.0,42.0,earn while you sleep 💸,1,0.686,0.933,0.356,4.0,134.86,0.859,0.0285,0.112,0.0453
alex_travel,25.0,9.0,1.0,24.0,1681.0,Retired engineer | amateur astronomer,0,0.091,0.169,0.687,8.0,3.123,0.007,0.3912,0.667,0.321
mike_2023,17.0,50.0,7.0,3.0,3936.0,Environmental activist,0,0.023,0.541,0.966,10.0,4.819,0.052,0.5636,0.915,0.4173
mia_cooks,3.0,55.0,22.0,7.0,365.0,Artist | Digital creator,0,0.053,0.5,0.976,10.0,4.507,0.089,0.2153,0.905,0.3842
xXx_profit_xXx,18.0,1909.0,1.0,0.0,21.0,,1,0.792,0.913,0.147,3.0,65.73,0.863,0.044,0.217,0.0088
user8374629,10.0,1002.0,1.0,0.0,8.0,,1,0.949,0.939,0.21,3.0,162.03,0.781,0.0509,0.212,0.0151
bot291847362,17.0,2211.0,2.0,0.0,4.0,📈 passive income daily,1,0.73,0.857,0.15,1.0,88.63,0.79,0.0609,0.239,0.0402
get_rich_88,6.0,2864.0,0.0,0.0,58.0,,1,0.855,0.862,0.198,4.0,59.02,0.844,0.0306,0.065,0.0158
q7w8e9r0t1y2,14.0,2949.0,2.0,0.0,32.0,DM me to grow your account fast,1,0.696,0.936,0.397,3.0,288.02,0.845,0.0824,0.027,0.0318
insta_boost_247,5.0,699.0,2.0,0.0,22.0,,1,0.762,0.857,0.126,2.0,194.36,0.751,0.0681,0.289,0.0433
crypto_king_9999,17.0,2745.0,0.0,0.0,34.0,NFT investor | crypto tips,1,0.817,0.969,0.247,1.0,141.21,0.93,0.0664,0.154,0.0258
lisa_writes,28.0,42.0,38.0,17.0,469.0,Traveler | 50+ countries visited,0,0.11,0.245,0.782,18.0,0.105,0.093,0.2971,0.792,0.3857
sarah_smith,0.0,15.282832140649987,4.258434314523326,0.5514482358181904,477.3825027128007,Wildlife photographer based in Kenya,0,0.035211280657468945,0.5191298684658241,0.7732324537033234,8.401640020038277,4.142954634406607,0.09916592344758787,0.32840679911128284,0.6056448288490068,0.5110126688237114
9182736450,17.0,484.0,0.0,0.0,55.0,FREE gift cards click here,1,0.705,0.881,0.12,4.0,196.02,0.834,0.0766,0.005,0.0346
ethan_games,73.0,31.0,2.0,2.0,1620.0,Marketing professional | keynote speaker,0,0.022,0.114,0.792,10.0,0.708,0.064,0.2021,0.9,0.4551
photo_by_anna,36.0,38.0,14.0,23.0,1878.0,Fashion designer | PR welcome,0,0.047,0.26,0.79,12.0,2.614,0.127,0.3568,0.818,0.4918
fit_jessica,31.415426843408,14.406245024968664,13.302683097203127,0.0778598619321238,2168.9552506060045,software engineer @ Google,0,0.05011835959654246,0.4914056300779381,0.7753256957547439,8.872104438545737,8.753798823189813,0.10637279700796297,0.6049574001678422,0.6991238707172576,0.1347538479088785
9182736450,6.469374595251522,1823.4259401749994,0.0,0.0,29.86447588615161,,1,0.7587323603487448,0.8655103119789206,0.23245462197848807,1.0679479713511837,244.71840173991373,0.8841320962110549,0.022668529812664394,0.12177417423811575,0.02039948383383018
ben_codes,280.0,10.0,7.0,6.0,418.0,Blogger | Lifestyle & wellness,0,0.102,0.499,0.909,18.0,0.411,0.19,0.5335,0.833,0.4683
ethan_games,74.0,2.0,21.0,21.0,614.0,Blogger | Lifestyle & wellness,0,0.146,0.203,0.73,17.0,3.021,0.034,0.4075,0.834,0.3004
dev_pete,3.0,7.0,31.0,28.0,365.0,Architect | sustainable design,0,0.02,0.511,0.775,10.0,4.445,0.156,0.3896,0.704,0.5675
chef_marco,84.14662166610167,11.722174128972808,103.90950665273225,24.071492703493135,5149.913201696494,mom of 3 | foodie,0,0.0957031460830024,0.44529997654816555,0.9415509221237601,8.10987634665668,10.289692317497497,0.19379169447783107,0.6527926296862334,0.8253992611309449,0.12435312540598895
mark_adventure,162.0,70.0,25.0,7.0,3241.0,Traveler | 50+ countries visited,0,0.052,0.461,0.749,12.0,4.627,0.099,0.555,0.965,0.3101
lisa_writes,29.0,128.0,21.0,26.0,3608.0,Wildlife photographer based in Kenya,0,0.036,0.107,0.769,18.0,2.732,0.122,0.5702,0.949,0.3062
1234567890ab,0.0,1182.1625723821983,1.57325131667399,0.7081485017453503,9.161037219990849,investment advisor DM me,1,0.6560559691786776,0.9414152211552876,0.24572310109712325,1.699233691794711,277.8111106370994,0.9519567409973217,0.09308713476921684,0.25886571725533586,0.010851959402289604
amy_joy,5.0,44.0,23.0,8.0,5000.0,photographer | travel 📷,0,0.008,0.116,0.791,15.0,0.442,0.197,0.4092,0.665,0.3581
xXx_profit_xXx,6.0,1751.0,0.0,0.0,15.0,DM me to grow your account fast,1,0.636,0.856,0.218,1.0,248.94,0.857,0.0881,0.185,0.0205
ava_dances,20.0,18.0,164.0,17.0,5000.0,Traveler | 50+ countries visited,0,0.035,0.518,0.946,12.0,0.551,0.009,0.3916,0.944,0.3522
sarah_smith,1.0,9.0,1.0,29.0,681.0,High school teacher | making STEM fun,0,0.042,0.354,0.69,13.0,0.761,0.125,0.4668,0.608,0.1994
bot_account_7,9.0,2191.0,1.0,0.0,7.0,,1,0.767,0.965,0.162,3.0,130.37,0.959,0.032,0.277,0.0496
real_human_01234,6.0,566.0,0.0,0.0,41.0,official giveaway account,1,0.765,0.874,0.17,2.0,54.57,0.719,0.0246,0.044,0.0328
follow_back_101,2.0,1223.0,0.0,0.0,21.0,,1,0.695,0.911,0.246,3.0,146.75,0.989,0.02,0.063,0.0436
lisa_writes,317.32095857132606,0.0,6.579567694645997,11.708547708355855,4995.3965733986115,Podcaster | interviewing founders,0,0.07176360821675712,0.4152960812828362,0.8837566170535861,8.676646916010386,9.175117780782463,0.1593249578471353,0.26641616747718255,0.8138189582783577,0.43147089021278345
get_rich_88,0.0,422.67095688564103,0.0,0.0,0.0,Click link below 💰,1,0.9045959807859963,0.9605490811105664,0.11426143068409055,4.890200632807898,253.38846536607596,0.9335947448477577,0.06393946713595411,0.21980940413600378,0.057216059324271214
dev_pete,283.0,5.0,8.0,3.0,3015.0,Entrepreneur | Founder @startup,0,0.128,0.195,0.79,15.0,2.433,0.098,0.493,0.924,0.3736
earn_fast_2024,8.0,1594.0,2.0,0.0,8.0,📈 passive income daily,1,0.853,0.988,0.218,3.0,55.64,0.734,0.0506,0.132,0.0103
amy_joy,123.0,18.0,18.0,10.0,796.0,photographer | travel 📷,0,0.077,0.197,0.94,8.0,0.444,0.083,0.2234,0.932,0.4982
noah_films,11.0,58.0,2.0,25.0,4693.0,UX designer @Meta,0,0.07,0.107,0.805,8.0,3.745,0.069,0.2073,0.975,0.5003
luke_designs,179.0,11.0,129.0,25.0,1089.0,fitness coach 💪 DM for training plans,0,0.09,0.454,0.827,17.0,2.858,0.08,0.3535,0.767,0.4617
chef_marco,33.0,17.0,72.0,2.0,545.0,Fashion designer | PR welcome,0,0.078,0.389,0.921,14.0,4.217,0.024,0.2106,0.706,0.4384
follow_back_101,1.0706567509401257,411.58657689533027,0.071123880342556,0.628108444891117,0.0,FREE gift cards click here,1,0.6382719749619334,0.8971440249607554,0.30055294273234257,2.587699898290902,216.79252100043723,1.012070007987858,0.039974389908772986,0.1231526470077069,0.01572135000109227
chris_builds,13.0,4.0,26.0,24.0,1543.0,photographer | travel 📷,1,0.013,0.124,0.675,16.0,1.174,0.191,0.4039,0.673,0.2643
follow_back_101,0.0,2023.6365640401336,0.0,1.02377480279292,4.944164845426187,,1,0.8985089351982727,0.95412699341872,0.3132703520029591,3.0547669626854397,108.90939817576698,0.884610093078948,0.0656830077129991,0.23376702557605236,0.023367193621809664
emma.j,1.0,25.0,13.0,3.0,573.0,software engineer @ Google,0,0.062,0.127,0.725,17.0,4.705,0.054,0.377,0.667,0.5404
luke_designs,11.0,12.0,3.0,23.0,1062.0,Blogger | Lifestyle & wellness,0,0.148,0.24,0.883,16.0,1.413,0.024,0.6496,0.849,0.4114
mark_adventure,27.952899333437312,27.158725545213287,44.5508040992699,20.940894987234817,2458.2103736892636,Retired engineer | amateur astronomer,0,0.04381949858860647,0.19693876495709223,0.74340165891666,9.439507334051623,9.320978517596968,0.05647466646457934,0.3780755317585426,0.795309514656454,0.4665100374449934
sarah_smith,1.0,43.0,2.0,15.0,365.0,Architect | sustainable design,0,0.07,0.275,0.787,10.0,4.461,0.137,0.6886,0.781,0.2802
airdrop_winner99,48.23047718951129,2172.396778607672,0.0,0.010005897384213145,150.5074614203132,make money online → bio link,1,0.8076279403678288,0.8800241652546804,0.19460590599586947,0.5831737650540825,222.18694872780986,0.7385320058811821,0.019306288642719358,0.044871769057622836,0.005920839303969409
follow_back_101,13.0,1531.0,0.0,0.0,28.0,Click link below 💰,1,0.815,0.921,0.103,3.0,225.35,0.958,0.0102,0.246,0.0063
ben_codes,124.0,26.0,3.0,4.0,1145.0,Nurse practitioner | women's health advocate,0,0.064,0.479,0.92,8.0,2.19,0.123,0.6677,0.839,0.4087
free_follower_bot,16.0,2940.0,0.0,0.0,55.0,♻️ repost to win $1000,1,0.71,0.864,0.301,2.0,131.99,0.865,0.0917,0.235,0.0304
code_master,6.0,44.0,8.0,14.0,429.0,Data scientist | ML researcher,0,0.019,0.444,0.654,16.0,0.284,0.152,0.6367,0.92,0.2665
mark_adventure,54.0,52.0,56.0,14.0,2658.0,High school teacher | making STEM fun,0,0.014,0.267,0.962,17.0,3.284,0.187,0.4413,0.985,0.3533
ben_codes,95.0,37.0,19.0,14.0,816.0,Data scientist | ML researcher,0,0.127,0.222,0.777,9.0,3.499,0.067,0.2233,0.829,0.2953
alex_travel,3.0,14.0,81.0,1.0,1963.0,Wildlife photographer based in Kenya,0,0.082,0.235,0.739,12.0,4.698,0.032,0.232,0.653,0.1661
free_follower_bot,11.0,2730.0,1.0,0.0,33.0,NFT investor | crypto tips,1,0.904,0.879,0.311,2.0,249.65,0.935,0.074,0.16,0.0335
daniel_f,44.0,19.0,29.0,20.0,365.0,software engineer @ Google,0,0.122,0.216,0.841,13.0,1.229,0.043,0.6852,0.892,0.5432
ava_dances,0.0,105.14833175834359,9.822879307544033,27.605643962118062,2287.6140686640047,Chef | Recipe creator,0,0.10173017310101178,0.19018811618698148,0.6741081461477049,8.704088303487614,3.627050083011763,0.032517331244548794,0.33896936002337985,0.6166882299212296,0.45528533740641847
zz_promo_zz,31.56892363365529,612.1176421573779,1.1649078812206057,0.1954040072937399,0.0,earn $500/day 👇,1,0.7752904312376921,0.8592848095896007,0.25283577143849356,3.685207192410863,303.37806541738075,0.7123035421566724,0.08295292380958336,0.1842051517542756,0.005215829487900425
crypto_king_9999,15.0,806.0,1.0,0.0,13.0,promo available 📩,1,0.91,0.896,0.18,3.0,239.19,0.8,0.0376,0.121,0.0417
creative_dan,2.0,13.0,7.0,28.0,1333.0,Marketing professional | keynote speaker,0,0.093,0.348,0.942,17.0,3.703,0.146,0.3361,0.854,0.572
olivia_draws,33.0,32.0,18.0,23.0,1467.0,Environmental activist,0,0.01,0.433,0.838,9.0,3.61,0.1,0.2013,0.737,0.272
emma.j,34.0,19.0,23.0,10.0,1791.0,High school teacher | making STEM fun,0,0.098,0.254,0.724,9.0,0.511,0.058,0.5172,0.735,0.2109
chris_builds,66.0,87.0,110.0,24.0,1119.0,Freelance illustrator | art prints available,0,0.02,0.493,0.813,9.0,0.391,0.123,0.6539,0.893,0.5609
1234567890ab,10.0,2336.0,0.0,0.0,54.0,crypto millionaire | teach you how,1,0.711,0.907,0.163,2.0,126.46,0.788,0.0116,0.295,0.0269
lisa_writes,132.0,22.0,12.0,7.0,365.0,Podcaster | interviewing founders,0,0.016,0.234,0.732,10.0,3.963,0.056,0.2581,0.676,0.1762
bot291847362,37.040805703244004,233.92504361196936,0.0,0.0539692805657973,168.65538326812236,Click link below 💰,1,0.7367535124250053,0.9542731023187202,0.2809996082685385,2.0222334704164973,153.97485040002596,0.8926494729964213,0.07108363847708694,0.10688947934216353,0.024865961513112954
rachel_reads,6.934437647138228,0.0,19.61450498458547,2.995557752893916,1167.2927831788008,UX designer @Meta,0,0.07526585812854197,0.2422801676970474,0.9067740358869493,17.764407448587303,7.783501088317122,0.13830170584809426,0.4168000891435518,0.9786829897829324,0.22252962575208124
real_human_01234,14.0,1821.0,1.0,0.0,37.0,♻️ repost to win $1000,1,0.767,0.968,0.201,2.0,125.7,0.981,0.0889,0.117,0.0173
amy_joy,93.55927790453366,38.041729544425436,109.93821170414812,29.4361460081531,331.9179038464373,Retired engineer | amateur astronomer,0,0.08034353575645783,0.27040132445338616,0.766461648716983,11.079206763405587,1.5311826008446245,0.07888397376775363,0.27044837533710936,0.774191145142296,0.4576278455819106
rachel_reads,16.0,8.0,82.0,29.0,5000.0,News journalist @NYT,0,0.006,0.304,0.755,14.0,2.404,0.01,0.2262,0.934,0.5518
creative_dan,131.0,14.0,1.0,18.0,5000.0,Nurse practitioner | women's health advocate,0,0.083,0.47,0.781,12.0,1.512,0.004,0.4967,0.947,0.4677
fit_jessica,17.0,47.0,16.0,7.0,365.0,UX designer @Meta,0,0.141,0.262,0.894,12.0,2.194,0.151,0.6613,0.868,0.4706
q7w8e9r0t1y2,0.0,1931.5421515411256,1.9488970370962093,0.0,79.90001634862128,airdrop $ETH daily,1,0.639805533160391,0.9390024318857038,0.13350805819581554,2.980382952684506,149.34259026969553,0.6980536970546249,0.08843417858663395,0.30066795539786606,0.021149139657623026
q7w8e9r0t1y2,17.0,1587.0,1.0,0.0,36.0,DM me to grow your account fast,1,0.756,0.899,0.108,2.0,243.95,0.777,0.0571,0.191,0.0004
nina_art,139.0,25.0,72.0,8.0,5000.0,Entrepreneur | Founder @startup,0,0.075,0.547,0.902,18.0,1.945,0.133,0.6587,0.859,0.5374
autoliker_pro,6.0,1102.0,2.0,0.0,50.0,NFT investor | crypto tips,1,0.637,0.914,0.252,2.0,110.3,0.876,0.0824,0.09,0.0484
free_follower_bot,14.0,491.0,2.0,0.0,28.0,airdrop $ETH daily,1,0.606,0.892,0.104,1.0,77.85,0.707,0.0807,0.144,0.0057
sophia_teaches,42.73319014586173,114.47162772685142,8.96325989334568,8.173589827313151,692.3997194634937,fitness coach 💪 DM for training plans,0,0.12460848729335294,0.1467002703508654,0.9958795001149059,9.100319721021672,0.005756495262935202,0.14210594837368523,0.5886786637866458,0.6330835698562077,0.09029669786277937
paul_runs,325.521546573948,126.55798684662666,49.94398426130358,16.43430987519815,114.89328553945325,Traveler | 50+ countries visited,0,0.028427311436833285,0.24794184451540863,0.8995095176586656,13.964022308300242,0.0,0.0813811837344092,0.6295250936273952,0.6955545266736696,0.38892458297324917
free_follower_bot,17.0,2364.0,2.0,0.0,28.0,FREE gift cards click here,1,0.629,0.858,0.174,2.0,270.49,0.825,0.0663,0.298,0.0284
james_hikes,1.0,16.0,45.0,16.0,1116.0,News journalist @NYT,0,0.122,0.295,0.953,8.0,1.764,0.16,0.2733,0.795,0.3464
nina_art,17.03083043710459,63.30531250718888,14.441105962390047,17.013415694177148,631.7318235836284,Nurse practitioner | women's health advocate,0,0.08441823194234527,0.17652018603412428,0.8973651330167991,18.73659118983973,6.04176268481444,0.15786946248396433,0.3622650498892612,0.930423889994548,0.23386624558811206
fit_jessica,190.0,8.0,6.0,29.0,2909.0,Retired engineer | amateur astronomer,0,0.055,0.197,0.773,13.0,3.918,0.118,0.3271,0.964,0.208
daniel_f,86.0,70.0,11.0,0.0,1261.0,Blogger | Lifestyle & wellness,0,0.142,0.302,0.729,14.0,2.271,0.104,0.302,0.749,0.2943
zz_promo_zz,14.0,1731.0,2.0,0.0,28.0,crypto millionaire | teach you how,1,0.693,0.961,0.37,2.0,287.58,0.889,0.0772,0.135,0.0228
paul_runs,46.0,86.0,12.0,21.0,1545.0,News journalist @NYT,0,0.029,0.414,0.685,14.0,2.586,0.015,0.3604,0.9,0.5693
acc29471838,8.0,2784.0,1.0,0.0,35.0,📈 passive income daily,1,0.802,0.954,0.27,1.0,69.77,0.855,0.0809,0.07,0.0436
mark_adventure,1098.0,36.0,19.0,7.0,1015.0,Architect | sustainable design,0,0.074,0.43,0.772,17.0,3.718,0.05,0.2383,0.731,0.5044
follow_back_101,2.0,964.0,2.0,0.0,46.0,NFT investor | crypto tips,1,0.779,0.86,0.391,4.0,231.65,0.956,0.0718,0.207,0.0268
luke_designs,0.0,0.0,8.243237956500934,20.304691759522523,1029.7628434676503,Dog lover | Hiking | Books,0,0.15085134947898746,0.45582226072879445,0.9265015960730988,9.124372560210423,12.265428076249751,0.04954221176878686,0.5075459790304222,0.9159366977048587,0.2888264893741465
sarah_smith,4801.0,8.0,16.0,10.0,4472.0,Chef | Recipe creator,0,0.033,0.427,0.676,11.0,3.208,0.191,0.3498,0.606,0.5855
free_follower_bot,9.0,1163.0,0.0,0.0,34.0,,1,0.703,0.934,0.242,2.0,241.71,0.759,0.0728,0.067,0.0013
real_human_01234,43.756560237839246,1049.648945845319,0.0,0.0334035576061168,61.40938856880735,earn while you sleep 💸,1,0.6511323822137165,0.8866933706604753,0.30727798534300227,3.172962386747214,251.1115705218826,0.7592849634211836,0.093146277147216,0.24378098971469603,0.02268366704977789
lisa_writes,425.07022964511054,24.40981436812791,17.163346763609812,22.42269026842027,1443.675716913218,Wildlife photographer based in Kenya,0,0.05488278580398555,0.370693052863216,0.8735725995286023,9.418767978003112,6.05495547767255,0.14616104975155425,0.45494414806068667,0.842286027412999,0.15543829190693215
ava_dances,374.0,10.0,20.0,19.0,5000.0,Medical student | future doctor,0,0.033,0.18,0.706,10.0,2.696,0.125,0.2304,0.7,0.3885
bot291847362,18.0,1366.0,1.0,0.0,54.0,FREE BTC airdrop → link in bio,1,0.754,0.904,0.362,2.0,238.83,0.821,0.0474,0.159,0.0039
nina_art,72.0,18.0,3.0,26.0,3402.0,Teacher & lifelong learner,0,0.056,0.302,0.884,10.0,3.808,0.1,0.5975,0.828,0.3751
grace_beauty,39.0,82.0,17.0,11.0,2565.0,Dance teacher | choreographer,0,0.099,0.204,0.893,9.0,1.715,0.067,0.3153,0.806,0.4466
sophia_teaches,1041.16463426675,43.41570192276493,50.17720074085155,28.03388916308573,3906.515613039605,Data scientist | ML researcher,0,0.020224798821105214,0.28575267296256357,0.9086834831059319,17.226307462470313,0.0,0.17052204620607297,0.3542749113331805,0.9700593896035343,0.38109881015280067
fit_jessica,100.0,34.0,18.0,13.0,2083.0,fitness coach 💪 DM for training plans,0,0.035,0.386,0.813,17.0,3.624,0.01,0.5441,0.894,0.4399
follow_back_101,7.0,862.0,2.0,0.0,21.0,NFT investor | crypto tips,0,0.808,0.928,0.332,3.0,154.73,0.952,0.0208,0.19,0.0244
dev_pete,222.0,18.0,2.0,18.0,1369.0,Yoga instructor | wellness coach,0,0.136,0.48,0.977,10.0,3.252,0.163,0.4453,0.702,0.3977
real_human_01234,16.0,2634.0,1.0,0.0,5.0,DM me to grow your account fast,1,0.933,0.892,0.34,3.0,219.42,0.917,0.0953,0.254,0.0107
mark_adventure,8.0,15.0,3.0,24.0,2228.0,Dance teacher | choreographer,0,0.013,0.338,0.771,18.0,2.667,0.193,0.6205,0.877,0.35
tom_techie,208.0,18.0,23.0,7.0,2962.0,Podcaster | interviewing founders,0,0.112,0.435,0.798,8.0,2.847,0.136,0.2026,0.636,0.2952
1234567890ab,15.0,2064.0,0.0,0.0,48.0,investment advisor DM me,1,0.682,0.967,0.269,1.0,272.31,0.968,0.0448,0.043,0.0123
creative_dan,17.0,11.0,6.0,5.0,5000.0,Architect | sustainable design,0,0.006,0.47,0.777,9.0,3.71,0.099,0.3458,0.934,0.1167
luke_designs,1.0,4.0,39.0,21.0,983.0,photographer | travel 📷,0,0.138,0.536,0.961,8.0,0.531,0.004,0.3443,0.672,0.5687
paul_runs,35.0,7.0,8.0,19.0,1452.0,Nurse practitioner | women's health advocate,0,0.147,0.279,0.746,15.0,0.825,0.1,0.5627,0.691,0.4259
olivia_draws,16.809063868975308,48.599655989585436,2.2178375099134047,11.357050235085994,459.02590208473,Gaming streamer | Twitch partner,0,0.1554294162841049,0.24047429564497041,0.7871795768315484,14.854672720276128,3.5156745938812115,0.12027614612092649,0.45244455412601225,0.7348431393985848,0.33653907481518336
luke_designs,271.3059703745144,0.0,6.034885423889227,26.409418566776836,2196.2650671513316,fitness coach 💪 DM for training plans,0,0.011343021036390743,0.5070101995179634,0.7407709345580522,15.77080927288235,0.0,0.01691842998780415,0.5670573990152198,0.7830122545531675,0.1347352623848896
get_rich_88,52.175069732679965,1746.6709799861376,4.807921949279254,0.0,0.0,FREE gift cards click here,1,0.7260163418442782,0.995471270306027,0.3229951931629452,3.5825450139121835,67.14682355365969,0.7295514832906245,0.08992147207208118,0.08612437296763843,0.032156746427808074
bot_account_7,4.0,728.0,0.0,0.0,10.0,,1,0.612,0.972,0.377,4.0,217.96,0.828,0.0125,0.072,0.0092
lisa_writes,3.0,41.0,5.0,6.0,5000.0,High school teacher | making STEM fun,0,0.114,0.501,0.711,13.0,1.991,0.199,0.5217,0.987,0.5395
mike_2023,980.0,25.0,1.0,14.0,3419.0,software engineer @ Google,0,0.088,0.153,0.93,12.0,0.142,0.016,0.6976,0.968,0.3871
sarah_smith,8.0,91.0,29.0,19.0,2749.0,Marketing professional | keynote speaker,0,0.125,0.159,0.662,18.0,2.541,0.037,0.5558,0.937,0.3735
ethan_games,8.632948571022313,18.836334443803143,137.99247837840525,1.3512888441632902,1367.7485174747217,software engineer @ Google,0,0.12442316523971905,0.28888068979452386,0.7827684896321668,18.151701319638573,0.0,0.11387232242920857,0.5559852815256322,0.6562209565503991,0.4907256264422332
rachel_reads,71.0,15.0,22.0,29.0,5000.0,software engineer @ Google,0,0.128,0.348,0.836,9.0,1.244,0.098,0.373,0.959,0.3448
luke_designs,3009.0,14.0,4.0,11.0,1605.0,News journalist @NYT,0,0.127,0.46,0.923,11.0,2.477,0.074,0.6746,0.811,0.5245
luke_designs,55.0,61.0,19.0,22.0,5000.0,Teacher & lifelong learner,0,0.059,0.294,0.673,8.0,2.875,0.165,0.2391,0.808,0.3545
ben_codes,324.0,15.0,85.0,15.0,792.0,photographer | travel 📷,0,0.064,0.505,0.85,17.0,2.188,0.103,0.3919,0.913,0.4123
photo_by_anna,297.0,10.0,12.0,26.0,2234.0,Architect | sustainable design,0,0.084,0.444,0.875,17.0,2.737,0.146,0.2913,0.768,0.5506
olivia_draws,14.708779930932174,0.0,8.801091745252526,9.317990340270153,4817.938173581504,mom of 3 | foodie,0,0.1192663471887749,0.368471921587345,0.819231594210478,7.193332552011372,1.0830569719018621,0.09022781232575662,0.24786252271687925,0.7159970857502665,0.21262554267930198
mark_adventure,21.0,12.0,22.0,16.0,1207.0,Yoga instructor | wellness coach,0,0.004,0.134,0.97,17.0,1.719,0.122,0.6222,0.835,0.3109
luke_designs,73.0,6.0,24.0,28.0,1121.0,Developer | Open source enthusiast,0,0.033,0.475,0.896,11.0,0.724,0.027,0.2042,0.717,0.3327
tom_techie,15.0,43.0,62.0,14.0,2137.0,Data scientist | ML researcher,0,0.105,0.429,0.914,9.0,0.714,0.032,0.6298,0.651,0.3647
lisa_writes,0.0,16.49835039332362,53.12546232372728,15.614854610183825,961.027850174855,Yoga instructor | wellness coach,0,0.1047458983669192,0.16060327729058746,0.7381447485570158,11.517223680510952,7.767183892757535,0.11502117667285525,0.5089874051184609,0.9889327127065476,0.2268794796672719
sophia_teaches,14.0,22.0,8.0,8.0,430.0,Traveler | 50+ countries visited,0,0.052,0.46,0.744,8.0,4.268,0.165,0.468,0.783,0.2303
f4f_master_99,3.0,1872.0,0.0,0.0,58.0,promo available 📩,1,0.737,0.938,0.217,4.0,77.56,0.861,0.0165,0.258,0.0348
olivia_draws,2087.0,19.0,34.0,22.0,3627.0,High school teacher | making STEM fun,0,0.115,0.448,0.887,9.0,3.388,0.042,0.4788,0.814,0.1274
airdrop_winner99,0.0,2368.998619649879,2.3192095958893635,0.6211592835647815,18.453125727328334,earn while you sleep 💸,1,0.5948629339090449,0.8649233174717385,0.3308864162578579,2.2716821997744385,172.08409529457933,0.9005337794901896,0.10509367670743755,0.20463874351782355,0.011931817828764414
sarah_smith,338.0,11.0,178.0,13.0,4971.0,News journalist @NYT,0,0.102,0.114,0.748,15.0,4.218,0.042,0.2145,0.689,0.4482
9182736450,15.0,1972.0,0.0,0.0,33.0,earn $500/day 👇,1,0.857,0.88,0.28,3.0,140.54,0.811,0.0219,0.092,0.0127
amy_joy,10.0,8.0,14.0,29.0,5000.0,Artist | Digital creator,0,0.004,0.136,0.935,17.0,2.489,0.189,0.219,0.729,0.1102
earn_fast_2024,11.0,2165.0,1.0,0.0,21.0,DM me to grow your account fast,1,0.687,0.884,0.271,1.0,227.54,0.868,0.0712,0.057,0.036
follow_back_101,15.0,2731.0,2.0,0.0,27.0,FREE gift cards click here,1,0.925,0.981,0.2,2.0,165.68,0.817,0.0994,0.179,0.0446
crypto_king_9999,3.4438806259069095,2844.126718363769,0.0,0.0,30.472382896990432,,1,0.7241004373101448,0.9147527380869533,0.2261209831579446,1.0085407367242296,277.76413843767364,0.9201652046147129,0.09748130622294231,0.17777730391011093,0.008828209609534902
tom_techie,180.64493241525736,71.19974936418271,17.724251140716888,19.387021163630074,2906.5396828097787,fitness coach 💪 DM for training plans,0,0.10203993731501695,0.31756439348146565,0.6591708165017967,10.462867078894925,5.377228866100254,0.07219765377010237,0.18792133135971784,0.825312039848837,0.5370079276251274
lisa_writes,15.0,13.0,6.0,1.0,2194.0,Dog lover | Hiking | Books,0,0.147,0.488,0.671,11.0,2.679,0.167,0.497,0.911,0.4162
noah_films,14.0,17.0,12.0,11.0,1422.0,Marketing professional | keynote speaker,0,0.084,0.134,0.833,9.0,2.721,0.025,0.2484,0.64,0.2524
acc29471838,15.0,2859.0,2.0,0.0,27.0,make money online → bio link,1,0.856,0.927,0.128,3.0,135.48,0.933,0.0944,0.116,0.0079
ben_codes,14.0,12.0,2.0,10.0,3739.0,fitness coach 💪 DM for training plans,0,0.028,0.257,0.731,14.0,0.678,0.05,0.4852,0.72,0.4173
code_master,59.0,4.0,2.0,25.0,5000.0,Gaming streamer | Twitch partner,0,0.054,0.125,0.729,12.0,4.357,0.022,0.4066,0.926,0.5279
code_master,14.0,56.0,10.0,2.0,1975.0,Retired engineer | amateur astronomer,0,0.103,0.549,0.935,14.0,3.422,0.197,0.5506,0.955,0.5083
creative_dan,93.0,27.0,36.0,22.0,5000.0,Chef | Recipe creator,0,0.031,0.203,0.945,10.0,2.388,0.029,0.4913,0.71,0.552
zz_promo_zz,3.0,2022.0,0.0,0.0,16.0,,1,0.682,0.965,0.138,2.0,271.34,0.785,0.0467,0.107,0.0021
1234567890ab,18.0,1736.0,2.0,0.0,2.0,,1,0.706,0.929,0.369,4.0,53.62,0.98,0.0863,0.23,0.0059
get_rich_88,5.0,1118.0,2.0,0.0,42.0,official giveaway account,1,0.639,0.941,0.28,3.0,89.47,0.896,0.097,0.117,0.0288
rachel_reads,22.333180836842203,55.46281817775149,11.759495317192359,21.3920971225671,695.9897673059818,Freelance illustrator | art prints available,0,0.07924900934494315,0.11711369402307183,0.9216259495883555,7.752174956809168,4.270788351281914,0.1804680585809211,0.354367307767611,0.7505373036949817,0.17735707370734363
mia_cooks,1.0,16.0,12.0,1.0,2653.0,Chef | Recipe creator,0,0.138,0.124,0.821,17.0,1.97,0.011,0.5751,0.928,0.1857
nina_art,30.0,36.0,32.0,20.0,1738.0,Chef | Recipe creator,0,0.118,0.491,0.677,13.0,3.558,0.013,0.5579,0.703,0.3322
insta_boost_247,9.0,2884.0,1.0,0.0,22.0,,1,0.846,0.932,0.322,4.0,70.87,0.707,0.0732,0.299,0.0471
dev_pete,6.0,14.0,17.0,22.0,1008.0,High school teacher | making STEM fun,0,0.139,0.509,0.973,9.0,4.817,0.087,0.5415,0.771,0.1556
mia_cooks,177.0,12.0,28.0,16.0,2548.0,Developer | Open source enthusiast,0,0.027,0.358,0.915,15.0,2.415,0.167,0.3437,0.811,0.5655
zz_promo_zz,2.0,533.0,2.0,0.0,54.0,,1,0.697,0.884,0.113,3.0,114.09,0.731,0.0693,0.288,0.0149
daniel_f,88.0,3.0,9.0,1.0,3351.0,Nurse practitioner | women's health advocate,0,0.099,0.449,0.737,11.0,1.208,0.164,0.2537,0.765,0.2571
ethan_games,18.0,2.0,22.0,21.0,2772.0,Teacher & lifelong learner,0,0.018,0.289,0.7,17.0,0.422,0.172,0.672,0.765,0.2887
9182736450,15.0,1165.0,2.0,0.0,38.0,crypto signals ✅ 99% win rate,1,0.9,0.913,0.368,1.0,162.32,0.903,0.0546,0.297,0.0488
sarah_smith,6.0,73.0,55.0,18.0,1569.0,Blogger | Lifestyle & wellness,0,0.108,0.525,0.893,8.0,3.116,0.083,0.3644,0.891,0.3489
dev_pete,102.0,28.0,170.0,2.0,1083.0,photographer | travel 📷,0,0.015,0.236,0.968,17.0,3.008,0.103,0.2522,0.995,0.1783
get_rich_88,9.0,718.0,0.0,0.0,16.0,NFT investor | crypto tips,1,0.878,0.974,0.351,3.0,70.88,0.928,0.0926,0.274,0.0251
ava_dances,19.899352810615436,0.0,1.8098045689359967,21.333925391024284,2315.3832702266764,Wildlife photographer based in Kenya,0,0.1253652434880841,0.41217231526466086,0.8537740167641255,18.537014678639444,0.0,0.05884306541290793,0.2932701669635669,0.930263186060187,0.3838985166669033
real_human_01234,28.008653643380583,2243.7147850258193,0.0,0.0,98.06899574549465,official giveaway account,1,0.6599827739306552,0.9540507271511453,0.2674149535316638,3.3820839428092833,225.65207094889655,0.7363567273329868,0.04751700320181802,0.09204405577699508,0.02994520905970225
chris_builds,7.0,16.0,8.0,4.0,3191.0,software engineer @ Google,0,0.084,0.326,0.803,10.0,0.799,0.032,0.618,0.673,0.4461
get_rich_88,14.0,576.0,2.0,0.0,37.0,NFT investor | crypto tips,1,0.909,0.92,0.266,3.0,139.74,0.791,0.032,0.156,0.0268
1234567890ab,17.0,2188.0,0.0,0.0,11.0,FREE gift cards click here,1,0.707,0.98,0.252,1.0,284.43,0.973,0.0254,0.261,0.0467
a8f7d3k9p2,4.1066443494623055,211.6273257342953,0.0,0.0,45.783627714146824,airdrop $ETH daily,1,0.9298387187552819,0.871587134868436,0.24401409643615887,3.90945922485322,232.35514121678267,0.978561407675458,0.044343407247435546,0.0,0.03540966191662246
emma.j,28.0,14.0,49.0,23.0,3104.0,Wildlife photographer based in Kenya,0,0.035,0.221,0.788,11.0,4.595,0.108,0.6373,0.705,0.1482
get_rich_88,4.0,1520.0,0.0,0.0,19.0,♻️ repost to win $1000,1,0.806,0.872,0.243,4.0,163.81,0.889,0.095,0.298,0.0151
sarah_smith,3.0,5.0,16.0,11.0,5000.0,Gaming streamer | Twitch partner,0,0.066,0.411,0.748,16.0,3.935,0.092,0.2746,0.891,0.5569
q7w8e9r0t1y2,18.0,2957.0,0.0,0.0,58.0,investment advisor DM me,1,0.61,0.873,0.142,1.0,108.26,0.733,0.0696,0.125,0.044
rachel_reads,0.0,0.0,34.57538726375372,14.849185384102285,2294.772338231825,Wildlife photographer based in Kenya,0,0.012031387945278074,0.2602908750791619,0.8211187096876604,7.712520967608423,0.0,0.135384119078588,0.48287951715471966,0.9051205656869841,0.5304909585044129
tom_techie,14.0,31.0,2.0,2.0,2987.0,Blogger | Lifestyle & wellness,1,0.025,0.234,0.956,18.0,2.07,0.086,0.6701,0.734,0.4489
q7w8e9r0t1y2,3.7493558926570745,663.8980625254214,1.998640243589959,0.4240005703349852,126.23451193835712,FREE BTC airdrop → link in bio,1,0.8266557978534296,0.8781949918315569,0.241641167594436,1.3294543736596354,140.61974152986522,0.7434782751491664,0.05070367071846786,0.02315902220914568,0.03777153314113968
nina_art,5.0,14.0,6.0,16.0,425.0,Retired engineer | amateur astronomer,0,0.1,0.314,0.805,9.0,1.194,0.04,0.6286,0.953,0.1962
ava_dances,79.91673756271364,71.22212516864178,3.626012695820557,24.72206063552197,4938.778232137123,UX designer @Meta,1,0.14117995019691806,0.1482065862255132,0.8331351259422438,10.650892133591437,0.0,0.11784852906899151,0.46392922976844825,0.7600526651628061,0.3571455915789698
photo_by_anna,6.0,10.0,91.0,27.0,1422.0,Data scientist | ML researcher,0,0.134,0.415,0.927,9.0,1.793,0.168,0.3518,0.781,0.2486
free_follower_bot,14.0,664.0,1.0,0.0,28.0,FREE gift cards click here,1,0.937,0.978,0.229,1.0,161.0,0.71,0.0113,0.167,0.0384
rachel_reads,17.0,15.0,217.0,29.0,5000.0,Developer | Open source enthusiast,0,0.148,0.122,0.766,10.0,4.655,0.079,0.3996,0.906,0.3008
autoliker_pro,14.0,2298.0,0.0,0.0,18.0,airdrop $ETH daily,1,0.626,0.937,0.362,2.0,120.65,0.716,0.0933,0.174,0.0338
zz_promo_zz,0.0,1567.4591855626102,0.0,0.49443998147050533,47.87280475997426,,1,0.8420139690247687,0.868354366289525,0.11813717743381359,4.015939152020956,95.24760032884113,0.7512627719895977,0.07273853538119736,0.047565231049199665,0.0
noah_films,679.0,12.0,6.0,5.0,844.0,Dance teacher | choreographer,0,0.013,0.211,0.674,13.0,4.282,0.134,0.3886,0.767,0.3847
bot_account_7,0.0,727.7891993883514,1.4989611029765229,0.0,0.0,earn $500/day 👇,1,0.7749673591728895,0.964382843882258,0.27176608913876527,1.1451546396954935,239.46424981798876,0.9074897088303094,0.052128956859564764,0.042356952646100746,0.0403963797047134
ethan_games,84.0,5.0,1.0,18.0,1689.0,Chef | Recipe creator,0,0.002,0.357,0.981,16.0,1.062,0.19,0.5645,0.63,0.5713
xXx_profit_xXx,1.0,2140.0,1.0,0.0,8.0,airdrop $ETH daily,1,0.699,0.865,0.141,4.0,214.6,0.777,0.037,0.21,0.0113
1234567890ab,11.0,337.0,1.0,0.0,3.0,,1,0.729,0.984,0.327,2.0,168.13,0.98,0.0549,0.177,0.0219
ava_dances,1.0,22.0,4.0,1.0,910.0,Dog lover | Hiking | Books,0,0.019,0.469,0.837,15.0,1.411,0.143,0.3647,0.82,0.2586
get_rich_88,1.0,959.0,0.0,0.0,19.0,♻️ repost to win $1000,1,0.698,0.972,0.27,1.0,137.4,0.938,0.0206,0.053,0.0364
paul_runs,12.0,39.0,10.0,19.0,1863.0,News journalist @NYT,0,0.038,0.472,0.96,16.0,3.652,0.016,0.3496,0.978,0.4546
olivia_draws,6.0,23.0,11.0,1.0,5000.0,Traveler | 50+ countries visited,0,0.073,0.295,0.937,18.0,3.844,0.148,0.4061,0.632,0.2353
get_rich_88,30.886317005145898,2785.7216105140974,0.0,0.3396851912713759,54.388749584485694,official giveaway account,1,0.7664360094972903,0.8695464631547806,0.22247207225377363,2.2979954015127166,64.18362762793545,0.7109583802484144,0.0,0.11509860504564737,0.004393432297214107
chef_marco,128.0,13.0,17.0,8.0,1808.0,Musician. Coffee addict.,0,0.006,0.504,0.851,10.0,3.875,0.061,0.3015,0.601,0.2006
chris_builds,5.0,13.0,56.0,3.0,5000.0,Yoga instructor | wellness coach,0,0.072,0.186,0.871,18.0,0.896,0.136,0.3976,0.617,0.484
real_human_01234,12.0,388.0,1.0,0.0,29.0,,1,0.799,0.934,0.118,1.0,128.53,0.867,0.0527,0.257,0.0031
ben_codes,800.0,6.0,12.0,28.0,5000.0,Data scientist | ML researcher,0,0.076,0.286,0.717,15.0,4.214,0.094,0.2689,0.964,0.2165
fit_jessica,1.0,29.0,26.0,12.0,3094.0,UX designer @Meta,0,0.103,0.421,0.796,8.0,1.495,0.068,0.6975,0.68,0.5137
dev_pete,80.0,2.0,5.0,3.0,5000.0,High school teacher | making STEM fun,0,0.101,0.457,0.981,15.0,0.902,0.163,0.2101,0.957,0.5239
tom_techie,124.0,18.0,25.0,7.0,365.0,Artist | Digital creator,0,0.021,0.186,0.851,10.0,3.958,0.175,0.5429,0.693,0.2056
mia_cooks,5.0,57.0,5.0,5.0,5000.0,UX designer @Meta,0,0.12,0.434,0.949,10.0,3.958,0.155,0.6328,0.689,0.5975
zz_promo_zz,8.0,1115.0,2.0,0.0,16.0,FREE BTC airdrop → link in bio,1,0.67,0.91,0.212,4.0,181.14,0.769,0.0648,0.196,0.0397
nina_art,16.0,88.0,14.0,25.0,4481.0,Marketing professional | keynote speaker,0,0.138,0.453,0.743,13.0,2.192,0.112,0.4393,0.999,0.3689
code_master,0.0,0.0,71.23559553934663,22.862778237123308,724.0131284190302,Nurse practitioner | women's health advocate,0,0.0,0.14664683194469338,0.9380884442242569,18.70368043928094,11.692862912737338,0.0,0.23769081785516222,0.7406379854556415,0.4700670039208521
follow_back_101,0.0,2584.1583211573484,0.0,0.0,88.69314826089835,,1,0.8784240154111645,0.9614781083884445,0.37664559129389086,4.225981066344487,293.8075976987312,0.8166910143263805,0.019138260713453252,0.10559545029166197,0.040011187879448476
bot291847362,11.0,510.0,2.0,0.0,48.0,📈 passive income daily,1,0.61,0.893,0.323,2.0,266.17,0.849,0.0943,0.183,0.0485
autoliker_pro,0.0,656.0,1.0,0.0,52.0,♻️ repost to win $1000,1,0.625,0.929,0.187,3.0,160.08,0.747,0.0234,0.2,0.0424
amy_joy,394.0,2.0,10.0,10.0,1188.0,software engineer @ Google,0,0.058,0.145,0.951,9.0,1.248,0.068,0.5547,0.691,0.2413
9182736450,0.1580787762577205,1744.7249237684234,0.3541067990643277,0.18911062884178098,205.18998207234955,♻️ repost to win $1000,1,0.8092133149173578,0.9870940957284223,0.3087150519877789,3.1307018859740112,254.02821019638424,0.7844297823457789,0.07998261605507921,0.2630462507380847,0.022736899312229747
airdrop_winner99,2.0,2035.0,2.0,0.0,20.0,promo available 📩,1,0.632,0.918,0.318,4.0,101.61,0.942,0.0455,0.046,0.0258
real_human_01234,15.0,1787.0,0.0,0.0,32.0,make money online → bio link,1,0.607,0.899,0.325,3.0,294.61,0.791,0.0277,0.152,0.0325
sarah_smith,10.0,1.0,19.0,2.0,558.0,Marketing professional | keynote speaker,0,0.068,0.476,0.865,18.0,0.615,0.031,0.5528,0.613,0.1691
paul_runs,1.0,6.0,92.0,24.0,3272.0,fitness coach 💪 DM for training plans,0,0.109,0.406,0.8,11.0,3.786,0.01,0.2102,0.68,0.1612
acc29471838,14.0,2243.0,0.0,0.0,42.0,FREE gift cards click here,1,0.625,0.924,0.213,4.0,69.73,0.938,0.0346,0.167,0.0008
ava_dances,14.0,142.0,7.0,15.0,1000.0,Entrepreneur | Founder @startup,0,0.044,0.444,0.88,8.0,2.35,0.058,0.2173,0.88,0.5053
1234567890ab,6.0,2542.0,1.0,0.0,42.0,,1,0.704,0.857,0.395,4.0,184.27,0.947,0.0598,0.291,0.0163
mia_cooks,68.0,12.0,8.0,29.0,1076.0,Blogger | Lifestyle & wellness,0,0.145,0.288,0.661,18.0,2.167,0.184,0.3337,0.837,0.5262
mark_adventure,18.0,34.0,3.0,10.0,2457.0,Medical student | future doctor,0,0.062,0.449,0.806,18.0,2.552,0.086,0.611,0.947,0.3748
emma.j,34.0,46.0,18.0,11.0,1651.0,Blogger | Lifestyle & wellness,1,0.103,0.136,0.949,15.0,2.368,0.038,0.5898,0.822,0.392
alex_travel,285.0,4.0,54.0,29.0,1469.0,Wildlife photographer based in Kenya,0,0.068,0.442,0.93,11.0,1.439,0.093,0.6687,0.763,0.4501
grace_beauty,197.0,5.0,2.0,19.0,2535.0,Fashion designer | PR welcome,0,0.078,0.378,0.651,8.0,4.522,0.039,0.2439,0.973,0.2424
bot_account_7,10.767424212818646,2196.2821180516144,0.0,0.028222186767077176,77.30348943065613,📈 passive income daily,1,0.901202043460824,0.968013693437822,0.33751634308523515,3.176550400601244,164.96473682589584,0.9029271572755879,0.06148839916625343,0.023177145847746692,0.01124352374831707
autoliker_pro,17.0,725.0,2.0,0.0,47.0,📈 passive income daily,1,0.691,0.941,0.146,2.0,91.93,0.782,0.0389,0.145,0.0389
f4f_master_99,18.0,1600.0,0.0,0.0,15.0,make money online → bio link,1,0.625,0.984,0.355,3.0,264.21,0.721,0.0754,0.274,0.029
fit_jessica,43.770934885519225,0.0,20.982202172200196,21.553559217763965,436.10602199166794,Freelance illustrator | art prints available,0,0.11510028946232952,0.1327481227284203,0.9299881744548975,13.495882177387061,2.8664337946352116,0.18091342853655393,0.24902876975728422,0.9240299360369548,0.3558384124015241
fit_jessica,112.0,11.0,8.0,28.0,2021.0,Medical student | future doctor,0,0.005,0.284,0.726,10.0,0.26,0.048,0.5143,0.899,0.2941
grace_beauty,0.0,38.040838253465665,48.363811632429815,26.50376500251608,662.119453694963,Blogger | Lifestyle & wellness,0,0.08693229834763089,0.2983393776783703,0.674174897760418,10.097903344828218,0.0,0.13731588628284985,0.5083693576074808,0.9648234101013049,0.47880273785792987
ava_dances,12.0,24.0,25.0,14.0,3569.0,Developer | Open source enthusiast,0,0.067,0.482,0.976,12.0,2.323,0.066,0.2312,0.942,0.3197
rachel_reads,61.61574677844968,29.050608668610263,110.88176096123661,13.983333658041339,621.2223447004983,Freelance illustrator | art prints available,0,0.07787294387719942,0.5243345788248538,0.7124822209451528,14.441396927161989,0.0,0.019024006292826568,0.4054980043594125,0.9588981411756092,0.22520645548026225
luke_designs,95.0,25.0,35.0,26.0,5000.0,Dance teacher | choreographer,0,0.014,0.263,0.69,10.0,1.845,0.183,0.2623,0.978,0.428
acc29471838,8.0,1511.0,0.0,0.0,58.0,,1,0.842,0.955,0.268,2.0,85.22,0.903,0.0852,0.129,0.0076
ben_codes,9.0,49.0,81.0,5.0,1513.0,Environmental activist,0,0.093,0.524,0.752,8.0,3.944,0.098,0.4326,0.892,0.4487
ava_dances,49.0,50.0,3.0,22.0,928.0,photographer | travel 📷,0,0.134,0.374,0.788,9.0,1.512,0.082,0.4052,0.715,0.4889
q7w8e9r0t1y2,5.0,805.0,1.0,0.0,7.0,crypto signals ✅ 99% win rate,0,0.72,0.87,0.311,4.0,238.98,0.947,0.0735,0.116,0.008
ava_dances,19.0,4.0,13.0,18.0,1025.0,Marketing professional | keynote speaker,0,0.082,0.12,0.934,11.0,4.457,0.133,0.634,0.916,0.5574
emma.j,0.0,23.609908735758637,10.851555230861933,10.453183120059965,405.3972682464367,photographer | travel 📷,0,0.012286153228040015,0.25059748783796154,0.6799535451758157,14.689902545522962,4.434852149812417,0.09230657338284148,0.40957539463978887,0.9785913340672534,0.4123221417419662
noah_films,179.7801156753299,0.0,138.73145846671915,12.400479619371733,5065.87437907964,Data scientist | ML researcher,0,0.09889677415553716,0.33679268069812274,0.8518734339119212,15.507176295607962,7.128978558762192,0.11172576067895322,0.24877329185948638,0.9954372633689652,0.31200341378035273
real_human_01234,0.0,2823.394897027141,0.6651514596214958,0.43604835145397663,117.40845734432725,DM me to grow your account fast,1,0.8355560019864349,0.8757735021503137,0.2368270854854264,1.0230509724746224,269.967236068744,0.9544856438768139,0.0,0.15938338568236773,0.014770781309691087
bot291847362,19.0,2096.0,1.0,0.0,47.0,,1,0.65,0.917,0.239,2.0,126.07,0.916,0.0418,0.207,0.0498
insta_boost_247,4.0,1352.0,0.0,0.0,20.0,official giveaway account,1,0.927,0.948,0.109,2.0,260.02,0.771,0.0682,0.028,0.0474
real_human_01234,14.0,290.0,0.0,0.0,32.0,📈 passive income daily,1,0.64,0.876,0.133,4.0,123.6,0.768,0.0732,0.018,0.0195
creative_dan,67.54510094078029,51.32672275004857,5.7473258768957916,27.269634833410972,2459.6567768637615,High school teacher | making STEM fun,0,0.0,0.4654172157684559,0.7581876440893802,16.984691333068547,0.0,0.009219013735325576,0.5603361907523335,0.6130540654826653,0.5793724076585036
tom_techie,118.0,3.0,72.0,8.0,1393.0,Architect | sustainable design,0,0.093,0.184,0.75,8.0,2.083,0.105,0.6372,0.96,0.5397
emma.j,101.35425832503712,101.03516134703591,0.3120686180033907,1.5492863954501055,1797.5720967354775,mom of 3 | foodie,0,0.12060002600584475,0.36002597201919545,0.868234038100469,7.876740363695681,0.6944847853997786,0.0844664792930888,0.2952624383449477,0.9858203593031375,0.3795022188273867
bot291847362,8.0,1644.0,1.0,0.0,49.0,Click link below 💰,1,0.861,0.927,0.303,2.0,289.62,0.761,0.0132,0.286,0.0404
ethan_games,13.859693851028897,5.0893766839603085,23.204416280583686,8.38537560061611,1393.8865955249917,High school teacher | making STEM fun,0,0.07394768740554433,0.37109505744798893,0.7057308492032867,7.806265063880854,6.8640689387501315,0.12021269957045326,0.30244626042209716,0.8613929144176844,0.14018474666798328
rachel_reads,7.0,43.0,11.0,7.0,5000.0,Architect | sustainable design,0,0.127,0.231,0.699,11.0,0.227,0.054,0.6384,0.829,0.1732
9182736450,18.0,916.0,2.0,0.0,37.0,crypto millionaire | teach you how,1,0.746,0.938,0.271,1.0,110.56,0.989,0.047,0.016,0.0365
lisa_writes,660.0,14.0,18.0,23.0,1731.0,Data scientist | ML researcher,0,0.052,0.1,0.873,8.0,3.856,0.164,0.3492,0.91,0.3669
crypto_king_9999,9.123691593020052,2190.0104384423494,0.0,0.0,49.90308693327163,airdrop $ETH daily,1,0.6282703523469007,0.9562161045397434,0.21068235976668154,4.3490661843833855,222.97231370072265,0.7905355409088752,0.09765493220412018,0.015873860621611936,0.011604982672673394
rachel_reads,103.0,31.0,9.0,1.0,1453.0,Blogger | Lifestyle & wellness,0,0.057,0.524,0.754,17.0,2.824,0.009,0.5516,0.709,0.548
xXx_profit_xXx,8.0,529.0,2.0,0.0,37.0,Click link below 💰,1,0.698,0.861,0.206,3.0,275.25,0.741,0.0718,0.053,0.0103
paul_runs,4433.0,28.0,211.0,0.0,4311.0,Developer | Open source enthusiast,0,0.004,0.452,0.936,9.0,1.379,0.173,0.6324,0.787,0.1916
insta_boost_247,0.0,2311.903082736512,2.5167141686108816,1.2128510856073225,0.0,NFT investor | crypto tips,1,0.813620295729598,0.8625272323479942,0.23594428686192181,1.8866394013052157,197.4141819865926,0.8278477950898472,0.06764415570558582,0.20496488271983795,0.012683386797871118
sarah_smith,8.73387941547719,18.686344717008186,153.08281996817774,1.751856603362473,4829.472420800417,photographer | travel 📷,0,0.1313927988468893,0.17693805297928744,0.8045630893461776,9.557390728640515,2.063591767583813,0.12207002753171986,0.4939298057502587,0.8704913081298113,0.5233437296349167
ethan_games,84.0,27.0,12.0,5.0,4669.0,fitness coach 💪 DM for training plans,1,0.045,0.292,0.883,15.0,2.077,0.195,0.2499,0.714,0.3063
fit_jessica,3.0,28.0,8.0,7.0,2182.0,UX designer @Meta,0,0.058,0.254,0.765,10.0,0.364,0.032,0.3651,0.603,0.1021
nina_art,17.0,20.0,13.0,26.0,966.0,Medical student | future doctor,0,0.064,0.224,0.914,10.0,2.2,0.121,0.6839,0.749,0.2997
chef_marco,67.0,14.0,112.0,21.0,1985.0,software engineer @ Google,0,0.074,0.441,0.932,14.0,1.749,0.199,0.5926,0.771,0.4728
earn_fast_2024,13.0,610.0,2.0,0.0,58.0,make money online → bio link,1,0.707,0.891,0.165,2.0,268.69,0.963,0.0388,0.065,0.0463
daniel_f,17.0,38.0,259.0,14.0,697.0,Architect | sustainable design,0,0.04,0.477,0.87,18.0,2.663,0.182,0.4997,0.982,0.5624
xXx_profit_xXx,7.0,2191.0,1.0,0.0,41.0,promo available 📩,1,0.841,0.922,0.322,4.0,232.8,0.88,0.0781,0.005,0.013
acc29471838,14.0,1809.0,1.0,0.0,36.0,follow for follow back,1,0.787,0.975,0.288,3.0,256.3,0.965,0.063,0.102,0.0496
crypto_king_9999,5.638347315010375,2877.4157441275606,0.0,0.0,0.0,airdrop $ETH daily,1,0.6272987889404896,0.881004315510539,0.24646960373510599,1.0809201885531496,199.59182500977732,0.8156510013611956,0.030047071595058907,0.17822968138036976,0.009709000167609732
user8374629,7.0,982.0,0.0,0.0,49.0,,1,0.72,0.906,0.259,1.0,110.06,0.968,0.0121,0.031,0.0087
bot_account_7,15.0,1837.0,1.0,0.0,48.0,,1,0.879,0.917,0.124,3.0,116.99,0.875,0.0547,0.209,0.0054
airdrop_winner99,19.0,541.0,0.0,0.0,2.0,♻️ repost to win $1000,1,0.802,0.939,0.141,3.0,223.55,0.801,0.0301,0.227,0.0446
ben_codes,415.0,19.0,7.0,3.0,1548.0,High school teacher | making STEM fun,1,0.138,0.419,0.94,16.0,2.546,0.017,0.6395,0.638,0.4886
mark_adventure,42.0,47.0,1.0,26.0,1675.0,software engineer @ Google,0,0.079,0.286,0.8,8.0,2.981,0.189,0.4025,0.616,0.5808
james_hikes,2.0,16.0,5.0,26.0,4033.0,Chef | Recipe creator,0,0.007,0.549,0.784,17.0,2.719,0.01,0.3691,0.957,0.4129
paul_runs,3.0,3.0,15.0,7.0,1104.0,Dance teacher | choreographer,0,0.001,0.132,0.759,16.0,3.63,0.037,0.4958,0.861,0.2309
ben_codes,64.0,15.0,29.0,6.0,1857.0,Chef | Recipe creator,0,0.076,0.151,0.914,8.0,3.243,0.112,0.4586,0.841,0.2203
tom_techie,11.0,28.0,8.0,17.0,2895.0,fitness coach 💪 DM for training plans,0,0.146,0.448,0.978,9.0,0.431,0.116,0.5969,0.878,0.2549
daniel_f,7.0,2.0,20.0,19.0,5000.0,Musician. Coffee addict.,0,0.142,0.432,0.734,16.0,3.707,0.153,0.4239,0.629,0.1161
xXx_profit_xXx,13.0,2101.0,1.0,0.0,45.0,,1,0.617,0.951,0.312,3.0,52.13,0.962,0.0394,0.134,0.0054
earn_fast_2024,15.0,2981.0,0.0,0.0,38.0,airdrop $ETH daily,1,0.664,0.904,0.343,1.0,120.03,0.749,0.0962,0.083,0.0277
mark_adventure,63.80997862891999,0.0,9.92045455654962,0.3977159574861993,2820.9463065468253,High school teacher | making STEM fun,0,0.1187682176617689,0.17745209028421552,0.6309110651321015,14.722178652071854,0.0,0.07259249281750954,0.2712398435324855,0.6048731016764163,0.564759066203354
get_rich_88,7.0,1019.0,1.0,0.0,45.0,official giveaway account,1,0.666,0.931,0.139,1.0,259.03,0.729,0.0855,0.287,0.0024
olivia_draws,33.0,13.0,9.0,8.0,5000.0,photographer | travel 📷,0,0.11,0.527,0.817,11.0,4.107,0.122,0.2625,0.743,0.3944
acc29471838,6.0,1292.0,1.0,0.0,16.0,Click link below 💰,1,0.714,0.897,0.163,1.0,72.55,0.911,0.0149,0.034,0.0471
code_master,10.0,38.0,6.0,18.0,1739.0,Environmental activist,0,0.115,0.445,0.989,14.0,2.403,0.016,0.5628,0.958,0.1363
alex_travel,60.0,19.0,59.0,26.0,365.0,Blogger | Lifestyle & wellness,0,0.126,0.262,0.73,17.0,3.591,0.153,0.6253,0.694,0.1078
mike_2023,2.0,26.0,3.0,26.0,1641.0,Fashion designer | PR welcome,0,0.002,0.154,0.672,18.0,2.103,0.119,0.4592,0.876,0.3742
code_master,121.0,35.0,12.0,19.0,3633.0,Developer | Open source enthusiast,0,0.057,0.234,0.824,16.0,2.691,0.063,0.3198,0.65,0.2954
sophia_teaches,47.0,23.0,21.0,12.0,441.0,Data scientist | ML researcher,0,0.089,0.454,0.658,15.0,1.18,0.068,0.2035,0.931,0.1418
insta_boost_247,2.0,1373.0,2.0,0.0,43.0,♻️ repost to win $1000,1,0.747,0.95,0.118,4.0,297.27,0.969,0.0907,0.109,0.0157
alex_travel,81.0,12.0,78.0,3.0,365.0,Freelance illustrator | art prints available,0,0.051,0.301,0.908,17.0,1.196,0.009,0.6645,0.853,0.3323
sophia_teaches,541.0,17.0,3.0,9.0,5000.0,Freelance illustrator | art prints available,0,0.139,0.277,0.787,13.0,2.354,0.034,0.4171,0.748,0.1628
ava_dances,47.127374645123155,60.20284248807416,4.056218309111491,24.940352197091556,4946.966805112709,Gaming streamer | Twitch partner,0,0.14045538876180946,0.36958105394839,0.9481081517135851,10.26716564952784,2.8438017922352277,0.05641536704887881,0.6284196058000264,0.7497760606965642,0.5404458094741609
ben_codes,591.0,28.0,8.0,9.0,2218.0,photographer | travel 📷,0,0.083,0.536,0.72,15.0,2.105,0.018,0.2191,0.819,0.589
photo_by_anna,5.0,5.0,1.0,6.0,365.0,High school teacher | making STEM fun,0,0.114,0.459,0.853,9.0,0.483,0.148,0.3225,0.896,0.4135
user8374629,8.937486109536806,687.0086764164561,2.616252265675871,0.0,123.85104871760589,DM me to grow your account fast,1,0.7825623223477868,0.8958912959441303,0.12001411880695718,2.4838562531631143,105.74138483421208,0.7267214409204775,0.042638976844896356,0.28684621664105364,0.052582047270413546
insta_boost_247,9.0,2521.0,2.0,0.0,46.0,earn $500/day 👇,1,0.802,0.866,0.22,3.0,76.95,0.946,0.0877,0.275,0.0414
user8374629,9.0,2835.0,1.0,0.0,25.0,,1,0.696,0.954,0.273,3.0,117.48,0.741,0.0325,0.052,0.0397
autoliker_pro,26.27182761285561,339.2683358776068,2.0691173755951153,0.512172843921674,50.52000373926962,make money online → bio link,1,0.6573434713086505,0.91021556019782,0.1993135729289164,3.2271236032276507,188.53853716715096,0.753009915217827,0.026619914095331227,0.015747869790984574,0.059352307346269256
daniel_f,182.0,10.0,11.0,20.0,2049.0,fitness coach 💪 DM for training plans,0,0.113,0.352,0.804,10.0,1.765,0.015,0.382,0.691,0.4633
earn_fast_2024,14.0,1032.0,2.0,0.0,32.0,FREE BTC airdrop → link in bio,1,0.607,0.976,0.248,1.0,124.74,0.9,0.0891,0.188,0.018
mia_cooks,418.3203858139261,43.07411932092282,4.110035882465211,0.0,641.7866552788164,Marketing professional | keynote speaker,0,0.052514471819357506,0.5593986603254344,0.7210641253508272,16.376784812846505,6.0025774529712885,0.16094121623505947,0.5402806753606472,0.8239892441519165,0.41466226495343705
chef_marco,72.02355377210469,0.0,45.630244871760446,0.2089568903962429,1399.0337694997902,Data scientist | ML researcher,0,0.002080171581024708,0.17657624534210803,0.9557454319251494,12.741979397147123,4.9140052514473265,0.08662733928323582,0.6412409412526603,0.7460283882576099,0.5457411453995844
amy_joy,3.0,35.0,42.0,24.0,1140.0,Medical student | future doctor,0,0.092,0.504,0.953,9.0,1.999,0.154,0.2174,0.878,0.4028
zz_promo_zz,4.0,1504.0,1.0,0.0,15.0,,1,0.755,0.869,0.248,1.0,64.79,0.863,0.0728,0.274,0.0488
real_human_01234,16.0,690.0,2.0,0.0,10.0,investment advisor DM me,1,0.92,0.876,0.277,3.0,142.68,0.91,0.0681,0.122,0.04
q7w8e9r0t1y2,0.0,480.4276128078452,1.5913403590687776,0.0,0.0,,1,0.7115568631322585,0.8827931935223666,0.2592983547027579,3.9569803866172384,208.50322759896375,0.9857464036296868,0.08161699271841787,0.07364631255317465,0.0
luke_designs,513.0,18.0,59.0,22.0,1845.0,fitness coach 💪 DM for training plans,0,0.115,0.279,0.675,14.0,2.03,0.018,0.5615,0.69,0.5122
f4f_master_99,10.0,250.0,0.0,0.0,36.0,crypto millionaire | teach you how,1,0.88,0.912,0.193,1.0,248.06,0.833,0.0556,0.211,0.0069
acc29471838,14.0,244.0,1.0,0.0,45.0,follow for follow back,1,0.91,0.971,0.113,1.0,65.84,0.709,0.0131,0.22,0.0193
photo_by_anna,44.0,17.0,45.0,19.0,1023.0,photographer | travel 📷,0,0.084,0.193,0.729,18.0,2.779,0.167,0.3631,0.665,0.3411
mike_2023,0.0,10.355147009301534,3.984080842239014,0.44481172645236733,3868.2323763713175,Entrepreneur | Founder @startup,0,0.12354726356375907,0.4274298295936126,0.8931045549140656,17.20176848595861,10.00953806467492,0.1913365536934631,0.5659675766669803,0.7882298490095128,0.1389093679045039
ben_codes,119.85530391254305,51.10290745472308,7.003627189198124,21.71153518249207,4391.6536005031085,Teacher & lifelong learner,0,0.10037065056960466,0.5015486488848265,0.9508314422794145,16.593712909339533,14.52857854765778,0.1928567533321814,0.4908828552512625,0.8868958732646771,0.1183233871518514
earn_fast_2024,10.0,630.0,1.0,0.0,38.0,make money online → bio link,1,0.896,0.98,0.256,3.0,99.46,0.948,0.0906,0.277,0.0352
ava_dances,2.0,25.0,4.0,5.0,4777.0,Environmental activist,0,0.127,0.395,0.699,8.0,3.294,0.188,0.416,0.8,0.4571
ethan_games,3.0,20.0,62.0,2.0,5000.0,Fashion designer | PR welcome,0,0.126,0.298,0.982,16.0,4.898,0.03,0.2702,0.974,0.2565
code_master,3.0,32.0,13.0,24.0,5000.0,Entrepreneur | Founder @startup,0,0.101,0.181,0.728,18.0,3.534,0.039,0.3537,0.784,0.1874
chef_marco,236.0,45.0,12.0,26.0,365.0,Gaming streamer | Twitch partner,0,0.018,0.246,0.707,9.0,2.308,0.013,0.5654,0.673,0.2121
1234567890ab,2.0,2326.0,2.0,0.0,4.0,NFT investor | crypto tips,1,0.942,0.9,0.303,4.0,51.97,0.929,0.0784,0.058,0.0229
luke_designs,42.0,22.0,5.0,5.0,3362.0,Medical student | future doctor,0,0.053,0.436,0.86,13.0,1.916,0.05,0.4432,0.678,0.2658
paul_runs,50.0,27.0,35.0,2.0,2334.0,fitness coach 💪 DM for training plans,0,0.052,0.298,0.701,18.0,4.43,0.096,0.5408,0.799,0.2506
mike_2023,195.0,24.0,21.0,29.0,894.0,software engineer @ Google,0,0.062,0.155,0.765,14.0,2.921,0.17,0.5399,0.656,0.3158
f4f_master_99,5.0,1704.0,1.0,0.0,22.0,DM me to grow your account fast,1,0.855,0.988,0.361,3.0,148.34,0.99,0.0833,0.178,0.0141
nina_art,13.0,8.0,12.0,25.0,1917.0,Artist | Digital creator,0,0.01,0.499,0.795,9.0,3.658,0.039,0.3431,0.964,0.3075
9182736450,3.0,1152.0,2.0,0.0,54.0,official giveaway account,1,0.915,0.888,0.259,1.0,151.4,0.95,0.0258,0.211,0.0193
daniel_f,30.0,34.0,2.0,4.0,1429.0,News journalist @NYT,0,0.01,0.543,0.942,13.0,0.693,0.089,0.3079,0.604,0.5165
crypto_king_9999,1.0,838.0,1.0,0.0,50.0,,1,0.9,0.968,0.154,1.0,244.23,0.747,0.0491,0.264,0.0197
user8374629,24.89330371403031,2126.7920536201996,2.1459735882807456,0.0,47.79613839522372,NFT investor | crypto tips,1,0.7249955769754961,0.9156746413168251,0.33537677301315816,1.018369999576818,216.8067346851615,0.8874082220689915,0.07545530900760844,0.17870104747221258,0.0034959127611456247
paul_runs,205.0,13.0,3.0,12.0,5000.0,Environmental activist,0,0.021,0.385,0.882,16.0,0.608,0.174,0.6859,0.754,0.34
mike_2023,4.0,15.0,5.0,24.0,2080.0,UX designer @Meta,0,0.078,0.523,0.909,18.0,4.357,0.155,0.324,0.996,0.1916
airdrop_winner99,1.0,2987.0,1.0,0.0,28.0,,1,0.652,0.978,0.17,4.0,96.7,0.891,0.0294,0.211,0.0067
noah_films,4.0,36.0,23.0,9.0,1543.0,Data scientist | ML researcher,0,0.075,0.104,0.728,13.0,2.016,0.191,0.3297,0.993,0.2016
bot_account_7,19.0,1635.0,2.0,0.0,32.0,btc eth airdrop free coins,1,0.779,0.902,0.281,4.0,177.57,0.878,0.0813,0.137,0.0054
insta_boost_247,3.0,2696.0,0.0,0.0,58.0,make money online → bio link,1,0.62,0.889,0.366,4.0,235.3,0.942,0.0923,0.002,0.0111
free_follower_bot,8.0,807.0,0.0,0.0,35.0,,1,0.725,0.958,0.177,3.0,175.04,0.902,0.0627,0.016,0.0176
free_follower_bot,14.0,362.0,1.0,0.0,14.0,crypto millionaire | teach you how,1,0.856,0.957,0.182,2.0,97.94,0.857,0.0567,0.237,0.0327
fit_jessica,21.0,11.0,1.0,0.0,1609.0,Developer | Open source enthusiast,0,0.023,0.322,0.951,15.0,3.125,0.164,0.537,0.958,0.4194
9182736450,16.0,1428.0,0.0,0.0,33.0,,1,0.901,0.959,0.251,3.0,225.8,0.814,0.0938,0.163,0.0214
chef_marco,27.0,16.0,157.0,26.0,2557.0,News journalist @NYT,0,0.03,0.111,0.729,16.0,1.128,0.005,0.6798,0.728,0.1868
1234567890ab,2.0,2959.0,0.0,0.0,23.0,btc eth airdrop free coins,1,0.706,0.86,0.393,3.0,298.05,0.848,0.0796,0.234,0.0243
9182736450,3.0,1935.0,0.0,0.0,22.0,btc eth airdrop free coins,1,0.616,0.869,0.165,2.0,190.96,0.85,0.0942,0.094,0.0292
acc29471838,16.0,2015.0,0.0,0.0,29.0,official giveaway account,1,0.792,0.878,0.108,2.0,248.12,0.93,0.0439,0.001,0.0497
zz_promo_zz,16.0,947.0,2.0,0.0,32.0,FREE BTC airdrop → link in bio,1,0.686,0.869,0.18,3.0,103.75,0.988,0.0134,0.207,0.0096
xXx_profit_xXx,19.0,1359.0,2.0,0.0,45.0,,1,0.739,0.93,0.235,4.0,76.42,0.702,0.0101,0.103,0.002
mike_2023,30.0,32.0,32.0,22.0,4004.0,photographer | travel 📷,0,0.091,0.438,0.959,12.0,4.343,0.096,0.5817,0.64,0.4952
tom_techie,213.0,10.0,18.0,21.0,2557.0,Architect | sustainable design,0,0.137,0.167,0.893,13.0,4.801,0.024,0.6155,0.778,0.283
james_hikes,17.0,63.0,16.0,25.0,956.0,Blogger | Lifestyle & wellness,0,0.069,0.415,0.825,16.0,4.378,0.087,0.308,0.831,0.5874
f4f_master_99,3.0,2809.0,0.0,0.0,26.0,NFT investor | crypto tips,1,0.926,0.893,0.15,3.0,204.62,0.916,0.0196,0.077,0.021
airdrop_winner99,17.0,970.0,2.0,0.0,16.0,,1,0.856,0.942,0.364,1.0,270.55,0.767,0.0382,0.231,0.0336
paul_runs,15.0,9.0,7.0,9.0,782.0,Blogger | Lifestyle & wellness,0,0.052,0.498,0.755,18.0,0.474,0.197,0.5003,0.967,0.4912
sophia_teaches,84.0,86.0,14.0,17.0,995.0,mom of 3 | foodie,0,0.141,0.177,0.686,18.0,4.623,0.167,0.434,0.814,0.4506
james_hikes,6.0,9.0,20.0,14.0,3896.0,Musician. Coffee addict.,0,0.122,0.119,0.684,16.0,1.73,0.192,0.2635,0.961,0.3009
tom_techie,7.672307127416688,3.021199382139544,2.7273943211974645,20.236822330358653,2972.531112769419,Wildlife photographer based in Kenya,0,0.0,0.31973963735816757,0.8704179670473791,15.772309976405309,6.42607834004868,0.11823976904790562,0.637919289625602,0.9418195946505331,0.49332146329129056
xXx_profit_xXx,18.0,1022.0,1.0,0.0,51.0,promo available 📩,1,0.796,0.906,0.361,3.0,101.71,0.852,0.0752,0.208,0.0292
ava_dances,657.0,55.0,3.0,22.0,1680.0,Architect | sustainable design,0,0.115,0.44,0.766,8.0,0.946,0.123,0.3867,0.766,0.416
xXx_profit_xXx,14.0,1852.0,1.0,0.0,54.0,crypto signals ✅ 99% win rate,1,0.894,0.911,0.231,2.0,206.4,0.747,0.0753,0.072,0.0265
noah_films,107.0,5.0,34.0,5.0,896.0,Entrepreneur | Founder @startup,0,0.131,0.309,0.848,10.0,1.364,0.057,0.3759,0.744,0.216
autoliker_pro,5.978265208179227,894.1441657970423,0.8553282772364192,0.8546466729239194,53.17194275063707,DM me to grow your account fast,1,0.6117859570812461,0.901299641304217,0.14620942697875788,1.194085522226337,44.09195237089778,0.938821653231137,0.045362121590365234,0.08817480407527857,0.04029894010300022
noah_films,36.0,5.0,66.0,26.0,5000.0,Musician. Coffee addict.,0,0.08,0.151,0.936,8.0,0.934,0.047,0.4856,0.999,0.3882
emma.j,14.145207274269874,62.410221908118274,18.66890352383276,18.563282616790303,2883.8692665192993,Data scientist | ML researcher,0,0.03843984874753084,0.5137878428063817,0.8336173036995351,12.853507950659633,0.0,0.04556370454385372,0.24362369268168999,0.7140215785136083,0.10280912592225822
ava_dances,87.0,8.0,85.0,7.0,633.0,Architect | sustainable design,0,0.017,0.224,0.824,14.0,3.047,0.158,0.4756,0.73,0.3343
luke_designs,159.0,75.0,16.0,15.0,1907.0,Wildlife photographer based in Kenya,0,0.148,0.29,0.793,18.0,1.231,0.032,0.663,0.684,0.5776
1234567890ab,17.0,2941.0,2.0,0.0,8.0,,1,0.739,0.905,0.323,3.0,152.21,0.839,0.0188,0.178,0.0311
photo_by_anna,545.0,31.0,2.0,9.0,4585.0,Chef | Recipe creator,0,0.064,0.156,0.705,18.0,2.538,0.14,0.2102,0.724,0.2422
bot291847362,18.0,2938.0,0.0,0.0,19.0,make money online → bio link,1,0.645,0.982,0.292,2.0,188.25,0.83,0.0567,0.142,0.0307
dev_pete,0.0,81.16646567246697,154.3372765000712,25.98517363219444,4103.291459905576,mom of 3 | foodie,0,0.1118280401218379,0.23680638758183348,0.6843316415120743,9.184702569733115,19.376245143200233,0.10707221594351762,0.4839468869939833,0.9649213649091092,0.4438400438340156
james_hikes,4.0,8.0,22.0,22.0,2062.0,Medical student | future doctor,0,0.024,0.441,0.977,10.0,2.548,0.176,0.3419,0.841,0.49
grace_beauty,16.0,10.0,16.0,8.0,365.0,Marketing professional | keynote speaker,0,0.142,0.346,0.682,13.0,4.196,0.095,0.2766,0.754,0.5541
olivia_draws,58.0,54.0,13.0,10.0,1834.0,Fashion designer | PR welcome,0,0.118,0.318,0.708,9.0,0.752,0.143,0.2345,0.649,0.45
olivia_draws,284.0,65.0,7.0,26.0,2769.0,Dog lover | Hiking | Books,0,0.119,0.217,0.753,10.0,2.073,0.177,0.3984,0.854,0.5302
photo_by_anna,3.0,53.0,8.0,18.0,5000.0,Blogger | Lifestyle & wellness,0,0.019,0.543,0.927,9.0,4.688,0.086,0.4565,0.768,0.2002
free_follower_bot,3.0,489.0,2.0,0.0,23.0,♻️ repost to win $1000,1,0.798,0.887,0.342,3.0,157.83,0.703,0.0194,0.153,0.0324
dev_pete,203.0,40.0,18.0,21.0,1334.0,Freelance illustrator | art prints available,0,0.059,0.492,0.699,9.0,0.727,0.118,0.5383,0.974,0.4875
paul_runs,0.0,37.812153055637154,22.167876129655106,6.974867104155266,742.2509475568929,fitness coach 💪 DM for training plans,0,0.03788482708270463,0.4894732135720765,0.8696367560240615,10.948640334576188,5.278518485185165,0.0985159775860892,0.4795086317963709,0.7573493851105157,0.2751058129992764
mike_2023,12.0,8.0,13.0,19.0,5000.0,Marketing professional | keynote speaker,0,0.095,0.433,0.679,9.0,1.435,0.187,0.3527,0.839,0.571
insta_boost_247,14.0,882.0,0.0,0.0,2.0,,1,0.74,0.94,0.293,2.0,182.25,0.971,0.0726,0.159,0.0292
photo_by_anna,5.455168166883291,71.49274745867335,12.135555568096356,18.60671731801849,2790.782380103557,Medical student | future doctor,0,0.027907809037265544,0.2220570444390568,0.8029444973255099,17.1219219575598,6.528972082173511,0.04656990429286344,0.2377116462938804,0.9169070099230698,0.24539236603821507
autoliker_pro,4.0,2141.0,1.0,0.0,12.0,,1,0.903,0.944,0.269,3.0,133.79,0.779,0.0916,0.155,0.0451
9182736450,18.0,1412.0,0.0,0.0,46.0,,0,0.839,0.884,0.292,1.0,92.58,0.786,0.0374,0.218,0.0283
lisa_writes,1.0,24.0,187.0,23.0,650.0,News journalist @NYT,0,0.103,0.218,0.902,12.0,0.769,0.099,0.2651,0.997,0.4618
real_human_01234,18.0,1688.0,0.0,0.0,22.0,follow for follow back,1,0.845,0.96,0.325,2.0,77.08,0.765,0.0333,0.135,0.0082
ava_dances,9.0,30.0,12.0,25.0,3414.0,Architect | sustainable design,0,0.081,0.237,0.666,17.0,2.47,0.07,0.2838,0.916,0.4312
fit_jessica,23.0,45.0,4.0,10.0,4541.0,Traveler | 50+ countries visited,0,0.05,0.124,0.856,12.0,0.686,0.168,0.2235,0.842,0.1673
tom_techie,4.0,5.0,9.0,15.0,1503.0,photographer | travel 📷,0,0.039,0.352,0.8,18.0,3.691,0.151,0.4653,0.695,0.1247
mike_2023,17.0,38.0,14.0,29.0,4830.0,UX designer @Meta,0,0.119,0.369,0.966,13.0,0.467,0.054,0.3079,0.845,0.2806
sophia_teaches,42.0,10.0,1.0,22.0,4263.0,Data scientist | ML researcher,0,0.085,0.522,0.719,14.0,0.748,0.146,0.2338,0.7,0.1364
airdrop_winner99,17.976715074036015,519.2265036770367,2.1116822806308346,0.0,41.89027159024606,earn $500/day 👇,1,0.7062970397555961,0.934487207751854,0.3461850202556258,3.0666797796909937,176.7021114035001,0.9067426582324319,0.08764034686798677,0.29099721660305655,0.010883811634063231
photo_by_anna,54.0,35.0,16.0,19.0,2279.0,UX designer @Meta,0,0.055,0.131,0.773,15.0,3.003,0.021,0.288,0.886,0.3747
grace_beauty,8.0,9.0,2.0,8.0,1003.0,Medical student | future doctor,0,0.035,0.542,0.963,15.0,3.704,0.037,0.3097,0.96,0.3434
get_rich_88,18.0,2609.0,2.0,0.0,10.0,Click link below 💰,1,0.703,0.889,0.307,3.0,73.18,0.707,0.058,0.228,0.0422
sarah_smith,31.577711198480227,127.62884038922596,227.05282834897088,22.52624768506353,1387.022666823754,software engineer @ Google,0,0.0189916264947577,0.4248327002226073,0.8107734226853022,8.399816949492095,1.7571873983388926,0.16545092079040133,0.2769942113914783,0.8379137044219817,0.5326512212102128
alex_travel,99.13188400890532,52.52614048033397,0.15569135813785184,18.720944236190697,674.5783670496926,Musician. Coffee addict.,0,0.0792549619497877,0.31271008782273557,0.6805949690258597,7.537995469490057,3.579108645701906,0.10255722768644379,0.30315133790745163,0.9284638043878737,0.3385278972333656
a8f7d3k9p2,10.0,2003.0,0.0,0.0,20.0,DM me to grow your account fast,1,0.778,0.953,0.202,2.0,153.19,0.729,0.0825,0.016,0.0079
grace_beauty,10.0,23.0,48.0,4.0,959.0,News journalist @NYT,0,0.011,0.475,0.718,15.0,2.776,0.022,0.5424,0.756,0.5399
zz_promo_zz,31.346513699389803,2487.198579287443,0.6994249898422136,0.3735128968324976,0.0,promo available 📩,1,0.728386162442475,0.9657927758687891,0.20137577069803977,4.103408192985833,190.25216825700053,0.801699927518585,0.0,0.23232125504446746,0.010620274889858703
ava_dances,7.0,47.0,5.0,22.0,4687.0,Architect | sustainable design,1,0.082,0.358,0.736,8.0,4.608,0.002,0.5076,0.73,0.5257
insta_boost_247,2.0,2252.0,0.0,0.0,55.0,investment advisor DM me,1,0.763,0.94,0.388,2.0,273.16,0.714,0.0718,0.273,0.0348
creative_dan,94.0,22.0,10.0,16.0,588.0,Developer | Open source enthusiast,0,0.127,0.354,0.686,15.0,4.362,0.048,0.6723,0.698,0.1027
mia_cooks,12.0,31.0,2.0,4.0,642.0,Data scientist | ML researcher,0,0.142,0.497,0.924,11.0,3.862,0.168,0.5217,0.894,0.5216
sophia_teaches,30.488130823367246,0.0,18.48239630276998,12.241231886247702,5008.801134872425,Chef | Recipe creator,0,0.11146156761359102,0.4711877630386991,0.7880613181859683,11.068944992728852,5.6009972232323095,0.14940273032619145,0.6558008200485451,1.002816022345472,0.5180616725245799
mike_2023,72.0,17.0,11.0,20.0,791.0,Blogger | Lifestyle & wellness,0,0.072,0.455,0.779,14.0,3.07,0.015,0.2365,0.909,0.189
zz_promo_zz,17.548362712156397,1388.6205202640976,0.9106423506607744,0.33705255031370485,0.0,,1,0.6174718791035724,0.8832834517335947,0.12205306569379527,0.7489155500904159,219.06256974355318,0.8512349309622653,0.008553871183725824,0.12115450956148793,0.013744833429509364
a8f7d3k9p2,12.0,228.0,1.0,0.0,43.0,crypto millionaire | teach you how,1,0.718,0.874,0.399,2.0,167.45,0.788,0.0407,0.046,0.0496
f4f_master_99,9.0,969.0,2.0,0.0,4.0,,1,0.878,0.985,0.387,1.0,142.13,0.808,0.0463,0.001,0.0101
olivia_draws,386.0,31.0,15.0,27.0,1426.0,Musician. Coffee addict.,0,0.116,0.538,0.834,14.0,3.022,0.116,0.2221,0.603,0.2621
olivia_draws,68.0,31.0,6.0,29.0,3492.0,Entrepreneur | Founder @startup,0,0.019,0.36,0.809,8.0,1.446,0.074,0.3893,0.717,0.573
bot291847362,11.200144764144898,728.6329997746528,3.0146563492631446,0.1989474679481429,74.3331613624362,,1,0.8583838423724051,0.9712775834639716,0.2458564432146189,1.6431442645798675,157.26897549449052,0.9081345747725034,0.05530341875966526,0.1128128947768773,0.0032570584055980015
bot291847362,8.0,1990.0,0.0,0.0,17.0,btc eth airdrop free coins,1,0.709,0.864,0.253,4.0,249.33,0.979,0.0325,0.243,0.0049
grace_beauty,13.0,15.0,10.0,24.0,3701.0,photographer | travel 📷,0,0.127,0.31,0.938,17.0,3.696,0.043,0.6187,0.809,0.1037
amy_joy,48.0,33.0,302.0,4.0,5000.0,Freelance illustrator | art prints available,0,0.129,0.514,0.954,13.0,0.258,0.113,0.3688,0.772,0.5547
mark_adventure,631.0,9.0,80.0,2.0,365.0,Teacher & lifelong learner,0,0.048,0.423,0.675,12.0,1.713,0.094,0.3298,0.939,0.2263
paul_runs,3.0,26.0,64.0,1.0,1199.0,Architect | sustainable design,0,0.048,0.455,0.665,16.0,4.893,0.051,0.3757,0.957,0.259
lisa_writes,11.0,19.0,33.0,22.0,1740.0,Dog lover | Hiking | Books,0,0.01,0.44,0.744,14.0,0.669,0.149,0.43,0.78,0.3541
autoliker_pro,7.0,2456.0,0.0,0.0,28.0,Click link below 💰,1,0.861,0.859,0.299,4.0,62.65,0.876,0.0137,0.225,0.0233
insta_boost_247,8.0,620.0,1.0,0.0,53.0,FREE gift cards click here,1,0.706,0.93,0.236,1.0,85.04,0.762,0.0206,0.004,0.0124
mike_2023,5.0,23.0,6.0,11.0,1189.0,Yoga instructor | wellness coach,0,0.032,0.282,0.729,12.0,2.365,0.145,0.4875,0.608,0.1066
alex_travel,138.0,19.0,27.0,9.0,1478.0,Entrepreneur | Founder @startup,0,0.036,0.223,0.735,18.0,4.987,0.148,0.4321,0.706,0.3814
airdrop_winner99,18.0,2118.0,2.0,0.0,7.0,earn $500/day 👇,1,0.852,0.919,0.327,1.0,171.54,0.763,0.0334,0.044,0.0248
olivia_draws,6.0,61.0,3.0,18.0,705.0,Blogger | Lifestyle & wellness,0,0.035,0.15,0.786,17.0,4.385,0.031,0.6142,0.783,0.1787
sarah_smith,77.0,14.0,5.0,19.0,689.0,News journalist @NYT,0,0.043,0.119,0.823,17.0,4.934,0.059,0.3753,0.734,0.5815
mia_cooks,15.0,9.0,35.0,6.0,4402.0,photographer | travel 📷,0,0.004,0.433,0.967,11.0,3.003,0.14,0.2609,0.738,0.4846
get_rich_88,14.0,2457.0,2.0,0.0,8.0,FREE BTC airdrop → link in bio,1,0.601,0.865,0.288,3.0,148.51,0.701,0.0939,0.189,0.0088
f4f_master_99,10.0,2109.0,2.0,0.0,32.0,airdrop $ETH daily,1,0.696,0.977,0.214,4.0,296.97,0.912,0.0972,0.272,0.0338
olivia_draws,48.0,29.0,3.0,12.0,2664.0,Dog lover | Hiking | Books,0,0.011,0.457,0.836,13.0,1.777,0.078,0.5508,0.758,0.5498
john_doe,64.0,13.0,11.0,17.0,5000.0,News journalist @NYT,0,0.126,0.202,0.795,8.0,2.054,0.109,0.6476,0.999,0.2093
autoliker_pro,16.0,2335.0,1.0,0.0,44.0,earn $500/day 👇,1,0.751,0.973,0.203,4.0,193.98,0.801,0.0622,0.005,0.0487
nina_art,22.0,14.0,2.0,9.0,5000.0,Artist | Digital creator,0,0.057,0.217,0.793,8.0,0.149,0.153,0.4894,0.881,0.4545
sarah_smith,9.0,57.0,24.0,18.0,2609.0,Dog lover | Hiking | Books,0,0.046,0.234,0.656,9.0,2.762,0.031,0.5393,0.901,0.3287
chef_marco,20.0,19.0,3.0,8.0,4112.0,Freelance illustrator | art prints available,0,0.122,0.5,0.88,17.0,2.491,0.058,0.4176,0.86,0.4888
bot291847362,7.0,2996.0,2.0,0.0,30.0,Click link below 💰,1,0.942,0.871,0.173,1.0,133.48,0.873,0.0339,0.175,0.0306
airdrop_winner99,16.0,385.0,1.0,0.0,38.0,,1,0.773,0.857,0.389,3.0,149.44,0.842,0.0436,0.183,0.0293
a8f7d3k9p2,18.426248512098102,1716.5057363082262,0.7406066431643392,0.31836463015952016,100.29506543662619,crypto signals ✅ 99% win rate,1,0.9482296470764875,0.821795417239239,0.4004547952382249,0.42466447376017835,206.78677826086735,0.9319596633438866,0.08109861668348103,0.08868259537423892,0.039292269418546494
f4f_master_99,16.0,1366.0,0.0,0.0,31.0,,1,0.906,0.868,0.228,1.0,150.88,0.764,0.0145,0.074,0.0313
q7w8e9r0t1y2,17.0,392.0,1.0,0.0,29.0,FREE gift cards click here,1,0.683,0.885,0.227,3.0,290.39,0.945,0.0474,0.141,0.0379
sophia_teaches,5.0,22.0,62.0,0.0,1176.0,Medical student | future doctor,0,0.128,0.457,0.747,12.0,1.981,0.094,0.4996,0.976,0.3873
bot291847362,14.0,2014.0,2.0,0.0,48.0,make money online → bio link,1,0.818,0.884,0.242,2.0,119.43,0.731,0.0644,0.077,0.0087
free_follower_bot,1.391530799629751,390.26050670776993,1.4792475491243708,0.9142569716810693,127.12826865968249,,1,0.8997926113963355,0.8468732117796132,0.11944764790106288,3.253820084582565,153.39553261705817,0.8179813966593347,0.09485565959305081,0.09313552325467084,0.01642814655927414
q7w8e9r0t1y2,0.0,1564.3752526204557,2.1423625731880716,0.8488582007378657,0.0,crypto signals ✅ 99% win rate,1,0.8431672326252948,0.8559406862208512,0.1603892027134048,3.663963679636098,135.49148021238628,0.8798522814258055,0.053788798764057594,0.0,0.0
f4f_master_99,27.35788626472272,1245.8304473071503,4.206944665556147,0.0,0.0,btc eth airdrop free coins,1,0.6674700385902959,0.8783191464559644,0.3690444334258515,0.876174103231329,118.43669971724579,0.9498212609764098,0.03152115289141036,0.32129756804752907,0.008207252795096102
ben_codes,152.38223317334126,0.0,117.7130882492683,29.9879068519019,3690.6452868951274,Entrepreneur | Founder @startup,0,0.07940660394218257,0.2990948745676561,0.6773433078206743,12.403367811213174,2.0078630554106756,0.09241813724505464,0.2624384644478053,0.6078251547569709,0.4957661841864247
lisa_writes,87.8911245675815,6.5621462146147,2.889196968368948,25.55607110218655,5062.2544621746665,Fashion designer | PR welcome,0,0.14252861497263136,0.450446473285493,0.6838274830288933,17.619739050945327,9.298945298163485,0.12541024825899313,0.37390209896778054,0.9677566580675517,0.19480016665152286
autoliker_pro,14.0,2539.0,0.0,0.0,59.0,,1,0.679,0.895,0.285,3.0,183.6,0.892,0.0236,0.279,0.0111
luke_designs,0.0,136.02974913724086,7.40734661113926,7.721571714794365,4922.634622758594,Traveler | 50+ countries visited,0,0.07787580420048831,0.24174303509336992,0.7279087229093587,17.130335039127917,4.261850893588514,0.045647745011823254,0.42804930174516265,0.8566463273006758,0.32144636710977054
1234567890ab,19.0,720.0,1.0,0.0,29.0,NFT investor | crypto tips,1,0.667,0.971,0.39,1.0,282.89,0.727,0.0794,0.244,0.0175
alex_travel,770.0,5.0,10.0,18.0,713.0,Dance teacher | choreographer,0,0.047,0.243,0.755,14.0,1.088,0.05,0.2108,0.74,0.4121
lisa_writes,5.0,44.0,14.0,21.0,1170.0,Traveler | 50+ countries visited,0,0.007,0.53,0.966,16.0,1.105,0.036,0.2539,0.769,0.1915
xXx_profit_xXx,0.0,2412.195937028026,3.071853514277543,0.0,0.0,earn while you sleep 💸,1,0.8046815718055861,0.9195828195419072,0.1350770941761426,0.7301152396481692,234.93925076687202,0.8549386852573642,0.08928110299138639,0.14269070133184014,0.041355300785588675
daniel_f,1.0,30.0,9.0,19.0,5000.0,Dance teacher | choreographer,0,0.076,0.408,0.661,9.0,4.804,0.189,0.6465,0.922,0.2435
noah_films,1.0,87.0,6.0,27.0,3567.0,Teacher & lifelong learner,0,0.005,0.111,0.789,13.0,3.586,0.197,0.448,0.633,0.3481
tom_techie,60.0,12.0,16.0,20.0,1463.0,Chef | Recipe creator,0,0.007,0.102,0.764,8.0,0.337,0.15,0.5015,0.722,0.1376
crypto_king_9999,6.0,399.0,1.0,0.0,51.0,follow for follow back,1,0.84,0.858,0.177,1.0,213.31,0.722,0.0591,0.098,0.0099
john_doe,29.0,7.0,20.0,18.0,1959.0,News journalist @NYT,0,0.029,0.2,0.874,18.0,3.303,0.167,0.401,0.887,0.2113
xXx_profit_xXx,10.0,2682.0,2.0,0.0,7.0,,1,0.869,0.979,0.233,1.0,98.82,0.984,0.0254,0.236,0.0096
chef_marco,18.0,29.0,1.0,13.0,738.0,Fashion designer | PR welcome,0,0.15,0.403,0.827,10.0,3.742,0.014,0.2076,0.788,0.3975
insta_boost_247,6.0,2474.0,2.0,0.0,18.0,FREE gift cards click here,1,0.648,0.983,0.149,4.0,57.97,0.771,0.0251,0.151,0.0075
paul_runs,10.0,10.0,2.0,24.0,675.0,UX designer @Meta,0,0.113,0.384,0.792,15.0,2.875,0.028,0.2096,0.828,0.5425
bot_account_7,2.0,1369.0,0.0,0.0,56.0,,1,0.851,0.965,0.328,3.0,63.08,0.801,0.0308,0.017,0.0037
code_master,941.0,6.0,1.0,5.0,2280.0,Architect | sustainable design,0,0.036,0.409,0.829,18.0,3.149,0.1,0.2872,0.785,0.1763
paul_runs,14.0,24.0,12.0,0.0,2872.0,Freelance illustrator | art prints available,0,0.086,0.158,0.845,16.0,0.387,0.128,0.5658,0.938,0.3447
zz_promo_zz,10.0,893.0,0.0,0.0,17.0,Click link below 💰,1,0.665,0.97,0.129,2.0,64.95,0.707,0.028,0.084,0.006
insta_boost_247,19.0,2946.0,2.0,0.0,52.0,btc eth airdrop free coins,1,0.61,0.94,0.248,4.0,215.01,0.767,0.0363,0.284,0.0489
crypto_king_9999,9.0,1735.0,0.0,0.0,19.0,Click link below 💰,1,0.685,0.978,0.153,4.0,75.4,0.831,0.0748,0.159,0.0034
q7w8e9r0t1y2,5.0,2754.0,1.0,0.0,46.0,,1,0.71,0.962,0.397,2.0,297.4,0.762,0.0395,0.067,0.0052
amy_joy,18.0,60.0,10.0,3.0,1279.0,Dog lover | Hiking | Books,0,0.05,0.121,0.724,13.0,3.839,0.185,0.42,0.615,0.2055
ava_dances,133.0,33.0,82.0,3.0,766.0,software engineer @ Google,0,0.025,0.352,0.709,13.0,3.414,0.062,0.2917,0.865,0.3923
amy_joy,70.12304301941205,30.182869530934468,17.996120945603725,27.93799949290795,1289.8474672880986,Data scientist | ML researcher,0,0.02720010249324404,0.29715177392646336,0.754548699394828,14.497403979159252,0.42075614830210156,0.17353948950691941,0.5251560000758251,0.7245804810365253,0.5129939916457774
luke_designs,2.0,10.0,11.0,22.0,915.0,Medical student | future doctor,0,0.069,0.227,0.941,13.0,1.157,0.194,0.4864,0.806,0.2055
real_human_01234,9.0,264.0,0.0,0.0,26.0,airdrop $ETH daily,1,0.65,0.908,0.316,3.0,134.79,0.818,0.0328,0.061,0.0354
nina_art,2291.0,17.0,16.0,16.0,1547.0,Musician. Coffee addict.,0,0.14,0.146,0.978,17.0,4.41,0.078,0.2037,0.651,0.4987
james_hikes,34.0,32.0,31.0,2.0,797.0,Medical student | future doctor,0,0.038,0.529,0.694,12.0,4.827,0.003,0.2416,0.926,0.4497
real_human_01234,15.0,863.0,2.0,0.0,50.0,FREE gift cards click here,1,0.861,0.927,0.32,3.0,283.1,0.753,0.0595,0.052,0.0206
nina_art,477.9380583489503,74.77088148536382,12.544108161247149,16.171431344855893,479.1830704660936,photographer | travel 📷,0,0.060341099730659514,0.1782658756832119,0.819207940554261,18.129501797196735,3.0394165865345224,0.04931561730023491,0.4090375364325296,0.8954597625254538,0.2138994983147267
zz_promo_zz,19.0,292.0,2.0,0.0,46.0,Click link below 💰,1,0.751,0.966,0.205,1.0,98.76,0.864,0.0249,0.253,0.017
chris_builds,47.0,7.0,7.0,19.0,1247.0,fitness coach 💪 DM for training plans,0,0.032,0.471,0.767,15.0,2.943,0.122,0.3543,0.975,0.1595
chef_marco,108.0,6.0,14.0,22.0,1476.0,fitness coach 💪 DM for training plans,0,0.119,0.265,0.79,17.0,2.111,0.032,0.4037,0.884,0.3604
sophia_teaches,287.0,95.0,26.0,0.0,4399.0,fitness coach 💪 DM for training plans,0,0.05,0.117,0.897,11.0,0.658,0.082,0.4214,0.612,0.1351
creative_dan,43.0,13.0,60.0,9.0,5000.0,Developer | Open source enthusiast,0,0.133,0.235,0.81,11.0,3.815,0.025,0.4623,0.816,0.1487
earn_fast_2024,3.0,820.0,0.0,0.0,24.0,btc eth airdrop free coins,1,0.663,0.894,0.381,4.0,200.26,0.964,0.0941,0.155,0.0395
tom_techie,37.0,14.0,11.0,17.0,5000.0,Chef | Recipe creator,0,0.103,0.255,0.925,12.0,3.598,0.088,0.2631,0.674,0.493
bot291847362,12.0,1863.0,1.0,0.0,37.0,Click link below 💰,1,0.818,0.908,0.323,4.0,94.42,0.909,0.0762,0.202,0.0309
sarah_smith,20.0,21.0,7.0,3.0,1494.0,Musician. Coffee addict.,0,0.005,0.255,0.928,15.0,2.121,0.04,0.5167,0.684,0.587
real_human_01234,34.595636969869105,2383.1680965732016,0.3893220986831559,0.0,0.0,follow for follow back,1,0.7272065256848449,0.9248697666039885,0.3119865857456063,2.300956587893291,293.6329922696286,0.905071992271022,0.004631356214310572,0.24741316445389638,0.013917181297612172
ava_dances,12.0,16.0,8.0,1.0,892.0,mom of 3 | foodie,0,0.069,0.314,0.667,12.0,1.208,0.174,0.6137,0.954,0.2115
photo_by_anna,31.0,84.0,79.0,28.0,1534.0,Nurse practitioner | women's health advocate,0,0.065,0.494,0.796,13.0,4.21,0.106,0.2591,0.654,0.4393
emma.j,15.709401706052182,91.77041872299075,3.2717363121396965,2.6795216252261835,335.70662519328243,Entrepreneur | Founder @startup,0,0.12855628191776428,0.2746167937580206,0.9748149438753919,15.558439846125477,5.286191239704789,0.07204516113055481,0.5829905666361109,0.8060413810171445,0.4562058943612792
photo_by_anna,12.0,87.0,11.0,16.0,1612.0,Musician. Coffee addict.,0,0.035,0.523,0.737,14.0,0.392,0.047,0.6727,0.948,0.2274
grace_beauty,861.0,29.0,3.0,17.0,631.0,UX designer @Meta,0,0.107,0.151,0.782,14.0,1.81,0.154,0.3923,0.819,0.4992
chris_builds,158.08008842492794,0.0,23.158384090362052,15.941015096794448,2305.992923484224,Dog lover | Hiking | Books,0,0.07949820076931469,0.4025298099637807,0.9262974005419281,17.289233828595293,0.0,0.10686070683553896,0.48017256983360634,0.7984394627465492,0.20992752175415672
photo_by_anna,12.0,8.0,1.0,13.0,875.0,UX designer @Meta,0,0.001,0.369,0.68,11.0,1.364,0.164,0.3508,0.633,0.5488
tom_techie,32.0,21.0,7.0,29.0,4016.0,Wildlife photographer based in Kenya,0,0.001,0.531,0.863,14.0,0.348,0.058,0.5624,0.811,0.3004
alex_travel,47.0,74.0,5.0,6.0,2411.0,UX designer @Meta,0,0.103,0.466,0.811,18.0,1.925,0.013,0.5688,0.843,0.2082
dev_pete,53.96673991850395,0.0,15.694174164565032,17.449659448235433,2315.503282910215,Developer | Open source enthusiast,0,0.12988493396698353,0.3346643616359097,0.7966456846777392,12.802482926528699,3.5533955669682595,0.15804749119808387,0.25196260532908415,0.8639462830299253,0.4505490874281794
1234567890ab,8.0,2755.0,2.0,0.0,48.0,crypto millionaire | teach you how,1,0.71,0.989,0.204,3.0,147.88,0.781,0.0403,0.129,0.0075
emma.j,200.0,24.0,9.0,18.0,2862.0,Wildlife photographer based in Kenya,0,0.091,0.465,0.753,11.0,1.387,0.026,0.688,0.742,0.2096
paul_runs,132.0,65.0,48.0,14.0,5000.0,High school teacher | making STEM fun,0,0.009,0.2,0.711,18.0,2.426,0.145,0.4916,0.973,0.3808
mia_cooks,21.0,98.0,5.0,5.0,1522.0,Entrepreneur | Founder @startup,0,0.035,0.316,0.933,9.0,2.366,0.078,0.5605,0.821,0.5152
9182736450,14.0,2739.0,0.0,0.0,35.0,crypto signals ✅ 99% win rate,1,0.662,0.896,0.185,4.0,201.21,0.883,0.0319,0.124,0.0257
1234567890ab,13.0,2759.0,0.0,0.0,20.0,official giveaway account,1,0.777,0.973,0.279,4.0,204.01,0.941,0.0946,0.056,0.0236
chris_builds,9.0,12.0,11.0,28.0,3654.0,Podcaster | interviewing founders,0,0.016,0.454,0.989,10.0,0.858,0.11,0.4739,0.8,0.4864
luke_designs,27.660878724170203,12.828874332460053,19.511783711328604,18.527367977505754,947.4735554361225,Yoga instructor | wellness coach,0,0.13870670952441613,0.46601993005546133,0.7294269836268091,10.362248265789137,3.606154825699975,0.19188539736216906,0.2390772889571916,0.814824785470034,0.21767392625983925
mia_cooks,15.0,9.0,13.0,20.0,2439.0,Freelance illustrator | art prints available,0,0.01,0.206,0.943,15.0,4.603,0.162,0.568,0.769,0.259
chris_builds,0.9520324483046849,4.137035413584741,9.100625182474566,1.2437845316966891,2498.6942610742035,Medical student | future doctor,0,0.054517616711326454,0.15603618513370585,0.9390069927247919,14.771889267612487,0.0,0.06459941490448641,0.6728883025175588,1.0195412120108767,0.3178665540270133
ava_dances,57.0,7.0,3.0,29.0,3032.0,Gaming streamer | Twitch partner,0,0.038,0.118,0.679,13.0,1.776,0.177,0.5007,0.813,0.3032
grace_beauty,88.85761831800936,21.940528190947006,15.379362327296294,27.792390326950443,2210.652606048443,Environmental activist,0,0.09698003323112728,0.30816420634916836,0.8904766724520735,8.72142228296896,0.19767445619440616,0.20336394455700127,0.4007818279488002,0.6029299227049548,0.5133479433368447
real_human_01234,45.28470146251866,2472.419959141203,0.0,0.0,161.0181996367986,,1,0.6563218622019623,0.966088885927573,0.3231118566921388,2.70705441607633,142.24573758749423,0.7261872729811581,0.0021653749997096808,0.18889253884901155,0.019939615950856592
dev_pete,31.0,5.0,28.0,20.0,834.0,Marketing professional | keynote speaker,0,0.075,0.254,0.767,9.0,4.356,0.026,0.6462,0.768,0.1752
follow_back_101,7.0,2678.0,2.0,0.0,12.0,♻️ repost to win $1000,1,0.878,0.923,0.158,2.0,180.62,0.968,0.0726,0.026,0.0214
get_rich_88,8.0,1452.0,1.0,0.0,40.0,make money online → bio link,1,0.713,0.923,0.173,3.0,287.21,0.971,0.024,0.189,0.0436
bot_account_7,13.0,2962.0,0.0,0.0,9.0,btc eth airdrop free coins,1,0.848,0.95,0.26,4.0,51.19,0.782,0.0434,0.231,0.0218
luke_designs,13.0,57.0,5.0,10.0,365.0,Podcaster | interviewing founders,0,0.147,0.422,0.795,8.0,1.987,0.137,0.2771,0.777,0.4478
user8374629,15.009216894053996,1844.0522975849092,0.6487233640207024,0.0,14.337795515727294,earn $500/day 👇,1,0.7457983220593969,0.8703295166248334,0.2215372305565932,3.1484618939837583,60.22467065458912,0.6855109589867527,0.06672701016143502,0.2489930937198723,0.03914081676474317
zz_promo_zz,6.0,1829.0,0.0,0.0,30.0,♻️ repost to win $1000,1,0.898,0.865,0.197,2.0,131.66,0.846,0.0314,0.215,0.0389
tom_techie,18.0,13.0,17.0,26.0,2539.0,Traveler | 50+ countries visited,0,0.037,0.449,0.934,8.0,4.763,0.151,0.5771,0.878,0.5918
bot291847362,14.0,1926.0,1.0,0.0,49.0,NFT investor | crypto tips,1,0.908,0.89,0.355,3.0,259.97,0.969,0.0176,0.024,0.0351
autoliker_pro,5.0,602.0,1.0,0.0,14.0,earn while you sleep 💸,1,0.682,0.944,0.326,1.0,58.48,0.969,0.0522,0.21,0.0304
tom_techie,8.0,70.0,277.0,15.0,1900.0,Yoga instructor | wellness coach,1,0.116,0.148,0.734,11.0,2.479,0.146,0.4228,0.834,0.3738
autoliker_pro,9.0,2782.0,1.0,0.0,9.0,NFT investor | crypto tips,1,0.691,0.964,0.238,2.0,290.7,0.976,0.014,0.003,0.0335
autoliker_pro,0.0,1850.0,1.0,0.0,48.0,investment advisor DM me,1,0.828,0.869,0.134,1.0,224.52,0.74,0.0313,0.141,0.0184
earn_fast_2024,4.0,838.0,2.0,0.0,44.0,DM me to grow your account fast,1,0.677,0.957,0.354,2.0,222.04,0.724,0.0799,0.01,0.0195
emma.j,3.0,4.0,15.0,27.0,653.0,Architect | sustainable design,0,0.08,0.236,0.748,15.0,2.134,0.167,0.364,0.712,0.4967
code_master,237.0,32.0,16.0,13.0,396.0,Chef | Recipe creator,0,0.047,0.183,0.663,11.0,1.112,0.016,0.6832,0.666,0.3073
photo_by_anna,186.31190680977298,0.0,26.12778147143685,23.581265810924535,2467.4983379170158,Artist | Digital creator,0,0.035896285238015815,0.37570013922741513,0.7956434755407783,11.030764033776485,6.255799039790701,0.17767033353354383,0.25019559401558517,0.9873860071065074,0.5571076909445913
ethan_games,32.85285421628585,0.0,53.07387077455916,14.367693191904788,303.8326781307529,Environmental activist,0,0.10034590566018127,0.33452998540143464,0.7499041141060369,16.074862266137394,5.420881486361351,0.0980626539857089,0.24506600918080754,0.6834718738622372,0.17420421131249525
alex_travel,54.0,18.0,21.0,18.0,3004.0,Chef | Recipe creator,0,0.039,0.451,0.987,13.0,3.518,0.078,0.4611,0.652,0.2574
user8374629,1.0,1867.0,0.0,0.0,12.0,Click link below 💰,1,0.744,0.881,0.318,2.0,172.17,0.713,0.016,0.065,0.0198
1234567890ab,15.0,2221.0,2.0,0.0,48.0,,1,0.662,0.935,0.397,1.0,112.45,0.962,0.0987,0.003,0.0414
sophia_teaches,17.0,86.0,1.0,24.0,1623.0,Podcaster | interviewing founders,0,0.038,0.464,0.741,10.0,1.825,0.045,0.67,0.859,0.2502
autoliker_pro,3.0,1455.0,0.0,0.0,43.0,earn $500/day 👇,0,0.63,0.894,0.235,4.0,101.76,0.83,0.0362,0.15,0.0384
amy_joy,14.001787114441745,0.0,36.87630253791792,12.031424788731718,893.4975932243046,software engineer @ Google,0,0.10601611673589853,0.5157462237810423,0.7926501165752216,15.040518599643935,2.6348671187060226,0.030340400827201783,0.2929017194099362,0.7048002878510294,0.6204971515861026
ava_dances,1600.0,15.0,10.0,17.0,438.0,High school teacher | making STEM fun,0,0.013,0.176,0.798,17.0,1.364,0.131,0.5043,0.986,0.5566
mia_cooks,206.0,6.0,5.0,15.0,2546.0,Freelance illustrator | art prints available,0,0.135,0.335,0.943,18.0,3.087,0.089,0.5412,0.64,0.5637
amy_joy,177.0,31.0,4.0,28.0,5000.0,Dance teacher | choreographer,0,0.095,0.477,0.651,10.0,0.164,0.005,0.3881,0.807,0.4888
chef_marco,13.0,11.0,14.0,22.0,5000.0,Yoga instructor | wellness coach,0,0.054,0.402,0.951,12.0,1.258,0.132,0.4012,0.626,0.4772
airdrop_winner99,14.431596903944218,342.8469251800617,0.0,0.5704598482816773,96.5726004827908,FREE gift cards click here,1,0.796557710756982,0.8938200108187954,0.28001805619979747,2.0269049563253945,108.00934067152164,0.95168246102301,0.0779971738279922,0.2515884844126154,0.03258984738179099
zz_promo_zz,13.0,1663.0,2.0,0.0,29.0,make money online → bio link,1,0.927,0.979,0.359,2.0,282.44,0.879,0.0977,0.069,0.0199
mark_adventure,507.0,15.0,4.0,2.0,2493.0,Chef | Recipe creator,0,0.09,0.311,0.816,13.0,0.258,0.126,0.3418,0.743,0.1709
creative_dan,1196.0,3.0,12.0,16.0,2922.0,Traveler | 50+ countries visited,0,0.073,0.326,0.858,17.0,3.048,0.004,0.6462,0.855,0.3484
a8f7d3k9p2,18.0,463.0,2.0,0.0,26.0,earn while you sleep 💸,1,0.92,0.931,0.181,3.0,203.82,0.988,0.0147,0.136,0.0344
chef_marco,38.71107107014105,56.468242691533824,8.023790043913815,25.36750352713955,873.1829670189168,UX designer @Meta,0,0.13989187996391192,0.22196834465668422,0.6977284395668997,8.027617424895768,0.0,0.015147013651481476,0.6135175609549338,0.6751101930646344,0.3613968752077637
sophia_teaches,57.77294577740326,0.0,13.33359781172964,15.224487980505462,755.5128456336213,Yoga instructor | wellness coach,0,0.11478177052231152,0.16312286234902793,0.9740823711510948,11.32632886284182,0.4475484389280018,0.07611408649841447,0.22022041826998418,0.8368514676570914,0.432448672050776
ava_dances,17.0,6.0,27.0,14.0,1737.0,Architect | sustainable design,0,0.059,0.288,0.892,11.0,3.51,0.101,0.5766,0.792,0.2126
sarah_smith,15.54487769622293,159.07035743162686,36.208343306588894,1.7964635048768967,1509.6782178351114,photographer | travel 📷,0,0.03290071507461302,0.27941583775242274,0.8497271304422407,8.547046688680737,5.4227483951205935,0.040266294811810543,0.6751015892629842,0.9639024362468107,0.5689145974726271
earn_fast_2024,16.0,632.0,0.0,0.0,43.0,earn $500/day 👇,1,0.829,0.943,0.198,1.0,206.28,0.892,0.0359,0.141,0.0297
mia_cooks,13.0,9.0,29.0,6.0,2740.0,Gaming streamer | Twitch partner,0,0.097,0.19,0.678,10.0,1.941,0.142,0.303,0.63,0.4409
grace_beauty,11.0,22.0,2.0,4.0,4515.0,Developer | Open source enthusiast,0,0.054,0.409,0.739,18.0,1.544,0.139,0.6834,0.812,0.239
f4f_master_99,1.7236290125988705,2939.69270988225,3.5910236048661446,0.0,133.3339129351079,airdrop $ETH daily,1,0.7194210803242577,0.9596232204181357,0.26705818988331215,3.6773693827317517,233.61126343545348,0.7113762298959304,0.08122161843415898,0.037168121069257674,0.0
grace_beauty,31.18947984068733,63.159382684134194,4.361214445976905,4.223263806023136,2825.84705902247,Retired engineer | amateur astronomer,0,0.1382270963567248,0.31937264688948097,0.8830008476150917,10.05615328974816,3.270892720333257,0.18514742162949932,0.32030758781496543,0.6598888268487775,0.5273129227863446
james_hikes,29.0,34.0,10.0,14.0,5000.0,Podcaster | interviewing founders,0,0.054,0.436,0.922,12.0,2.99,0.104,0.4114,0.802,0.5504
rachel_reads,279.0,13.0,14.0,7.0,2113.0,Blogger | Lifestyle & wellness,0,0.121,0.358,0.692,13.0,4.246,0.188,0.3779,0.828,0.4895
acc29471838,9.0,1175.0,2.0,0.0,28.0,FREE gift cards click here,1,0.794,0.945,0.287,1.0,194.11,0.861,0.0402,0.072,0.0059
john_doe,169.0,17.0,7.0,17.0,5000.0,News journalist @NYT,0,0.018,0.441,0.72,10.0,2.695,0.165,0.3923,0.722,0.3411
fit_jessica,46.0,3.0,9.0,8.0,5000.0,Architect | sustainable design,0,0.036,0.29,0.837,18.0,3.253,0.168,0.3415,0.944,0.2614
james_hikes,95.0,5.0,21.0,15.0,1511.0,Dance teacher | choreographer,0,0.112,0.482,0.733,14.0,2.496,0.173,0.5573,0.895,0.3151
rachel_reads,59.0,59.0,124.0,24.0,1904.0,Blogger | Lifestyle & wellness,0,0.082,0.432,0.86,14.0,2.083,0.038,0.3187,0.972,0.11
alex_travel,765.0,61.0,25.0,1.0,4676.0,Nurse practitioner | women's health advocate,1,0.138,0.484,0.721,18.0,1.262,0.145,0.2327,0.812,0.3585
q7w8e9r0t1y2,10.0,1936.0,1.0,0.0,16.0,DM me to grow your account fast,1,0.919,0.903,0.202,3.0,129.85,0.885,0.0357,0.247,0.0417
tom_techie,3.0,19.0,19.0,11.0,1944.0,Marketing professional | keynote speaker,0,0.146,0.135,0.783,8.0,0.922,0.041,0.3992,0.985,0.4679
free_follower_bot,0.0,1620.2044251588286,0.0,0.0,212.04589415296218,airdrop $ETH daily,1,0.7510549048444186,0.9472707111894817,0.1044374640219493,1.868317617212352,286.68677911995303,0.945488093903678,0.03484108384573309,0.20417321973018687,0.021225662860275725
free_follower_bot,10.0,2581.0,2.0,0.0,26.0,follow for follow back,1,0.69,0.934,0.31,3.0,198.1,0.892,0.049,0.153,0.0367
free_follower_bot,18.0,2868.0,0.0,0.0,10.0,,1,0.695,0.941,0.137,3.0,192.0,0.732,0.0843,0.292,0.005
bot_account_7,8.0,1647.0,0.0,0.0,39.0,make money online → bio link,1,0.945,0.96,0.251,1.0,284.89,0.953,0.0216,0.06,0.0161
chef_marco,8911.0,67.0,96.0,6.0,5000.0,News journalist @NYT,0,0.004,0.148,0.877,12.0,3.076,0.09,0.4824,0.653,0.4131
zz_promo_zz,9.0,926.0,0.0,0.0,4.0,,1,0.65,0.929,0.161,1.0,99.76,0.929,0.0429,0.117,0.0121
lisa_writes,148.0,18.0,3.0,20.0,3833.0,Freelance illustrator | art prints available,0,0.101,0.106,0.949,15.0,2.355,0.012,0.231,0.678,0.2666
rachel_reads,26.0,31.0,9.0,22.0,5000.0,Architect | sustainable design,0,0.036,0.511,0.83,16.0,4.392,0.071,0.5661,0.978,0.1099
free_follower_bot,7.0,1878.0,2.0,0.0,45.0,earn while you sleep 💸,1,0.747,0.866,0.361,1.0,166.03,0.875,0.0482,0.22,0.0222
luke_designs,468.0,67.0,23.0,28.0,764.0,Musician. Coffee addict.,0,0.09,0.445,0.677,9.0,1.122,0.029,0.674,0.676,0.2185
q7w8e9r0t1y2,11.0,1452.0,0.0,0.0,18.0,crypto signals ✅ 99% win rate,1,0.784,0.926,0.287,1.0,176.5,0.867,0.0597,0.208,0.0094
lisa_writes,16.63860457967967,0.0,23.504957016024715,2.8712444332986786,740.3823501723698,Architect | sustainable design,0,0.06140578669955524,0.1937859857681158,0.6889170037787269,17.183643845328163,10.898035102361812,0.07760330919131345,0.42023315986705506,0.8264601707838886,0.5790356308139462
paul_runs,65.0,36.0,18.0,4.0,3499.0,Data scientist | ML researcher,0,0.144,0.29,0.848,17.0,3.528,0.182,0.6951,0.865,0.5749
mia_cooks,14.060357717991069,42.60840904153939,0.0,5.012378993426045,735.8119660216296,software engineer @ Google,0,0.12756886935546777,0.41904480177861775,0.7627303741339777,13.799077512111932,3.9741239286891354,0.05958222312616193,0.31217724462586843,0.9352198563596141,0.5462327607574603
xXx_profit_xXx,6.0,2711.0,1.0,0.0,58.0,Click link below 💰,1,0.767,0.851,0.372,3.0,197.79,0.719,0.0104,0.203,0.0187
real_human_01234,6.0,567.0,1.0,0.0,36.0,,1,0.707,0.897,0.363,2.0,166.0,0.76,0.0703,0.084,0.0359
noah_films,23.0,14.0,3.0,3.0,5000.0,Marketing professional | keynote speaker,0,0.091,0.442,0.895,16.0,0.53,0.11,0.4423,0.83,0.1206
sophia_teaches,57.0,8.0,6.0,10.0,365.0,Wildlife photographer based in Kenya,0,0.031,0.404,0.97,14.0,4.888,0.133,0.2369,0.899,0.5632
mia_cooks,12.0,29.0,1.0,4.0,4709.0,Data scientist | ML researcher,0,0.031,0.398,0.662,12.0,1.911,0.032,0.4018,0.744,0.1561
rachel_reads,81.0,8.0,43.0,27.0,5000.0,Teacher & lifelong learner,0,0.11,0.419,0.887,10.0,4.629,0.19,0.5043,0.685,0.1616
get_rich_88,8.0,2154.0,1.0,0.0,29.0,earn $500/day 👇,1,0.845,0.921,0.367,4.0,245.48,0.788,0.0206,0.28,0.01
9182736450,15.0,1998.0,2.0,0.0,4.0,follow for follow back,1,0.89,0.887,0.117,1.0,115.08,0.749,0.0567,0.205,0.0165
james_hikes,12.0,42.0,10.0,27.0,1292.0,Nurse practitioner | women's health advocate,0,0.064,0.352,0.817,17.0,1.774,0.049,0.2353,0.711,0.2382
bot291847362,0.0,734.6384907063442,2.18062224119248,0.0,0.0,crypto signals ✅ 99% win rate,1,0.638416165120932,0.8938182174089321,0.1827550673051175,4.127567638307022,74.39584602066336,0.8638801296568003,0.09878129490639288,0.056271336792569335,0.0
chef_marco,22.0,6.0,35.0,24.0,5000.0,Environmental activist,0,0.121,0.337,0.688,15.0,3.976,0.112,0.4905,0.742,0.1744
alex_travel,1.0,50.0,4.0,9.0,2303.0,Architect | sustainable design,0,0.094,0.309,0.849,14.0,3.723,0.039,0.4923,0.632,0.584
olivia_draws,579.0,24.0,28.0,3.0,365.0,News journalist @NYT,0,0.127,0.303,0.86,10.0,4.566,0.076,0.338,0.912,0.3053
ethan_games,703.0,12.0,14.0,4.0,1359.0,Teacher & lifelong learner,0,0.145,0.49,0.816,13.0,4.531,0.0,0.5587,0.936,0.495
chef_marco,1.0,13.0,21.0,14.0,2101.0,Wildlife photographer based in Kenya,0,0.132,0.324,0.65,15.0,1.108,0.153,0.39,0.803,0.1448
earn_fast_2024,40.88008382471859,2809.8216015881403,0.0,0.234850729947901,63.59634816656484,NFT investor | crypto tips,1,0.6148894688935318,0.8377554706652909,0.1777781514576194,4.438258383643482,206.98317717687524,0.9322382297734215,0.08247715159918394,0.24546065054502586,0.04979896400371546
bot291847362,11.0,2382.0,1.0,0.0,19.0,DM me to grow your account fast,0,0.751,0.961,0.142,3.0,126.27,0.981,0.0989,0.118,0.027
chris_builds,27.19064703932599,0.0,2.473477658831012,25.206379839362942,4826.423117163531,Environmental activist,0,0.11444577242708595,0.2979766436686295,0.895859240680293,14.759289386833924,12.278622509948764,0.05741695826791802,0.6495499764671829,0.8265578029371492,0.15832704003227022
f4f_master_99,23.68290184744131,2812.960879091818,4.404689729457521,0.0,25.407365442781554,crypto signals ✅ 99% win rate,1,0.6412509811819711,0.8819389850595705,0.26444627451992386,2.9999164632447726,165.8241356916074,0.7130664655154528,0.09556567628396605,0.13087608718146743,0.005798772562072757
user8374629,14.0,1036.0,0.0,0.0,54.0,NFT investor | crypto tips,1,0.806,0.958,0.324,1.0,229.7,0.731,0.0447,0.274,0.0184
dev_pete,7.0,45.0,20.0,22.0,974.0,Fashion designer | PR welcome,0,0.097,0.528,0.814,16.0,0.841,0.155,0.3415,0.613,0.3616
earn_fast_2024,12.0,1029.0,0.0,0.0,59.0,,1,0.918,0.898,0.125,4.0,168.91,0.776,0.0907,0.25,0.0062
bot291847362,0.0,2726.231733560932,1.9416788468725867,0.0,0.0,,1,0.7314043174056453,0.9563715817778881,0.12998602379195237,4.187594167292046,160.3495633068618,0.8595744674797048,0.044693975125834604,0.1448528079233641,0.015080504427802798
1234567890ab,3.0,1017.0,0.0,0.0,38.0,♻️ repost to win $1000,1,0.925,0.897,0.318,4.0,100.5,0.986,0.0377,0.292,0.0168
9182736450,1.0,2732.0,2.0,0.0,36.0,,1,0.862,0.903,0.197,2.0,294.19,0.801,0.0736,0.141,0.0118
nina_art,29.53607850899312,0.0,30.959472231347835,8.98961475897169,900.1404007587886,Dog lover | Hiking | Books,0,0.13790140953511693,0.46685004601189545,0.9428444796629323,13.146976560456215,0.0,0.13518065844613456,0.6184263220661214,0.68019310116221,0.414341369018167
insta_boost_247,16.0,2570.0,0.0,0.0,14.0,📈 passive income daily,1,0.711,0.974,0.317,2.0,182.75,0.897,0.0354,0.192,0.0037
mia_cooks,98.3482169871399,37.690159325408615,92.87943236932098,26.87518340519546,2093.322965300896,Podcaster | interviewing founders,0,0.060736729771775494,0.3602759591606446,0.8694743586882473,10.547692129965421,5.037225984134141,0.0610902558580765,0.21320567450228753,0.762568650055155,0.5172443033175624
sarah_smith,40.0,5.0,4.0,19.0,744.0,Data scientist | ML researcher,0,0.051,0.261,0.957,10.0,3.845,0.132,0.5694,0.95,0.4758
luke_designs,53.0,19.0,14.0,27.0,1736.0,Blogger | Lifestyle & wellness,0,0.029,0.37,0.84,12.0,0.71,0.108,0.5041,0.926,0.276
james_hikes,407.0,75.0,105.0,1.0,1888.0,Dance teacher | choreographer,0,0.023,0.269,0.779,17.0,3.792,0.016,0.4935,0.938,0.3419
mia_cooks,24.0,9.0,62.0,27.0,5000.0,Yoga instructor | wellness coach,0,0.067,0.211,0.752,12.0,3.579,0.111,0.3599,0.933,0.2075
zz_promo_zz,19.0,1680.0,1.0,0.0,55.0,📈 passive income daily,1,0.622,0.873,0.166,2.0,228.14,0.853,0.0364,0.272,0.0446
grace_beauty,188.0,10.0,8.0,1.0,2405.0,Developer | Open source enthusiast,0,0.024,0.487,0.903,12.0,3.043,0.01,0.697,0.988,0.1592
free_follower_bot,7.0,456.0,2.0,0.0,25.0,,1,0.779,0.954,0.316,4.0,203.49,0.802,0.0543,0.258,0.0065
luke_designs,127.37799629397257,0.0,19.94787192874569,28.348954886279223,3844.557040980189,Wildlife photographer based in Kenya,0,0.11843064079141388,0.5338261920911053,0.771784235954552,17.211810747184778,6.308908683924402,0.015811534313889257,0.5536767865304754,0.8251955587755992,0.13607280489111287
mark_adventure,18.0,2.0,45.0,23.0,5000.0,Architect | sustainable design,0,0.07,0.455,0.84,10.0,1.863,0.157,0.4725,0.707,0.5876
acc29471838,27.600158816947296,1835.8020405750485,0.0,0.1834362105917635,0.0,official giveaway account,1,0.9465583874157756,0.9675390359561641,0.25562977061379055,3.565979716257731,62.713788486504015,0.8015265000424089,0.07860052206755075,0.051131442580000123,0.002572408797501303
luke_designs,233.0,13.0,226.0,14.0,1224.0,mom of 3 | foodie,0,0.076,0.371,0.889,17.0,0.4,0.164,0.5005,0.72,0.1545
chris_builds,19.0,7.0,7.0,24.0,4686.0,Musician. Coffee addict.,0,0.028,0.211,0.703,9.0,3.138,0.02,0.6462,0.833,0.1313
john_doe,29.0,19.0,15.0,20.0,797.0,Architect | sustainable design,0,0.012,0.327,0.764,11.0,1.939,0.076,0.5922,0.689,0.4686
a8f7d3k9p2,16.183943979709554,717.8960388971556,0.13841948274005747,0.0,0.0,crypto signals ✅ 99% win rate,1,0.8605865531531247,0.9481885970106853,0.3534234489150403,4.014814423815204,114.81615551096431,0.8337484926666981,0.07315137792618592,0.018026510441097682,0.0336973757949298
grace_beauty,41.077260274797354,0.0,10.748931861162438,21.882148221195024,1019.6965901843888,Retired engineer | amateur astronomer,0,0.042481177439802724,0.3394543544094162,0.8750235271898471,14.264891712002152,0.0,0.17542142117252715,0.6625078266697629,0.8638822313878499,0.35851163005479825
xXx_profit_xXx,1.0,1053.0,1.0,0.0,56.0,crypto signals ✅ 99% win rate,1,0.925,0.901,0.101,2.0,76.2,0.767,0.0707,0.216,0.0191
free_follower_bot,7.0,210.0,1.0,0.0,43.0,follow for follow back,1,0.745,0.852,0.372,3.0,119.66,0.845,0.0619,0.141,0.025
autoliker_pro,26.391429146923148,919.365826597565,0.0,0.0,10.010358123695248,,1,0.7941142399505123,0.8425357548012341,0.3094206628702853,4.020260334899471,96.24494887520618,0.9148506500600532,0.06482870871460507,0.2665245784603835,0.04093155921320231
noah_films,237.0,301.0,17.0,17.0,365.0,Teacher & lifelong learner,0,0.119,0.461,0.786,17.0,0.716,0.108,0.6631,0.659,0.2037
mike_2023,33.0,18.0,11.0,22.0,2076.0,photographer | travel 📷,0,0.033,0.267,0.652,16.0,4.791,0.184,0.6689,0.804,0.2008
9182736450,4.0,2903.0,0.0,0.0,13.0,airdrop $ETH daily,1,0.768,0.915,0.168,1.0,285.97,0.906,0.0673,0.136,0.0481
fit_jessica,48.0,11.0,2.0,1.0,5000.0,Blogger | Lifestyle & wellness,0,0.035,0.46,0.936,14.0,1.69,0.019,0.2585,0.849,0.2232
zz_promo_zz,0.0,459.0,1.0,0.0,48.0,NFT investor | crypto tips,1,0.912,0.943,0.232,3.0,247.94,0.875,0.0931,0.212,0.0402
insta_boost_247,5.0,652.0,0.0,0.0,49.0,official giveaway account,1,0.898,0.974,0.253,4.0,237.68,0.712,0.0169,0.109,0.0112
ava_dances,110.64454504553291,0.0,29.995583508299458,4.926460557837089,2969.896905376674,Wildlife photographer based in Kenya,0,0.1341542014182365,0.48464715659886454,0.881918290450609,17.697460417919412,0.0,0.1683705472549353,0.33692631458425537,0.7869809728874153,0.3743117628157382
emma.j,71.0,19.0,23.0,14.0,4335.0,Architect | sustainable design,0,0.022,0.163,0.808,8.0,3.52,0.095,0.3269,0.863,0.3539
get_rich_88,0.0,2362.0,0.0,0.0,7.0,,1,0.766,0.936,0.354,2.0,115.04,0.862,0.0804,0.016,0.0143
free_follower_bot,8.0,1498.0,0.0,0.0,11.0,earn $500/day 👇,1,0.752,0.943,0.316,2.0,55.79,0.852,0.0482,0.157,0.0255
noah_films,133.78274190450952,55.56024937236635,6.575497962343868,6.384765335486382,3183.5905334491454,Musician. Coffee addict.,0,0.10179044708944246,0.37950379452965627,0.8464650903440888,12.73262929041098,3.3336124355924905,0.166613308990255,0.48140323754209674,0.8959171916704668,0.3819311514023483
emma.j,0.0,0.0,4.7193478426263,21.816507084981957,3745.8389357423102,UX designer @Meta,0,0.13622795007645366,0.37079837665296045,0.8381380812894024,8.270449134879772,0.0,0.08227104585924848,0.6555186469692224,0.8089883496630176,0.21205983609513085
crypto_king_9999,4.0,1748.0,1.0,0.0,56.0,,1,0.885,0.873,0.308,3.0,114.99,0.945,0.0625,0.156,0.0383
real_human_01234,10.0,2392.0,2.0,0.0,39.0,📈 passive income daily,1,0.897,0.908,0.391,1.0,93.25,0.863,0.0162,0.081,0.0118
airdrop_winner99,9.0,707.0,1.0,0.0,43.0,promo available 📩,1,0.883,0.97,0.237,2.0,201.28,0.859,0.0715,0.149,0.0006
free_follower_bot,1.0,909.0,1.0,0.0,31.0,,1,0.791,0.921,0.205,1.0,200.21,0.799,0.0116,0.139,0.0157
alex_travel,88.0,63.0,28.0,29.0,3838.0,Marketing professional | keynote speaker,0,0.075,0.11,0.858,11.0,3.259,0.151,0.588,0.765,0.4797
q7w8e9r0t1y2,6.0,1286.0,0.0,0.0,19.0,FREE BTC airdrop → link in bio,1,0.891,0.914,0.308,1.0,215.41,0.739,0.0289,0.163,0.0362
ava_dances,163.0,21.0,3.0,9.0,1633.0,fitness coach 💪 DM for training plans,0,0.148,0.305,0.896,9.0,1.664,0.154,0.4769,0.682,0.5019
ethan_games,27.0,105.0,11.0,21.0,1154.0,Chef | Recipe creator,0,0.054,0.445,0.984,8.0,3.671,0.09,0.4869,0.654,0.2552
free_follower_bot,5.0,2274.0,2.0,0.0,26.0,official giveaway account,1,0.865,0.858,0.396,2.0,58.86,0.792,0.0486,0.197,0.0136
ethan_games,711.0,26.0,45.0,2.0,3008.0,Podcaster | interviewing founders,0,0.007,0.257,0.69,13.0,1.245,0.161,0.3333,0.643,0.529
chris_builds,21.890233674334567,200.77887949298213,62.6329111384663,6.713428760928565,936.740791846766,software engineer @ Google,0,0.096978567559235,0.412248077869597,0.8523440452120339,14.002661501495625,0.0,0.03339256831372069,0.444478253752773,0.8346635878859877,0.4145335416710307
grace_beauty,201.0,27.0,30.0,10.0,932.0,Musician. Coffee addict.,0,0.131,0.239,0.956,15.0,3.297,0.184,0.3757,0.861,0.1728
daniel_f,2.0,33.0,5.0,27.0,5000.0,Dance teacher | choreographer,0,0.063,0.378,0.908,11.0,3.366,0.104,0.4011,0.628,0.3759
real_human_01234,17.0,617.0,1.0,0.0,37.0,NFT investor | crypto tips,1,0.706,0.962,0.332,3.0,75.73,0.91,0.0165,0.27,0.0166
airdrop_winner99,18.0,1424.0,0.0,0.0,34.0,FREE gift cards click here,1,0.912,0.982,0.288,3.0,112.67,0.787,0.0609,0.167,0.0351
f4f_master_99,7.0,2656.0,2.0,0.0,54.0,airdrop $ETH daily,1,0.614,0.927,0.205,2.0,95.57,0.772,0.0394,0.041,0.0063
f4f_master_99,18.0,2231.0,0.0,0.0,10.0,,1,0.906,0.91,0.227,2.0,115.07,0.828,0.0405,0.1,0.0058
code_master,53.0,11.0,1.0,27.0,1657.0,Entrepreneur | Founder @startup,0,0.141,0.52,0.963,11.0,1.972,0.007,0.2389,0.92,0.1947
bot_account_7,3.0,693.0,0.0,0.0,21.0,follow for follow back,1,0.869,0.898,0.145,3.0,101.18,0.751,0.0653,0.296,0.0052
luke_designs,2.0,2.0,11.0,13.0,1097.0,Yoga instructor | wellness coach,0,0.047,0.442,0.685,18.0,3.652,0.119,0.3372,0.709,0.2224
zz_promo_zz,16.0,2819.0,1.0,0.0,49.0,,1,0.814,0.86,0.164,3.0,290.23,0.887,0.0791,0.253,0.02
james_hikes,1.0,28.0,13.0,25.0,433.0,Fashion designer | PR welcome,0,0.04,0.409,0.948,15.0,4.306,0.115,0.6933,0.627,0.3063
john_doe,34.0,31.0,8.0,19.0,5000.0,Entrepreneur | Founder @startup,0,0.054,0.397,0.823,9.0,1.156,0.025,0.5733,0.901,0.3725
alex_travel,617.0,37.0,49.0,3.0,365.0,Musician. Coffee addict.,0,0.118,0.193,0.65,13.0,2.575,0.187,0.4766,0.84,0.3967
mark_adventure,3.0,12.0,7.0,21.0,601.0,Dance teacher | choreographer,0,0.148,0.54,0.96,11.0,2.929,0.112,0.3659,0.686,0.4822
creative_dan,4.0,12.0,101.0,27.0,625.0,UX designer @Meta,0,0.139,0.184,0.93,11.0,4.647,0.181,0.6651,0.885,0.4687
ben_codes,6.0,14.0,37.0,28.0,2863.0,Dance teacher | choreographer,0,0.083,0.37,0.858,10.0,0.23,0.109,0.6809,0.781,0.5624
real_human_01234,14.0,2443.0,0.0,0.0,14.0,♻️ repost to win $1000,1,0.803,0.85,0.298,1.0,177.39,0.842,0.0558,0.173,0.0375
emma.j,65.0,15.0,28.0,10.0,2172.0,Dog lover | Hiking | Books,0,0.118,0.177,0.792,14.0,3.552,0.184,0.6366,0.695,0.3752
mark_adventure,28.0,15.0,21.0,19.0,1185.0,Podcaster | interviewing founders,0,0.111,0.502,0.988,12.0,1.378,0.006,0.4211,0.916,0.4138
chef_marco,243.0,8.0,64.0,23.0,3030.0,mom of 3 | foodie,0,0.036,0.273,0.953,10.0,2.721,0.162,0.3931,0.957,0.2398
lisa_writes,96.0,14.0,30.0,0.0,1119.0,Wildlife photographer based in Kenya,0,0.131,0.323,0.872,14.0,0.548,0.032,0.2194,0.933,0.3295
1234567890ab,19.784326750984242,2562.692966977113,0.1914487205142632,0.4351201713431419,0.0,crypto signals ✅ 99% win rate,1,0.7662001890213929,0.9504067882353872,0.3450702516778133,0.8278020409646407,250.9385816540022,0.9013752728069937,0.05687894815062802,0.012683272764525987,0.021784969449216752
bot291847362,10.0,2996.0,1.0,0.0,26.0,earn $500/day 👇,1,0.788,0.973,0.27,3.0,286.85,0.797,0.0481,0.149,0.0033
acc29471838,0.0,1525.450174154409,0.0,0.4851504099130717,0.0,investment advisor DM me,1,0.7152018380979982,0.8516171050303316,0.25596917744386005,1.6390216355334508,109.20597414316182,0.7165012894042273,0.08826321420693799,0.15965330182372975,0.019133921795229075
ben_codes,79.0,66.0,40.0,21.0,1263.0,Musician. Coffee addict.,0,0.092,0.237,0.789,12.0,3.443,0.007,0.2535,0.609,0.5584
get_rich_88,15.0,744.0,1.0,0.0,40.0,follow for follow back,1,0.67,0.911,0.335,4.0,286.27,0.902,0.0332,0.154,0.0157
luke_designs,909.0,10.0,8.0,26.0,974.0,software engineer @ Google,0,0.043,0.479,0.762,17.0,4.151,0.16,0.2718,0.772,0.4157
autoliker_pro,14.0,1150.0,1.0,0.0,34.0,NFT investor | crypto tips,1,0.782,0.934,0.259,1.0,195.59,0.957,0.0155,0.093,0.0252
a8f7d3k9p2,8.0,1408.0,2.0,0.0,40.0,DM me to grow your account fast,1,0.832,0.851,0.218,3.0,90.71,0.828,0.0157,0.055,0.0236
nina_art,799.0,8.0,13.0,6.0,3048.0,Chef | Recipe creator,0,0.112,0.145,0.867,15.0,3.86,0.082,0.474,0.772,0.4562
crypto_king_9999,8.0,1262.0,0.0,0.0,44.0,promo available 📩,1,0.654,0.93,0.39,4.0,96.9,0.911,0.0645,0.091,0.0414
tom_techie,8.0,9.0,3.0,9.0,608.0,Entrepreneur | Founder @startup,0,0.039,0.465,0.847,8.0,4.281,0.158,0.3184,0.776,0.4205
1234567890ab,5.0,2578.0,0.0,0.0,57.0,,1,0.9,0.933,0.129,3.0,221.97,0.766,0.0116,0.128,0.0103
acc29471838,9.0,2042.0,2.0,0.0,43.0,crypto signals ✅ 99% win rate,1,0.78,0.873,0.209,4.0,148.57,0.978,0.0573,0.016,0.0048
mike_2023,9.0,29.0,11.0,19.0,822.0,Blogger | Lifestyle & wellness,0,0.042,0.198,0.949,14.0,3.174,0.065,0.356,0.611,0.5846
daniel_f,246.0,33.0,1.0,22.0,5000.0,News journalist @NYT,0,0.002,0.381,0.973,9.0,0.637,0.102,0.5654,0.642,0.4624
zz_promo_zz,11.0,2544.0,0.0,0.0,1.0,FREE BTC airdrop → link in bio,1,0.84,0.918,0.298,3.0,146.64,0.764,0.0363,0.231,0.0314
olivia_draws,3.0,34.0,8.0,18.0,5000.0,mom of 3 | foodie,0,0.099,0.321,0.92,11.0,2.578,0.187,0.5882,0.747,0.1215
emma.j,83.2403830869481,58.34930298310711,19.778088888415084,28.84092054308464,2572.721868986527,Medical student | future doctor,0,0.10307786306704475,0.4083228724490841,0.8699391992619077,18.612787907726506,0.9905864640460474,0.11872896470235986,0.5908755867653136,0.9228789495548937,0.1476853281383492
ethan_games,49.0,35.0,8.0,11.0,1639.0,Environmental activist,0,0.138,0.157,0.709,16.0,4.9,0.03,0.4341,0.974,0.4743
get_rich_88,18.0,2848.0,0.0,0.0,59.0,Click link below 💰,1,0.891,0.964,0.329,4.0,295.1,0.945,0.0864,0.106,0.0129
rachel_reads,210.34436629799774,23.264154378339313,4.692624310933868,5.1327048375270286,1789.8518053724956,Entrepreneur | Founder @startup,0,0.027637433373422962,0.4828738539177221,0.7538425580780983,9.58912911389612,1.1774014852282035,0.1885670239083211,0.5001858243578658,0.8617550563406696,0.39146487145153797
chef_marco,182.0,58.0,9.0,20.0,365.0,Teacher & lifelong learner,1,0.133,0.412,0.934,11.0,1.719,0.105,0.325,0.63,0.3311
mia_cooks,8.0,10.0,24.0,10.0,5000.0,News journalist @NYT,0,0.003,0.388,0.79,8.0,3.715,0.181,0.4178,0.674,0.3555
chef_marco,106.0,20.0,5.0,9.0,420.0,Gaming streamer | Twitch partner,0,0.022,0.294,0.658,15.0,2.343,0.093,0.6173,0.729,0.3807
tom_techie,5.0,5.0,28.0,28.0,5000.0,Entrepreneur | Founder @startup,0,0.122,0.503,0.666,16.0,3.445,0.081,0.4702,0.624,0.4761
chef_marco,1450.0,35.0,2.0,3.0,4335.0,Entrepreneur | Founder @startup,0,0.046,0.391,0.772,17.0,2.593,0.071,0.3089,0.762,0.1673
noah_films,10.0,21.0,8.0,1.0,835.0,Blogger | Lifestyle & wellness,0,0.057,0.543,0.956,15.0,0.825,0.013,0.3798,0.689,0.3926
xXx_profit_xXx,8.0,289.0,2.0,0.0,16.0,DM me to grow your account fast,1,0.882,0.982,0.253,3.0,154.13,0.969,0.0836,0.11,0.0446
fit_jessica,842.0,32.0,3.0,0.0,2719.0,Blogger | Lifestyle & wellness,0,0.013,0.35,0.969,9.0,2.77,0.156,0.6861,0.775,0.2526
tom_techie,0.0,11.516638499257711,28.029525460444432,14.0948829865695,5101.690438687,Fashion designer | PR welcome,0,0.0636120919131526,0.5629175499443182,0.7326782451271971,18.05026087799748,0.0,0.07692191385091375,0.2998713334729363,0.8471587987491043,0.5806651117051838
autoliker_pro,6.0,1987.0,1.0,0.0,25.0,NFT investor | crypto tips,1,0.853,0.904,0.308,3.0,158.74,0.728,0.0835,0.077,0.0489
chris_builds,6.0,12.0,17.0,2.0,4934.0,mom of 3 | foodie,0,0.115,0.331,0.773,11.0,2.614,0.133,0.3158,0.977,0.5647
zz_promo_zz,11.0,2456.0,1.0,0.0,11.0,earn while you sleep 💸,1,0.701,0.958,0.283,3.0,57.98,0.711,0.088,0.282,0.0261
mark_adventure,54.0,23.0,8.0,28.0,1710.0,Gaming streamer | Twitch partner,0,0.011,0.366,0.892,16.0,1.79,0.197,0.2646,0.641,0.3449
creative_dan,42.09081963367866,1.6287474650821512,1.256703586163281,23.63834884029509,1633.4743342067582,Musician. Coffee addict.,0,0.19900694032574345,0.2557191586359161,0.9483898985472407,14.833996420771221,0.0,0.14519047978085045,0.46132119324046145,0.7614634670870716,0.19661830447741502
fit_jessica,66.0,9.0,14.0,13.0,5000.0,Gaming streamer | Twitch partner,0,0.002,0.218,0.818,17.0,4.495,0.034,0.6068,0.928,0.1017
autoliker_pro,54.65366324448204,2221.9457725159546,3.87345470071233,0.0,0.0,official giveaway account,1,0.6163395288980223,0.913381267068721,0.2861703973228237,0.8768947489905279,143.44509773045027,0.7068870707065923,0.04782129095941562,0.24957915096980704,0.004693078591054712
lisa_writes,392.0,6.0,26.0,9.0,3588.0,Traveler | 50+ countries visited,0,0.014,0.187,0.876,13.0,2.483,0.075,0.4981,0.881,0.1139
fit_jessica,22.0,28.0,3.0,29.0,1941.0,Retired engineer | amateur astronomer,0,0.032,0.531,0.983,15.0,4.043,0.183,0.4358,0.669,0.4055
earn_fast_2024,4.0,2418.0,2.0,0.0,37.0,make money online → bio link,1,0.879,0.924,0.222,1.0,184.08,0.714,0.0823,0.256,0.0113
tom_techie,396.0,28.0,2.0,12.0,365.0,photographer | travel 📷,0,0.07,0.278,0.686,16.0,4.105,0.101,0.5262,0.855,0.3043
chef_marco,198.0,34.0,2.0,15.0,1507.0,Medical student | future doctor,0,0.123,0.152,0.689,14.0,3.786,0.135,0.2539,0.652,0.1994
fit_jessica,425.0,47.0,4.0,19.0,1325.0,photographer | travel 📷,0,0.124,0.22,0.67,11.0,1.168,0.143,0.3973,0.896,0.4741
tom_techie,11.0,8.0,78.0,21.0,5000.0,software engineer @ Google,0,0.143,0.35,0.778,8.0,4.098,0.123,0.666,0.679,0.3001
nina_art,44.21104275175311,24.909812575085084,15.895276207930484,21.683501279353024,3429.9824256028423,Marketing professional | keynote speaker,0,0.0408713951228186,0.3245121134330979,0.6637260811459423,15.717986712037234,2.747151848217841,0.004356424033277108,0.6205501186898289,0.6854520780856738,0.3863331806552597
xXx_profit_xXx,14.0,341.0,1.0,0.0,11.0,📈 passive income daily,1,0.642,0.921,0.108,3.0,162.28,0.88,0.0851,0.233,0.0387
bot291847362,0.0,2203.0,0.0,0.0,51.0,btc eth airdrop free coins,1,0.814,0.884,0.115,4.0,60.83,0.793,0.0867,0.102,0.0462
amy_joy,19.0,15.0,7.0,17.0,5000.0,software engineer @ Google,0,0.097,0.475,0.83,13.0,1.51,0.034,0.4184,0.938,0.2852
airdrop_winner99,0.0,422.01500392370247,0.0,0.8549561208399077,51.18472443231923,follow for follow back,1,0.7610188472852991,0.8888210928501029,0.1832480271318512,3.918649931368847,192.23785130426614,0.9579597860727659,0.1154787966398471,0.13206785937426926,0.014048781444776106
acc29471838,6.0,693.0,0.0,0.0,45.0,,1,0.683,0.973,0.28,3.0,275.98,0.915,0.0822,0.201,0.0401
a8f7d3k9p2,1.0,1993.0,0.0,0.0,8.0,,1,0.77,0.876,0.153,4.0,128.16,0.939,0.0325,0.059,0.0092
emma.j,0.0,0.0,4.360387606031833,8.541986422872421,4979.744250003614,Musician. Coffee addict.,0,0.007919527585493963,0.2040455163579464,0.8001465978554513,14.248557388351932,3.5290029100421068,0.17492603333665266,0.4533256995237463,0.6820966136533687,0.10550595226697218
grace_beauty,115.0,10.0,76.0,1.0,3670.0,Yoga instructor | wellness coach,0,0.007,0.485,0.835,13.0,3.5,0.152,0.5992,0.758,0.383
airdrop_winner99,18.0,2889.0,2.0,0.0,46.0,investment advisor DM me,0,0.703,0.928,0.374,3.0,226.2,0.9,0.0788,0.03,0.0018
noah_films,21.0,29.0,4.0,14.0,722.0,Marketing professional | keynote speaker,0,0.109,0.355,0.802,17.0,3.933,0.102,0.3122,0.654,0.553
daniel_f,75.0,19.0,45.0,1.0,5000.0,Gaming streamer | Twitch partner,0,0.039,0.539,0.986,15.0,0.608,0.041,0.4385,0.984,0.5438
fit_jessica,1.0,14.0,18.0,12.0,684.0,Developer | Open source enthusiast,0,0.149,0.536,0.807,12.0,4.374,0.161,0.3083,0.914,0.36
fit_jessica,878.0,21.0,23.0,9.0,2845.0,Marketing professional | keynote speaker,0,0.038,0.144,0.797,14.0,2.735,0.063,0.4044,0.965,0.436
photo_by_anna,20.787983145051392,0.0,19.986640866556584,8.348510525332925,364.6102015008042,Architect | sustainable design,0,0.07975688527478128,0.44789019931427976,0.6864573537378992,13.59561982646746,0.0,0.0,0.3786960704020631,0.8983420914872698,0.5133626683548674
paul_runs,32.0,31.0,400.0,21.0,365.0,Freelance illustrator | art prints available,0,0.084,0.226,0.669,18.0,4.718,0.166,0.5004,0.848,0.4224
mark_adventure,94.93094327716777,10.520738835864687,5.940390315731853,10.894457833165644,732.8082783313827,Developer | Open source enthusiast,0,0.05850799946578247,0.2028829245434395,0.7125290945679486,14.373724954724958,0.0,0.042279123091758936,0.3185309982512852,0.8814031069124749,0.2466953569060878
real_human_01234,19.0,2299.0,1.0,0.0,49.0,FREE BTC airdrop → link in bio,1,0.655,0.912,0.303,4.0,225.59,0.945,0.0281,0.03,0.0108
airdrop_winner99,7.0,532.0,1.0,0.0,5.0,crypto millionaire | teach you how,1,0.766,0.899,0.339,1.0,283.07,0.751,0.0555,0.24,0.0159
paul_runs,8.0,11.0,6.0,3.0,4669.0,Wildlife photographer based in Kenya,0,0.097,0.45,0.821,8.0,1.781,0.156,0.6127,0.656,0.3093
insta_boost_247,13.0,2644.0,0.0,0.0,46.0,earn while you sleep 💸,1,0.782,0.934,0.191,3.0,224.84,0.848,0.0748,0.118,0.031
ethan_games,7.0792799670145214,0.0,10.311870588061824,15.124749528294977,1753.5251399554402,Podcaster | interviewing founders,0,0.010992856423022022,0.16775249916933563,0.937474183341399,13.633324059230068,4.106259716586323,0.20968343140880666,0.23914993537232065,0.8391569395209043,0.16877772995365226
autoliker_pro,3.0,664.0,2.0,0.0,30.0,official giveaway account,1,0.9,0.97,0.281,4.0,91.33,0.901,0.0241,0.061,0.0048
9182736450,2.0,466.0,2.0,0.0,2.0,btc eth airdrop free coins,1,0.649,0.851,0.363,1.0,192.92,0.751,0.0479,0.104,0.025
nina_art,1491.0,24.0,2.0,28.0,1252.0,Artist | Digital creator,0,0.058,0.159,0.86,14.0,1.747,0.198,0.3221,0.962,0.4333
ben_codes,518.0,46.0,19.0,26.0,1407.0,fitness coach 💪 DM for training plans,0,0.115,0.49,0.875,17.0,4.451,0.109,0.4959,0.908,0.1486
mark_adventure,464.0,6.0,15.0,10.0,4325.0,Architect | sustainable design,0,0.139,0.285,0.986,12.0,2.352,0.097,0.3291,0.719,0.4535
a8f7d3k9p2,4.094758083775682,2425.078767356005,1.9666487714240248,0.0,48.185720093279805,,1,0.6369337839442395,0.8673153035142208,0.18002352180695977,0.8819579460959546,141.33684285104633,0.9827560509397931,0.0398864514296052,0.17816157960622056,0.04485394126957924
user8374629,0.0,942.3156656439336,0.7655782231418471,0.6529258740897369,7.216775761085444,btc eth airdrop free coins,1,0.7191945030709455,0.9126168436941772,0.2600420331836889,1.9839333067595342,111.52204849926405,0.7901973505780592,0.10389741860683704,0.2199689232991982,0.02358857955247381
user8374629,3.0,1875.0,0.0,0.0,20.0,investment advisor DM me,1,0.896,0.989,0.394,4.0,147.74,0.7,0.0516,0.084,0.0399
earn_fast_2024,1.0,2368.0,0.0,0.0,44.0,DM me to grow your account fast,1,0.628,0.929,0.176,3.0,217.27,0.91,0.0944,0.276,0.0141
zz_promo_zz,12.0,2000.0,0.0,0.0,22.0,FREE gift cards click here,1,0.769,0.896,0.191,3.0,157.15,0.74,0.0608,0.132,0.0314
rachel_reads,21.0,63.0,40.0,20.0,805.0,High school teacher | making STEM fun,0,0.132,0.425,0.712,15.0,2.844,0.123,0.2473,0.647,0.4549
crypto_king_9999,5.0,1462.0,2.0,0.0,46.0,📈 passive income daily,1,0.917,0.883,0.141,3.0,213.89,0.942,0.0647,0.027,0.0175
zz_promo_zz,2.0,2919.0,1.0,0.0,18.0,NFT investor | crypto tips,1,0.858,0.984,0.162,2.0,56.17,0.978,0.0169,0.243,0.0361
zz_promo_zz,21.87592861721882,3045.8981167680467,0.0,0.0,102.64979738506068,follow for follow back,1,0.8076160224238201,0.9501992976126283,0.17501136123118738,1.8200037482107312,251.20001537717292,0.8475670437569174,0.07350905146309819,0.13106178202748653,0.03721875325231483
zz_promo_zz,10.0,1654.0,0.0,0.0,35.0,♻️ repost to win $1000,1,0.868,0.913,0.299,3.0,287.28,0.975,0.0559,0.046,0.0345
emma.j,328.0,26.0,12.0,18.0,2858.0,Wildlife photographer based in Kenya,0,0.087,0.449,0.866,9.0,3.127,0.178,0.3085,0.644,0.3969
fit_jessica,32.24312808534525,42.19063466444261,11.296254951067471,14.288246001727567,1611.2853188257866,fitness coach 💪 DM for training plans,0,0.14299020026843456,0.2787939546227228,0.7890070244291996,11.95986196519542,1.4231127605593676,0.17077511716207824,0.5571664146570262,0.8309293934330122,0.2283113966440618
autoliker_pro,4.0,1885.0,1.0,0.0,48.0,,1,0.782,0.932,0.314,3.0,267.88,0.71,0.0605,0.026,0.0387
fit_jessica,59.0,24.0,400.0,21.0,5000.0,Medical student | future doctor,0,0.134,0.389,0.845,8.0,3.581,0.089,0.2688,0.799,0.402
q7w8e9r0t1y2,1.348485318371334,1578.2180118908366,0.9466275169202428,0.0,105.18012083632941,btc eth airdrop free coins,1,0.7340653465772273,0.8560818208606281,0.17824528593314443,4.092203941670924,121.76381110527342,0.8660165181688918,0.02853609240757639,0.0,0.04416834275327382
get_rich_88,3.9285385156848527,1578.8080016509005,3.4734454891219473,0.0,53.05047785603719,crypto millionaire | teach you how,1,0.8964202360092944,0.9161401092179725,0.21368674003717944,0.7763971333150446,232.75540788640404,0.7246112127339167,0.03641654213426546,0.08056808690778325,0.030394474151282897
ethan_games,148.0545261371829,0.0,11.711043914822394,5.097260184079671,5010.235638366752,mom of 3 | foodie,0,0.05838075090486063,0.14977906699077354,0.7904595014777361,12.930413151512841,0.0,0.06989352132302999,0.3852078855231647,0.7969649629853129,0.5249759591437375
noah_films,24.0,30.0,76.0,7.0,1474.0,Medical student | future doctor,0,0.061,0.161,0.93,11.0,1.396,0.19,0.287,0.762,0.2765
grace_beauty,1.0,61.0,8.0,27.0,1163.0,Fashion designer | PR welcome,0,0.013,0.101,0.924,14.0,3.503,0.135,0.5425,0.711,0.4117
a8f7d3k9p2,28.144092174444097,1949.477266259668,2.466794304248083,0.22917412349855665,127.41803917760939,FREE gift cards click here,1,0.749967355931172,0.9125425312933879,0.12448768927291681,1.9202397941094622,223.61524937475156,0.7264350712632217,0.08181610898609991,0.21337359432864528,0.009160583985247935
grace_beauty,17.0,32.0,15.0,24.0,5000.0,High school teacher | making STEM fun,0,0.001,0.133,0.909,18.0,4.948,0.016,0.3124,0.808,0.574
john_doe,9.0,12.0,11.0,16.0,836.0,Medical student | future doctor,0,0.055,0.462,0.706,12.0,3.326,0.083,0.5197,0.813,0.3036
airdrop_winner99,13.0,1519.0,2.0,0.0,26.0,📈 passive income daily,1,0.818,0.95,0.394,3.0,212.05,0.788,0.0823,0.217,0.0361
john_doe,9.0,18.0,14.0,10.0,947.0,Medical student | future doctor,0,0.033,0.293,0.771,11.0,3.444,0.111,0.562,0.665,0.5702
james_hikes,24.0,32.0,18.0,23.0,1342.0,Blogger | Lifestyle & wellness,0,0.016,0.516,0.99,13.0,2.797,0.19,0.503,0.817,0.378
ethan_games,272.0,14.0,3.0,18.0,3851.0,Yoga instructor | wellness coach,0,0.091,0.22,0.841,11.0,3.303,0.115,0.6367,0.905,0.4686
sophia_teaches,6.0,33.0,10.0,27.0,1012.0,Chef | Recipe creator,0,0.079,0.428,0.95,17.0,2.508,0.14,0.3982,0.867,0.5383
olivia_draws,13.0,20.0,22.0,10.0,365.0,UX designer @Meta,0,0.035,0.333,0.88,10.0,4.941,0.134,0.2778,0.636,0.4272
real_human_01234,15.0,2998.0,1.0,0.0,17.0,,0,0.727,0.924,0.385,2.0,238.12,0.798,0.0961,0.004,0.034
paul_runs,1526.0,13.0,7.0,16.0,5000.0,Teacher & lifelong learner,0,0.141,0.431,0.934,9.0,1.3,0.101,0.2195,0.957,0.4606
bot291847362,1.0,2980.0,0.0,0.0,11.0,crypto signals ✅ 99% win rate,1,0.685,0.932,0.341,4.0,266.38,0.8,0.0738,0.083,0.0074
zz_promo_zz,0.0,2905.0,1.0,0.0,15.0,make money online → bio link,1,0.784,0.924,0.17,3.0,129.86,0.74,0.0761,0.069,0.0122
follow_back_101,9.0,1623.0,2.0,0.0,10.0,crypto signals ✅ 99% win rate,1,0.692,0.97,0.235,3.0,140.0,0.834,0.0537,0.061,0.0117
tom_techie,3.0,122.0,4.0,0.0,489.0,Wildlife photographer based in Kenya,0,0.058,0.514,0.877,11.0,1.927,0.167,0.6503,0.944,0.5422
follow_back_101,29.00497991312359,809.7807351591935,0.0,0.0,0.0,FREE gift cards click here,1,0.880620672354667,0.8713580166762398,0.21375187022817113,2.8912536124554236,249.2377232564377,0.9252353422752615,0.07898843852281909,0.17162259309965522,0.019223177454885165
sophia_teaches,196.0,29.0,3.0,11.0,941.0,Retired engineer | amateur astronomer,0,0.065,0.161,0.879,17.0,3.756,0.157,0.5498,0.911,0.2805
mia_cooks,368.0,30.0,10.0,6.0,727.0,Dance teacher | choreographer,0,0.143,0.227,0.754,10.0,2.667,0.155,0.4532,0.97,0.2528
paul_runs,33.0,177.0,23.0,25.0,1262.0,Fashion designer | PR welcome,0,0.013,0.377,0.937,17.0,1.143,0.01,0.6773,0.651,0.3866
grace_beauty,53.0,28.0,8.0,14.0,1080.0,mom of 3 | foodie,0,0.056,0.244,0.766,10.0,1.534,0.097,0.3072,0.873,0.2749
grace_beauty,27.50735971950499,21.55491079614317,12.06659312452841,15.01192441599403,1085.9083207432145,Traveler | 50+ countries visited,0,0.0,0.39371729374801934,0.9985191514312415,14.588315875068044,0.0,0.08572346432703748,0.2580196197228698,0.9200083419606687,0.5558350798591699
luke_designs,10.0,8.0,31.0,11.0,1260.0,Wildlife photographer based in Kenya,0,0.106,0.548,0.911,18.0,1.424,0.123,0.2178,0.641,0.2128
sophia_teaches,3.0,5.0,97.0,1.0,770.0,mom of 3 | foodie,0,0.033,0.408,0.975,9.0,2.356,0.122,0.4591,0.86,0.1493
fit_jessica,10.0,9.0,3.0,1.0,1729.0,Developer | Open source enthusiast,0,0.066,0.353,0.873,18.0,2.436,0.072,0.2107,0.791,0.3259
insta_boost_247,4.0,426.0,1.0,0.0,25.0,DM me to grow your account fast,1,0.738,0.91,0.253,4.0,239.87,0.87,0.051,0.185,0.0201
creative_dan,20.86225314444108,49.32850609731737,56.873430383885456,2.7733782775261093,1359.5091158537568,High school teacher | making STEM fun,0,0.045130719495009936,0.2896849536137911,0.782472105757368,10.006014121588725,0.48032940749712805,0.08015373127425902,0.34645414027613713,0.6301286049783575,0.21630591915634126
f4f_master_99,14.0,2452.0,1.0,0.0,11.0,follow for follow back,1,0.697,0.904,0.121,2.0,292.63,0.709,0.0142,0.239,0.0117
creative_dan,360.2983036074504,8.478621445952893,19.553736591025142,16.68672701082497,4934.824227787084,Developer | Open source enthusiast,0,0.13115154681809438,0.5472543440220216,0.9132070689939873,11.34374550561454,3.925491011472138,0.14005146531240145,0.44620545019654323,0.6092622939073284,0.4287990597634697
acc29471838,16.0,1891.0,0.0,0.0,32.0,airdrop $ETH daily,1,0.909,0.931,0.357,4.0,270.53,0.704,0.0306,0.068,0.0477
user8374629,8.0,1758.0,1.0,0.0,24.0,♻️ repost to win $1000,1,0.744,0.977,0.324,4.0,82.16,0.859,0.082,0.096,0.0067
emma.j,1.0,6.0,67.0,27.0,5000.0,Developer | Open source enthusiast,0,0.085,0.368,0.962,14.0,4.033,0.169,0.2668,0.687,0.5139
olivia_draws,24.0,13.0,7.0,1.0,526.0,Wildlife photographer based in Kenya,0,0.048,0.54,0.7,15.0,0.934,0.122,0.3379,0.765,0.4053
fit_jessica,1.0,8.0,7.0,11.0,5000.0,Freelance illustrator | art prints available,0,0.077,0.39,0.911,18.0,1.156,0.197,0.2535,0.972,0.5705
bot_account_7,6.0,2404.0,2.0,0.0,46.0,FREE gift cards click here,1,0.631,0.942,0.312,4.0,113.67,0.835,0.0799,0.013,0.0108
a8f7d3k9p2,10.0,1427.0,2.0,0.0,23.0,Click link below 💰,1,0.688,0.984,0.314,2.0,264.15,0.77,0.0143,0.047,0.0148
fit_jessica,5.0,5.0,10.0,5.0,1765.0,Environmental activist,0,0.001,0.218,0.75,17.0,4.06,0.023,0.6731,0.806,0.2871
olivia_draws,19.0,111.0,8.0,23.0,4307.0,Dance teacher | choreographer,0,0.031,0.178,0.888,15.0,4.987,0.047,0.2843,0.601,0.2285
f4f_master_99,9.0,464.0,2.0,0.0,5.0,airdrop $ETH daily,1,0.817,0.987,0.352,2.0,190.56,0.841,0.0968,0.092,0.0148
amy_joy,163.71734135514737,109.5428893551377,85.56012508106839,25.56105818422197,3773.358375852406,Podcaster | interviewing founders,0,0.05722578486335242,0.44278945185668017,0.9883814071416612,13.21271837592076,8.97521119804438,0.17378534260387035,0.22081240174028594,0.6860856634981378,0.18284489820033442
follow_back_101,4.0,344.0,2.0,0.0,2.0,crypto millionaire | teach you how,1,0.918,0.973,0.383,2.0,285.49,0.948,0.0569,0.189,0.0452
fit_jessica,27.0,4.0,8.0,7.0,615.0,Artist | Digital creator,0,0.149,0.492,0.655,15.0,0.373,0.103,0.4967,0.673,0.4992
luke_designs,44.82330767536695,6.820605143046966,1.5881121015264106,5.217071974767286,5104.602230205266,mom of 3 | foodie,0,0.05335759853842984,0.48270701414391814,0.8513269668331932,14.18890278864782,3.288794870061903,0.14440595563850162,0.267343781852583,0.9017528707341349,0.31577553497031424
insta_boost_247,11.0,401.0,1.0,0.0,21.0,,1,0.834,0.913,0.127,4.0,56.53,0.835,0.078,0.128,0.0445
acc29471838,18.887712539815695,1767.8311633194396,1.8047944654534458,0.0,65.19768291067471,official giveaway account,1,0.8549592694996406,0.9154873435131633,0.35733886137353127,2.883892681530872,196.72184815406064,0.88188030453126,0.03808741259753025,0.0,0.017261530779159186
mark_adventure,21.0,19.0,3.0,18.0,3760.0,Fashion designer | PR welcome,0,0.15,0.483,0.704,8.0,1.087,0.153,0.5704,0.658,0.408
dev_pete,522.2144997659293,67.0931921312914,12.336231218328036,20.163169456473327,547.7781935137641,Gaming streamer | Twitch partner,0,0.04674781714025258,0.31331213409921577,0.720877115356227,18.218661586481353,0.0,0.17081944236687197,0.5933772685429988,0.6706434340370202,0.2620788614131162
sarah_smith,8.0,5.0,41.0,9.0,2725.0,Wildlife photographer based in Kenya,0,0.022,0.375,0.677,15.0,4.953,0.026,0.4746,0.641,0.4959
mia_cooks,306.0,19.0,7.0,3.0,3166.0,Dog lover | Hiking | Books,0,0.12,0.102,0.942,8.0,3.303,0.119,0.3615,0.83,0.3453
f4f_master_99,4.0,1304.0,1.0,0.0,54.0,📈 passive income daily,1,0.698,0.852,0.387,2.0,81.86,0.951,0.0999,0.061,0.0436
noah_films,168.0,22.0,4.0,13.0,429.0,Fashion designer | PR welcome,0,0.085,0.383,0.669,16.0,4.814,0.013,0.5109,0.782,0.1891
real_human_01234,0.0,2533.7522038627358,0.29232314994331965,0.0,35.6813561111179,,1,0.7235222969351327,0.988803974095921,0.2986540136437499,0.7125032293961016,69.04868492931969,0.8069590212256907,0.041169388922342426,0.15083510765213365,0.009244117088635984
fit_jessica,256.0,88.0,60.0,1.0,1467.0,News journalist @NYT,0,0.001,0.101,0.776,12.0,2.165,0.066,0.2027,0.822,0.4843
paul_runs,119.0,14.0,1.0,18.0,1429.0,software engineer @ Google,0,0.065,0.281,0.956,17.0,4.576,0.026,0.2487,0.987,0.2284
get_rich_88,13.0,2585.0,1.0,0.0,32.0,♻️ repost to win $1000,1,0.714,0.97,0.141,4.0,286.03,0.785,0.094,0.071,0.0074
photo_by_anna,158.0,97.0,2.0,20.0,1417.0,software engineer @ Google,0,0.06,0.347,0.847,13.0,0.602,0.063,0.5685,0.895,0.1518
ethan_games,147.0,6.0,19.0,24.0,1676.0,Architect | sustainable design,0,0.072,0.389,0.885,18.0,2.676,0.173,0.6583,0.812,0.1408
alex_travel,1478.0,14.0,9.0,16.0,5000.0,Teacher & lifelong learner,0,0.005,0.122,0.651,13.0,4.633,0.191,0.6974,0.939,0.2669
1234567890ab,10.0,2441.0,2.0,0.0,47.0,DM me to grow your account fast,1,0.708,0.903,0.32,4.0,176.05,0.885,0.0863,0.285,0.0313
get_rich_88,3.0,777.0,2.0,0.0,28.0,,1,0.705,0.878,0.366,4.0,56.69,0.789,0.0548,0.11,0.0425
sophia_teaches,39.65390509812135,32.907407996914046,2.2577628908558363,13.424670724585804,1272.4068756111237,Traveler | 50+ countries visited,0,0.07028905397099153,0.24048369462322275,0.7754750030855915,15.01281902081666,0.0,0.10075483763618352,0.6608894671450476,0.794416426026086,0.5190541564074367
earn_fast_2024,10.0,1309.0,2.0,0.0,11.0,promo available 📩,1,0.934,0.871,0.297,1.0,110.63,0.713,0.049,0.284,0.009
xXx_profit_xXx,18.0,1720.0,1.0,0.0,7.0,FREE BTC airdrop → link in bio,1,0.825,0.964,0.102,2.0,132.11,0.798,0.0299,0.225,0.0329
dev_pete,14.0,6.0,1.0,1.0,1608.0,Architect | sustainable design,0,0.105,0.212,0.751,15.0,4.374,0.138,0.2107,0.9,0.3477
grace_beauty,738.0,39.0,3.0,15.0,1474.0,Blogger | Lifestyle & wellness,0,0.119,0.54,0.945,18.0,1.086,0.042,0.3179,0.656,0.4914
mike_2023,1.0,77.0,6.0,19.0,1102.0,UX designer @Meta,0,0.147,0.263,0.791,10.0,0.757,0.07,0.2758,0.917,0.5062
autoliker_pro,15.0,1043.0,0.0,0.0,29.0,make money online → bio link,1,0.847,0.99,0.26,4.0,187.19,0.89,0.0372,0.068,0.0082
autoliker_pro,3.0,1918.0,2.0,0.0,37.0,earn $500/day 👇,1,0.671,0.866,0.256,2.0,236.09,0.741,0.0633,0.016,0.0062
ben_codes,59.01945209888009,0.0,4.8548903703530035,7.64125392094996,2085.1604864775422,High school teacher | making STEM fun,0,0.069080931396656,0.20103218537701564,0.8815137328525573,16.281562433382987,12.592780247745537,0.11917355635845264,0.41096502914572725,0.7683048706042487,0.32312205721474146
grace_beauty,178.56002393576264,0.0,53.08479145705886,12.89877363411664,1636.1602096336374,High school teacher | making STEM fun,0,0.11377910006147048,0.3518301740220318,0.8504019773640826,10.417543465034457,8.636800725755684,0.14264456538027562,0.4305417772123013,0.7113552630427089,0.11981166150233456
earn_fast_2024,2.0,594.0,0.0,0.0,58.0,airdrop $ETH daily,1,0.882,0.959,0.177,4.0,146.46,0.948,0.0882,0.09,0.0135
mia_cooks,35.14200449772471,0.0,73.71038131105698,17.92113382701132,2303.7936994869706,photographer | travel 📷,0,0.036405346470614657,0.10700859599380298,0.7442042392429697,17.12771344747527,2.800885244268588,0.09860537167356351,0.5994083625736354,0.9463252999060042,0.16874036669265663
daniel_f,89.0,19.0,5.0,17.0,2633.0,Blogger | Lifestyle & wellness,0,0.088,0.15,0.799,12.0,2.328,0.157,0.2513,0.946,0.456
mark_adventure,42.0,9.0,2.0,19.0,2703.0,Architect | sustainable design,0,0.076,0.4,0.758,17.0,2.423,0.062,0.4522,0.879,0.4655
alex_travel,33.0,20.0,2.0,6.0,455.0,Podcaster | interviewing founders,0,0.138,0.158,0.721,18.0,3.808,0.138,0.2836,0.938,0.5163
user8374629,9.0,895.0,1.0,0.0,25.0,follow for follow back,1,0.674,0.946,0.305,2.0,120.75,0.817,0.0996,0.167,0.031
lisa_writes,358.0,3.0,13.0,22.0,5000.0,Fashion designer | PR welcome,0,0.111,0.191,0.83,18.0,4.336,0.145,0.4698,0.791,0.5688
bot_account_7,9.0,315.0,2.0,0.0,20.0,,1,0.717,0.878,0.201,4.0,101.99,0.728,0.0765,0.271,0.0285
bot291847362,10.0,1548.0,0.0,0.0,23.0,NFT investor | crypto tips,1,0.693,0.878,0.241,2.0,68.28,0.853,0.0835,0.154,0.0305
chris_builds,14.0,8.0,1.0,0.0,2654.0,Chef | Recipe creator,0,0.114,0.305,0.759,17.0,3.571,0.126,0.4138,0.636,0.4318
alex_travel,21.0,7.0,27.0,3.0,1865.0,software engineer @ Google,0,0.047,0.369,0.805,14.0,3.135,0.019,0.6035,0.994,0.1467
photo_by_anna,72.0,9.0,2.0,26.0,5000.0,Medical student | future doctor,0,0.012,0.494,0.804,18.0,3.911,0.105,0.5645,0.668,0.142
emma.j,0.0,51.64155791439146,7.092362839802242,19.13284719703524,921.584867450764,software engineer @ Google,0,0.0,0.34821664823752874,0.9550942372516551,12.364033620415967,6.244769276639577,0.16856685333522042,0.41172365328378563,0.9086304719265549,0.14112207936287122
chef_marco,655.0,13.0,4.0,5.0,1013.0,Dog lover | Hiking | Books,0,0.082,0.341,0.691,17.0,4.735,0.176,0.5602,0.948,0.4936
sophia_teaches,45.0,32.0,21.0,22.0,644.0,Retired engineer | amateur astronomer,0,0.012,0.346,0.692,17.0,4.841,0.189,0.3137,0.614,0.149
emma.j,19.0,3.0,11.0,28.0,4864.0,UX designer @Meta,0,0.003,0.182,0.948,18.0,3.075,0.187,0.693,0.759,0.5249
code_master,21.0,5.0,41.0,2.0,1793.0,Retired engineer | amateur astronomer,0,0.047,0.43,0.942,15.0,0.241,0.006,0.5015,0.601,0.4236
grace_beauty,6.0,52.0,13.0,28.0,2222.0,Retired engineer | amateur astronomer,0,0.096,0.199,0.89,13.0,0.592,0.07,0.3231,0.643,0.2168
f4f_master_99,10.0,1509.0,0.0,0.0,34.0,,1,0.924,0.989,0.14,3.0,61.15,0.746,0.091,0.092,0.0312
follow_back_101,25.941527663773655,394.5156148682162,1.453003993808767,0.0,0.0,airdrop $ETH daily,1,0.6167852201924315,0.8978177134999323,0.3442509122903655,0.9971314326191199,151.83702721581253,0.9224091281870539,0.01698741062603789,0.3039729846559503,0.002074334521222279
noah_films,63.0,71.0,6.0,6.0,762.0,Medical student | future doctor,0,0.073,0.472,0.869,12.0,1.582,0.16,0.2954,0.78,0.3891
luke_designs,818.0,9.0,9.0,2.0,4185.0,Data scientist | ML researcher,0,0.053,0.19,0.826,10.0,4.226,0.041,0.3565,0.737,0.4382
luke_designs,359.191591495237,16.331035396906678,26.785143440163417,16.4830103302055,855.6350519785617,Traveler | 50+ countries visited,0,0.0,0.2496479197212131,0.8963505364216553,11.075803018464741,2.457862531825765,0.12815704511694337,0.3549083054477085,0.8829666641233679,0.5508179380748724
amy_joy,0.0,0.0,0.0,22.224260175721042,5080.534328440781,Gaming streamer | Twitch partner,0,0.0,0.3367757626364174,0.7852728657014978,12.00463158029629,0.0,0.17992092652381542,0.4259224382285541,0.9394475322334033,0.14616342402717897
luke_designs,1.0,17.0,27.0,15.0,463.0,Developer | Open source enthusiast,0,0.117,0.468,0.988,16.0,1.345,0.045,0.3439,0.967,0.5792
crypto_king_9999,4.0,740.0,2.0,0.0,39.0,,1,0.931,0.912,0.107,1.0,84.39,0.927,0.0715,0.086,0.0034
airdrop_winner99,19.0,2480.0,1.0,0.0,18.0,Click link below 💰,1,0.778,0.9,0.235,1.0,103.18,0.966,0.0332,0.266,0.0058
follow_back_101,1.0,2201.0,0.0,0.0,56.0,📈 passive income daily,1,0.746,0.856,0.138,2.0,186.78,0.943,0.0527,0.158,0.0167
dev_pete,530.0,22.0,40.0,5.0,1649.0,Musician. Coffee addict.,0,0.136,0.123,0.831,17.0,3.292,0.071,0.3384,0.922,0.1689
fit_jessica,17.55636875714596,0.0,9.093009188603821,6.586930624515103,1529.272310456664,Yoga instructor | wellness coach,0,0.029206978241804495,0.33444663310262757,0.6582154816442944,17.738582270757455,3.4698048742775254,0.03494106202441912,0.5989871278866438,0.8952638936757641,0.25171885030671337
sophia_teaches,12.0,20.0,4.0,1.0,1305.0,UX designer @Meta,0,0.051,0.448,0.982,17.0,3.432,0.193,0.2573,0.675,0.1157
bot291847362,28.83237245663785,962.9069140183772,0.6442086546940986,0.2328166833795375,0.0,follow for follow back,1,0.8112917017747066,0.9640742773186818,0.32185975549298207,4.273531390821543,62.385874686583016,0.8388771675012138,0.06615711984175283,0.0024887229062136255,0.0026432614200472236
luke_designs,8.0,15.0,25.0,14.0,5000.0,High school teacher | making STEM fun,0,0.125,0.293,0.695,14.0,3.699,0.084,0.441,0.674,0.3749
john_doe,20.0,40.0,39.0,5.0,2848.0,News journalist @NYT,0,0.106,0.265,0.715,18.0,3.979,0.121,0.3253,0.627,0.5376
f4f_master_99,1.0,1815.0,2.0,0.0,28.0,official giveaway account,1,0.668,0.929,0.258,4.0,245.9,0.71,0.0497,0.098,0.0222
dev_pete,105.0,16.0,7.0,13.0,665.0,Dog lover | Hiking | Books,0,0.031,0.295,0.783,13.0,0.213,0.135,0.2771,0.744,0.1413
fit_jessica,39.0,34.0,6.0,2.0,1467.0,mom of 3 | foodie,0,0.129,0.279,0.908,13.0,0.992,0.023,0.2883,0.704,0.3966
alex_travel,99.61370124362857,57.436750348478085,5.2855611624981815,1.4908089661147241,2647.833771859017,Medical student | future doctor,0,0.004428452935229678,0.3189423374423459,0.7383899884271733,9.925041157091187,2.5204768116696665,0.17571169463386557,0.5581015595651824,0.9718603808066458,0.302248418342954
sophia_teaches,0.0,0.0,2.826743160451219,25.852500664336144,680.0391587844634,Environmental activist,0,0.0,0.4814372701542157,0.8202354016063703,16.247653153999167,0.0,0.025146417386214922,0.5999211185062442,0.9978261222146713,0.5757081871620667
acc29471838,17.0,2628.0,1.0,0.0,31.0,FREE BTC airdrop → link in bio,1,0.918,0.933,0.356,2.0,218.67,0.805,0.0856,0.227,0.0207
ethan_games,96.0,16.0,74.0,21.0,5000.0,Gaming streamer | Twitch partner,0,0.089,0.407,0.978,18.0,0.243,0.087,0.3401,0.931,0.4942
mia_cooks,1.0,20.0,14.0,23.0,4266.0,Freelance illustrator | art prints available,0,0.057,0.214,0.651,17.0,4.691,0.138,0.4551,0.865,0.3958
chris_builds,9.0,49.0,4.0,19.0,5000.0,Artist | Digital creator,0,0.069,0.216,0.888,9.0,1.163,0.006,0.5384,0.826,0.2571
get_rich_88,12.0,1271.0,1.0,0.0,31.0,airdrop $ETH daily,1,0.937,0.87,0.31,1.0,155.48,0.735,0.013,0.232,0.0496
f4f_master_99,14.0,767.0,2.0,0.0,54.0,NFT investor | crypto tips,1,0.931,0.916,0.329,1.0,193.53,0.801,0.0935,0.187,0.012
earn_fast_2024,10.0,2106.0,2.0,0.0,26.0,crypto signals ✅ 99% win rate,1,0.81,0.889,0.135,4.0,277.69,0.857,0.0779,0.008,0.0288
ben_codes,276.0,138.0,11.0,1.0,1265.0,Medical student | future doctor,0,0.137,0.415,0.972,11.0,2.193,0.108,0.5432,0.631,0.1302
fit_jessica,226.0,13.0,42.0,24.0,928.0,Yoga instructor | wellness coach,0,0.035,0.483,0.912,8.0,2.677,0.102,0.5937,0.882,0.2793
insta_boost_247,12.0,2180.0,0.0,0.0,31.0,airdrop $ETH daily,1,0.825,0.904,0.251,4.0,266.49,0.846,0.0254,0.204,0.0476
mike_2023,229.0,7.0,4.0,28.0,985.0,Podcaster | interviewing founders,0,0.128,0.426,0.904,10.0,4.683,0.165,0.2591,0.66,0.2783
nina_art,3.0,18.0,30.0,4.0,572.0,Data scientist | ML researcher,0,0.14,0.408,0.932,17.0,0.658,0.087,0.2742,0.738,0.2196
rachel_reads,39.52996434705432,0.0,8.41415694814479,17.976171569702764,1778.4912904347766,Marketing professional | keynote speaker,0,0.08962160295482471,0.15256441877689755,0.8970360653912137,8.433581268951732,4.606015058990104,0.2082199706296589,0.3933304935791019,0.8374239251825517,0.13055147129202946
olivia_draws,79.0,7.0,3.0,14.0,938.0,Dog lover | Hiking | Books,0,0.127,0.243,0.697,18.0,2.476,0.127,0.6482,0.938,0.5026
nina_art,127.0,21.0,5.0,17.0,365.0,Dog lover | Hiking | Books,0,0.085,0.523,0.886,11.0,1.606,0.03,0.5446,0.987,0.2979
james_hikes,134.0,12.0,42.0,26.0,1672.0,Nurse practitioner | women's health advocate,0,0.009,0.51,0.955,16.0,0.294,0.146,0.6708,0.806,0.2695
autoliker_pro,1.0,1801.0,0.0,0.0,6.0,,1,0.806,0.893,0.137,1.0,278.58,0.823,0.0785,0.035,0.0114
code_master,1.0,21.0,5.0,15.0,3886.0,Nurse practitioner | women's health advocate,0,0.003,0.294,0.925,11.0,4.301,0.139,0.5073,0.645,0.1109
user8374629,17.0,1114.0,2.0,0.0,18.0,,1,0.907,0.975,0.248,2.0,256.59,0.903,0.0601,0.093,0.0131
dev_pete,301.0,64.0,71.0,20.0,1601.0,mom of 3 | foodie,0,0.088,0.297,0.829,9.0,3.427,0.193,0.5708,0.737,0.1579
amy_joy,1.0,69.0,28.0,4.0,1280.0,Freelance illustrator | art prints available,0,0.005,0.401,0.857,11.0,4.164,0.176,0.5926,0.929,0.1122
creative_dan,292.8345025337259,0.0,0.0,19.09511603681016,1045.4358092685034,Environmental activist,0,0.04578923645634089,0.18758093678035503,0.724129481842884,13.693989519970941,12.360024175805147,0.026535959551792165,0.4772047673841492,0.9585381758468791,0.5727782793333981
mark_adventure,773.0,145.0,3.0,28.0,786.0,Environmental activist,0,0.054,0.183,0.732,10.0,0.192,0.164,0.3586,0.876,0.5549
follow_back_101,10.0,1631.0,1.0,0.0,59.0,,1,0.617,0.905,0.17,4.0,54.45,0.898,0.053,0.163,0.0186
john_doe,187.0,2.0,13.0,29.0,5000.0,High school teacher | making STEM fun,0,0.041,0.468,0.923,17.0,2.703,0.19,0.274,0.642,0.4644
grace_beauty,21.0,17.0,1.0,19.0,563.0,UX designer @Meta,0,0.106,0.111,0.938,15.0,1.09,0.043,0.5132,0.979,0.41
mark_adventure,56.0,20.0,4.0,9.0,1183.0,Entrepreneur | Founder @startup,0,0.113,0.358,0.97,16.0,0.224,0.146,0.3834,0.748,0.2107
chef_marco,4.0,27.0,42.0,1.0,5000.0,Architect | sustainable design,0,0.017,0.385,0.894,17.0,0.202,0.105,0.2371,0.656,0.1421
code_master,10.0,12.0,4.0,9.0,1301.0,Environmental activist,0,0.054,0.196,0.716,10.0,0.86,0.176,0.4547,0.688,0.2541
mark_adventure,33.0,36.0,4.0,18.0,1490.0,Entrepreneur | Founder @startup,0,0.089,0.405,0.742,14.0,0.896,0.141,0.5485,0.77,0.2615
free_follower_bot,12.0,2071.0,0.0,0.0,35.0,investment advisor DM me,1,0.757,0.963,0.182,4.0,258.34,0.894,0.0229,0.268,0.0192
earn_fast_2024,54.232265782062846,357.43855829355977,2.5719651195087665,0.38243889276688026,132.4956973352555,FREE gift cards click here,1,0.6623954374866758,0.9379650324358026,0.3058521280609644,3.969598944757125,235.21568498941718,0.8059104171943747,0.07205865886583016,0.1425020016245379,0.022027542526882462
autoliker_pro,6.0,2863.0,0.0,0.0,44.0,follow for follow back,1,0.865,0.965,0.308,2.0,210.57,0.935,0.098,0.118,0.0303
mark_adventure,2.0,24.0,65.0,1.0,3228.0,Retired engineer | amateur astronomer,0,0.04,0.542,0.765,16.0,4.007,0.084,0.4384,0.803,0.1324
creative_dan,9.0,11.0,17.0,18.0,843.0,News journalist @NYT,0,0.011,0.236,0.791,10.0,1.834,0.099,0.4566,0.757,0.2888
1234567890ab,14.0,1056.0,2.0,0.0,42.0,📈 passive income daily,1,0.676,0.852,0.185,2.0,229.69,0.863,0.0259,0.072,0.0394
free_follower_bot,2.0,2087.0,1.0,0.0,52.0,,1,0.897,0.881,0.268,2.0,218.94,0.886,0.0622,0.055,0.027
mark_adventure,35.0,19.0,17.0,23.0,1744.0,Yoga instructor | wellness coach,0,0.102,0.434,0.787,15.0,4.167,0.1,0.3308,0.847,0.3507
autoliker_pro,18.0,630.0,0.0,0.0,39.0,make money online → bio link,1,0.943,0.971,0.33,2.0,113.05,0.874,0.0878,0.097,0.032
grace_beauty,6.0,5.0,2.0,26.0,2451.0,Musician. Coffee addict.,0,0.092,0.288,0.918,11.0,4.841,0.082,0.4973,0.682,0.5583
mike_2023,19.0,62.0,26.0,18.0,948.0,Yoga instructor | wellness coach,0,0.028,0.534,0.918,16.0,3.075,0.087,0.6008,0.609,0.5223
dev_pete,6.0,79.0,14.0,21.0,733.0,Developer | Open source enthusiast,0,0.061,0.314,0.782,12.0,3.598,0.028,0.5216,0.633,0.1314
dev_pete,451.0,17.0,78.0,5.0,4412.0,Freelance illustrator | art prints available,0,0.035,0.222,0.733,12.0,3.099,0.12,0.3825,0.611,0.2481
real_human_01234,15.510409733464718,1476.6123361576053,0.0,1.1053170680358748,83.03716731724003,DM me to grow your account fast,1,0.7593575814348321,0.8734583509455599,0.21652585739216942,0.4584296353196917,137.3539249915969,0.6833939084352523,0.05439776328849456,0.25776944179621325,0.02222438193759164
ben_codes,223.0,26.0,10.0,28.0,948.0,Dog lover | Hiking | Books,0,0.148,0.512,0.857,14.0,2.831,0.023,0.4961,0.79,0.4756
bot291847362,7.0,1583.0,0.0,0.0,31.0,,1,0.821,0.937,0.31,4.0,60.71,0.788,0.0989,0.178,0.0067
sophia_teaches,9.0,20.0,32.0,13.0,4319.0,Fashion designer | PR welcome,0,0.054,0.385,0.815,12.0,4.516,0.088,0.363,0.814,0.3561
zz_promo_zz,6.0,2643.0,0.0,0.0,46.0,♻️ repost to win $1000,1,0.609,0.935,0.279,4.0,287.23,0.752,0.0656,0.225,0.0433
creative_dan,15.0,134.0,58.0,28.0,635.0,Retired engineer | amateur astronomer,0,0.107,0.265,0.873,14.0,3.677,0.001,0.4404,0.795,0.2042
mark_adventure,19.39938385848241,0.0,29.078996998719436,24.24758902282266,1013.6991857520832,News journalist @NYT,0,0.10012409964522832,0.14982694607949032,0.8592293184102866,7.9708184592867735,5.3389332510519285,0.03859112312799742,0.4428950505585775,0.8469181487535078,0.5602384656050083
amy_joy,42.0,6.0,9.0,21.0,2647.0,Dog lover | Hiking | Books,0,0.106,0.263,0.748,15.0,0.693,0.048,0.4905,0.628,0.5263
bot291847362,9.775092336462254,663.4805683458815,3.564672808191907,0.0,62.05935360824749,📈 passive income daily,1,0.6346105339069812,0.9710277611285582,0.3481832930423635,1.8321301662329623,232.94160187334393,0.8852915891142955,0.03832588635895286,0.10184934527658236,0.05638248064905449
mark_adventure,59.0,25.0,10.0,26.0,830.0,Traveler | 50+ countries visited,0,0.143,0.433,0.886,11.0,0.508,0.131,0.3326,0.764,0.4309
mark_adventure,19.0,24.0,123.0,1.0,5000.0,Freelance illustrator | art prints available,0,0.071,0.305,0.661,13.0,3.977,0.138,0.3422,0.861,0.3751
mike_2023,1.0,8.0,3.0,13.0,1022.0,Freelance illustrator | art prints available,0,0.017,0.405,0.926,10.0,2.652,0.052,0.5755,0.734,0.2328
sarah_smith,4.0,20.0,16.0,24.0,365.0,Chef | Recipe creator,0,0.112,0.512,0.977,16.0,2.128,0.1,0.6263,0.657,0.4458
1234567890ab,10.0,1687.0,1.0,0.0,18.0,make money online → bio link,1,0.915,0.966,0.388,1.0,155.74,0.721,0.0536,0.266,0.0479
free_follower_bot,38.56861672637763,2816.535072537095,1.8318588943467273,0.0,2.56732375099746,FREE BTC airdrop → link in bio,1,0.6555752855224405,0.963281101794538,0.21745632390837297,2.231898204954735,213.41881600543866,0.7234127144027676,0.014070046390291795,0.2206419434455571,0.0
sarah_smith,33.0,23.0,3.0,9.0,1499.0,Environmental activist,0,0.127,0.24,0.733,15.0,3.164,0.036,0.2102,0.813,0.2173
zz_promo_zz,15.0,2489.0,2.0,0.0,8.0,make money online → bio link,1,0.949,0.925,0.119,2.0,52.86,0.703,0.071,0.066,0.0412
code_master,282.0,36.0,1.0,12.0,3406.0,Fashion designer | PR welcome,0,0.092,0.465,0.954,9.0,3.921,0.001,0.5903,0.749,0.5068
free_follower_bot,13.0,393.0,1.0,0.0,20.0,btc eth airdrop free coins,1,0.783,0.948,0.214,1.0,196.02,0.753,0.0404,0.091,0.013
q7w8e9r0t1y2,8.0,1976.0,2.0,0.0,47.0,crypto signals ✅ 99% win rate,1,0.658,0.95,0.379,3.0,285.27,0.818,0.0738,0.178,0.0203
lisa_writes,93.0,14.0,4.0,18.0,3403.0,News journalist @NYT,0,0.004,0.367,0.954,18.0,4.913,0.036,0.2036,0.877,0.5395
photo_by_anna,87.0,19.0,3.0,14.0,3564.0,Chef | Recipe creator,0,0.029,0.43,0.779,17.0,4.822,0.101,0.5764,0.798,0.3084
mia_cooks,30.58282598452482,48.823203738707605,7.891374746783596,17.5661267020474,4844.018828170392,photographer | travel 📷,0,0.1069408975033031,0.4393057261516232,0.8590804084241551,14.820314749329427,1.852833189286082,0.16376247726562881,0.241383082377462,0.6460266507100734,0.5629146896697231
crypto_king_9999,0.0,2361.0,1.0,0.0,28.0,promo available 📩,1,0.918,0.974,0.221,2.0,59.73,0.966,0.097,0.127,0.0163
free_follower_bot,0.0,1100.6428194645873,2.7781814324472665,0.7339775002661548,0.0,earn $500/day 👇,1,0.6408922337515783,0.8880323885949717,0.40294775397144583,1.8316451169058776,219.92008506057076,0.6955687899180738,0.03676767477694902,0.0981476171663472,0.0037624094485004204
chef_marco,8.0,17.0,92.0,5.0,5000.0,Blogger | Lifestyle & wellness,0,0.12,0.299,0.842,18.0,4.557,0.156,0.2504,0.819,0.451
dev_pete,5.0,32.0,13.0,8.0,1702.0,software engineer @ Google,0,0.099,0.364,0.824,9.0,4.855,0.054,0.3478,0.937,0.4628
f4f_master_99,30.077246076862362,1422.9859127000743,0.0,0.0,275.49350419483983,earn while you sleep 💸,1,0.610885461393496,0.9360945721811811,0.134389887528854,4.084175608245887,197.2725907987747,0.9083899898499451,0.05472364314221687,0.08836325573449351,0.0
mike_2023,53.0,3.0,1.0,0.0,897.0,News journalist @NYT,0,0.035,0.219,0.726,8.0,1.52,0.068,0.357,0.99,0.464
noah_films,9.0,24.0,21.0,5.0,5000.0,Entrepreneur | Founder @startup,0,0.012,0.186,0.885,18.0,4.96,0.163,0.5824,0.774,0.3159
rachel_reads,15.0,34.0,7.0,3.0,619.0,Musician. Coffee addict.,0,0.088,0.194,0.919,13.0,3.941,0.046,0.2023,0.619,0.3956
bot_account_7,3.0,2163.0,2.0,0.0,37.0,official giveaway account,1,0.655,0.939,0.3,3.0,187.36,0.852,0.0387,0.22,0.0438
get_rich_88,28.700536419360752,447.0951716430421,2.701543995569394,0.0,79.25557611248661,crypto millionaire | teach you how,1,0.6808859230795624,0.8608193147985229,0.16958034878799444,1.0096319854837847,171.07224372743096,0.9251355284530227,0.05022473978558393,0.003097582561489561,0.03253365271493069
user8374629,5.310040389608874,2605.0684746083407,0.8989382784899785,0.0,83.37358323629627,DM me to grow your account fast,1,0.834483551636302,0.9192111216749672,0.21900830459172976,2.965989848279584,234.2100711308898,0.8381312442096458,0.02488330734448334,0.04173841202607731,0.03394187301321102
xXx_profit_xXx,18.869424352080845,537.0993080813773,0.0,0.16713230795727016,78.0506881656307,crypto millionaire | teach you how,1,0.6306302377104112,0.9327338403124534,0.09038524251066324,2.4509570451344795,79.18688562104302,0.9173867701460705,0.04485057517404549,0.21168457248487396,0.034993381943847324
f4f_master_99,19.205651840002467,2404.008039173886,3.0057129193688406,0.11137225822908137,19.714851993059412,,1,0.8655964487446508,0.8753919088959333,0.30502330795148863,2.6667161047948453,257.2362260076136,0.7728563425291998,0.0521763204603827,0.2459192240217575,0.033826335974936256
nina_art,240.46244132745844,83.91839054303317,15.132014576103467,21.910547628553942,3296.082807145808,Marketing professional | keynote speaker,0,0.0,0.5336223107003105,0.9188290486100071,10.376107283925167,7.708451766749329,0.012181981756505728,0.22088652581592352,0.918668539717416,0.5230004754331716
emma.j,68.0,13.0,22.0,7.0,5000.0,Environmental activist,0,0.059,0.306,0.882,13.0,0.254,0.07,0.6438,0.622,0.1308
grace_beauty,6380.0,31.0,27.0,2.0,5000.0,Retired engineer | amateur astronomer,0,0.114,0.383,0.88,10.0,0.934,0.121,0.5208,0.993,0.1079
john_doe,16.69653402576306,16.975834370494724,11.139244487822195,7.914212898314225,1312.6311965241748,News journalist @NYT,0,0.08116503051417903,0.15301166764710886,0.8135681587033294,8.481106327004605,0.0,0.007255180665743835,0.6530295471191947,0.6777021113722543,0.22413327434944663
tom_techie,36.0,151.0,9.0,2.0,3619.0,News journalist @NYT,0,0.088,0.11,0.768,18.0,2.661,0.009,0.4383,0.726,0.4968
dev_pete,533.0,44.0,37.0,1.0,1217.0,Fashion designer | PR welcome,0,0.093,0.449,0.954,12.0,1.913,0.0,0.4365,0.772,0.2879
james_hikes,33.949071991054865,0.0,4.661669672186756,0.0,957.3202903838481,Gaming streamer | Twitch partner,0,0.0,0.27886985976252776,0.7187132910231653,10.460843911929256,0.0,0.041380444213143214,0.6524856350849692,0.6372337317337216,0.2850105740226701
grace_beauty,12.0,80.0,72.0,25.0,365.0,Blogger | Lifestyle & wellness,0,0.017,0.208,0.752,15.0,2.249,0.035,0.4078,0.614,0.5252
mia_cooks,4.0,4.0,31.0,5.0,2481.0,Nurse practitioner | women's health advocate,0,0.02,0.221,0.897,15.0,3.183,0.078,0.2378,0.87,0.4943
chef_marco,1.0,21.0,1.0,3.0,2156.0,High school teacher | making STEM fun,0,0.038,0.535,0.673,16.0,4.886,0.154,0.3871,0.701,0.5611
free_follower_bot,15.0,1185.0,0.0,0.0,1.0,earn $500/day 👇,1,0.642,0.853,0.275,2.0,285.92,0.916,0.0898,0.253,0.0256
ethan_games,14.0,13.0,6.0,6.0,1922.0,Architect | sustainable design,0,0.002,0.331,0.674,14.0,0.882,0.104,0.3575,0.878,0.5796
grace_beauty,37.0,67.0,14.0,23.0,4390.0,Marketing professional | keynote speaker,0,0.069,0.157,0.776,14.0,3.526,0.131,0.6334,0.726,0.5522
mike_2023,99.0,101.0,27.0,2.0,651.0,mom of 3 | foodie,0,0.119,0.43,0.922,14.0,3.628,0.082,0.2154,0.877,0.5618
bot291847362,1.0,484.0,2.0,0.0,17.0,FREE BTC airdrop → link in bio,1,0.722,0.856,0.327,4.0,88.24,0.935,0.0356,0.196,0.0084
ben_codes,142.0,33.0,4.0,18.0,1556.0,Yoga instructor | wellness coach,0,0.039,0.1,0.971,15.0,0.476,0.012,0.5325,0.735,0.397
dev_pete,82.0,8.0,10.0,7.0,2228.0,Traveler | 50+ countries visited,0,0.083,0.259,0.653,16.0,3.642,0.025,0.2057,0.911,0.4547
creative_dan,114.31868048561472,41.52796258153823,10.784348373827022,2.0559958446317554,1299.1621731847288,Yoga instructor | wellness coach,0,0.14251712056403648,0.10435916254366949,0.7761900678682283,11.261680659403735,0.0,0.0425911838561955,0.28686134651206024,0.9534246542275073,0.5265120918227861
emma.j,30.0,32.0,4.0,23.0,365.0,Freelance illustrator | art prints available,0,0.0,0.11,0.924,12.0,4.922,0.012,0.5828,0.779,0.5135
amy_joy,513.0,25.0,10.0,6.0,553.0,Yoga instructor | wellness coach,0,0.029,0.282,0.763,12.0,4.769,0.107,0.2155,0.963,0.3802
ben_codes,82.0,13.0,3.0,20.0,1243.0,Retired engineer | amateur astronomer,0,0.109,0.322,0.737,12.0,2.647,0.17,0.2022,0.945,0.1649
noah_films,45.0,35.0,10.0,2.0,1567.0,software engineer @ Google,0,0.041,0.302,0.766,17.0,0.911,0.049,0.2037,0.982,0.4165
noah_films,3517.0,42.0,87.0,13.0,3121.0,Podcaster | interviewing founders,0,0.064,0.515,0.721,13.0,4.009,0.197,0.5554,0.758,0.2863
chris_builds,71.0,6.0,21.0,26.0,1299.0,Gaming streamer | Twitch partner,0,0.031,0.544,0.791,13.0,1.505,0.161,0.6351,0.728,0.4077
luke_designs,130.0,2.0,32.0,13.0,2483.0,Marketing professional | keynote speaker,0,0.023,0.523,0.725,15.0,1.116,0.137,0.4748,0.795,0.3433
code_master,0.0,64.96190081746501,4.264619073350595,0.46627875226189014,370.9316644112613,Fashion designer | PR welcome,0,0.06150437471441057,0.3444547913333411,0.8322782457106563,11.900939314030401,6.534779208377547,0.05081911345762634,0.3275660543403327,0.6912682185656089,0.2601169169685569
zz_promo_zz,5.0,1847.0,2.0,0.0,37.0,,1,0.778,0.893,0.339,2.0,189.35,0.856,0.0376,0.282,0.0156
follow_back_101,3.0,610.0,2.0,0.0,42.0,airdrop $ETH daily,1,0.885,0.98,0.219,3.0,216.38,0.983,0.0938,0.187,0.0188
mia_cooks,279.0,10.0,25.0,16.0,1617.0,Developer | Open source enthusiast,0,0.131,0.304,0.652,13.0,2.617,0.147,0.6903,0.971,0.4566
fit_jessica,56.0,11.0,2.0,28.0,2717.0,Musician. Coffee addict.,0,0.134,0.148,0.808,17.0,3.181,0.011,0.4293,0.951,0.3672
autoliker_pro,9.0,738.0,1.0,0.0,57.0,Click link below 💰,1,0.719,0.955,0.267,1.0,161.99,0.927,0.0164,0.05,0.042
autoliker_pro,16.0,2472.0,0.0,0.0,2.0,investment advisor DM me,1,0.922,0.883,0.244,2.0,92.97,0.935,0.099,0.054,0.0298
1234567890ab,7.0,1845.0,2.0,0.0,45.0,Click link below 💰,1,0.854,0.986,0.315,2.0,244.69,0.883,0.0198,0.277,0.0163
free_follower_bot,8.0,1916.0,1.0,0.0,47.0,,1,0.604,0.972,0.238,3.0,220.27,0.789,0.0321,0.183,0.031
crypto_king_9999,47.470911428898134,1107.220079232999,0.0,0.039902012388078424,38.86952553789395,investment advisor DM me,1,0.7119691797277555,0.9946923024685939,0.23691403785200213,4.181840043110596,91.25876085203011,0.7375952385571387,0.033520137367396695,0.04086890649930304,0.017275313503379134
bot_account_7,12.0,1093.0,1.0,0.0,38.0,DM me to grow your account fast,1,0.781,0.898,0.372,1.0,116.14,0.904,0.0955,0.06,0.0139
1234567890ab,2.0,549.0,2.0,0.0,27.0,♻️ repost to win $1000,1,0.851,0.962,0.295,1.0,112.73,0.908,0.0854,0.209,0.0039
1234567890ab,1.6441259625329194,914.8817939455276,0.0,0.0,82.31232616293246,,1,0.9309368140027201,0.9165579870228933,0.12190539642863854,4.052657936243707,96.72198005041636,0.90548588386626,0.03864322339988718,0.10421090152162352,0.004266485457797958
lisa_writes,3.0,9.0,7.0,0.0,5000.0,Podcaster | interviewing founders,0,0.124,0.424,0.81,9.0,3.827,0.172,0.2354,0.856,0.4643
bot291847362,4.0,2207.0,2.0,0.0,34.0,make money online → bio link,1,0.695,0.884,0.225,3.0,91.85,0.977,0.0931,0.059,0.0311
olivia_draws,36.0,17.0,9.0,22.0,4930.0,Artist | Digital creator,0,0.12,0.418,0.798,15.0,1.433,0.189,0.3044,0.731,0.152
get_rich_88,14.0,2400.0,1.0,0.0,44.0,,1,0.775,0.856,0.271,2.0,138.54,0.842,0.0479,0.05,0.046
user8374629,16.0,1310.0,1.0,0.0,45.0,crypto millionaire | teach you how,1,0.814,0.886,0.233,2.0,230.79,0.742,0.0897,0.022,0.025
sarah_smith,6.0,10.0,7.0,12.0,2685.0,Musician. Coffee addict.,0,0.005,0.451,0.669,9.0,4.339,0.12,0.3514,0.843,0.253
bot291847362,11.0,312.0,2.0,0.0,59.0,follow for follow back,1,0.633,0.968,0.314,4.0,130.87,0.79,0.0961,0.214,0.0174
paul_runs,465.0,4.0,8.0,25.0,5000.0,Architect | sustainable design,0,0.129,0.501,0.965,17.0,4.177,0.076,0.3255,0.815,0.3793
daniel_f,15.0,5.0,56.0,16.0,1384.0,Freelance illustrator | art prints available,0,0.0,0.205,0.683,8.0,3.096,0.101,0.3188,0.95,0.1888
bot_account_7,13.0,2016.0,1.0,0.0,36.0,♻️ repost to win $1000,1,0.795,0.973,0.151,3.0,281.34,0.982,0.0384,0.054,0.005
crypto_king_9999,7.0,253.0,2.0,0.0,44.0,,1,0.713,0.922,0.352,2.0,89.15,0.907,0.0876,0.197,0.0441
airdrop_winner99,0.0,2977.0,0.0,0.0,47.0,airdrop $ETH daily,1,0.619,0.877,0.189,2.0,206.38,0.99,0.0796,0.0,0.0335
ava_dances,39.38557279654142,0.0,44.817813743625074,17.695023920372197,1517.3365570670455,UX designer @Meta,0,0.08288336397422709,0.2727095529638402,0.8779184898800556,11.271819000151803,3.752424728702381,0.12932137303809177,0.2842792899281652,0.6239670876730055,0.18668274132543866
ava_dances,55.0,6.0,18.0,4.0,980.0,Dance teacher | choreographer,0,0.036,0.172,0.709,16.0,1.914,0.151,0.28,0.642,0.353
earn_fast_2024,7.0,555.0,1.0,0.0,35.0,earn while you sleep 💸,1,0.671,0.898,0.166,4.0,183.4,0.919,0.0616,0.191,0.0059
real_human_01234,0.9514364003633489,1495.6123696946358,0.43894843828341457,0.38973496618516384,0.0,investment advisor DM me,1,0.7522722457729245,0.9821727885350287,0.219002914217619,2.1608698101604404,87.71468309301173,0.8349331612649539,0.03544025666125125,0.15037173503777562,0.04606659837241606
code_master,14.225216505662774,50.08118031731732,5.866240652748674,20.028954442281776,598.3074466952047,mom of 3 | foodie,0,0.040691960217445665,0.3704267288999763,0.9548659955338321,17.092631258307264,8.273683173888498,0.06450107063007803,0.4287596603347459,0.676430486693747,0.43735328081953867
follow_back_101,12.0,1276.0,2.0,0.0,51.0,,1,0.936,0.884,0.15,2.0,282.79,0.808,0.059,0.177,0.009
olivia_draws,723.0,14.0,42.0,20.0,3580.0,Wildlife photographer based in Kenya,0,0.086,0.307,0.979,15.0,3.558,0.133,0.2364,0.942,0.3593
get_rich_88,14.0,1449.0,0.0,0.0,34.0,crypto millionaire | teach you how,1,0.827,0.931,0.337,1.0,155.62,0.859,0.0537,0.238,0.0246
grace_beauty,4.0,64.0,14.0,14.0,2300.0,UX designer @Meta,0,0.135,0.248,0.967,17.0,0.37,0.174,0.3177,0.895,0.4829
mike_2023,5.0,4.0,14.0,20.0,2901.0,photographer | travel 📷,0,0.033,0.39,0.947,10.0,4.754,0.087,0.2455,0.927,0.58
photo_by_anna,63.36807593354613,7.647282437954707,142.5560968081941,27.136013428640144,4943.8178898451815,Blogger | Lifestyle & wellness,0,0.06988267211796606,0.4462676497649153,0.8127081212578285,11.103353010246678,5.537647591090907,0.07265140931789035,0.30212609768237414,0.74473437898519,0.17232473282606864
noah_films,5.0,91.0,4.0,28.0,365.0,Architect | sustainable design,0,0.087,0.153,0.777,17.0,0.282,0.055,0.5781,0.632,0.1205
luke_designs,14.0,52.0,8.0,12.0,3119.0,Entrepreneur | Founder @startup,0,0.032,0.516,0.976,8.0,2.442,0.039,0.3908,0.724,0.2713
nina_art,46.0,47.0,8.0,8.0,3352.0,UX designer @Meta,0,0.006,0.338,0.784,18.0,4.833,0.156,0.5,0.824,0.5807
ava_dances,58.0,23.0,5.0,8.0,1281.0,Data scientist | ML researcher,0,0.106,0.131,0.987,12.0,3.108,0.122,0.5544,0.734,0.4253
olivia_draws,100.0,10.0,27.0,20.0,1151.0,Environmental activist,0,0.116,0.486,0.707,14.0,2.701,0.144,0.6138,0.76,0.5939
xXx_profit_xXx,11.992384423236512,1113.913283099824,1.5758328297509354,0.0,0.0,Click link below 💰,1,0.7277743077747694,0.9115350224604364,0.3635433889239676,3.321367212786969,149.5600609225401,0.7722502040577292,0.06473555631108706,0.12111129872554031,0.02465090946430364
follow_back_101,22.518941324714035,2560.2995003860856,0.0,0.7703062677072258,14.065212686088234,FREE BTC airdrop → link in bio,1,0.6167318355174624,0.9746171908790919,0.39099427626606204,3.3262666813285158,197.7690812329757,0.9841889971587955,0.02535260426969542,0.31530699590758166,0.0
a8f7d3k9p2,0.0,1357.7928826272464,0.0,0.17735112456083316,56.13665185385207,crypto millionaire | teach you how,1,0.688048229267027,0.8460778796851665,0.3571919394816674,2.108035253144595,174.80077573204642,0.791173321981605,0.034522350138326635,0.18635356490200805,0.004200782580072095
acc29471838,0.0,2344.0,1.0,0.0,10.0,official giveaway account,1,0.934,0.977,0.248,1.0,141.36,0.837,0.0485,0.11,0.0319
f4f_master_99,18.0,445.0,2.0,0.0,46.0,,1,0.779,0.902,0.338,2.0,78.05,0.88,0.0439,0.248,0.0351
xXx_profit_xXx,16.0,1239.0,2.0,0.0,44.0,crypto signals ✅ 99% win rate,1,0.779,0.874,0.147,4.0,123.98,0.766,0.0594,0.184,0.0254
john_doe,42.0,15.0,18.0,12.0,1676.0,Nurse practitioner | women's health advocate,0,0.111,0.397,0.667,16.0,4.105,0.067,0.3441,0.941,0.47
crypto_king_9999,17.29050665836086,2422.238784402435,0.6161605934784755,0.0,8.005248124275056,FREE gift cards click here,0,0.6358762880800115,0.9469356927634002,0.17317428248166244,1.324479767791995,58.750191171309524,0.963778091996491,0.0477601015052976,0.1558323751835683,0.013860536367703442
user8374629,27.32946236006244,2378.2549189054994,0.10283750356049959,0.0,35.27406813830873,crypto millionaire | teach you how,1,0.9217752630942904,0.8939872366080591,0.3017197030786122,0.9946423778120113,116.42683148610674,0.7693533993251485,0.09464252793366554,0.1608324011693275,0.02992457526369454
chef_marco,2055.0,15.0,12.0,9.0,1845.0,Teacher & lifelong learner,0,0.124,0.511,0.959,15.0,1.272,0.104,0.3826,0.964,0.2625
chris_builds,84.0,37.0,25.0,22.0,5000.0,Blogger | Lifestyle & wellness,0,0.067,0.12,0.879,13.0,1.618,0.154,0.4676,0.831,0.1439
bot291847362,12.736713270734766,1213.4378269221488,2.6097398911348124,1.0425160838752212,8.861415316061027,earn $500/day 👇,1,0.8463425156026999,0.8701735145861565,0.10706038061459534,0.8193728091096428,139.1234405451082,0.966658366115118,0.07294821613439757,0.21847786639335645,0.03853553102478557
mia_cooks,268.0,13.0,18.0,17.0,1490.0,Dog lover | Hiking | Books,0,0.012,0.253,0.738,13.0,2.858,0.125,0.2293,0.71,0.2374
a8f7d3k9p2,0.0,2662.0,0.0,0.0,51.0,earn $500/day 👇,1,0.793,0.885,0.214,4.0,141.42,0.987,0.0688,0.215,0.0011
tom_techie,78.0,25.0,3.0,1.0,5000.0,Artist | Digital creator,0,0.081,0.362,0.827,14.0,0.765,0.046,0.5314,0.983,0.1104
chef_marco,1372.0,95.0,55.0,14.0,5000.0,Fashion designer | PR welcome,0,0.14,0.405,0.93,12.0,0.947,0.058,0.2475,0.688,0.592
free_follower_bot,13.0,994.0,2.0,0.0,59.0,crypto signals ✅ 99% win rate,1,0.877,0.989,0.39,1.0,89.28,0.703,0.0116,0.127,0.0138
paul_runs,1.0,34.0,18.0,6.0,5000.0,Retired engineer | amateur astronomer,0,0.038,0.47,0.703,18.0,3.583,0.115,0.5344,0.692,0.3237
chris_builds,1063.9079174254125,80.2413379342733,17.881591484505634,29.128738804941253,3154.418823312307,Architect | sustainable design,0,0.1334701583935674,0.17686102776676238,0.9513618276421405,12.29971849668951,0.0,0.053407566185474944,0.5428793308595647,0.6423228830884239,0.413926177637012
nina_art,8.0,42.0,3.0,16.0,5000.0,Dog lover | Hiking | Books,0,0.002,0.246,0.844,9.0,1.251,0.032,0.6979,0.768,0.322
nina_art,175.32231064786313,25.782521276485475,28.018193270788487,13.400343767998596,4834.436980608328,Teacher & lifelong learner,0,0.05371740767589773,0.12075746085613472,0.697697666727683,13.530056342666485,5.437652073727107,0.16855753521014355,0.4696308045358879,0.9075507856641907,0.51624878518212
rachel_reads,9.0,6.0,39.0,27.0,5000.0,photographer | travel 📷,0,0.149,0.149,0.791,8.0,0.616,0.014,0.2377,0.801,0.1321
zz_promo_zz,13.0,872.0,1.0,0.0,37.0,DM me to grow your account fast,1,0.696,0.908,0.139,2.0,105.59,0.849,0.0273,0.044,0.0384
mike_2023,34.13315513431191,64.57207185202228,0.0,6.893474802597922,629.3805864346612,Medical student | future doctor,0,0.06387951633074661,0.5245008972154981,0.9755608515743142,14.937689909992804,2.4387657971764423,0.032696911022771113,0.67447280965606,0.728772748210908,0.5486723593605278
bot_account_7,14.120485288995884,437.3112131983007,2.350972839876262,0.23549816976508642,23.560828735005536,make money online → bio link,1,0.905776884722423,0.8983260193280417,0.3114290736757713,1.2319074183601353,283.7885981672996,0.8043408476189203,0.012664886792078755,0.09883803691979186,0.01635538787534816
crypto_king_9999,13.0,639.0,1.0,0.0,12.0,,1,0.869,0.953,0.289,2.0,107.78,0.978,0.0458,0.114,0.0483
ben_codes,13.0,10.0,1.0,28.0,929.0,Architect | sustainable design,0,0.024,0.326,0.807,11.0,2.571,0.156,0.5171,0.837,0.1846
a8f7d3k9p2,0.0,2250.8007324163464,2.4997260240359678,0.0,18.324741114340366,crypto millionaire | teach you how,1,0.7129385563011457,0.9285949536650732,0.34565525118947077,4.707480334198384,153.1314723793013,0.7232289857365142,0.07940350265027817,0.19150350361192892,0.016292779020522594
mike_2023,31.0,25.0,3.0,22.0,3441.0,Fashion designer | PR welcome,0,0.109,0.456,0.888,14.0,0.2,0.053,0.6825,0.794,0.5325
mia_cooks,27.0,71.0,1.0,23.0,471.0,News journalist @NYT,0,0.096,0.272,0.727,17.0,3.201,0.16,0.6492,0.769,0.4406
earn_fast_2024,2.0,1081.0,2.0,0.0,51.0,FREE BTC airdrop → link in bio,1,0.79,0.851,0.102,2.0,236.81,0.765,0.0401,0.165,0.0119
1234567890ab,0.0,2567.170805143733,4.57061020853974,0.0,3.5827313907868614,DM me to grow your account fast,1,0.6674847024594125,0.8853980615348099,0.18735958018342605,0.9405598120361776,292.95528400420585,0.8595909585043289,0.07944962539895381,0.06923873668997306,0.021986818152856753
xXx_profit_xXx,6.0,901.0,2.0,0.0,43.0,earn $500/day 👇,1,0.84,0.899,0.18,3.0,73.38,0.91,0.042,0.065,0.0258
dev_pete,6.0,44.0,23.0,25.0,2182.0,UX designer @Meta,0,0.123,0.225,0.718,15.0,0.849,0.006,0.2801,0.634,0.2549
a8f7d3k9p2,13.0,504.0,2.0,0.0,59.0,,1,0.626,0.881,0.102,4.0,69.54,0.899,0.0159,0.121,0.0185
zz_promo_zz,0.0,3003.9496604301657,2.507957498833381,0.9194274291293686,95.66337082356675,,1,0.9089901597735164,0.966699433763139,0.30102832428786575,0.6518237743067755,217.12417966525743,0.7808449295568431,0.03270386052314525,0.18827026643036518,0.034291064181784965
photo_by_anna,1.0,133.0,22.0,3.0,1483.0,Teacher & lifelong learner,0,0.026,0.404,0.788,12.0,0.988,0.181,0.298,0.845,0.3689
sarah_smith,656.0,20.0,98.0,5.0,2253.0,Traveler | 50+ countries visited,0,0.059,0.382,0.895,8.0,1.411,0.106,0.5811,0.937,0.4396
free_follower_bot,2.0,2835.0,2.0,0.0,58.0,,1,0.799,0.952,0.396,3.0,72.2,0.715,0.0191,0.117,0.0414
james_hikes,30.0,20.0,62.0,24.0,1427.0,Data scientist | ML researcher,0,0.001,0.316,0.85,11.0,3.312,0.111,0.2209,0.943,0.404
rachel_reads,24.0,10.0,103.0,18.0,5000.0,Environmental activist,0,0.008,0.495,0.797,10.0,1.317,0.123,0.5942,0.877,0.4003
real_human_01234,9.0,274.0,1.0,0.0,22.0,,1,0.725,0.874,0.162,3.0,295.23,0.892,0.0784,0.123,0.0352
acc29471838,14.0,1897.0,0.0,0.0,44.0,,1,0.674,0.958,0.339,3.0,189.87,0.803,0.0683,0.022,0.0398
acc29471838,9.0,1868.0,1.0,0.0,36.0,,1,0.776,0.872,0.293,2.0,240.8,0.955,0.0803,0.026,0.0286
f4f_master_99,5.0,2946.0,1.0,0.0,52.0,,1,0.651,0.938,0.115,4.0,222.5,0.724,0.0563,0.152,0.0198
grace_beauty,13.0,102.0,2.0,1.0,2072.0,Medical student | future doctor,0,0.038,0.361,0.979,13.0,1.343,0.079,0.4366,0.962,0.3847
mike_2023,0.0,3.999141874833306,16.47998467522353,4.718800426076635,3168.334131940647,Wildlife photographer based in Kenya,0,0.14144467218374326,0.4512706016169627,0.8702602505747018,8.365566163773575,1.5298764480570877,0.0,0.5086310731901095,0.9723053647228492,0.5255366649606509
zz_promo_zz,1.0,675.0,1.0,0.0,10.0,official giveaway account,1,0.893,0.915,0.341,2.0,225.35,0.885,0.0972,0.109,0.0177
tom_techie,8.0,6.0,10.0,19.0,981.0,High school teacher | making STEM fun,0,0.101,0.35,0.699,11.0,0.892,0.126,0.5206,0.997,0.1679
xXx_profit_xXx,23.61683022284909,3000.268003395147,0.0,0.9420142473568568,24.196195393753243,official giveaway account,1,0.618386992484844,0.8840853657312222,0.09201368562085817,0.6369738113965078,252.68933638815656,0.772860654985037,0.057964668222340386,0.06730637594563464,0.04951814250475739
bot_account_7,18.0,2843.0,1.0,0.0,10.0,♻️ repost to win $1000,1,0.665,0.953,0.104,2.0,125.58,0.964,0.0118,0.004,0.0487
creative_dan,55.0,20.0,47.0,21.0,5000.0,Yoga instructor | wellness coach,0,0.018,0.171,0.731,13.0,0.29,0.102,0.4938,0.641,0.1909
xXx_profit_xXx,15.0,1611.0,0.0,0.0,59.0,,1,0.676,0.87,0.366,4.0,65.86,0.95,0.0865,0.046,0.0484
grace_beauty,69.0,6.0,3.0,1.0,4242.0,UX designer @Meta,0,0.043,0.128,0.697,13.0,4.019,0.008,0.6301,0.714,0.3354
follow_back_101,13.0,2997.0,0.0,0.0,3.0,promo available 📩,1,0.689,0.901,0.387,2.0,103.68,0.844,0.0644,0.15,0.0157
ava_dances,4.0,116.0,25.0,29.0,5000.0,High school teacher | making STEM fun,0,0.081,0.409,0.874,15.0,2.238,0.19,0.3463,0.86,0.255
crypto_king_9999,8.0,1125.0,1.0,0.0,48.0,,1,0.795,0.98,0.16,2.0,291.02,0.975,0.065,0.103,0.009
follow_back_101,8.0,626.0,2.0,0.0,48.0,DM me to grow your account fast,1,0.774,0.972,0.324,4.0,114.6,0.89,0.0241,0.251,0.0496
bot_account_7,10.0,2265.0,1.0,0.0,25.0,Click link below 💰,1,0.943,0.935,0.141,4.0,217.12,0.883,0.0157,0.215,0.0237
code_master,9.447786546341144,37.299359586941556,167.90805504416792,0.06742234962819112,680.4684512528977,Data scientist | ML researcher,0,0.018186292532944105,0.20913177311578118,0.7562361467992627,9.278714423367763,2.375902669510615,0.0,0.21116441266346053,0.7610960071184957,0.14376355773690455
bot291847362,17.0,1618.0,1.0,0.0,6.0,Click link below 💰,1,0.721,0.869,0.144,2.0,108.66,0.804,0.0305,0.205,0.0079
amy_joy,14.0,20.0,6.0,4.0,1351.0,Dog lover | Hiking | Books,0,0.059,0.299,0.658,14.0,1.736,0.174,0.3688,0.948,0.458
alex_travel,7.0,76.0,18.0,9.0,5000.0,Medical student | future doctor,0,0.012,0.506,0.826,10.0,1.128,0.19,0.5644,0.841,0.1068
1234567890ab,5.0,2318.0,1.0,0.0,14.0,airdrop $ETH daily,1,0.782,0.864,0.146,4.0,122.01,0.936,0.0739,0.136,0.0287
airdrop_winner99,16.0,957.0,2.0,0.0,45.0,earn $500/day 👇,1,0.677,0.878,0.378,2.0,223.61,0.856,0.0223,0.124,0.0071
sarah_smith,61.0,43.0,36.0,18.0,1828.0,Gaming streamer | Twitch partner,0,0.084,0.193,0.926,11.0,1.02,0.092,0.6346,0.773,0.3182
sarah_smith,24.0,8.0,10.0,20.0,1028.0,Nurse practitioner | women's health advocate,0,0.034,0.266,0.932,16.0,3.539,0.075,0.4606,0.665,0.4522
tom_techie,5.0,20.0,5.0,12.0,2145.0,fitness coach 💪 DM for training plans,0,0.079,0.248,0.774,9.0,0.101,0.009,0.3275,0.647,0.4964
dev_pete,30.0,64.0,16.0,18.0,5000.0,fitness coach 💪 DM for training plans,0,0.08,0.124,0.864,12.0,2.608,0.031,0.5723,0.602,0.5868
mark_adventure,42.86900894413658,87.11379515439796,54.25499964423892,16.511739216586125,5057.718740033591,Dance teacher | choreographer,0,0.10486288477895307,0.30758503743856214,0.8504634830258608,10.647943121737512,0.0,0.03726175908580495,0.566528604680666,0.9741365252804834,0.2979889031870517
ava_dances,0.0,23.91286942236155,1.38057688015325,9.21983483527718,4871.922923177696,Fashion designer | PR welcome,0,0.021936526306230927,0.14267588587742197,0.7592006707105424,14.098965065188809,5.706449913305809,0.014901309201652111,0.66795885623603,0.9177666281864157,0.39147001480796945
john_doe,53.0,4.0,9.0,23.0,5000.0,software engineer @ Google,0,0.144,0.424,0.8,18.0,3.152,0.043,0.6918,0.639,0.5926
9182736450,11.0,2672.0,2.0,0.0,20.0,earn $500/day 👇,1,0.814,0.924,0.304,3.0,205.16,0.795,0.0605,0.077,0.049
free_follower_bot,8.698993122282326,1702.5068994273154,0.9054076309443904,0.0,69.51869136274553,crypto millionaire | teach you how,1,0.8632280858948548,0.8458190631244302,0.34475378429851466,3.0097918155566763,291.7165784589697,0.7754011770658247,0.05705735397406857,0.20599160863584728,0.006998303276389941
ben_codes,475.0,8.0,1.0,17.0,905.0,Freelance illustrator | art prints available,0,0.096,0.343,0.97,13.0,3.184,0.061,0.4609,0.644,0.3986
grace_beauty,23.0,46.0,23.0,16.0,4791.0,Retired engineer | amateur astronomer,0,0.057,0.239,0.806,16.0,3.538,0.027,0.2415,0.613,0.1881
lisa_writes,23.0,49.0,22.0,0.0,1885.0,UX designer @Meta,0,0.13,0.507,0.974,13.0,2.717,0.184,0.504,0.693,0.3026
creative_dan,10.0,19.0,4.0,15.0,2545.0,Marketing professional | keynote speaker,0,0.119,0.403,0.814,17.0,1.852,0.022,0.62,0.945,0.4694
james_hikes,7.0,8.0,7.0,5.0,1695.0,mom of 3 | foodie,0,0.071,0.113,0.882,9.0,2.986,0.171,0.5357,0.749,0.1535
lisa_writes,34.0,12.0,44.0,17.0,635.0,Chef | Recipe creator,0,0.135,0.495,0.839,12.0,4.955,0.045,0.4217,0.763,0.5318
9182736450,15.0,1926.0,1.0,0.0,32.0,earn $500/day 👇,1,0.647,0.915,0.181,1.0,286.91,0.889,0.0798,0.173,0.0062
chris_builds,1.0,25.0,20.0,14.0,5000.0,Environmental activist,0,0.143,0.265,0.896,13.0,2.571,0.096,0.3954,0.65,0.5449
crypto_king_9999,11.0,696.0,0.0,0.0,32.0,promo available 📩,1,0.774,0.882,0.145,4.0,242.45,0.868,0.0567,0.108,0.0382
autoliker_pro,8.0,212.0,2.0,0.0,14.0,♻️ repost to win $1000,1,0.737,0.891,0.147,4.0,110.24,0.916,0.0969,0.043,0.0185
noah_films,146.0,11.0,23.0,6.0,3112.0,Gaming streamer | Twitch partner,0,0.1,0.104,0.892,15.0,0.535,0.065,0.284,0.921,0.5786
rachel_reads,13.0,27.0,12.0,18.0,1257.0,UX designer @Meta,0,0.015,0.494,0.69,11.0,3.762,0.1,0.6704,0.844,0.2684
alex_travel,6.0,15.0,7.0,7.0,3515.0,Fashion designer | PR welcome,0,0.021,0.513,0.98,8.0,3.564,0.045,0.5273,0.968,0.2781
paul_runs,176.0,16.0,13.0,3.0,5000.0,Gaming streamer | Twitch partner,0,0.085,0.121,0.977,12.0,0.791,0.097,0.4795,0.886,0.1858
nina_art,5.0,6.0,41.0,12.0,485.0,software engineer @ Google,0,0.103,0.245,0.953,15.0,1.408,0.091,0.3126,0.689,0.184
lisa_writes,7.0,18.0,68.0,6.0,5000.0,Artist | Digital creator,0,0.114,0.262,0.909,14.0,2.314,0.072,0.5623,0.615,0.1147
sarah_smith,2.0,17.0,8.0,28.0,5000.0,Yoga instructor | wellness coach,1,0.095,0.432,0.713,17.0,2.956,0.106,0.6679,0.731,0.1486
mike_2023,21.0,14.0,17.0,13.0,1429.0,Entrepreneur | Founder @startup,0,0.122,0.323,0.906,10.0,2.941,0.124,0.4926,0.66,0.3484
earn_fast_2024,15.0,1838.0,1.0,0.0,51.0,promo available 📩,1,0.787,0.912,0.29,2.0,192.78,0.708,0.0565,0.129,0.044
f4f_master_99,16.0,2766.0,2.0,0.0,19.0,DM me to grow your account fast,1,0.719,0.95,0.384,1.0,151.55,0.978,0.0715,0.035,0.0463
alex_travel,4.0,21.0,38.0,1.0,3040.0,Freelance illustrator | art prints available,0,0.133,0.225,0.871,9.0,2.545,0.16,0.39,0.999,0.1079
xXx_profit_xXx,6.0,2058.0,2.0,0.0,8.0,FREE gift cards click here,1,0.95,0.988,0.111,4.0,296.17,0.874,0.0458,0.002,0.0181
nina_art,9.0,38.0,13.0,26.0,5000.0,Traveler | 50+ countries visited,0,0.016,0.225,0.72,13.0,4.261,0.198,0.248,0.977,0.2782
f4f_master_99,1.1831737650807543,502.16710090382804,0.9590741594396548,0.22293032243150682,94.27226211790213,crypto signals ✅ 99% win rate,1,0.633113938139346,0.9366023132653843,0.21356867819006506,3.8127109266381267,215.18223675679303,0.8314763919093872,0.034158214774376215,0.0,0.01713331600002141
9182736450,19.0,2601.0,2.0,0.0,20.0,follow for follow back,1,0.685,0.89,0.159,3.0,205.91,0.851,0.0616,0.156,0.0359
code_master,9.0,9.0,26.0,10.0,5000.0,Yoga instructor | wellness coach,0,0.142,0.326,0.827,18.0,1.945,0.04,0.5788,0.895,0.2738
lisa_writes,675.0,29.0,3.0,12.0,5000.0,News journalist @NYT,0,0.014,0.2,0.686,18.0,2.703,0.149,0.639,0.861,0.5948
xXx_profit_xXx,11.0,1135.0,1.0,0.0,5.0,,1,0.936,0.86,0.227,4.0,87.51,0.896,0.0118,0.298,0.0135
zz_promo_zz,15.0,1119.0,1.0,0.0,51.0,NFT investor | crypto tips,1,0.835,0.867,0.139,3.0,257.22,0.83,0.0211,0.001,0.0078
paul_runs,37.227983970367845,45.224884737823245,8.323218698316595,9.087909822285932,1228.0494829251527,Wildlife photographer based in Kenya,0,0.07050101644215605,0.19724513240468416,0.840906178348194,17.04881652946129,0.0,0.21610002758505967,0.3944791196063161,0.700881879108689,0.3583845553543293
alex_travel,58.0,95.0,8.0,16.0,1271.0,News journalist @NYT,0,0.071,0.521,0.891,10.0,1.177,0.175,0.2019,0.771,0.2952
chef_marco,1.0,15.0,45.0,0.0,1545.0,photographer | travel 📷,0,0.009,0.428,0.672,9.0,3.467,0.196,0.6574,0.698,0.1086
chris_builds,28.0,65.0,8.0,22.0,3326.0,Teacher & lifelong learner,0,0.12,0.545,0.904,13.0,2.77,0.115,0.4705,0.697,0.1848
chris_builds,3318.0,10.0,10.0,24.0,1306.0,High school teacher | making STEM fun,0,0.044,0.207,0.828,10.0,0.401,0.146,0.5807,0.686,0.2527
olivia_draws,21.0,24.0,9.0,28.0,1473.0,Artist | Digital creator,0,0.143,0.16,0.968,11.0,2.17,0.184,0.3663,0.697,0.5624
luke_designs,28.393844988201252,34.502950163804286,0.991091004105829,10.260690603148761,682.6907930381691,Gaming streamer | Twitch partner,0,0.05335772723295028,0.5546159550156867,0.7446778340498105,13.407269879075805,7.910945370366015,0.05449215611869267,0.36528643426398416,0.9672305778486767,0.28002612448007574
lisa_writes,36.0,19.0,17.0,23.0,2643.0,Traveler | 50+ countries visited,0,0.109,0.407,0.711,12.0,1.499,0.113,0.6718,0.92,0.4918
rachel_reads,40.0,52.0,15.0,14.0,2262.0,Medical student | future doctor,0,0.082,0.421,0.8,14.0,2.366,0.121,0.4773,0.612,0.4354
fit_jessica,21.0,13.0,6.0,14.0,732.0,photographer | travel 📷,0,0.084,0.214,0.714,15.0,4.378,0.092,0.2424,0.688,0.5929
mark_adventure,117.0,17.0,21.0,16.0,2182.0,Dance teacher | choreographer,0,0.008,0.457,0.737,10.0,2.529,0.055,0.311,0.743,0.4118
emma.j,8.0,24.0,27.0,5.0,943.0,Medical student | future doctor,0,0.024,0.41,0.922,12.0,1.875,0.043,0.3098,0.75,0.2629
bot_account_7,0.0,1280.4698977937733,1.5200534570309199,0.0,0.0,,1,0.8253156019760419,0.926952217881853,0.34615130063219346,1.5522738548970343,263.9821366303115,0.7998468447220082,0.09078252026251817,0.21836013061312415,0.018642838479589766
crypto_king_9999,0.0,2367.0,0.0,0.0,56.0,make money online → bio link,1,0.691,0.916,0.193,1.0,175.16,0.949,0.0691,0.22,0.0007
follow_back_101,12.718465739078109,604.3165910965708,0.04594986789808575,0.732515561246091,17.797386536316655,crypto millionaire | teach you how,1,0.7115646139790424,0.9522651953926174,0.09660070653881318,3.843564249446524,114.18420834575781,0.9233597819641526,0.079790564966266,0.004481668658688068,0.012897517719693458
photo_by_anna,20.0,41.0,16.0,14.0,5000.0,Podcaster | interviewing founders,0,0.067,0.372,0.986,18.0,1.508,0.071,0.6746,0.952,0.5848
noah_films,816.0,56.0,1.0,16.0,5000.0,Wildlife photographer based in Kenya,0,0.081,0.148,0.713,16.0,4.101,0.145,0.6325,0.908,0.1116
photo_by_anna,1.0,10.0,1.0,25.0,1733.0,Teacher & lifelong learner,0,0.117,0.291,0.793,15.0,1.246,0.1,0.2006,0.817,0.2596
john_doe,1.0,2.0,14.0,21.0,3586.0,Dance teacher | choreographer,0,0.118,0.334,0.843,17.0,2.644,0.118,0.4846,0.667,0.1369
acc29471838,12.277803220926067,813.0539735537302,1.305486738630185,0.28904686417100306,0.0,📈 passive income daily,0,0.6891804079569537,0.8981062483341962,0.22760408677475788,4.380254883356305,196.28420899608952,0.8155025481160147,0.08178856013253014,0.23984343953139037,0.014500585852029237
chef_marco,42.0,28.0,2.0,23.0,477.0,Wildlife photographer based in Kenya,0,0.122,0.26,0.904,15.0,3.893,0.085,0.6402,0.625,0.2855
chris_builds,13.0,14.0,5.0,7.0,1301.0,Entrepreneur | Founder @startup,0,0.006,0.394,0.671,10.0,3.324,0.133,0.3147,0.739,0.1563
mark_adventure,44.0,36.0,24.0,11.0,5000.0,Fashion designer | PR welcome,0,0.045,0.388,0.88,14.0,4.956,0.048,0.6905,0.797,0.2445
olivia_draws,37.0,28.0,79.0,19.0,2270.0,Fashion designer | PR welcome,0,0.024,0.186,0.887,11.0,1.88,0.03,0.3508,0.697,0.103
grace_beauty,83.0,12.0,27.0,19.0,2616.0,News journalist @NYT,0,0.089,0.503,0.694,13.0,2.352,0.149,0.4221,0.873,0.2603
amy_joy,135.0,56.0,13.0,28.0,729.0,fitness coach 💪 DM for training plans,0,0.022,0.357,0.942,14.0,2.976,0.103,0.3777,0.787,0.4595
insta_boost_247,8.0,2772.0,2.0,0.0,15.0,make money online → bio link,1,0.739,0.857,0.264,4.0,147.55,0.792,0.0491,0.274,0.0198
ben_codes,1.0,142.0,46.0,23.0,2109.0,Dance teacher | choreographer,0,0.112,0.406,0.82,15.0,1.658,0.119,0.5962,0.672,0.5341
olivia_draws,169.0,12.0,16.0,16.0,1431.0,Yoga instructor | wellness coach,0,0.035,0.529,0.916,16.0,2.799,0.096,0.5581,0.715,0.567
mark_adventure,21.0,105.0,5.0,12.0,5000.0,UX designer @Meta,0,0.046,0.487,0.856,18.0,1.193,0.004,0.2469,0.622,0.2828
noah_films,62.0,9.0,32.0,3.0,5000.0,Marketing professional | keynote speaker,0,0.012,0.179,0.907,12.0,0.699,0.07,0.2138,0.788,0.1841
mike_2023,0.0,0.0,15.36916029367604,28.369577013586685,3245.039815315493,Architect | sustainable design,0,0.044093981506577284,0.2010208657127819,0.9020507550190192,9.338143479260752,3.4047630692518207,0.17254365393554685,0.2534321617955507,0.763565586058565,0.26349136945000495
9182736450,3.0,1081.0,1.0,0.0,8.0,NFT investor | crypto tips,1,0.664,0.853,0.317,2.0,142.66,0.877,0.0207,0.202,0.0289
q7w8e9r0t1y2,8.0,2312.0,1.0,0.0,55.0,FREE gift cards click here,1,0.71,0.897,0.366,1.0,234.26,0.852,0.06,0.215,0.0042
mike_2023,180.0,31.0,1.0,7.0,3488.0,Podcaster | interviewing founders,0,0.133,0.404,0.691,8.0,2.012,0.181,0.4521,0.885,0.3538
noah_films,32.0,6.0,56.0,0.0,1679.0,mom of 3 | foodie,0,0.041,0.252,0.679,13.0,2.71,0.161,0.5502,0.866,0.2737
john_doe,353.0,33.0,17.0,25.0,5000.0,Developer | Open source enthusiast,0,0.057,0.112,0.913,8.0,1.673,0.156,0.5439,0.659,0.5321
acc29471838,8.0,2789.0,2.0,0.0,7.0,,1,0.617,0.921,0.261,4.0,68.51,0.812,0.0482,0.296,0.0376
rachel_reads,46.69189003252465,0.0,3.7250478690955457,11.787159720889523,378.1066732748808,Wildlife photographer based in Kenya,0,0.019379570900335742,0.13690784321367944,0.6519946769475987,9.276430048448761,0.885742152430617,0.16938370501628364,0.6050636617310159,0.7121293221239793,0.4358853626519744
ethan_games,130.0,33.0,8.0,9.0,4418.0,Retired engineer | amateur astronomer,0,0.051,0.33,0.829,8.0,1.214,0.063,0.4735,0.63,0.5515
airdrop_winner99,2.0,1149.0,1.0,0.0,7.0,promo available 📩,1,0.682,0.934,0.103,4.0,293.54,0.887,0.0509,0.046,0.003
acc29471838,17.0,2808.0,2.0,0.0,9.0,,1,0.922,0.858,0.258,2.0,105.59,0.9,0.0827,0.123,0.0087
alex_travel,9.0,16.0,29.0,11.0,2133.0,High school teacher | making STEM fun,0,0.001,0.209,0.934,11.0,1.032,0.173,0.4266,0.864,0.3424
grace_beauty,2.0,91.0,3.0,1.0,5000.0,Wildlife photographer based in Kenya,0,0.02,0.212,0.702,11.0,4.378,0.187,0.5134,0.892,0.251
john_doe,520.0,51.0,16.0,13.0,1188.0,Gaming streamer | Twitch partner,0,0.125,0.502,0.757,9.0,4.573,0.168,0.2736,0.956,0.4667
sophia_teaches,9.0,15.0,5.0,7.0,5000.0,Musician. Coffee addict.,0,0.008,0.41,0.865,15.0,0.844,0.046,0.4445,0.951,0.1314
ben_codes,5.0,98.0,28.0,11.0,5000.0,Marketing professional | keynote speaker,0,0.081,0.105,0.824,16.0,0.896,0.187,0.6008,0.609,0.4235
chef_marco,1.0,5.0,13.0,29.0,2698.0,Chef | Recipe creator,0,0.023,0.45,0.94,18.0,2.408,0.002,0.4341,0.809,0.4052
xXx_profit_xXx,1.0,2187.0,1.0,0.0,1.0,airdrop $ETH daily,1,0.708,0.942,0.376,4.0,121.74,0.807,0.0423,0.083,0.0203
sarah_smith,94.0,60.0,6.0,19.0,1804.0,Freelance illustrator | art prints available,0,0.144,0.383,0.904,17.0,0.582,0.195,0.5717,0.787,0.5225
olivia_draws,6.0,38.0,18.0,2.0,617.0,Musician. Coffee addict.,0,0.077,0.364,0.653,18.0,1.085,0.099,0.6806,0.674,0.3614
creative_dan,5.814649557148043,0.0,18.864075455322254,27.809894934893794,4986.100592349133,Traveler | 50+ countries visited,0,0.0,0.5610129010478023,0.7091484123783782,14.675212742186124,10.85534863494508,0.1649535766059675,0.4505730729872633,0.9142358839608601,0.2805580271433989
grace_beauty,98.0441611379346,44.67830588220592,4.33821178614664,1.5180001790769513,312.17318125793497,Marketing professional | keynote speaker,0,0.08978962622372351,0.5400349190114497,0.7022505147366555,11.764646162721077,5.708256420434382,0.030748779497041617,0.27690121979454096,0.8356216499961214,0.2175737963661081
insta_boost_247,4.0,722.0,2.0,0.0,54.0,earn $500/day 👇,1,0.626,0.883,0.368,2.0,151.05,0.913,0.0883,0.088,0.0327
q7w8e9r0t1y2,18.0,1705.0,0.0,0.0,48.0,📈 passive income daily,1,0.601,0.935,0.137,4.0,94.51,0.816,0.0223,0.296,0.0122
alex_travel,512.1192429870392,57.691476290790376,13.74932502180304,17.647874213732507,3179.1687774660018,Chef | Recipe creator,0,0.07884716118574525,0.2984798050191111,0.7813323847351513,13.445882443626264,7.8974298284423075,0.19840402835377371,0.29493894939273385,0.8754888278529613,0.4848272620899961
fit_jessica,6.230473090356156,0.0,80.9570058760284,23.110314803116225,4887.925422526925,Dance teacher | choreographer,1,0.07911011224967841,0.14570693493603545,0.9150708018764876,14.916268673858646,6.576533021924953,0.07369952871819878,0.3919429797065253,0.8599574978049096,0.3183283376402744
mark_adventure,21.0,6.0,73.0,27.0,1620.0,Fashion designer | PR welcome,0,0.005,0.4,0.955,8.0,2.032,0.136,0.6053,0.745,0.1348
ava_dances,33.58797148553978,92.13512857421662,22.68382383684565,21.803997090751853,706.960410348835,Nurse practitioner | women's health advocate,0,0.07241933772504776,0.431642544715504,0.7292233546608813,17.583897683255138,0.0,0.08239285932907583,0.7091879379120214,0.6312883504902819,0.3294914731747858
code_master,100.0,87.0,9.0,27.0,4456.0,Blogger | Lifestyle & wellness,0,0.029,0.519,0.893,17.0,4.995,0.196,0.4607,0.968,0.4216
mia_cooks,107.439052067945,0.0,5.857952863976273,26.875847403881135,1363.3244566483643,UX designer @Meta,0,0.07922453819439218,0.5356125096838888,0.827503453731364,18.020555939802232,5.9095006647266874,0.05579120130398571,0.6309668249438947,0.6745685278748549,0.4299904547733641
ava_dances,33.0,30.0,21.0,24.0,1919.0,Wildlife photographer based in Kenya,0,0.121,0.207,0.682,9.0,0.596,0.057,0.6941,0.631,0.3045
f4f_master_99,4.0,1898.0,0.0,0.0,54.0,btc eth airdrop free coins,1,0.85,0.921,0.287,4.0,244.41,0.733,0.0381,0.127,0.0447
amy_joy,117.0,12.0,4.0,11.0,1697.0,software engineer @ Google,0,0.126,0.29,0.969,13.0,3.758,0.09,0.637,0.663,0.3055
photo_by_anna,37.0,10.0,9.0,1.0,519.0,fitness coach 💪 DM for training plans,0,0.034,0.125,0.66,8.0,3.123,0.193,0.4043,0.705,0.4257
crypto_king_9999,0.0,402.0,1.0,0.0,35.0,crypto millionaire | teach you how,1,0.745,0.859,0.337,2.0,173.24,0.855,0.0595,0.124,0.0418
chris_builds,1.0,37.0,40.0,6.0,1771.0,Traveler | 50+ countries visited,0,0.008,0.528,0.925,12.0,0.957,0.095,0.4093,0.603,0.2661
amy_joy,4.0,9.0,22.0,26.0,3388.0,Retired engineer | amateur astronomer,0,0.148,0.18,0.967,11.0,0.839,0.027,0.213,0.998,0.3708
1234567890ab,7.273494158885063,1639.660809625321,0.44776088507556666,0.0,75.429586432878,airdrop $ETH daily,1,0.7270543423856504,0.9099026273731884,0.3131794485414279,3.171897728990217,154.82919020349854,0.9318929767631646,0.03479010961173012,0.10442718311559887,0.03916381009030748
q7w8e9r0t1y2,5.0656123390183625,197.06754090355813,1.3855366581419246,0.0,94.09089278896647,follow for follow back,1,0.87123086570251,0.9468753330940105,0.3072500330313913,3.4425754364196437,219.23749530635357,0.8713908769165558,0.027763513335514838,0.04174111835825179,0.016908591198182565
emma.j,22.0,10.0,63.0,29.0,2577.0,Architect | sustainable design,0,0.034,0.366,0.745,10.0,3.117,0.169,0.4578,0.938,0.1598
luke_designs,19.0,24.0,7.0,24.0,1372.0,High school teacher | making STEM fun,0,0.007,0.308,0.944,10.0,4.597,0.122,0.5341,0.641,0.427
sophia_teaches,167.0,54.0,5.0,19.0,896.0,Musician. Coffee addict.,0,0.123,0.456,0.725,13.0,0.791,0.075,0.2751,0.642,0.5243
autoliker_pro,2.0,2778.0,2.0,0.0,33.0,♻️ repost to win $1000,1,0.718,0.895,0.238,1.0,262.11,0.736,0.0492,0.22,0.0163
follow_back_101,7.0,1778.0,1.0,0.0,56.0,btc eth airdrop free coins,1,0.636,0.898,0.342,4.0,210.51,0.787,0.0332,0.155,0.013
mia_cooks,196.0,101.0,28.0,15.0,4474.0,Environmental activist,0,0.069,0.396,0.699,13.0,1.37,0.103,0.5973,0.625,0.3422
nina_art,1.0,50.0,3.0,24.0,439.0,Yoga instructor | wellness coach,0,0.022,0.444,0.74,11.0,1.077,0.048,0.5532,0.98,0.547
earn_fast_2024,10.0,2394.0,2.0,0.0,8.0,promo available 📩,1,0.91,0.875,0.146,4.0,247.57,0.921,0.0764,0.25,0.026
mark_adventure,2.0,26.0,1.0,5.0,494.0,Retired engineer | amateur astronomer,0,0.032,0.271,0.683,14.0,4.634,0.031,0.6782,0.761,0.1335
sarah_smith,0.0,58.018481461555886,8.761706059743329,10.272052624963989,5032.563295662171,Fashion designer | PR welcome,0,0.09109986280093489,0.18377837578661768,0.7904087964237129,15.92796025711569,2.745684156961866,0.18933724852701148,0.31847747072145355,0.9654866380519931,0.3629933174999247
fit_jessica,7.0,32.0,20.0,1.0,4891.0,photographer | travel 📷,0,0.135,0.181,0.774,13.0,3.39,0.133,0.4402,0.808,0.1179
free_follower_bot,5.0,792.0,0.0,0.0,49.0,,1,0.647,0.877,0.39,1.0,195.68,0.853,0.0223,0.057,0.0047
mike_2023,55.0,48.0,93.0,2.0,390.0,Dance teacher | choreographer,0,0.051,0.354,0.674,9.0,3.374,0.087,0.6812,0.905,0.5219
bot291847362,2.0,1066.0,2.0,0.0,55.0,NFT investor | crypto tips,1,0.664,0.977,0.217,1.0,200.07,0.748,0.0257,0.112,0.0412
bot291847362,19.0,1556.0,1.0,0.0,23.0,,1,0.751,0.956,0.135,3.0,57.91,0.726,0.0908,0.127,0.0217
creative_dan,356.0,18.0,80.0,29.0,1174.0,Retired engineer | amateur astronomer,0,0.033,0.157,0.982,14.0,1.319,0.134,0.6528,0.643,0.2905
free_follower_bot,31.03139738481717,1123.1525692170799,2.1721357727124193,0.0,92.41523693785778,FREE BTC airdrop → link in bio,1,0.6639392032561705,0.8951851449042543,0.3227997035970638,1.9980332656360589,91.06197865284898,0.6786079022443978,0.09029377973313471,0.2590684936409405,0.0
insta_boost_247,7.0,2744.0,1.0,0.0,20.0,btc eth airdrop free coins,1,0.745,0.954,0.106,3.0,223.29,0.957,0.0348,0.254,0.022
ben_codes,77.0,39.0,9.0,7.0,365.0,Entrepreneur | Founder @startup,0,0.102,0.487,0.776,11.0,1.446,0.194,0.6172,0.714,0.4125
code_master,135.0,51.0,4.0,13.0,2574.0,fitness coach 💪 DM for training plans,0,0.097,0.442,0.666,12.0,3.67,0.057,0.533,0.703,0.3626
mark_adventure,55.537926729894906,24.591028759375625,11.517072777377212,26.046710827505485,597.4064325397007,Blogger | Lifestyle & wellness,1,0.12398554008773949,0.26266351711925473,0.7790439216958014,10.19643085884705,0.0,0.15288809721988866,0.45218705815147464,0.7384840878949488,0.34840650972709125
a8f7d3k9p2,15.0,316.0,0.0,0.0,45.0,♻️ repost to win $1000,1,0.611,0.909,0.102,1.0,117.21,0.74,0.0103,0.082,0.0258
chris_builds,79.0,36.0,19.0,10.0,5000.0,Freelance illustrator | art prints available,0,0.084,0.386,0.87,10.0,0.969,0.031,0.4991,0.621,0.3744
chef_marco,25.0,9.0,45.0,1.0,2962.0,Freelance illustrator | art prints available,0,0.148,0.455,0.76,8.0,3.828,0.043,0.6541,0.792,0.2499
paul_runs,49.0,7.0,22.0,14.0,3916.0,Developer | Open source enthusiast,0,0.143,0.374,0.834,12.0,1.064,0.11,0.4939,0.923,0.4167
ben_codes,72.0,11.0,19.0,16.0,5000.0,Yoga instructor | wellness coach,0,0.12,0.34,0.709,15.0,2.734,0.086,0.2052,0.746,0.2335
john_doe,22.0,12.0,7.0,7.0,5000.0,Nurse practitioner | women's health advocate,0,0.059,0.307,0.772,16.0,1.95,0.194,0.4696,0.781,0.3373
daniel_f,19.0,11.0,7.0,27.0,5000.0,Artist | Digital creator,0,0.025,0.24,0.749,16.0,2.621,0.029,0.681,0.862,0.2321
zz_promo_zz,0.0,2684.9574566694514,2.685235338692112,0.25020935050664755,52.63911937492572,♻️ repost to win $1000,1,0.671190896544252,0.9410404094781887,0.09946564868611593,3.098156988918362,220.63904722973322,0.8215844156941994,0.09286180800028546,0.161983552938182,0.04545994137075634
acc29471838,14.0,508.0,0.0,0.0,51.0,promo available 📩,0,0.72,0.893,0.139,4.0,85.34,0.84,0.0472,0.113,0.0217
user8374629,0.0,471.20465502828563,0.11780888280193258,0.0,0.0,btc eth airdrop free coins,1,0.8053948825355224,0.984449448461704,0.40033274214298026,3.03947306401988,255.25256829124348,0.7022142726135251,0.008595535525098976,0.02110393491997331,0.012404077446112011
get_rich_88,18.0,1126.0,2.0,0.0,34.0,earn while you sleep 💸,1,0.864,0.891,0.373,1.0,289.49,0.975,0.085,0.257,0.0234
rachel_reads,47.0,58.0,6.0,1.0,739.0,software engineer @ Google,0,0.02,0.22,0.895,14.0,3.36,0.117,0.4755,0.878,0.5389
olivia_draws,13.0,45.0,22.0,8.0,1100.0,mom of 3 | foodie,0,0.006,0.189,0.952,8.0,3.157,0.027,0.6761,0.714,0.5949
zz_promo_zz,18.0,1380.0,2.0,0.0,31.0,,1,0.665,0.944,0.148,3.0,52.15,0.871,0.0302,0.239,0.038
ava_dances,561.0,49.0,23.0,3.0,3752.0,Marketing professional | keynote speaker,0,0.036,0.304,0.857,8.0,3.937,0.193,0.4821,0.702,0.1066
mia_cooks,121.47381718981799,72.85639697060594,28.342782684997083,3.1300485006851613,660.9524398390614,Entrepreneur | Founder @startup,0,0.13016149958048043,0.480376804041432,0.7047663093298842,15.98791976528497,0.0,0.06686717296388306,0.6313063640913295,0.6602398558777224,0.4488427686359953
amy_joy,22.96626105131617,0.0,4.993168671018151,3.3154373751661126,890.6234800949533,Chef | Recipe creator,0,0.061051283706941045,0.31859438565749854,0.9750102564035826,7.7559773562217424,10.52698187728452,0.07406309804288395,0.5176335865747169,0.7991310766022882,0.32120465719864943
grace_beauty,168.0,32.0,9.0,23.0,2554.0,Artist | Digital creator,0,0.03,0.5,0.967,8.0,3.753,0.1,0.3614,0.647,0.5372
nina_art,20.0,10.0,4.0,20.0,1058.0,Freelance illustrator | art prints available,0,0.113,0.395,0.724,8.0,0.179,0.026,0.2102,0.964,0.3878
a8f7d3k9p2,17.0,1533.0,2.0,0.0,38.0,airdrop $ETH daily,1,0.84,0.975,0.226,1.0,157.36,0.805,0.0308,0.232,0.0467
follow_back_101,0.0,2842.0,1.0,0.0,17.0,crypto signals ✅ 99% win rate,1,0.788,0.955,0.172,3.0,270.66,0.733,0.0339,0.133,0.0388
insta_boost_247,9.0,1917.0,1.0,0.0,37.0,earn while you sleep 💸,1,0.933,0.862,0.391,3.0,59.14,0.966,0.0256,0.222,0.0092
daniel_f,20.0,18.0,9.0,3.0,853.0,Musician. Coffee addict.,0,0.14,0.427,0.804,12.0,2.89,0.184,0.6021,0.671,0.1782
james_hikes,5.0,19.0,9.0,9.0,1065.0,Traveler | 50+ countries visited,0,0.066,0.367,0.853,12.0,0.192,0.094,0.4682,0.661,0.41
xXx_profit_xXx,12.0,849.0,1.0,0.0,28.0,DM me to grow your account fast,1,0.646,0.942,0.313,4.0,159.32,0.805,0.0557,0.256,0.0473
a8f7d3k9p2,9.0,942.0,2.0,0.0,39.0,crypto signals ✅ 99% win rate,1,0.888,0.912,0.218,4.0,204.37,0.912,0.0574,0.117,0.0098
earn_fast_2024,6.0,2210.0,1.0,0.0,8.0,follow for follow back,1,0.625,0.955,0.393,3.0,107.67,0.871,0.0211,0.156,0.019
alex_travel,8.0,48.0,5.0,29.0,387.0,Dance teacher | choreographer,0,0.137,0.136,0.705,13.0,2.609,0.129,0.6876,0.908,0.3489
photo_by_anna,1363.2341200541482,0.0,36.946620957177785,18.86876223838951,4932.20953147663,Chef | Recipe creator,0,0.14239585224318818,0.30119990826478676,0.6890897185574338,8.858894323298104,8.665881612118342,0.1628942431330541,0.6252044763450523,0.7675204495258255,0.4065931759665929
free_follower_bot,10.0,325.0,0.0,0.0,11.0,follow for follow back,1,0.908,0.853,0.342,4.0,260.4,0.71,0.0438,0.269,0.0474
user8374629,0.0,1113.7040143072004,0.5831175788639764,0.0577076673154206,0.0,,1,0.5842272990425094,0.884391894947871,0.1423134024378956,2.6796577640695554,51.26655598118241,0.9581622545447888,0.017534092322859907,0.19694474110575025,0.021032293309414196
1234567890ab,2.0,1124.0,1.0,0.0,27.0,follow for follow back,1,0.949,0.925,0.231,3.0,192.39,0.877,0.0273,0.054,0.0493
chef_marco,60.0,25.0,7.0,10.0,4161.0,software engineer @ Google,0,0.034,0.235,0.875,16.0,3.034,0.165,0.2758,0.824,0.3695
real_human_01234,8.0,1452.0,2.0,0.0,56.0,FREE BTC airdrop → link in bio,1,0.793,0.987,0.23,4.0,161.93,0.965,0.0571,0.257,0.0092
mark_adventure,2.0,31.0,9.0,1.0,901.0,Artist | Digital creator,0,0.092,0.441,0.841,9.0,1.081,0.134,0.5267,0.625,0.5471
chris_builds,1.0,8.0,4.0,18.0,511.0,Traveler | 50+ countries visited,0,0.032,0.218,0.816,18.0,2.16,0.066,0.2358,0.637,0.1775
daniel_f,9.0,10.0,108.0,0.0,2300.0,Yoga instructor | wellness coach,0,0.096,0.171,0.952,13.0,1.569,0.02,0.4208,0.785,0.4419
grace_beauty,70.0,14.0,1.0,12.0,1279.0,Yoga instructor | wellness coach,0,0.065,0.24,0.7,8.0,1.765,0.109,0.2136,0.979,0.5216
mike_2023,30.303255005767987,150.11513253072656,15.735477188747996,0.0,2587.440668643035,Traveler | 50+ countries visited,0,0.09937152908905401,0.5281103391070405,0.8654664685210998,7.715413423158748,6.445350433061388,0.16190731827096405,0.5728808425104784,0.9492511973197366,0.6044493543633337
earn_fast_2024,5.0,1416.0,0.0,0.0,46.0,crypto millionaire | teach you how,1,0.728,0.903,0.181,3.0,209.88,0.905,0.0253,0.186,0.0451
amy_joy,938.0,12.0,8.0,4.0,5000.0,News journalist @NYT,1,0.039,0.188,0.67,12.0,2.598,0.117,0.4739,0.916,0.2758
daniel_f,0.0,62.84095841104007,5.012378694729853,10.616260035141508,5039.946497370407,Traveler | 50+ countries visited,0,0.06471135103653669,0.19551056463491778,0.879808099413041,8.826169339063785,0.0,0.12719459431944308,0.24674637226060936,0.9498765582039113,0.32172564004404475
1234567890ab,16.0,590.0,0.0,0.0,18.0,FREE gift cards click here,1,0.646,0.925,0.243,2.0,169.48,0.874,0.0881,0.201,0.0064
grace_beauty,88.0,10.0,10.0,26.0,828.0,Nurse practitioner | women's health advocate,0,0.13,0.342,0.813,12.0,0.967,0.162,0.2793,0.797,0.2323
sarah_smith,171.5543659226223,3.536287358318969,118.56056666358532,12.70907355610341,2098.775511822283,High school teacher | making STEM fun,0,0.05459031146567371,0.4488095781827391,0.8083029278844217,17.898726767267814,0.0,0.10820334959473599,0.4872258670596411,0.6637997983693837,0.17275322896139422
rachel_reads,13.091010343182583,15.234193642589364,8.069684219226989,17.336861753450002,632.0136241745448,mom of 3 | foodie,0,0.14998412949379344,0.44316759074508877,0.9552157002335483,16.945484420864574,6.209100782942532,0.19795817775358623,0.2576663797768386,0.8851210147538717,0.5231515230130461
lisa_writes,982.0,44.0,1.0,12.0,5000.0,Freelance illustrator | art prints available,0,0.068,0.142,0.926,9.0,2.352,0.079,0.507,0.747,0.2784
grace_beauty,18.0,14.0,61.0,3.0,1463.0,Podcaster | interviewing founders,0,0.035,0.45,0.827,17.0,0.622,0.114,0.6732,0.716,0.546
nina_art,1185.0,48.0,2.0,17.0,1235.0,mom of 3 | foodie,0,0.021,0.334,0.809,13.0,3.257,0.046,0.4414,0.911,0.5046
mia_cooks,99.0,77.0,7.0,24.0,3016.0,High school teacher | making STEM fun,0,0.129,0.414,0.955,17.0,1.93,0.136,0.557,0.673,0.3461
acc29471838,17.0,2659.0,2.0,0.0,40.0,crypto millionaire | teach you how,1,0.873,0.871,0.33,1.0,67.24,0.793,0.0394,0.025,0.0315
luke_designs,35.0,14.0,10.0,18.0,3040.0,UX designer @Meta,0,0.061,0.416,0.805,15.0,1.565,0.054,0.663,0.652,0.1868
follow_back_101,0.0,775.9644631433864,0.0,0.44723920492966285,71.63457472365869,earn $500/day 👇,1,0.7834427500967747,0.9003317424683459,0.0991649165275553,2.9252641124326613,186.51004834550935,0.9392603540306206,0.06086899561443934,0.20526965827539975,0.06120525138700286
luke_designs,3.0,4.0,2.0,22.0,5000.0,Nurse practitioner | women's health advocate,0,0.042,0.433,0.818,12.0,4.87,0.036,0.3523,0.898,0.3877
a8f7d3k9p2,13.0,709.0,0.0,0.0,54.0,btc eth airdrop free coins,1,0.824,0.951,0.201,2.0,210.01,0.79,0.0169,0.145,0.0393
autoliker_pro,9.0,582.0,2.0,0.0,24.0,FREE BTC airdrop → link in bio,1,0.932,0.891,0.13,1.0,176.08,0.93,0.0964,0.017,0.0424
paul_runs,43.0,39.0,9.0,3.0,4105.0,Dance teacher | choreographer,0,0.062,0.232,0.856,17.0,4.909,0.111,0.5452,0.841,0.455
james_hikes,31.0,74.0,11.0,18.0,650.0,mom of 3 | foodie,0,0.098,0.459,0.922,13.0,1.778,0.101,0.4916,0.897,0.4896
olivia_draws,10.0,69.0,73.0,8.0,722.0,Yoga instructor | wellness coach,0,0.124,0.24,0.709,9.0,4.128,0.192,0.3123,0.963,0.4215
a8f7d3k9p2,8.0,2497.0,0.0,0.0,13.0,Click link below 💰,1,0.775,0.939,0.326,3.0,127.08,0.934,0.0258,0.081,0.0032
9182736450,15.0,1896.0,2.0,0.0,20.0,FREE gift cards click here,1,0.66,0.934,0.11,3.0,57.35,0.805,0.086,0.187,0.0158
lisa_writes,191.0,21.0,26.0,1.0,856.0,photographer | travel 📷,0,0.024,0.543,0.686,14.0,2.444,0.112,0.2538,0.881,0.576
mike_2023,1.0,2.0,50.0,29.0,2462.0,Teacher & lifelong learner,0,0.083,0.132,0.987,9.0,2.248,0.06,0.6627,0.805,0.4691
mia_cooks,30.0,5.0,9.0,0.0,3164.0,Environmental activist,0,0.074,0.112,0.799,16.0,3.666,0.004,0.5814,0.602,0.285
free_follower_bot,4.0,2341.0,2.0,0.0,32.0,investment advisor DM me,1,0.64,0.865,0.325,4.0,50.99,0.795,0.0687,0.202,0.01
code_master,623.0,4.0,2.0,1.0,2252.0,UX designer @Meta,0,0.021,0.469,0.807,14.0,0.616,0.052,0.4679,0.678,0.1285
sarah_smith,16.227250375264298,0.0,0.8252619055171518,3.0309232529096537,1436.8036364269788,Artist | Digital creator,0,0.13084993381074847,0.4240815659352907,0.6959518488609324,15.047720279065953,17.808276693682544,0.12679131481053374,0.5627180913560245,0.6302487372552728,0.361622074505474
fit_jessica,98.42208351734575,12.056542195447506,6.129650844896633,24.522855054831723,5072.393192778309,Wildlife photographer based in Kenya,0,0.1424633414861842,0.41776558749276177,0.9651526228496098,17.914896037432104,4.2729719201529255,0.18791724156228876,0.5253034189628589,0.7391715679711203,0.35942137133087215
q7w8e9r0t1y2,25.123380137173022,2461.24051833421,1.0882922406448805,0.37425981929227936,95.95353914198695,crypto signals ✅ 99% win rate,1,0.6724573607280528,0.8826617344581638,0.20647320276461328,3.890908196598137,158.74656470704758,0.972322954358782,0.008418749758795707,0.27091127443964136,0.05223670103954598
user8374629,4.0,2675.0,1.0,0.0,1.0,btc eth airdrop free coins,1,0.63,0.882,0.341,1.0,213.82,0.8,0.0338,0.04,0.0456
rachel_reads,108.0,21.0,19.0,4.0,5000.0,photographer | travel 📷,0,0.137,0.289,0.687,13.0,2.475,0.033,0.4673,0.616,0.1573
a8f7d3k9p2,14.0,424.0,0.0,0.0,2.0,earn $500/day 👇,1,0.807,0.896,0.255,3.0,287.7,0.926,0.0647,0.285,0.0468
acc29471838,7.0194432286279,1177.3696700444548,0.0708165888359229,0.0,57.15178553514332,official giveaway account,1,0.9145414859726074,0.9851726192679889,0.19760574271026465,0.9415625135501291,156.2705232622705,0.88172534563104,0.05493878113698161,0.034639305559914915,0.0457720225834035
bot291847362,0.0,2057.5763540154653,1.170675172159568,0.7497538363068138,26.170945215680298,make money online → bio link,1,0.6138860108546063,0.9031803917045306,0.31459123308104414,3.4388025699249734,242.8911949467986,0.6811244888059214,0.05346941217374776,0.20863285755381114,0.02783988667795476
real_human_01234,2.0,821.0,2.0,0.0,31.0,follow for follow back,1,0.773,0.976,0.279,1.0,231.12,0.866,0.0123,0.264,0.0133
bot291847362,7.0,1861.0,2.0,0.0,54.0,📈 passive income daily,1,0.815,0.94,0.247,1.0,99.03,0.855,0.0969,0.213,0.0495
autoliker_pro,5.0,720.0,0.0,0.0,16.0,FREE BTC airdrop → link in bio,1,0.894,0.968,0.129,3.0,234.81,0.722,0.045,0.261,0.0243
follow_back_101,3.0,1301.0,1.0,0.0,19.0,earn while you sleep 💸,1,0.712,0.936,0.211,1.0,137.54,0.949,0.0426,0.105,0.0409
free_follower_bot,10.0,1000.0,0.0,0.0,47.0,airdrop $ETH daily,1,0.919,0.978,0.386,4.0,232.8,0.861,0.0262,0.052,0.0029
insta_boost_247,13.0,596.0,1.0,0.0,48.0,follow for follow back,1,0.893,0.881,0.258,2.0,274.05,0.729,0.0653,0.229,0.0368
airdrop_winner99,12.0,1085.0,0.0,0.0,35.0,official giveaway account,1,0.62,0.883,0.367,3.0,90.19,0.842,0.0169,0.046,0.0229
daniel_f,91.0,44.0,25.0,26.0,1463.0,Retired engineer | amateur astronomer,0,0.033,0.332,0.896,13.0,3.703,0.174,0.3709,0.972,0.5489
crypto_king_9999,14.0,2648.0,0.0,0.0,42.0,,1,0.834,0.859,0.185,1.0,84.6,0.773,0.05,0.075,0.0415
f4f_master_99,15.0,726.0,2.0,0.0,43.0,,1,0.635,0.896,0.178,3.0,235.72,0.815,0.0887,0.146,0.0176
mia_cooks,16.0,3.0,13.0,10.0,1033.0,Fashion designer | PR welcome,0,0.107,0.158,0.98,14.0,3.762,0.175,0.2638,0.657,0.5325
bot291847362,14.0,1775.0,0.0,0.0,26.0,NFT investor | crypto tips,1,0.7,0.964,0.128,1.0,241.25,0.74,0.0276,0.164,0.0357
emma.j,19.0,22.0,23.0,10.0,4706.0,UX designer @Meta,0,0.053,0.26,0.8,11.0,2.619,0.055,0.2161,0.63,0.2419
fit_jessica,391.0,21.0,12.0,27.0,2548.0,Environmental activist,0,0.086,0.297,0.836,16.0,0.247,0.151,0.4854,0.831,0.5223
1234567890ab,9.0,1226.0,0.0,0.0,5.0,investment advisor DM me,1,0.686,0.865,0.275,4.0,175.18,0.786,0.0628,0.062,0.03
lisa_writes,58.08720796994692,155.49352281650837,34.009971607353165,24.874515962627346,3016.97182733095,Teacher & lifelong learner,0,0.1260218252844475,0.1309882914823005,0.8027492275348073,11.967797689884163,6.856329780217658,0.04601470349708338,0.5773729326939206,0.8234064534385689,0.3984505944934169
amy_joy,75.0,21.0,7.0,23.0,1779.0,High school teacher | making STEM fun,0,0.072,0.181,0.706,16.0,3.225,0.076,0.5564,0.969,0.245
paul_runs,4.0,29.0,1.0,3.0,1940.0,Developer | Open source enthusiast,0,0.031,0.398,0.976,17.0,4.276,0.153,0.3382,0.984,0.3726
tom_techie,88.0,7.0,9.0,11.0,5000.0,Dog lover | Hiking | Books,0,0.035,0.44,0.654,17.0,3.536,0.031,0.2909,0.829,0.4601
crypto_king_9999,8.0,857.0,1.0,0.0,35.0,crypto signals ✅ 99% win rate,1,0.9,0.949,0.343,4.0,55.91,0.815,0.0558,0.158,0.0006
grace_beauty,3.0,21.0,2.0,21.0,1113.0,Yoga instructor | wellness coach,0,0.062,0.532,0.937,9.0,4.601,0.152,0.5083,0.79,0.4119
mark_adventure,842.0,141.0,2.0,17.0,5000.0,Data scientist | ML researcher,0,0.01,0.224,0.67,8.0,1.232,0.156,0.3189,0.828,0.169
get_rich_88,5.0,2147.0,0.0,0.0,2.0,,1,0.831,0.873,0.339,1.0,55.66,0.749,0.0156,0.179,0.0275
autoliker_pro,4.0,2288.0,2.0,0.0,31.0,earn while you sleep 💸,1,0.829,0.88,0.391,1.0,152.29,0.735,0.077,0.075,0.0117
tom_techie,93.0,47.0,2.0,26.0,784.0,Wildlife photographer based in Kenya,0,0.131,0.3,0.916,9.0,4.129,0.064,0.3043,0.753,0.5201
alex_travel,13.0,89.0,8.0,24.0,1092.0,Entrepreneur | Founder @startup,0,0.121,0.384,0.719,13.0,2.126,0.064,0.3989,0.709,0.2108
creative_dan,188.0,15.0,22.0,9.0,2106.0,Developer | Open source enthusiast,1,0.142,0.13,0.877,16.0,3.249,0.071,0.3069,0.954,0.2479
ben_codes,54.0,7.0,14.0,13.0,3166.0,Fashion designer | PR welcome,0,0.119,0.296,0.732,15.0,1.596,0.195,0.648,0.806,0.1282
bot291847362,16.0,2276.0,1.0,0.0,9.0,follow for follow back,1,0.89,0.88,0.274,4.0,224.63,0.717,0.0687,0.208,0.003
sarah_smith,53.0,36.0,22.0,5.0,2613.0,Wildlife photographer based in Kenya,0,0.081,0.508,0.785,12.0,2.954,0.137,0.4594,0.902,0.5879
bot_account_7,17.0,1782.0,0.0,0.0,59.0,earn $500/day 👇,1,0.647,0.893,0.351,3.0,298.65,0.905,0.0808,0.191,0.0054
ben_codes,965.0,54.0,7.0,8.0,748.0,Podcaster | interviewing founders,0,0.07,0.389,0.661,12.0,1.421,0.029,0.5708,0.947,0.5956
emma.j,31.996738027895848,58.87063292744018,4.538710194881935,0.20772422969512108,410.90098805632044,fitness coach 💪 DM for training plans,0,0.11672073418864792,0.3709951502945241,0.7422364988206954,9.322675216860986,0.0,0.01889798478005148,0.35001156449019133,0.6745016256455135,0.4319060847105554
luke_designs,154.0,2.0,109.0,0.0,858.0,Traveler | 50+ countries visited,0,0.148,0.501,0.69,10.0,0.984,0.034,0.3465,0.987,0.1416
earn_fast_2024,12.0,792.0,2.0,0.0,59.0,official giveaway account,1,0.891,0.909,0.177,2.0,51.3,0.906,0.0996,0.052,0.0174
tom_techie,13.0,29.0,18.0,8.0,1698.0,Data scientist | ML researcher,0,0.022,0.419,0.912,17.0,0.831,0.022,0.4062,0.764,0.2402
code_master,121.6298736151602,0.0,35.38786846285932,21.180349663841543,543.9034705500487,Gaming streamer | Twitch partner,0,0.0648335457191171,0.14274290163430023,0.9175667404892482,17.769933766309634,0.0,0.010447076547854608,0.31242171955444337,0.8526727103913406,0.37138637713547745
alex_travel,83.0,9.0,7.0,23.0,3882.0,Marketing professional | keynote speaker,0,0.137,0.315,0.935,15.0,2.98,0.096,0.2648,0.928,0.2255
mike_2023,381.28886659315776,0.0,22.6114585341885,0.6900889188696855,2456.1220844717654,Medical student | future doctor,0,0.08399557317834737,0.5266887639602928,0.8985142031416362,14.903361752081137,2.079462392009173,0.008592242169413459,0.4895724209169924,0.6054121732482192,0.5503844259954432
mike_2023,416.2174531813536,5.667779070144562,6.3797222800347955,20.393177332992675,801.5639826472108,Medical student | future doctor,0,0.08762194174056166,0.5526806659032628,0.791236030773459,15.99053182809824,0.0,0.007935845886104066,0.38421079538638137,0.9029784850167959,0.5466356481021434
lisa_writes,121.0,23.0,54.0,18.0,2528.0,Architect | sustainable design,0,0.01,0.193,0.74,13.0,1.541,0.06,0.2343,0.864,0.3628
mike_2023,13.0,53.0,2.0,7.0,2585.0,Musician. Coffee addict.,0,0.046,0.519,0.891,17.0,1.925,0.125,0.262,0.662,0.3524
acc29471838,9.0,1864.0,1.0,0.0,53.0,,1,0.722,0.865,0.247,3.0,124.51,0.777,0.0901,0.286,0.0372
creative_dan,149.0,22.0,9.0,13.0,5000.0,Nurse practitioner | women's health advocate,0,0.028,0.151,0.956,12.0,2.372,0.043,0.312,0.781,0.5673
alex_travel,399.6335182702515,24.17546846703799,5.223291258417553,4.470234827340598,1143.929105706774,mom of 3 | foodie,0,0.07369178720754835,0.19805121033445547,0.894909212471948,9.03363265403414,0.0,0.1807822779054265,0.22168635635764714,0.838465581726022,0.5120752178642314
chris_builds,38.0,49.0,88.0,6.0,365.0,Traveler | 50+ countries visited,0,0.143,0.496,0.741,8.0,3.288,0.113,0.3989,0.801,0.1434
bot_account_7,6.0,2514.0,0.0,0.0,10.0,,1,0.668,0.945,0.264,3.0,115.0,0.891,0.0298,0.267,0.0371
free_follower_bot,10.0,546.0,1.0,0.0,24.0,NFT investor | crypto tips,1,0.872,0.916,0.147,3.0,152.62,0.817,0.0918,0.227,0.0106
paul_runs,227.0,20.0,31.0,19.0,5000.0,Nurse practitioner | women's health advocate,0,0.062,0.203,0.759,14.0,3.685,0.142,0.271,0.746,0.3757
1234567890ab,0.0,260.55460270520143,1.046004418524497,0.0,57.47392316877507,NFT investor | crypto tips,1,0.6983304880041814,0.870065011709866,0.11018885853809468,1.1937160595103056,116.87281520050054,0.9366471958229479,0.06572777347770228,0.22176946871610148,0.007083704831153164
nina_art,97.0,15.0,1.0,23.0,1473.0,Developer | Open source enthusiast,0,0.053,0.539,0.796,16.0,3.864,0.05,0.3166,0.633,0.5817
emma.j,9.0,35.0,50.0,4.0,5000.0,Gaming streamer | Twitch partner,0,0.091,0.197,0.758,11.0,1.561,0.197,0.3382,0.8,0.4948
fit_jessica,6.0,44.0,137.0,9.0,1368.0,Retired engineer | amateur astronomer,0,0.091,0.233,0.93,9.0,2.85,0.003,0.2597,0.78,0.325
amy_joy,0.0,125.20642029252053,43.74371667149451,11.161047685621968,4978.821375561169,Musician. Coffee addict.,0,0.016517339801372273,0.5373794047449081,0.77938912110142,10.363546241344459,0.0,0.0308670284779598,0.44890588110663665,0.8880657588360389,0.6045555582333582
tom_techie,116.0,29.0,1.0,8.0,529.0,Dance teacher | choreographer,0,0.037,0.299,0.807,11.0,2.915,0.153,0.3524,0.747,0.2953
sarah_smith,3.0,12.0,2.0,26.0,1144.0,Wildlife photographer based in Kenya,0,0.053,0.379,0.873,10.0,0.657,0.149,0.5713,0.711,0.2731
chef_marco,947.0,23.0,9.0,1.0,1768.0,fitness coach 💪 DM for training plans,0,0.125,0.272,0.888,8.0,4.564,0.012,0.6818,0.966,0.5526
f4f_master_99,14.0,584.0,2.0,0.0,31.0,airdrop $ETH daily,1,0.864,0.982,0.386,2.0,268.34,0.838,0.0999,0.037,0.0257
photo_by_anna,1.0,6.0,65.0,11.0,1203.0,Entrepreneur | Founder @startup,0,0.102,0.287,0.7,18.0,1.946,0.139,0.2297,0.982,0.2593
insta_boost_247,18.0,482.0,2.0,0.0,39.0,📈 passive income daily,1,0.919,0.964,0.116,1.0,214.82,0.936,0.0552,0.176,0.0392
a8f7d3k9p2,12.0,2473.0,1.0,0.0,36.0,♻️ repost to win $1000,1,0.831,0.936,0.198,1.0,148.28,0.885,0.0467,0.127,0.0084
john_doe,9.0,34.0,55.0,25.0,365.0,Teacher & lifelong learner,0,0.113,0.298,0.717,14.0,4.88,0.185,0.2208,0.923,0.3943
autoliker_pro,0.0,1886.0,1.0,0.0,51.0,investment advisor DM me,1,0.941,0.956,0.258,2.0,270.11,0.792,0.0216,0.178,0.0149
user8374629,9.0,2993.0,1.0,0.0,16.0,FREE gift cards click here,1,0.895,0.971,0.311,1.0,293.24,0.882,0.0234,0.194,0.0086
sarah_smith,9.0,31.0,122.0,26.0,687.0,Freelance illustrator | art prints available,0,0.078,0.455,0.709,9.0,4.365,0.193,0.5884,0.711,0.1198
acc29471838,0.0,571.0,1.0,0.0,6.0,FREE gift cards click here,1,0.773,0.98,0.254,4.0,191.48,0.74,0.0258,0.2,0.0377
a8f7d3k9p2,0.0,1134.270338012544,4.407265223452561,0.20475640874663412,111.95758209522171,♻️ repost to win $1000,1,0.6494366845283706,0.8862611864307667,0.3317965740272317,1.9157032857566958,230.53748019863013,0.888785353229827,0.05818746825833231,0.06348249080905116,0.019566635911808725
user8374629,60.036535833242255,2390.0408593787633,5.294567382724935,0.0,35.82043164845898,promo available 📩,1,0.6423654136240632,0.9162344775139993,0.3192336833128911,0.5505806454669973,209.4489762410658,0.8365777838082109,0.02423045547174304,0.14469122507464172,0.009279155695434516
9182736450,5.0,560.0,1.0,0.0,17.0,promo available 📩,1,0.766,0.888,0.126,3.0,86.84,0.881,0.055,0.13,0.0203
nina_art,2866.7233890596153,0.0,0.0,22.32654538532272,5113.240720693345,Musician. Coffee addict.,0,0.14441532365999943,0.29503089649374403,0.7786604970279347,11.675895647323792,0.0,0.09321028810656314,0.4044260325334039,0.9040178154608564,0.44476465432241175
sarah_smith,1121.0,39.0,1.0,9.0,3194.0,Fashion designer | PR welcome,0,0.145,0.233,0.935,14.0,2.298,0.023,0.6646,0.987,0.2177
zz_promo_zz,17.0,2253.0,1.0,0.0,21.0,earn while you sleep 💸,1,0.614,0.908,0.268,4.0,254.67,0.73,0.0672,0.252,0.0425
luke_designs,39.895024027229276,52.57770196761148,22.216517252696317,8.090660211552398,1393.4109414208258,Dog lover | Hiking | Books,0,0.001606784242125076,0.2531834005740393,0.7040859084444056,12.015981795434733,8.37604324213865,0.2088176368547165,0.34419541682909555,0.6750964112497051,0.30914772634482646
f4f_master_99,16.0,2811.0,2.0,0.0,23.0,crypto signals ✅ 99% win rate,1,0.768,0.877,0.24,3.0,287.34,0.9,0.087,0.074,0.0122
sophia_teaches,186.89638236591867,66.3556693448354,10.098537307165156,18.04531313923958,1046.7879583876306,fitness coach 💪 DM for training plans,0,0.0011727554195741542,0.46920753876050214,0.6992504111026947,16.19690024678406,0.6018782064562376,0.06146113243077007,0.6396535242218657,0.7270823919066918,0.10077265786166847
olivia_draws,1995.0,46.0,75.0,6.0,5000.0,mom of 3 | foodie,1,0.126,0.494,0.933,14.0,3.234,0.006,0.6511,0.612,0.4436
follow_back_101,5.0,627.0,0.0,0.0,17.0,promo available 📩,1,0.865,0.864,0.353,2.0,140.21,0.953,0.0976,0.195,0.0391
bot_account_7,4.0,1044.0,2.0,0.0,10.0,DM me to grow your account fast,1,0.938,0.892,0.237,1.0,221.5,0.966,0.0786,0.011,0.0364
daniel_f,836.0,74.0,20.0,5.0,2335.0,Retired engineer | amateur astronomer,0,0.052,0.127,0.706,10.0,3.574,0.128,0.4431,0.873,0.4237
autoliker_pro,18.0,1392.0,2.0,0.0,51.0,FREE BTC airdrop → link in bio,1,0.816,0.91,0.226,1.0,291.91,0.84,0.0745,0.06,0.0389
crypto_king_9999,10.0,2322.0,0.0,0.0,25.0,crypto millionaire | teach you how,1,0.839,0.904,0.39,3.0,153.48,0.988,0.0232,0.151,0.0394
lisa_writes,72.0,84.0,349.0,23.0,2907.0,Gaming streamer | Twitch partner,0,0.06,0.293,0.823,10.0,1.511,0.06,0.2452,0.863,0.2881
mark_adventure,17.028321495706468,22.84693349738376,53.158307199868204,20.147639805938667,731.3287347792287,mom of 3 | foodie,0,0.10483864319131424,0.2350596905420345,0.8063321643634171,17.779350700964606,9.640139128045691,0.09604675800526716,0.41205532505228687,0.8989974464688655,0.5811928487186261
user8374629,18.0,856.0,0.0,0.0,23.0,DM me to grow your account fast,1,0.751,0.878,0.174,4.0,50.56,0.702,0.0379,0.257,0.0103
xXx_profit_xXx,3.0,1806.0,2.0,0.0,50.0,,1,0.909,0.915,0.117,1.0,254.71,0.797,0.0418,0.226,0.0259
autoliker_pro,10.0,1908.0,1.0,0.0,57.0,,1,0.753,0.947,0.38,2.0,142.16,0.731,0.0665,0.105,0.0328
tom_techie,570.0,8.0,2.0,16.0,365.0,Medical student | future doctor,0,0.022,0.198,0.906,8.0,3.532,0.084,0.4033,0.834,0.2813
daniel_f,480.9330196340015,0.0,21.072447601101455,18.368369927172637,2631.1982252075663,Entrepreneur | Founder @startup,0,0.08691563313464798,0.11024793734729613,0.6539728745293385,16.775678153600865,10.891594962129101,0.0,0.4542782097604012,0.6588546754130526,0.2655384594101653
9182736450,13.0,724.0,2.0,0.0,32.0,airdrop $ETH daily,1,0.788,0.912,0.354,2.0,154.84,0.851,0.0966,0.136,0.0317
real_human_01234,0.0,2497.0,0.0,0.0,59.0,make money online → bio link,1,0.783,0.94,0.236,3.0,92.95,0.896,0.0267,0.147,0.0011
fit_jessica,11.0,10.0,10.0,26.0,5000.0,Dog lover | Hiking | Books,0,0.001,0.286,0.862,13.0,4.457,0.14,0.4988,0.635,0.1813
emma.j,94.0,25.0,5.0,28.0,416.0,Artist | Digital creator,0,0.132,0.451,0.789,11.0,1.616,0.05,0.2828,0.939,0.1225
earn_fast_2024,3.0,320.0,0.0,0.0,17.0,,1,0.7,0.886,0.324,3.0,61.94,0.902,0.0965,0.054,0.0256
lisa_writes,276.0,33.0,3.0,1.0,1007.0,Marketing professional | keynote speaker,0,0.057,0.383,0.953,15.0,3.867,0.17,0.5136,0.963,0.3742
9182736450,15.0,2047.0,0.0,0.0,27.0,earn $500/day 👇,1,0.665,0.929,0.372,2.0,114.82,0.701,0.0526,0.127,0.0223
noah_films,15.0,19.0,25.0,29.0,2412.0,Traveler | 50+ countries visited,0,0.128,0.348,0.734,13.0,1.312,0.012,0.516,0.828,0.4884
free_follower_bot,16.0,2256.0,0.0,0.0,27.0,,1,0.907,0.96,0.198,1.0,153.47,0.831,0.0608,0.104,0.0172
photo_by_anna,30.780156494671257,121.34847555858755,0.22519729375557485,17.876369311729324,3570.427399169903,Architect | sustainable design,0,0.09861274384971197,0.34776228543254495,0.8503855566582403,9.763540731562957,7.751662404702238,0.07822023190212686,0.5504201825086601,0.9431643996540092,0.5481349677764429
noah_films,806.0,7.0,20.0,29.0,1792.0,UX designer @Meta,0,0.063,0.106,0.933,18.0,0.826,0.178,0.429,0.971,0.4084
a8f7d3k9p2,15.523992695413025,2220.84934111422,0.0,0.6732997659095151,102.6403405917653,official giveaway account,1,0.7244222266906546,0.9615573575839929,0.25904161044441615,4.146983409240897,258.2620709374266,0.9758440884835464,0.10181299771942452,0.1759741843233572,0.01671234110874858
9182736450,1.058174979360075,1164.181380292764,0.0,0.0,0.0,airdrop $ETH daily,1,0.7918753223977517,0.9045646504575932,0.130019058151784,3.8141541346733634,162.85589654003988,0.785211630285041,0.04892165144012765,0.20041615592260528,0.05824739148057631
q7w8e9r0t1y2,4.944586962577411,1403.654095263168,0.17040580791857587,0.0,0.0,investment advisor DM me,1,0.8614972965808846,0.8733682488840879,0.2565979001925085,2.9931943602887507,250.8599178626968,0.8058467534503196,0.037337317774067194,0.2804154538215357,0.033992428636740915
bot_account_7,12.0,236.0,2.0,0.0,15.0,earn $500/day 👇,1,0.612,0.867,0.191,3.0,54.07,0.79,0.0963,0.065,0.0104
amy_joy,176.59265289410914,98.8628962297656,63.49706253120965,5.6451030696372975,4943.552410283142,UX designer @Meta,0,0.047639633344646694,0.32557464329759517,0.7099026632903093,12.127405395409454,2.2195811170519315,0.22422628047091686,0.3144150100588087,0.6678395167873332,0.5704180816288094
ava_dances,88.01053853050213,0.0,7.2290464439392075,9.118243704366007,975.3293667194623,Entrepreneur | Founder @startup,0,0.09106345598480695,0.5232227696870029,0.9306853579914757,13.028352318269446,0.2365562790256832,0.0,0.31782215180612533,0.6381393576665436,0.15078275239096184
airdrop_winner99,5.0,2017.0,1.0,0.0,32.0,crypto millionaire | teach you how,1,0.72,0.883,0.129,3.0,219.47,0.965,0.0712,0.129,0.0399
get_rich_88,2.0,998.0,1.0,0.0,45.0,FREE BTC airdrop → link in bio,1,0.779,0.963,0.315,2.0,175.92,0.915,0.0341,0.131,0.0255
1234567890ab,11.0,1932.0,1.0,0.0,47.0,crypto millionaire | teach you how,1,0.911,0.865,0.365,1.0,213.88,0.92,0.0786,0.221,0.0083
earn_fast_2024,10.0,510.0,0.0,0.0,39.0,,1,0.945,0.956,0.28,1.0,81.95,0.759,0.0701,0.195,0.0211
alex_travel,3.0,99.0,3.0,25.0,1141.0,Freelance illustrator | art prints available,0,0.126,0.464,0.797,17.0,3.634,0.2,0.6299,0.874,0.1102
luke_designs,220.78526701916928,118.10826316985742,0.0,16.74174346532431,2015.4942702122662,News journalist @NYT,0,0.1208635607365056,0.26172953698295925,0.7140575814707655,17.888019752578852,4.472287785407788,0.020223293355445267,0.24110430733505261,0.6532922164279195,0.47094479517397925
get_rich_88,8.0,1070.0,2.0,0.0,27.0,promo available 📩,1,0.847,0.915,0.312,2.0,259.72,0.841,0.0609,0.1,0.0165
emma.j,86.0,48.0,38.0,5.0,716.0,News journalist @NYT,0,0.053,0.334,0.877,14.0,3.779,0.182,0.5502,0.948,0.5439
sarah_smith,1.0,12.0,35.0,27.0,2509.0,Marketing professional | keynote speaker,0,0.099,0.361,0.842,11.0,1.403,0.184,0.5455,0.784,0.4385
chris_builds,55.7886998648,0.0,70.2566776012633,17.308476078849704,820.3271303515105,Artist | Digital creator,0,0.04387178707181714,0.48036110657179887,0.8320887958859876,10.702988000081152,6.105682948239373,0.16259750263009473,0.28905252735513587,0.8812973428400629,0.52972058911956
tom_techie,22.0,21.0,5.0,11.0,5000.0,Environmental activist,0,0.061,0.366,0.861,13.0,4.349,0.107,0.5927,0.776,0.2681
john_doe,1.0,32.0,23.0,15.0,2180.0,Nurse practitioner | women's health advocate,0,0.107,0.294,0.702,16.0,3.408,0.131,0.3771,0.98,0.1276
autoliker_pro,0.0,855.0,2.0,0.0,59.0,,1,0.834,0.908,0.352,4.0,296.97,0.91,0.0766,0.023,0.047
grace_beauty,124.0,7.0,43.0,18.0,365.0,Nurse practitioner | women's health advocate,1,0.006,0.363,0.705,8.0,4.549,0.156,0.3637,0.913,0.4171
dev_pete,10.0,15.0,94.0,21.0,5000.0,Environmental activist,0,0.0,0.355,0.907,13.0,3.537,0.109,0.6631,0.915,0.4841
dev_pete,61.0,8.0,10.0,6.0,1021.0,UX designer @Meta,0,0.003,0.208,0.721,13.0,3.585,0.135,0.4448,0.64,0.4097
emma.j,2.0,24.0,20.0,0.0,514.0,High school teacher | making STEM fun,0,0.15,0.318,0.899,17.0,4.545,0.053,0.5503,0.961,0.1463
a8f7d3k9p2,14.0,1769.0,1.0,0.0,9.0,FREE BTC airdrop → link in bio,1,0.829,0.977,0.25,4.0,232.24,0.804,0.0384,0.134,0.0296
alex_travel,27.0,22.0,12.0,15.0,3367.0,Fashion designer | PR welcome,0,0.082,0.475,0.86,13.0,4.886,0.004,0.5177,0.871,0.1143
user8374629,9.0,1764.0,1.0,0.0,27.0,earn $500/day 👇,1,0.65,0.978,0.12,3.0,246.24,0.923,0.0531,0.218,0.0132
chef_marco,0.0,49.0936925188675,18.67565918867838,18.8393044200132,589.5752851691833,photographer | travel 📷,0,0.03757376113327879,0.4304446549232417,0.8375440129619878,13.020273349474964,4.691926637532655,0.040610273860627905,0.5048643242848444,1.0529554881734215,0.1499122993652147
john_doe,2.0,35.0,63.0,21.0,648.0,Chef | Recipe creator,0,0.138,0.246,0.885,10.0,0.551,0.116,0.2553,0.855,0.4781
a8f7d3k9p2,5.0,552.0,2.0,0.0,28.0,,1,0.673,0.975,0.386,1.0,113.93,0.816,0.0628,0.087,0.0133
amy_joy,565.0,51.0,6.0,15.0,4498.0,fitness coach 💪 DM for training plans,0,0.026,0.397,0.817,17.0,4.835,0.09,0.3837,0.756,0.2504
ethan_games,25.0,11.0,21.0,28.0,5000.0,software engineer @ Google,0,0.002,0.276,0.702,10.0,1.147,0.151,0.6594,0.718,0.4087
mark_adventure,38.0,56.0,9.0,9.0,5000.0,Fashion designer | PR welcome,0,0.036,0.448,0.66,14.0,3.842,0.107,0.3602,0.643,0.3535
paul_runs,15.0,34.0,12.0,7.0,1633.0,Environmental activist,0,0.113,0.232,0.665,14.0,2.119,0.149,0.5217,0.934,0.3989
acc29471838,10.0,347.0,0.0,0.0,17.0,,1,0.625,0.971,0.363,1.0,282.15,0.849,0.0716,0.002,0.0346
dev_pete,17.704928670361667,37.71218419881522,17.888194370568122,25.5046518493167,1509.1993516117689,High school teacher | making STEM fun,0,0.13790086338548466,0.3096284380600419,0.7512759698601328,14.845246840052626,2.230071141748594,0.07878368834242847,0.6981869847942165,0.883326457082073,0.5103311598691329
sophia_teaches,1591.340303295462,101.269080538661,73.29504291724825,4.05677083995252,417.9790119198058,Chef | Recipe creator,0,0.13437770840512864,0.18184848066012477,0.6432024085261235,14.468267895378885,4.439141118273828,0.199435225381487,0.4253800306535029,0.8604230550792293,0.25497588748810956
mark_adventure,71.85779830626238,44.75992652924039,5.883301020446248,20.905821284833234,1198.770198172303,Dance teacher | choreographer,0,0.11230705179306187,0.48158102334536157,0.9402553977519026,8.012445902387634,7.215508941153631,0.0843982229983182,0.5654607217174067,0.6876364987690753,0.32212524278778715
nina_art,134.0,31.0,18.0,12.0,1969.0,photographer | travel 📷,1,0.142,0.227,0.913,15.0,3.526,0.052,0.667,0.754,0.392
9182736450,15.0,1075.0,0.0,0.0,16.0,,1,0.813,0.906,0.338,1.0,164.45,0.773,0.0657,0.183,0.0111
ava_dances,110.0,33.0,33.0,19.0,365.0,Podcaster | interviewing founders,0,0.022,0.171,0.904,18.0,3.363,0.097,0.5917,0.661,0.4955
ethan_games,23.0,5.0,47.0,22.0,1688.0,High school teacher | making STEM fun,0,0.105,0.144,0.783,18.0,2.847,0.133,0.4959,0.971,0.1835
free_follower_bot,18.0,664.0,0.0,0.0,48.0,,1,0.833,0.936,0.372,2.0,184.37,0.783,0.0876,0.028,0.0374
chef_marco,2.0,64.0,87.0,14.0,369.0,Podcaster | interviewing founders,0,0.127,0.419,0.89,14.0,1.831,0.156,0.3559,0.682,0.5979
dev_pete,8.0,81.0,8.0,1.0,365.0,Medical student | future doctor,0,0.117,0.257,0.86,18.0,4.887,0.077,0.4207,0.662,0.3496
f4f_master_99,10.979266012605315,487.2571920064887,0.0,0.1863464101862756,0.0,earn while you sleep 💸,1,0.9040881723710114,0.9441183654460382,0.4105526543148748,4.472298498758366,285.43119804221874,0.7797077028392012,0.037812157615003915,0.02079146924289894,0.022578905185740954
nina_art,449.0,26.0,7.0,7.0,1433.0,Data scientist | ML researcher,1,0.061,0.407,0.936,14.0,4.566,0.138,0.5581,0.635,0.5305
fit_jessica,29.0,9.0,1.0,11.0,5000.0,UX designer @Meta,1,0.118,0.235,0.683,14.0,0.663,0.023,0.5072,0.737,0.2725
code_master,7.0,19.0,19.0,22.0,3851.0,Fashion designer | PR welcome,0,0.146,0.504,0.878,12.0,3.408,0.016,0.3391,0.744,0.2595
john_doe,8.0,10.0,19.0,12.0,3275.0,photographer | travel 📷,0,0.034,0.446,0.668,13.0,1.663,0.191,0.5535,0.878,0.3609
bot_account_7,13.0,2016.0,0.0,0.0,29.0,airdrop $ETH daily,1,0.794,0.899,0.279,4.0,191.27,0.752,0.0755,0.163,0.0193
james_hikes,109.0,3.0,32.0,11.0,5000.0,Podcaster | interviewing founders,0,0.132,0.257,0.904,14.0,4.729,0.007,0.4855,0.604,0.5049
autoliker_pro,13.0,1258.0,0.0,0.0,56.0,FREE gift cards click here,1,0.936,0.946,0.2,3.0,279.81,0.805,0.0452,0.035,0.0181
mike_2023,405.0595375890979,0.0,10.12272011746546,1.9176641556901977,974.8825780877708,Dance teacher | choreographer,0,0.061835220447497584,0.11739861097751982,0.9079516930074809,16.212877515875643,0.0,0.18726101446151344,0.22114159978411205,0.6824890891707668,0.47767425346216186
1234567890ab,12.0,1120.0,1.0,0.0,17.0,btc eth airdrop free coins,1,0.632,0.983,0.312,2.0,118.51,0.785,0.0937,0.147,0.0229
free_follower_bot,0.0,1383.0,1.0,0.0,56.0,DM me to grow your account fast,1,0.934,0.95,0.364,1.0,291.17,0.958,0.0612,0.113,0.0031
insta_boost_247,0.0,2221.0,2.0,0.0,27.0,crypto millionaire | teach you how,1,0.607,0.91,0.273,1.0,79.91,0.771,0.0324,0.216,0.0092
ethan_games,48.0,25.0,143.0,25.0,663.0,Architect | sustainable design,0,0.047,0.23,0.737,15.0,3.086,0.132,0.3535,0.9,0.4142
chris_builds,7.0,1.0,245.0,20.0,1356.0,Freelance illustrator | art prints available,0,0.11,0.334,0.924,18.0,4.919,0.178,0.3312,0.786,0.4943
bot291847362,10.0,2225.0,0.0,0.0,5.0,FREE gift cards click here,1,0.638,0.901,0.13,3.0,269.93,0.762,0.0187,0.071,0.0023
real_human_01234,7.0,1655.0,0.0,0.0,3.0,investment advisor DM me,1,0.807,0.851,0.272,1.0,135.77,0.812,0.0318,0.02,0.0226
crypto_king_9999,6.550222967767894,2479.231795220956,0.40233678902553266,0.0923926471929075,0.0,airdrop $ETH daily,1,0.8956030664169177,0.9091422830072518,0.18150565770871,1.0947438057775745,291.83251488332866,0.989133529778852,0.07459112720170272,0.2043210888472404,0.02449903965780136
chef_marco,3.4362945926348254,0.0,6.905958587846936,1.7401806000514757,5029.337351945921,Entrepreneur | Founder @startup,0,0.06332363614208857,0.1908435917880522,0.8301904073035582,15.24647176125378,4.918504240762164,0.04748764153008005,0.3705752951646084,0.9991026361972317,0.18890546575994865
ethan_games,222.0,19.0,84.0,11.0,2304.0,Musician. Coffee addict.,0,0.091,0.359,0.946,12.0,3.664,0.013,0.4877,0.996,0.3232
alex_travel,1.0,38.0,12.0,12.0,1695.0,News journalist @NYT,0,0.012,0.178,0.87,11.0,3.952,0.135,0.4354,0.712,0.3684
amy_joy,60.0,19.0,14.0,1.0,1054.0,Yoga instructor | wellness coach,0,0.106,0.469,0.778,8.0,1.719,0.187,0.5179,0.792,0.489
amy_joy,37.0,5.0,7.0,28.0,564.0,software engineer @ Google,0,0.148,0.288,0.948,11.0,4.424,0.008,0.297,0.978,0.1399
creative_dan,96.0,10.0,14.0,14.0,737.0,software engineer @ Google,0,0.054,0.105,0.79,13.0,0.993,0.084,0.3566,0.773,0.108
get_rich_88,7.0,2993.0,1.0,0.0,40.0,,1,0.653,0.941,0.132,4.0,67.45,0.716,0.036,0.259,0.0137
lisa_writes,71.0,10.0,70.0,14.0,3737.0,Marketing professional | keynote speaker,0,0.112,0.269,0.68,12.0,4.052,0.007,0.2503,0.893,0.2771
amy_joy,21.0,2.0,4.0,6.0,5000.0,News journalist @NYT,0,0.118,0.139,0.89,9.0,2.015,0.09,0.2886,0.73,0.1635
a8f7d3k9p2,1.0,2131.0,0.0,0.0,44.0,FREE gift cards click here,1,0.914,0.969,0.206,2.0,205.43,0.901,0.0578,0.1,0.0397
ethan_games,12.0,18.0,4.0,7.0,1934.0,mom of 3 | foodie,0,0.01,0.22,0.689,18.0,0.733,0.019,0.3465,0.742,0.368
luke_designs,58.0,20.0,9.0,6.0,1041.0,Data scientist | ML researcher,0,0.045,0.22,0.658,12.0,0.203,0.116,0.5339,0.613,0.5989
photo_by_anna,346.0,55.0,2.0,29.0,780.0,Chef | Recipe creator,0,0.098,0.212,0.879,11.0,1.188,0.081,0.6446,0.936,0.5458
olivia_draws,375.0,7.0,9.0,10.0,1810.0,Retired engineer | amateur astronomer,0,0.109,0.46,0.652,18.0,0.561,0.043,0.4124,0.863,0.104
acc29471838,17.0,359.0,2.0,0.0,3.0,crypto millionaire | teach you how,1,0.644,0.853,0.211,4.0,83.85,0.9,0.0316,0.207,0.0085
john_doe,6.923900747766606,40.89855045794473,60.044701483382525,22.708892186396955,945.8227482029713,photographer | travel 📷,0,0.007951410332944133,0.28837643574845184,0.8289135584001849,15.745397415412807,11.605332978271525,0.04579734414952922,0.45845453955129767,0.7073164061819727,0.5219723920407844
q7w8e9r0t1y2,17.0,1263.0,0.0,0.0,35.0,crypto millionaire | teach you how,1,0.763,0.95,0.315,1.0,290.65,0.747,0.0172,0.285,0.0348
ava_dances,15.0,14.0,1.0,29.0,895.0,Developer | Open source enthusiast,0,0.043,0.522,0.751,16.0,0.356,0.092,0.6735,0.879,0.5525
luke_designs,17.0,35.0,5.0,27.0,1537.0,software engineer @ Google,0,0.05,0.253,0.92,17.0,4.633,0.113,0.599,0.895,0.2599
lisa_writes,55.0,13.0,43.0,9.0,3165.0,fitness coach 💪 DM for training plans,0,0.022,0.426,0.763,11.0,4.117,0.188,0.5006,0.68,0.5914
paul_runs,39.0,7.0,37.0,17.0,2366.0,Musician. Coffee addict.,0,0.004,0.224,0.761,10.0,2.813,0.155,0.2632,0.993,0.3467
tom_techie,4.0,14.0,135.0,10.0,1154.0,Architect | sustainable design,0,0.049,0.317,0.652,8.0,4.507,0.154,0.267,0.755,0.1413
chris_builds,164.0,3.0,7.0,13.0,765.0,Yoga instructor | wellness coach,0,0.124,0.536,0.852,13.0,3.575,0.099,0.2464,0.686,0.2625
bot_account_7,2.0,2243.0,0.0,0.0,44.0,NFT investor | crypto tips,1,0.937,0.88,0.173,1.0,96.25,0.775,0.0312,0.023,0.0435
noah_films,27.0,17.0,14.0,24.0,845.0,Fashion designer | PR welcome,0,0.027,0.296,0.879,15.0,2.648,0.161,0.6787,0.891,0.2598
mark_adventure,24.0,47.0,3.0,27.0,655.0,software engineer @ Google,0,0.149,0.371,0.811,8.0,2.995,0.136,0.2746,0.864,0.5052
bot_account_7,18.0,1303.0,1.0,0.0,41.0,Click link below 💰,1,0.639,0.877,0.179,3.0,114.14,0.924,0.0631,0.231,0.0074
alex_travel,12.0,19.0,17.0,2.0,5000.0,Freelance illustrator | art prints available,0,0.055,0.197,0.66,18.0,4.746,0.105,0.4977,0.869,0.1556
luke_designs,0.0,0.0,99.86556341166647,13.779948667887062,3366.317342537131,Podcaster | interviewing founders,0,0.09896511510202113,0.2484864674299015,0.8641502364034911,15.994911742330856,6.792966148695813,0.02435962079855463,0.5619526385685122,0.7581820135912055,0.10398316949124829
real_human_01234,11.0,1527.0,0.0,0.0,21.0,📈 passive income daily,1,0.676,0.966,0.116,3.0,247.13,0.984,0.0681,0.062,0.0485
insta_boost_247,1.027531856572688,1285.0591864764801,3.239973728919242,0.3580202021822986,0.0,promo available 📩,1,0.8117571546408837,0.8628565672044569,0.24612694526446877,4.397925238051146,299.1209936922063,0.803032683463348,0.09117532027856946,0.19525347906284582,0.029425123058858978
get_rich_88,4.849012507835198,1013.2092903454221,0.0,0.062294314448569775,42.764101026921246,earn while you sleep 💸,1,0.8029331887610247,0.9086503810944371,0.25524574282898965,3.0583989567947016,95.0590089185803,0.6802880401649385,0.028218181501371377,0.13433991680161114,0.018483211261356956
dev_pete,11.0,7.0,9.0,28.0,3490.0,Chef | Recipe creator,0,0.031,0.216,0.667,16.0,1.44,0.009,0.5125,0.776,0.474
a8f7d3k9p2,0.0,1780.1890629235866,0.9662971370412428,0.0,0.0,,1,0.8252504530934801,0.9187695453978189,0.28722678015922126,3.301857766736823,250.9436977473127,1.0120268237394219,0.06804600151739829,0.09788669826207708,0.04772083471103797
1234567890ab,18.0,496.0,0.0,0.0,59.0,FREE BTC airdrop → link in bio,1,0.648,0.958,0.358,2.0,276.4,0.844,0.0844,0.153,0.0242
lisa_writes,29.0,191.0,11.0,16.0,607.0,Traveler | 50+ countries visited,0,0.058,0.277,0.744,13.0,0.962,0.141,0.5135,0.714,0.1205
photo_by_anna,9.0,16.0,8.0,4.0,365.0,High school teacher | making STEM fun,0,0.007,0.418,0.929,13.0,3.513,0.097,0.4877,0.843,0.2969
sarah_smith,45.0,7.0,1.0,0.0,5000.0,Wildlife photographer based in Kenya,0,0.051,0.126,0.944,18.0,0.291,0.05,0.2401,0.966,0.4515
follow_back_101,9.0,2757.0,2.0,0.0,12.0,♻️ repost to win $1000,1,0.835,0.884,0.195,3.0,231.66,0.876,0.0159,0.169,0.0261
emma.j,32.0,54.0,1.0,1.0,1553.0,Architect | sustainable design,0,0.04,0.116,0.966,8.0,0.918,0.194,0.4315,0.656,0.4309
creative_dan,148.0,54.0,32.0,23.0,3037.0,Chef | Recipe creator,0,0.084,0.212,0.708,10.0,0.88,0.084,0.6282,0.834,0.2203
sarah_smith,94.0,13.0,1.0,25.0,5000.0,mom of 3 | foodie,0,0.047,0.427,0.819,9.0,4.548,0.002,0.6696,0.75,0.4981
airdrop_winner99,18.0,301.0,0.0,0.0,18.0,,1,0.674,0.97,0.157,2.0,91.92,0.826,0.0795,0.253,0.0441
autoliker_pro,37.50150641735884,2074.6407023763963,3.229434749063214,0.35080631956371416,48.868996470623344,Click link below 💰,1,0.6811810659186239,0.9357995862171503,0.2944591470070233,0.8833830487186123,223.57959291502183,0.9584442627542854,0.011545345380535997,0.08210838401897998,0.04899735277936545
tom_techie,556.0,10.0,17.0,18.0,1636.0,News journalist @NYT,0,0.041,0.523,0.765,10.0,3.233,0.11,0.2407,0.876,0.1779
get_rich_88,4.0,2335.0,0.0,0.0,59.0,♻️ repost to win $1000,1,0.843,0.868,0.256,3.0,108.13,0.883,0.0829,0.021,0.0396
sophia_teaches,10.0,7.0,3.0,27.0,5000.0,News journalist @NYT,0,0.123,0.384,0.917,13.0,3.797,0.091,0.5699,0.601,0.4256
q7w8e9r0t1y2,8.0,1158.0,2.0,0.0,12.0,crypto signals ✅ 99% win rate,1,0.909,0.967,0.291,3.0,195.89,0.867,0.0859,0.271,0.0238
code_master,18.0,5.0,2.0,3.0,1413.0,Dog lover | Hiking | Books,0,0.082,0.232,0.903,12.0,4.038,0.094,0.5698,0.895,0.1802
earn_fast_2024,15.0,1051.0,1.0,0.0,6.0,,1,0.758,0.943,0.14,4.0,129.39,0.963,0.0697,0.195,0.0384
f4f_master_99,0.0,1611.0,2.0,0.0,21.0,NFT investor | crypto tips,1,0.879,0.925,0.357,4.0,182.2,0.817,0.0636,0.129,0.0341
creative_dan,13.0,17.0,3.0,13.0,2622.0,Gaming streamer | Twitch partner,0,0.109,0.278,0.69,17.0,2.364,0.055,0.4564,0.68,0.5469
real_human_01234,7.0,2909.0,1.0,0.0,55.0,FREE BTC airdrop → link in bio,1,0.83,0.922,0.328,4.0,83.24,0.83,0.0108,0.047,0.0342
john_doe,313.0,4.0,2.0,17.0,3351.0,Architect | sustainable design,0,0.074,0.322,0.91,10.0,0.533,0.096,0.2728,0.616,0.1598
sarah_smith,63.9396477844518,9.483967420087358,2.71090319504201,3.208365762408484,2809.5020469748506,High school teacher | making STEM fun,0,0.08669203898141961,0.1648054622878663,0.8812219588905045,8.584611735519765,1.7652090093504533,0.09084341862245518,0.520133564742069,0.8613680828851792,0.4166324148614179
airdrop_winner99,19.0,2573.0,0.0,0.0,27.0,Click link below 💰,1,0.829,0.851,0.275,2.0,164.13,0.713,0.0263,0.115,0.0053
noah_films,725.0,25.0,13.0,11.0,863.0,Dance teacher | choreographer,0,0.01,0.343,0.729,17.0,4.588,0.133,0.4678,0.979,0.3752
1234567890ab,4.0,898.0,1.0,0.0,53.0,📈 passive income daily,1,0.863,0.947,0.392,1.0,145.86,0.765,0.0155,0.208,0.0256
insta_boost_247,8.0,531.0,0.0,0.0,50.0,FREE gift cards click here,1,0.865,0.89,0.135,3.0,223.21,0.888,0.09,0.181,0.0325
dev_pete,195.0,31.0,47.0,9.0,1483.0,Gaming streamer | Twitch partner,0,0.149,0.489,0.731,15.0,2.917,0.127,0.2357,0.759,0.4586
sophia_teaches,120.1606577750466,0.0,8.693987737609579,20.265096207150123,3023.850670105482,Fashion designer | PR welcome,0,0.11952350168712901,0.4786917760395688,0.9902186886122624,16.945433606733076,0.0,0.19647783603165797,0.44477392411992506,0.9592570891523491,0.30908110132920313
chef_marco,11.0,47.0,1.0,1.0,365.0,Wildlife photographer based in Kenya,0,0.096,0.175,0.777,8.0,2.044,0.176,0.533,0.741,0.5481
fit_jessica,83.03443043539498,41.308269544054056,89.48949586495927,11.608999601493107,4939.549430734656,UX designer @Meta,0,0.06950955566129159,0.3402192127533993,0.6928276377470093,13.051477836423931,0.0,0.03603855844740368,0.2527877519766749,0.7127054107987745,0.4948088120823123
daniel_f,21.0,6.0,78.0,22.0,1085.0,Gaming streamer | Twitch partner,0,0.007,0.145,0.835,10.0,3.663,0.13,0.3421,0.998,0.389
sarah_smith,4.0,5.0,17.0,10.0,2890.0,Teacher & lifelong learner,0,0.147,0.307,0.729,15.0,3.981,0.042,0.6058,0.668,0.132
crypto_king_9999,3.0,963.0,1.0,0.0,11.0,,1,0.806,0.856,0.319,4.0,279.69,0.957,0.0557,0.238,0.0272
fit_jessica,56.65419439523811,0.0,0.0,22.026323056564884,4720.940577930878,Dance teacher | choreographer,0,0.06739477370603647,0.23633501470644294,0.8336581075914251,12.593656929068478,0.0,0.16297863364295298,0.25964863262258775,0.6489168856670747,0.17330118729736932
photo_by_anna,350.0,61.0,10.0,19.0,792.0,mom of 3 | foodie,0,0.097,0.277,0.858,10.0,4.854,0.137,0.2163,0.9,0.3127
bot_account_7,5.0,1407.0,0.0,0.0,37.0,official giveaway account,0,0.625,0.855,0.279,1.0,230.67,0.701,0.0225,0.262,0.0077
crypto_king_9999,3.0,1169.0,0.0,0.0,51.0,📈 passive income daily,1,0.756,0.915,0.22,4.0,152.57,0.721,0.0416,0.12,0.0262
bot291847362,13.0,1672.0,0.0,0.0,7.0,airdrop $ETH daily,1,0.852,0.867,0.307,1.0,252.99,0.983,0.08,0.136,0.0102
a8f7d3k9p2,1.0,2090.0,0.0,0.0,30.0,FREE gift cards click here,1,0.871,0.86,0.226,1.0,231.99,0.872,0.0709,0.031,0.0271
sophia_teaches,5.0,19.0,29.0,11.0,5000.0,mom of 3 | foodie,0,0.114,0.427,0.926,14.0,1.171,0.053,0.3671,0.662,0.5102
q7w8e9r0t1y2,1.0,298.0,0.0,0.0,50.0,,1,0.801,0.951,0.227,1.0,236.88,0.919,0.0775,0.012,0.0391
fit_jessica,466.0,37.0,9.0,2.0,1219.0,Gaming streamer | Twitch partner,0,0.107,0.43,0.88,11.0,2.917,0.118,0.4762,0.679,0.5681
mia_cooks,42.0,23.0,6.0,25.0,5000.0,Entrepreneur | Founder @startup,0,0.124,0.244,0.656,14.0,4.949,0.082,0.2138,0.864,0.4774
chris_builds,6.0,26.0,10.0,18.0,4408.0,Traveler | 50+ countries visited,0,0.109,0.275,0.885,13.0,4.722,0.066,0.469,0.886,0.2591
ethan_games,2.0,8.0,23.0,17.0,667.0,Dance teacher | choreographer,1,0.14,0.343,0.91,12.0,2.275,0.004,0.5631,0.984,0.41
fit_jessica,3.0,18.0,3.0,25.0,1720.0,Gaming streamer | Twitch partner,0,0.11,0.394,0.768,10.0,4.402,0.052,0.4072,0.869,0.3163
rachel_reads,24.0,27.0,4.0,10.0,5000.0,Retired engineer | amateur astronomer,0,0.054,0.482,0.86,8.0,1.926,0.058,0.2003,0.879,0.3268
olivia_draws,7.0,42.0,11.0,14.0,1058.0,High school teacher | making STEM fun,0,0.146,0.328,0.747,18.0,3.281,0.151,0.235,0.846,0.2432
chef_marco,25.601532160774628,0.0,16.88289940462465,27.12584935110863,1662.0441874899388,Musician. Coffee addict.,0,0.14665193039907182,0.524592465635035,0.705799726093879,18.39058707066393,4.952528390485769,0.14847812456571613,0.2996274278255342,0.9723929387564871,0.10870343658588368
creative_dan,342.0,27.0,10.0,1.0,3796.0,Data scientist | ML researcher,0,0.096,0.192,0.96,11.0,1.586,0.166,0.2215,0.769,0.2155
autoliker_pro,11.0,2101.0,0.0,0.0,58.0,,1,0.707,0.912,0.297,2.0,284.02,0.938,0.0488,0.216,0.0193
mia_cooks,593.0,4.0,3.0,9.0,1875.0,Dance teacher | choreographer,0,0.065,0.493,0.728,10.0,3.257,0.155,0.3408,0.75,0.2401
mark_adventure,30.0,31.0,36.0,26.0,1091.0,Dog lover | Hiking | Books,1,0.008,0.313,0.752,11.0,3.579,0.011,0.6549,0.89,0.4728
nina_art,46.0,18.0,98.0,23.0,971.0,News journalist @NYT,0,0.101,0.137,0.678,15.0,2.666,0.052,0.3055,0.953,0.1645
chris_builds,24.0,14.0,15.0,0.0,2251.0,Chef | Recipe creator,0,0.106,0.446,0.968,14.0,1.771,0.03,0.3171,0.693,0.1087
dev_pete,26.0,46.0,9.0,16.0,1001.0,Marketing professional | keynote speaker,0,0.129,0.398,0.96,17.0,1.774,0.054,0.3154,0.831,0.5547
get_rich_88,0.0,1254.0,0.0,0.0,5.0,earn $500/day 👇,1,0.921,0.982,0.215,3.0,252.34,0.885,0.0313,0.2,0.0312
chris_builds,11.0,52.0,4.0,10.0,1380.0,Blogger | Lifestyle & wellness,0,0.067,0.507,0.784,16.0,1.947,0.104,0.473,0.685,0.5703
q7w8e9r0t1y2,3.0,1113.0,1.0,0.0,24.0,DM me to grow your account fast,1,0.665,0.916,0.138,4.0,256.93,0.827,0.0164,0.016,0.0094
john_doe,22.0,30.0,2.0,27.0,3203.0,Musician. Coffee addict.,0,0.026,0.499,0.768,11.0,2.709,0.141,0.2568,0.601,0.4282
ava_dances,0.8424196852881778,0.0,12.638963560821587,4.720988876214731,2320.335771282517,Artist | Digital creator,0,0.016951201976490943,0.5159767966743994,0.9886522239387492,8.183621918113479,7.671509201350945,0.13839827420953638,0.3966266180592467,0.7223808696219511,0.13903821821092882
photo_by_anna,36.28942975971301,10.259839134899963,4.855120144016882,8.25049753028688,514.5975783857605,software engineer @ Google,0,0.06864711865948048,0.48149319158348597,0.665750530083802,13.631325585031655,0.0,0.17272749301510837,0.6801431299067018,0.613785495467873,0.2506944164470449
olivia_draws,1.0,27.0,37.0,23.0,2530.0,News journalist @NYT,0,0.097,0.107,0.842,13.0,1.824,0.037,0.6764,0.968,0.5503
nina_art,1.0,25.0,10.0,6.0,887.0,Podcaster | interviewing founders,0,0.078,0.198,0.71,11.0,3.523,0.069,0.6071,0.758,0.221
airdrop_winner99,10.0,234.0,0.0,0.0,2.0,follow for follow back,1,0.917,0.938,0.292,1.0,189.32,0.913,0.0861,0.015,0.005
a8f7d3k9p2,0.0,2905.0,0.0,0.0,45.0,📈 passive income daily,1,0.8,0.945,0.207,2.0,244.31,0.9,0.0522,0.257,0.0328
mark_adventure,1.0,7.0,5.0,28.0,751.0,Teacher & lifelong learner,0,0.001,0.411,0.889,13.0,0.842,0.092,0.2124,0.65,0.1523
9182736450,0.0,625.0,2.0,0.0,23.0,investment advisor DM me,1,0.671,0.889,0.227,1.0,84.05,0.876,0.0366,0.299,0.033
james_hikes,67.45583007577794,96.12135918059987,5.9168141753437045,0.06947193110485687,537.3478030571601,Blogger | Lifestyle & wellness,0,0.05543145760165858,0.27068476097747507,0.9725769173118477,8.985261308263297,1.8918626126837608,0.15431642199065584,0.653451117338307,0.8379647223800113,0.5255763669561049
daniel_f,56.0,20.0,2.0,22.0,1484.0,mom of 3 | foodie,0,0.075,0.447,0.744,10.0,2.812,0.172,0.2413,0.751,0.3363
ethan_games,22.032992988360906,43.83050259026087,34.26841248877225,1.8454356982722848,1108.0150630452674,News journalist @NYT,0,0.0739656918900651,0.293098719496187,0.8077965831281553,18.018077543216766,2.1807224266422756,0.040951034505237266,0.5663228577551375,0.8614609070011426,0.533128759294617
nina_art,1.0,46.0,13.0,2.0,3454.0,Marketing professional | keynote speaker,0,0.062,0.445,0.959,9.0,4.715,0.151,0.6819,0.703,0.599
fit_jessica,222.0,37.0,6.0,0.0,1417.0,Teacher & lifelong learner,0,0.004,0.114,0.717,12.0,0.215,0.025,0.6506,0.681,0.426
ethan_games,0.0,55.286348109389714,215.18012912164147,15.866013321345049,3287.7251420739276,mom of 3 | foodie,0,0.04040979254106578,0.4584915033277939,0.7075569797954342,11.503211255864693,6.418447070580917,0.0,0.5295051420178727,0.8039379527065679,0.5214912975179374
paul_runs,13.0,11.0,5.0,12.0,3114.0,Podcaster | interviewing founders,0,0.045,0.341,0.894,15.0,1.876,0.156,0.2144,0.97,0.3958
fit_jessica,19.154272493726857,11.250073004799287,4.335053664440733,13.753677993800473,1057.8448075605072,Gaming streamer | Twitch partner,0,0.005076068763964564,0.1684591637980894,0.9499923400826815,14.529368769873377,0.0,0.06901585296498318,0.5974662059001731,0.702583676657261,0.10763046242454492
luke_designs,9.0,17.0,18.0,17.0,4663.0,photographer | travel 📷,0,0.108,0.496,0.929,16.0,2.033,0.129,0.3588,0.637,0.1135
earn_fast_2024,4.0,1602.0,0.0,0.0,30.0,promo available 📩,1,0.671,0.857,0.161,1.0,273.34,0.763,0.071,0.008,0.0035
paul_runs,430.0,16.0,10.0,20.0,774.0,Architect | sustainable design,0,0.135,0.336,0.759,9.0,0.17,0.107,0.2744,0.771,0.2155
xXx_profit_xXx,17.0,373.0,1.0,0.0,17.0,follow for follow back,1,0.613,0.917,0.241,1.0,256.06,0.878,0.0745,0.035,0.0371
chris_builds,243.0,27.0,3.0,18.0,395.0,Environmental activist,0,0.106,0.404,0.712,15.0,2.424,0.18,0.5111,0.91,0.1209
luke_designs,650.8617886011592,69.72923725526542,2.048588732393387,0.8026055585001549,5011.639805690867,Architect | sustainable design,0,0.10738546305706453,0.39862883031490093,0.9125392940978798,14.976211609874188,4.519627149964183,0.03401197705213946,0.6469799518652082,0.8306133396623742,0.1638477067392149
emma.j,271.0,8.0,9.0,8.0,5000.0,mom of 3 | foodie,0,0.021,0.335,0.785,17.0,4.39,0.016,0.5346,0.672,0.119
zz_promo_zz,5.0,1197.0,1.0,0.0,12.0,NFT investor | crypto tips,1,0.777,0.972,0.169,2.0,266.88,0.831,0.0723,0.031,0.0307
james_hikes,28.0,30.0,131.0,12.0,868.0,Retired engineer | amateur astronomer,1,0.05,0.526,0.658,11.0,4.171,0.188,0.5283,0.728,0.1165
mark_adventure,21.0,12.0,3.0,29.0,1353.0,Retired engineer | amateur astronomer,0,0.092,0.274,0.791,16.0,2.404,0.074,0.6334,0.87,0.138
creative_dan,56.0,36.0,11.0,3.0,5000.0,Gaming streamer | Twitch partner,0,0.009,0.28,0.933,17.0,2.837,0.003,0.6391,0.618,0.3188
dev_pete,10.0,9.0,21.0,12.0,2964.0,Gaming streamer | Twitch partner,0,0.036,0.303,0.95,17.0,0.434,0.173,0.4526,0.979,0.1238
sophia_teaches,2.0,68.0,4.0,29.0,588.0,Teacher & lifelong learner,0,0.09,0.427,0.921,13.0,2.709,0.097,0.4684,0.728,0.1391
9182736450,16.0,1416.0,1.0,0.0,24.0,,1,0.676,0.937,0.169,3.0,144.07,0.915,0.0916,0.028,0.0278
nina_art,17.0,10.0,19.0,28.0,452.0,Medical student | future doctor,0,0.014,0.204,0.777,15.0,4.621,0.044,0.2778,0.765,0.2737
lisa_writes,40.0,16.0,96.0,2.0,500.0,Musician. Coffee addict.,0,0.046,0.482,0.677,8.0,4.837,0.196,0.5159,0.973,0.3497
ben_codes,6.0,42.0,12.0,20.0,1062.0,Retired engineer | amateur astronomer,0,0.115,0.287,0.729,18.0,0.845,0.174,0.6093,0.815,0.1521
emma.j,0.0,0.0,22.814482541950287,7.274373776658393,1436.6967162440749,software engineer @ Google,0,0.1091369280905514,0.10643922502247011,0.6775409565335881,16.028631777364033,2.3857612123143737,0.0970038799340901,0.6269671687606956,0.8616499622433678,0.5639459812818539
amy_joy,280.0,71.0,6.0,11.0,2300.0,Environmental activist,0,0.067,0.257,0.722,8.0,2.832,0.047,0.6614,0.601,0.3434
xXx_profit_xXx,4.0,2772.0,1.0,0.0,18.0,follow for follow back,1,0.764,0.874,0.365,3.0,211.58,0.986,0.0976,0.232,0.0283
dev_pete,8.0,10.0,12.0,5.0,731.0,photographer | travel 📷,0,0.0,0.277,0.666,10.0,3.379,0.079,0.4738,0.996,0.4765
rachel_reads,130.0,19.0,19.0,19.0,2913.0,mom of 3 | foodie,0,0.058,0.118,0.863,15.0,1.325,0.053,0.396,0.704,0.336
insta_boost_247,19.0,924.0,2.0,0.0,59.0,♻️ repost to win $1000,1,0.812,0.954,0.243,3.0,227.19,0.744,0.0154,0.184,0.05
bot291847362,8.744330816361256,2206.0667770679347,0.0,0.0,0.0,follow for follow back,1,0.7552554382439142,0.8633666532112427,0.2708478711100471,4.01992313478856,194.53016692997528,0.7528555290295362,0.014841761972558164,0.13223838510288607,0.0063176850867427085
creative_dan,28.0,27.0,30.0,5.0,3466.0,Artist | Digital creator,0,0.14,0.321,0.893,11.0,2.061,0.086,0.46,0.97,0.4012
user8374629,30.61091225248171,833.5669532420369,0.6855315972221647,0.0,97.36371320802238,,1,0.899337681961207,0.9297168414539407,0.13872419566584268,3.316588690171909,106.80775856885155,0.7787150757260313,0.034650659842337506,0.24258791300211519,0.0022479087200950928
grace_beauty,382.0,8.0,13.0,4.0,3759.0,photographer | travel 📷,0,0.084,0.386,0.874,14.0,4.472,0.117,0.2667,0.903,0.3044
lisa_writes,11.0,72.0,33.0,8.0,1891.0,Data scientist | ML researcher,0,0.114,0.103,0.833,9.0,2.432,0.052,0.6179,0.8,0.3618
olivia_draws,10.0,10.0,10.0,14.0,778.0,Podcaster | interviewing founders,0,0.031,0.507,0.672,10.0,1.132,0.039,0.4924,0.682,0.2594
9182736450,5.0,1573.0,1.0,0.0,20.0,NFT investor | crypto tips,1,0.751,0.921,0.28,3.0,231.35,0.728,0.0957,0.295,0.0317
q7w8e9r0t1y2,31.495542093095363,1904.9227677427682,1.8015558774515257,0.0,57.664848183531525,crypto signals ✅ 99% win rate,1,0.7861789072262066,0.8775444170937191,0.22755737815418953,3.5973008853222863,298.13991615688525,0.9198431982984627,0.057454958985114365,0.12505868096197906,0.0
luke_designs,18.934358321133313,53.14569904548083,28.31862604624148,10.585503081074647,3865.1308430502586,Retired engineer | amateur astronomer,0,0.09800592328160838,0.4996198766601405,0.7215854283690216,16.691817631185387,0.0,0.1413749737126736,0.3580955064944654,0.9041738921310958,0.09704383299690518
emma.j,110.63888239064151,105.94920038890274,4.531994328528875,27.13551699190779,1197.6912306034067,Podcaster | interviewing founders,0,0.10759165174093864,0.3067655960533917,0.87540201560786,12.10394820827363,2.3066249586329466,0.07476748211052912,0.5865654001450047,0.7155172166201221,0.2669775698359153
get_rich_88,3.0,2827.0,0.0,0.0,8.0,btc eth airdrop free coins,1,0.758,0.901,0.363,2.0,273.89,0.851,0.0937,0.23,0.0443
acc29471838,12.0,2232.0,1.0,0.0,38.0,,1,0.947,0.904,0.178,2.0,152.73,0.844,0.0615,0.175,0.0328
a8f7d3k9p2,1.0,2535.0,0.0,0.0,46.0,promo available 📩,1,0.819,0.954,0.398,1.0,209.96,0.885,0.0132,0.179,0.04
insta_boost_247,17.0,2162.0,2.0,0.0,12.0,📈 passive income daily,1,0.853,0.939,0.253,1.0,111.25,0.714,0.0655,0.247,0.0328
9182736450,1.0,1369.0,1.0,0.0,44.0,Click link below 💰,1,0.621,0.944,0.139,2.0,153.85,0.808,0.0432,0.284,0.0492
fit_jessica,197.0,30.0,2.0,6.0,1560.0,Developer | Open source enthusiast,0,0.102,0.2,0.824,15.0,0.657,0.082,0.5315,0.656,0.2693
noah_films,104.0,30.0,42.0,13.0,3986.0,software engineer @ Google,0,0.023,0.15,0.752,15.0,4.315,0.191,0.5517,0.851,0.1197
james_hikes,28.491141719203817,41.10724667192704,7.402644713287467,0.8613952605463606,1000.0529589009938,High school teacher | making STEM fun,0,0.034511612146549936,0.49622940280527167,0.6775404093908565,8.041267348227796,0.8504615355245478,0.11469059177681296,0.5079639575164272,0.8833493022678978,0.420339247839005
luke_designs,1290.705519972125,18.759831050816487,13.32904163803526,6.0119299402804804,651.5081123072343,Fashion designer | PR welcome,0,0.0048800316582089465,0.4708941916436945,0.9636615905746645,10.162767852908525,0.0,0.04152103690044612,0.26516922054708786,0.8453306283432733,0.31063703765171347
code_master,64.0,199.0,5.0,8.0,2289.0,Gaming streamer | Twitch partner,0,0.036,0.153,0.926,16.0,3.791,0.001,0.4461,0.687,0.1429
ben_codes,83.64749483608095,4.658759170951612,17.389707200022315,24.42411963228357,1493.72925293288,Musician. Coffee addict.,0,0.10320422647065944,0.43600977527255935,0.9062465705908921,17.805552671888538,3.5491087211032646,0.03685199109342773,0.24134541970371193,0.8676002764706934,0.33302122595419575
user8374629,16.0,1627.0,0.0,0.0,20.0,♻️ repost to win $1000,1,0.733,0.931,0.167,3.0,221.2,0.942,0.0898,0.157,0.0474
crypto_king_9999,11.0,1596.0,2.0,0.0,23.0,NFT investor | crypto tips,1,0.654,0.9,0.246,3.0,265.99,0.775,0.0611,0.201,0.0001
tom_techie,62.0,58.0,59.0,1.0,5000.0,News journalist @NYT,0,0.099,0.209,0.972,8.0,3.134,0.154,0.2061,0.968,0.3543
bot_account_7,12.0,327.0,0.0,0.0,31.0,official giveaway account,1,0.943,0.876,0.317,3.0,223.52,0.937,0.0211,0.046,0.0492
code_master,25.0,14.0,18.0,3.0,904.0,Wildlife photographer based in Kenya,0,0.041,0.412,0.973,13.0,4.142,0.183,0.3844,0.895,0.1801
ben_codes,37.0,33.0,21.0,21.0,2159.0,Blogger | Lifestyle & wellness,0,0.098,0.156,0.825,14.0,1.392,0.194,0.3866,0.736,0.5973
free_follower_bot,2.0,1781.0,0.0,0.0,10.0,📈 passive income daily,1,0.881,0.944,0.14,3.0,62.74,0.865,0.0558,0.129,0.0367
follow_back_101,16.164319582289174,1624.7898069700107,0.4597685003979173,0.16264738719792982,0.0,📈 passive income daily,1,0.698915939347958,0.8917041168087761,0.12363640180951102,1.5504860698392884,52.1887892091038,0.8330049501722553,0.0841147771978566,0.21864957083299863,0.05060491960327019
rachel_reads,231.0,6.0,162.0,29.0,2143.0,News journalist @NYT,0,0.124,0.266,0.942,8.0,3.861,0.007,0.2599,0.655,0.303
zz_promo_zz,10.0,1238.0,0.0,0.0,50.0,crypto millionaire | teach you how,1,0.677,0.915,0.147,2.0,170.85,0.709,0.054,0.052,0.0079
airdrop_winner99,6.0,2875.0,1.0,0.0,30.0,earn $500/day 👇,1,0.877,0.923,0.343,3.0,185.49,0.915,0.0269,0.016,0.0154
grace_beauty,5.0,62.0,3.0,0.0,2356.0,Wildlife photographer based in Kenya,0,0.059,0.315,0.7,18.0,0.984,0.146,0.3258,0.795,0.2841
acc29471838,3.0,2912.0,0.0,0.0,59.0,FREE BTC airdrop → link in bio,1,0.843,0.972,0.321,1.0,98.65,0.88,0.0127,0.235,0.0414
1234567890ab,1.0,1752.0,2.0,0.0,27.0,,1,0.601,0.952,0.25,1.0,221.52,0.905,0.0612,0.125,0.0377
lisa_writes,2.0,2.0,44.0,17.0,1862.0,Data scientist | ML researcher,0,0.079,0.457,0.655,15.0,2.863,0.11,0.3678,0.976,0.2233
airdrop_winner99,10.0,2087.0,1.0,0.0,31.0,NFT investor | crypto tips,1,0.686,0.864,0.278,3.0,59.91,0.958,0.0702,0.258,0.0287
q7w8e9r0t1y2,17.0,1161.0,1.0,0.0,57.0,crypto signals ✅ 99% win rate,1,0.927,0.933,0.236,2.0,290.53,0.927,0.0483,0.096,0.0372
xXx_profit_xXx,5.0,746.0,1.0,0.0,34.0,,1,0.629,0.953,0.119,2.0,198.99,0.72,0.0358,0.024,0.0206
1234567890ab,0.0,452.83887929758566,2.692266792733923,0.0,6.988062125915338,follow for follow back,1,0.8148352714419856,0.8912445885585992,0.10612776524968925,2.8646281582989817,259.08784081497697,0.7126211862101963,0.1022901824365177,0.1226475849974883,0.04114148745771186
code_master,26.178932904454072,0.0,5.107573826650655,21.915003239057633,1470.846990009696,software engineer @ Google,0,0.09561046404342935,0.17821302656497687,0.7804008175016928,13.906768114571392,0.0,0.17430659842728272,0.4075707300887829,0.8533361787314698,0.2709306688756389
a8f7d3k9p2,6.0,2174.0,0.0,0.0,17.0,FREE gift cards click here,1,0.776,0.852,0.276,1.0,110.94,0.742,0.0843,0.081,0.0228
dev_pete,61.0,19.0,7.0,22.0,623.0,Nurse practitioner | women's health advocate,0,0.029,0.139,0.804,10.0,1.383,0.129,0.3314,0.946,0.1376
mark_adventure,1.0,20.0,9.0,14.0,1184.0,Traveler | 50+ countries visited,0,0.131,0.244,0.739,8.0,1.997,0.174,0.4956,0.998,0.1213
code_master,9.0,15.0,5.0,21.0,5000.0,Retired engineer | amateur astronomer,0,0.082,0.13,0.802,18.0,4.793,0.075,0.4737,0.613,0.3151
rachel_reads,219.0,17.0,5.0,18.0,5000.0,News journalist @NYT,0,0.119,0.135,0.749,12.0,2.218,0.148,0.6988,0.72,0.4115
john_doe,238.0,14.0,18.0,28.0,5000.0,fitness coach 💪 DM for training plans,0,0.013,0.462,0.795,14.0,4.179,0.008,0.4636,0.7,0.1201
lisa_writes,577.0,70.0,74.0,18.0,3588.0,News journalist @NYT,0,0.031,0.256,0.883,8.0,1.137,0.154,0.234,0.811,0.4095
paul_runs,23.662488124244067,63.83676317510672,5.320704563998959,19.632140540837096,2473.5173023455663,Blogger | Lifestyle & wellness,0,0.026369436404468982,0.3255088037053565,0.8840796330554107,14.042095314056319,0.0,0.10811095296054725,0.4695886229375068,0.8462095745091344,0.4222911574761944
emma.j,1.0,13.0,28.0,15.0,5000.0,Wildlife photographer based in Kenya,0,0.115,0.317,0.888,16.0,0.998,0.01,0.4592,0.69,0.3796
emma.j,140.0,23.0,31.0,29.0,1002.0,Retired engineer | amateur astronomer,0,0.048,0.337,0.714,17.0,0.66,0.04,0.5975,0.896,0.495
mark_adventure,68.0,28.0,96.0,24.0,2603.0,Medical student | future doctor,0,0.123,0.241,0.955,18.0,1.535,0.032,0.4907,0.885,0.1393
olivia_draws,5.0,20.0,18.0,6.0,1956.0,Developer | Open source enthusiast,0,0.105,0.482,0.899,12.0,1.485,0.187,0.2105,0.826,0.4147
creative_dan,156.0,9.0,2.0,0.0,1854.0,Yoga instructor | wellness coach,0,0.046,0.334,0.746,10.0,3.648,0.006,0.5672,0.615,0.1519
f4f_master_99,6.0,770.0,1.0,0.0,24.0,NFT investor | crypto tips,1,0.717,0.96,0.101,3.0,213.95,0.975,0.0265,0.097,0.0328
james_hikes,34.0,12.0,1.0,18.0,2457.0,Musician. Coffee addict.,0,0.024,0.157,0.812,14.0,1.286,0.141,0.3943,0.967,0.2493
paul_runs,1.0,44.0,1.0,6.0,1006.0,Data scientist | ML researcher,0,0.149,0.534,0.729,13.0,3.936,0.174,0.3137,0.976,0.3028
real_human_01234,0.0,766.0,1.0,0.0,11.0,promo available 📩,1,0.904,0.867,0.125,3.0,296.19,0.985,0.0124,0.081,0.0332
code_master,62.0,26.0,5.0,8.0,365.0,Architect | sustainable design,0,0.074,0.547,0.956,14.0,0.269,0.053,0.5026,0.857,0.529
bot291847362,12.0,2107.0,1.0,0.0,26.0,earn $500/day 👇,1,0.848,0.962,0.107,2.0,183.59,0.743,0.0832,0.139,0.0176
grace_beauty,81.58117159745801,0.0,11.325411908334704,16.18608981561811,2991.1011294648115,High school teacher | making STEM fun,0,0.0,0.30892926576947743,0.9759188300490929,12.436132620551854,1.8484660376128053,0.123981134846143,0.36349358290425937,0.7393941973675956,0.5212469604616087
real_human_01234,4.0,1854.0,1.0,0.0,59.0,promo available 📩,1,0.745,0.856,0.346,4.0,191.16,0.873,0.0355,0.069,0.0025
free_follower_bot,5.0,1068.0,2.0,0.0,3.0,make money online → bio link,1,0.674,0.891,0.246,3.0,54.32,0.804,0.0526,0.13,0.0034
ethan_games,2.0,50.0,13.0,24.0,1068.0,Dog lover | Hiking | Books,0,0.02,0.417,0.804,12.0,2.744,0.053,0.6555,0.775,0.5523
ava_dances,59.0,62.0,4.0,26.0,2315.0,Wildlife photographer based in Kenya,0,0.03,0.452,0.66,8.0,4.517,0.174,0.6529,0.922,0.4169
amy_joy,8.0,18.0,12.0,8.0,1708.0,Developer | Open source enthusiast,0,0.069,0.434,0.687,11.0,4.666,0.011,0.5409,0.637,0.3456
a8f7d3k9p2,19.0,1411.0,2.0,0.0,1.0,Click link below 💰,1,0.776,0.947,0.137,4.0,257.01,0.949,0.0425,0.269,0.0055
follow_back_101,1.0,2821.0,1.0,0.0,57.0,follow for follow back,1,0.88,0.898,0.195,3.0,98.44,0.978,0.0103,0.238,0.0062
chef_marco,1.220749965056478,26.070952787295532,18.994005560172223,21.19389208974696,1116.6656321179198,Podcaster | interviewing founders,0,0.06541278955606518,0.4051030738684036,0.8618611185302637,7.634392044459854,10.265866194540187,0.11380170440603557,0.5236197191282737,0.6156040765164675,0.1877518274860193
rachel_reads,238.0,11.0,39.0,4.0,2151.0,News journalist @NYT,0,0.053,0.105,0.672,13.0,1.729,0.171,0.2873,0.602,0.2163
photo_by_anna,54.0,40.0,5.0,9.0,5000.0,Musician. Coffee addict.,0,0.04,0.308,0.792,12.0,4.041,0.08,0.45,0.937,0.437
ethan_games,4.0,9.0,6.0,17.0,2011.0,photographer | travel 📷,0,0.104,0.326,0.98,18.0,0.925,0.078,0.5788,0.989,0.5687
chris_builds,345.0,132.0,7.0,2.0,1973.0,Blogger | Lifestyle & wellness,0,0.069,0.371,0.795,16.0,1.082,0.185,0.5703,0.611,0.303
ethan_games,14.0,10.0,17.0,20.0,365.0,photographer | travel 📷,0,0.147,0.401,0.833,18.0,4.235,0.002,0.3882,0.768,0.5745
chef_marco,162.0,30.0,27.0,15.0,4359.0,Musician. Coffee addict.,0,0.009,0.537,0.754,8.0,3.538,0.172,0.4019,0.97,0.3041
autoliker_pro,12.0,2856.0,0.0,0.0,39.0,investment advisor DM me,1,0.789,0.878,0.392,4.0,76.43,0.917,0.0728,0.094,0.0243
olivia_draws,4.0,18.0,1.0,12.0,2633.0,Freelance illustrator | art prints available,0,0.076,0.465,0.776,14.0,4.94,0.146,0.2741,0.766,0.2266
paul_runs,9.0,66.0,62.0,28.0,545.0,Environmental activist,0,0.068,0.166,0.795,8.0,4.413,0.042,0.6413,0.998,0.2924
ethan_games,60.94970426042262,44.51561774865447,16.72733717181986,7.5714703300271315,1495.7118780155574,UX designer @Meta,0,0.09662441598650383,0.1358093419694168,0.7543834277171422,12.640437292438216,6.497089078317878,0.0787164505771124,0.3777187245144565,0.744225537605812,0.5624732176772701
ben_codes,1.9898771373575275,0.032119623787547624,110.80609575346604,16.2426399800957,536.487053261314,Musician. Coffee addict.,0,0.06256486780114662,0.24039057161393879,0.8781057001540545,10.878020851184953,8.94234042575316,0.12939863350673458,0.5274554594412915,0.7413259876620703,0.569333885736093
daniel_f,542.1566761654244,7.85346376644263,21.93812025797555,2.936214545241426,1387.6024708997609,High school teacher | making STEM fun,0,0.11307680193125337,0.34025746285817154,0.7171955396840479,16.98083540803204,5.450356364175372,0.12099404657107404,0.3135824226499288,0.6737692489972913,0.19595048087805245
autoliker_pro,8.0,2433.0,2.0,0.0,34.0,earn while you sleep 💸,0,0.867,0.864,0.184,2.0,182.84,0.731,0.0499,0.14,0.0208
olivia_draws,109.0,5.0,16.0,11.0,4127.0,Artist | Digital creator,0,0.143,0.531,0.705,10.0,4.929,0.011,0.5217,0.753,0.5257
q7w8e9r0t1y2,15.0,948.0,0.0,0.0,6.0,Click link below 💰,1,0.897,0.946,0.28,2.0,230.33,0.968,0.0364,0.195,0.0358
autoliker_pro,3.0,2764.0,0.0,0.0,24.0,FREE gift cards click here,1,0.696,0.944,0.1,4.0,66.05,0.867,0.0156,0.078,0.0082
real_human_01234,18.0,2436.0,0.0,0.0,21.0,promo available 📩,1,0.877,0.874,0.219,3.0,244.22,0.887,0.0274,0.287,0.0132
john_doe,26.0,25.0,1.0,23.0,1432.0,Environmental activist,0,0.141,0.416,0.78,15.0,2.604,0.035,0.2306,0.617,0.2972
fit_jessica,10.0,9.0,2.0,4.0,1161.0,Podcaster | interviewing founders,0,0.081,0.34,0.819,13.0,0.808,0.027,0.459,0.716,0.2989
xXx_profit_xXx,6.0,921.0,1.0,0.0,38.0,📈 passive income daily,1,0.721,0.941,0.361,3.0,145.35,0.921,0.0666,0.281,0.0244
mark_adventure,44.0,4.0,2.0,14.0,2374.0,Medical student | future doctor,0,0.136,0.204,0.889,9.0,4.097,0.118,0.6146,0.784,0.2468
a8f7d3k9p2,8.0,2479.0,0.0,0.0,25.0,,1,0.835,0.908,0.135,3.0,86.65,0.94,0.0167,0.048,0.0137
insta_boost_247,3.0341569098227996,2108.639150683453,0.0,0.18710623278205304,64.99344000189475,♻️ repost to win $1000,1,0.6777579366134893,0.9634063561509173,0.2774350088205437,0.8152942402600546,230.2456227510262,0.747671381344736,0.07966258440528802,0.0,0.0
1234567890ab,3.0,2420.0,0.0,0.0,43.0,FREE gift cards click here,1,0.653,0.87,0.4,1.0,103.55,0.866,0.0999,0.105,0.0099
earn_fast_2024,11.0,1357.0,1.0,0.0,36.0,official giveaway account,1,0.793,0.978,0.217,1.0,258.5,0.933,0.0264,0.246,0.0295
bot_account_7,0.0,2495.361734426505,3.071630500421554,0.0,237.86365843036293,official giveaway account,1,0.6197881552697622,0.9811849937726808,0.12686939652089194,2.127813709466789,243.9098719732545,0.9748062669529848,0.06186564622520802,0.0,0.0191095238275559
free_follower_bot,27.559078153015037,734.1801428298672,0.0,0.4142479702290752,0.0,promo available 📩,1,0.7652066887293294,1.0014997745550247,0.32574274233165545,3.0387044198937616,286.8507775279162,0.8801328104916685,0.02782341102896164,0.232276380911601,0.01933332559161164
zz_promo_zz,17.0,509.0,0.0,0.0,40.0,Click link below 💰,1,0.847,0.853,0.256,3.0,237.18,0.771,0.0254,0.062,0.0393
alex_travel,30.0,30.0,5.0,12.0,3661.0,Blogger | Lifestyle & wellness,0,0.093,0.203,0.72,11.0,4.419,0.083,0.3555,0.877,0.1601
nina_art,326.0,6.0,39.0,14.0,3387.0,Data scientist | ML researcher,0,0.074,0.119,0.752,10.0,2.446,0.029,0.4283,0.956,0.2351
luke_designs,5.0,23.0,1.0,3.0,1357.0,High school teacher | making STEM fun,0,0.118,0.241,0.672,18.0,0.307,0.176,0.5058,0.614,0.4164
insta_boost_247,8.0,2958.0,2.0,0.0,15.0,earn while you sleep 💸,1,0.676,0.981,0.104,2.0,135.67,0.928,0.0354,0.197,0.0291
chris_builds,11.0,39.0,31.0,23.0,690.0,Yoga instructor | wellness coach,1,0.08,0.453,0.881,16.0,2.322,0.144,0.4445,0.851,0.4956
luke_designs,6.0,81.0,272.0,21.0,706.0,Traveler | 50+ countries visited,0,0.104,0.201,0.865,15.0,0.663,0.007,0.2375,0.849,0.1011
real_human_01234,2.0,2603.0,0.0,0.0,4.0,,1,0.762,0.96,0.188,4.0,294.13,0.905,0.0576,0.135,0.0229
real_human_01234,14.0,1491.0,0.0,0.0,25.0,promo available 📩,1,0.72,0.858,0.228,2.0,188.45,0.822,0.0721,0.247,0.0162
zz_promo_zz,8.0,2825.0,0.0,0.0,40.0,📈 passive income daily,1,0.736,0.942,0.129,1.0,121.59,0.819,0.045,0.077,0.0162
xXx_profit_xXx,15.0,2856.0,2.0,0.0,14.0,crypto millionaire | teach you how,1,0.716,0.973,0.394,2.0,204.7,0.758,0.0557,0.146,0.0118
xXx_profit_xXx,4.0,1194.0,2.0,0.0,15.0,FREE BTC airdrop → link in bio,1,0.906,0.889,0.387,2.0,172.7,0.907,0.0376,0.142,0.0032
insta_boost_247,8.0,894.0,2.0,0.0,54.0,,1,0.625,0.855,0.356,4.0,246.48,0.85,0.0727,0.129,0.0277
chef_marco,75.0,2.0,19.0,12.0,1254.0,Traveler | 50+ countries visited,0,0.021,0.362,0.843,17.0,0.959,0.074,0.6059,0.963,0.3573
noah_films,100.0,106.0,4.0,24.0,3802.0,photographer | travel 📷,0,0.05,0.24,0.82,10.0,4.988,0.04,0.2337,0.72,0.2363
chef_marco,948.0,33.0,79.0,26.0,513.0,Blogger | Lifestyle & wellness,0,0.108,0.245,0.954,14.0,0.529,0.137,0.4772,0.938,0.5219
insta_boost_247,0.0,2264.1615741325913,0.021488795482216605,0.0,80.9785908748976,,1,0.7606569130150028,0.8500320386944528,0.1851397699558081,4.379970708554893,273.41809841697557,0.9129350892667187,0.10606411974561478,0.03063481916525544,0.0
tom_techie,1942.2853124668056,21.21533056645606,3.8189132110117057,2.6209081860857992,314.69481270358904,Wildlife photographer based in Kenya,0,0.08689849986079974,0.11356958695124303,0.7262564883538463,9.930440080943931,10.848377869839894,0.06698289978317398,0.2131167433925604,0.8673345209797805,0.5216196379509351
zz_promo_zz,9.0,1340.0,1.0,0.0,28.0,📈 passive income daily,1,0.735,0.856,0.166,3.0,284.65,0.848,0.0253,0.225,0.0466
tom_techie,409.0,18.0,8.0,4.0,1191.0,Nurse practitioner | women's health advocate,0,0.018,0.392,0.944,15.0,1.221,0.016,0.2133,0.758,0.1631
nina_art,1.0,50.0,28.0,24.0,365.0,Architect | sustainable design,0,0.052,0.538,0.664,18.0,0.726,0.083,0.3386,0.756,0.4389
acc29471838,0.0,779.5375758521764,2.6075353110871777,0.9842260153895378,177.72570120296058,follow for follow back,1,0.8363421222196696,0.8598872440369367,0.14736293478333265,3.2487960313260342,262.82310037029043,0.8163083048628392,0.018191038229112166,0.3099375307615447,0.00329374549053342
amy_joy,38.69793245022398,0.0,40.46701958860212,19.698378313332146,3396.361251526438,Marketing professional | keynote speaker,0,0.03292651089446124,0.14144422124120046,0.7653413148765692,9.829265397051435,1.3906490749745855,0.1666953131571931,0.6586261902435785,0.8537271172157228,0.22406079758244213
alex_travel,0.0,31.70826015500949,28.59298114139093,4.71728368274162,713.6447535596429,fitness coach 💪 DM for training plans,0,0.08198937505657772,0.2771699002824946,0.9532676274459755,7.501115338582454,6.776709114540651,0.09508831394378023,0.6727546673437441,0.6662402949451215,0.26937874105611614
autoliker_pro,4.0,2701.0,0.0,0.0,50.0,♻️ repost to win $1000,1,0.674,0.921,0.291,4.0,203.22,0.949,0.0853,0.148,0.0477
ben_codes,78.0,32.0,1.0,25.0,4359.0,fitness coach 💪 DM for training plans,0,0.112,0.255,0.856,11.0,0.116,0.075,0.469,0.62,0.1541
a8f7d3k9p2,13.0,1360.0,1.0,0.0,13.0,NFT investor | crypto tips,1,0.767,0.859,0.196,4.0,250.47,0.98,0.0232,0.047,0.0311
crypto_king_9999,38.25703683840273,1593.9999253415458,2.7295510536167327,0.11485312252573145,138.5204699145966,earn while you sleep 💸,1,0.6205101834264447,0.9085303672522576,0.2768603551225711,1.0714320171091944,74.44766782521924,0.7431982237506037,0.07459425900489162,0.0005038624245108682,0.04046065820324149
bot291847362,14.0,1656.0,0.0,0.0,2.0,FREE gift cards click here,1,0.748,0.961,0.342,3.0,147.43,0.98,0.013,0.051,0.0316
code_master,160.0,67.0,16.0,6.0,456.0,Marketing professional | keynote speaker,0,0.143,0.417,0.889,13.0,2.832,0.02,0.2743,0.978,0.2984
user8374629,0.0,2384.1701435169693,2.35868345501534,0.005238273955896298,9.377188335580534,♻️ repost to win $1000,1,0.8385970759818867,0.8546594044927894,0.3393295038359164,0.655895506735859,110.8117929083387,0.9321492335796276,0.1094334018906485,0.10701335328976022,0.012426840215122973
alex_travel,305.0,25.0,9.0,15.0,1752.0,Chef | Recipe creator,0,0.05,0.462,0.98,18.0,0.521,0.116,0.5714,0.701,0.2135
zz_promo_zz,44.359418221232055,1962.6910621134227,2.456629795138265,0.0,152.01419428924106,FREE BTC airdrop → link in bio,1,0.7371642043966445,0.9001303728751074,0.2512231344120166,2.759442464992407,131.8242586098639,0.7285351301570467,0.08022364291838903,0.18518328410887108,0.04385268295564143
user8374629,18.0,1301.0,2.0,0.0,33.0,earn while you sleep 💸,1,0.87,0.858,0.384,3.0,78.22,0.967,0.0489,0.044,0.0353
amy_joy,23.0,31.0,3.0,14.0,1276.0,Chef | Recipe creator,0,0.06,0.151,0.851,18.0,2.027,0.058,0.3416,0.722,0.5229
nina_art,89.0,13.0,46.0,21.0,1858.0,Marketing professional | keynote speaker,0,0.141,0.509,0.989,9.0,2.127,0.186,0.5117,0.948,0.1389
ava_dances,719.0,79.0,11.0,18.0,481.0,Podcaster | interviewing founders,0,0.083,0.119,0.783,8.0,3.669,0.135,0.4254,0.783,0.4719
a8f7d3k9p2,0.0,726.0,2.0,0.0,29.0,FREE BTC airdrop → link in bio,1,0.685,0.98,0.113,1.0,126.18,0.956,0.0296,0.007,0.0085
photo_by_anna,1.0,20.0,95.0,1.0,5000.0,Entrepreneur | Founder @startup,0,0.086,0.296,0.959,15.0,0.65,0.084,0.4796,0.811,0.2873
nina_art,8.0,10.0,71.0,16.0,1794.0,Gaming streamer | Twitch partner,0,0.105,0.163,0.893,12.0,1.089,0.009,0.2159,0.813,0.5847
crypto_king_9999,13.0,604.0,2.0,0.0,12.0,,1,0.886,0.888,0.334,2.0,67.47,0.806,0.0312,0.08,0.0162
john_doe,129.0,13.0,53.0,9.0,917.0,Yoga instructor | wellness coach,0,0.088,0.532,0.959,8.0,2.282,0.081,0.2272,0.659,0.1339
insta_boost_247,30.760038806175686,2926.7631120922033,0.0,0.4597832754900367,0.0,earn $500/day 👇,1,0.6373947419300565,0.8468589323355019,0.14391017661432484,1.2553378043859313,237.80974402353857,0.6892223505178847,0.03205011823634298,0.0776211759755942,0.03778687370758771
ethan_games,1.0,11.0,7.0,29.0,1205.0,News journalist @NYT,0,0.091,0.125,0.848,12.0,0.759,0.116,0.5342,0.619,0.4758
chef_marco,186.4278250420545,134.876651411437,3.081224299335466,24.40038377860415,619.2562350691912,Teacher & lifelong learner,0,0.10504702687250853,0.4736468838735325,0.8600860369957108,9.498704485458147,0.0,0.0,0.26670917839685276,0.9854547149188622,0.4400627341463133
user8374629,3.0,843.0,0.0,0.0,56.0,,1,0.733,0.912,0.187,4.0,197.19,0.896,0.0811,0.245,0.0208
mia_cooks,20.0,8.0,49.0,27.0,3265.0,Yoga instructor | wellness coach,0,0.081,0.262,0.682,16.0,0.274,0.123,0.5257,0.901,0.5287
grace_beauty,27.0,16.0,30.0,27.0,1038.0,Medical student | future doctor,0,0.108,0.329,0.897,18.0,4.361,0.074,0.5767,0.806,0.2385
daniel_f,19.0,140.0,3.0,4.0,4530.0,Blogger | Lifestyle & wellness,0,0.099,0.466,0.981,12.0,1.384,0.183,0.3419,0.879,0.1304
airdrop_winner99,12.0,453.0,2.0,0.0,9.0,earn while you sleep 💸,1,0.854,0.951,0.157,4.0,107.21,0.881,0.0937,0.049,0.0472
real_human_01234,2.0,401.0,2.0,0.0,20.0,📈 passive income daily,1,0.663,0.978,0.332,3.0,215.04,0.705,0.0415,0.044,0.0069
ethan_games,365.0613362243652,97.27273097963449,30.476649746322387,20.29795292597861,1069.6543334798862,Fashion designer | PR welcome,0,0.13295250486222165,0.31641353309696735,0.8015684509469102,8.112229913507468,10.064230332267645,0.029757512665366012,0.5230346369157166,0.7851256045567666,0.4133579846838634
paul_runs,1716.0,36.0,9.0,22.0,809.0,photographer | travel 📷,0,0.04,0.171,0.84,14.0,3.352,0.199,0.5991,0.719,0.1813
autoliker_pro,23.149087775752363,293.01472901343493,0.0,0.0,14.50549483998321,NFT investor | crypto tips,1,0.7400443563333896,0.9251744531345696,0.21772732940908401,4.161669283392948,125.90592323276002,0.6909690984374138,0.043608575585771595,0.032247546861035314,0.030486127049762744
acc29471838,2.0,1306.0,1.0,0.0,46.0,make money online → bio link,0,0.785,0.856,0.174,1.0,191.63,0.977,0.0811,0.136,0.0004
free_follower_bot,16.0,803.0,1.0,0.0,12.0,earn $500/day 👇,1,0.779,0.907,0.266,3.0,274.07,0.91,0.0792,0.054,0.0354
creative_dan,17.0,9.0,42.0,14.0,5000.0,Wildlife photographer based in Kenya,0,0.057,0.226,0.952,16.0,1.689,0.197,0.3962,0.953,0.2819
9182736450,3.0,1407.0,1.0,0.0,21.0,DM me to grow your account fast,1,0.877,0.851,0.296,1.0,253.53,0.815,0.0297,0.13,0.0064
9182736450,5.0,1570.0,0.0,0.0,7.0,FREE BTC airdrop → link in bio,1,0.683,0.872,0.285,4.0,187.4,0.881,0.0142,0.102,0.0021
alex_travel,145.0,21.0,39.0,29.0,1872.0,software engineer @ Google,0,0.121,0.283,0.896,11.0,0.912,0.1,0.4508,0.963,0.5526
noah_films,24.0,9.0,25.0,10.0,5000.0,Blogger | Lifestyle & wellness,0,0.036,0.295,0.769,8.0,4.478,0.069,0.2793,0.619,0.1048
autoliker_pro,0.0,1242.0485885659725,1.397294390120761,0.0,58.43197168828248,,1,0.6610889209767034,0.9095432888200076,0.2907686131358027,3.097728036412451,82.85743984996381,0.8379381151846053,0.03584080637663398,0.25567147387178724,0.029217252873924862
ben_codes,69.0,13.0,34.0,25.0,1109.0,Environmental activist,0,0.028,0.239,0.939,9.0,1.06,0.116,0.4625,0.861,0.4906
john_doe,0.5459730428580194,0.0,20.330321129046062,25.901074697477533,518.2591437199183,Data scientist | ML researcher,0,0.04509314422982241,0.1786520546905646,0.7001335675000447,9.21134145968136,0.0,0.15971364021648726,0.28315037487736894,0.8052382111883818,0.23448217017486556
photo_by_anna,9.0,84.0,3.0,6.0,2370.0,Entrepreneur | Founder @startup,0,0.097,0.306,0.931,10.0,0.13,0.046,0.4094,0.638,0.5026
john_doe,4.0,26.0,28.0,20.0,1011.0,Fashion designer | PR welcome,0,0.017,0.136,0.948,9.0,0.247,0.087,0.2949,0.9,0.2346
sarah_smith,9.0,10.0,129.0,19.0,5000.0,News journalist @NYT,0,0.1,0.232,0.836,18.0,1.539,0.198,0.4472,0.666,0.4215
get_rich_88,10.0,920.0,1.0,0.0,45.0,FREE gift cards click here,1,0.643,0.95,0.28,1.0,273.43,0.924,0.0673,0.08,0.0002
john_doe,33.0,39.0,16.0,13.0,489.0,Freelance illustrator | art prints available,0,0.032,0.408,0.958,9.0,0.341,0.122,0.3774,0.725,0.3459
acc29471838,7.0,2299.0,1.0,0.0,52.0,Click link below 💰,1,0.945,0.951,0.327,1.0,259.1,0.898,0.0529,0.141,0.0177
alex_travel,73.0,6.0,50.0,11.0,3525.0,software engineer @ Google,0,0.078,0.396,0.952,11.0,0.512,0.022,0.6499,0.834,0.2838
noah_films,64.0,9.0,26.0,1.0,1026.0,UX designer @Meta,0,0.096,0.185,0.953,10.0,1.377,0.056,0.4937,0.647,0.5102
amy_joy,187.0,9.0,28.0,19.0,5000.0,Environmental activist,0,0.14,0.523,0.764,17.0,3.491,0.132,0.6475,0.824,0.3246
autoliker_pro,11.942105707629638,2314.16635831138,0.0,0.0,85.92563108644865,,1,0.8122976575912808,0.8581090442683033,0.3587389431645536,3.1915611967526183,266.60424822755425,0.922177341534916,0.1063741202901159,0.025512732212850296,0.017695285632173808
follow_back_101,1.0,2610.0,0.0,0.0,2.0,official giveaway account,1,0.947,0.975,0.393,4.0,205.99,0.77,0.0225,0.232,0.0314
earn_fast_2024,5.0,2417.0,1.0,0.0,4.0,official giveaway account,1,0.754,0.878,0.123,4.0,266.52,0.788,0.0997,0.153,0.0064
grace_beauty,6.0,15.0,2.0,24.0,365.0,fitness coach 💪 DM for training plans,0,0.09,0.415,0.866,12.0,4.201,0.06,0.52,0.867,0.3774
alex_travel,23.0,14.0,25.0,1.0,2303.0,Medical student | future doctor,0,0.021,0.4,0.965,17.0,1.919,0.045,0.3179,0.83,0.1417
crypto_king_9999,2.0,2692.0,0.0,0.0,49.0,📈 passive income daily,1,0.69,0.9,0.34,3.0,153.24,0.947,0.028,0.267,0.0341
insta_boost_247,16.0,420.0,1.0,0.0,37.0,investment advisor DM me,1,0.699,0.871,0.205,4.0,206.98,0.808,0.0596,0.156,0.0014
sophia_teaches,3.0,49.0,2.0,9.0,3366.0,Data scientist | ML researcher,0,0.125,0.255,0.774,16.0,1.231,0.036,0.6674,0.765,0.4186
f4f_master_99,18.0,1821.0,2.0,0.0,7.0,,1,0.896,0.865,0.194,2.0,180.01,0.919,0.0904,0.277,0.0311
bot_account_7,6.0,2023.0,2.0,0.0,19.0,,1,0.902,0.879,0.231,3.0,56.39,0.855,0.0335,0.013,0.0111
a8f7d3k9p2,11.0,2385.0,1.0,0.0,25.0,FREE gift cards click here,1,0.699,0.987,0.214,3.0,223.05,0.94,0.0347,0.25,0.0309
mia_cooks,75.0,75.0,1.0,25.0,4139.0,High school teacher | making STEM fun,0,0.105,0.391,0.76,16.0,0.365,0.186,0.5192,0.624,0.2714
alex_travel,32.0,50.0,12.0,1.0,972.0,UX designer @Meta,0,0.005,0.314,0.711,13.0,0.837,0.077,0.4013,0.875,0.4522
dev_pete,7.0,75.0,6.0,3.0,646.0,software engineer @ Google,0,0.041,0.216,0.958,15.0,4.935,0.037,0.3191,0.686,0.1311
noah_films,20.0,43.0,5.0,25.0,1304.0,mom of 3 | foodie,0,0.057,0.14,0.89,13.0,4.457,0.097,0.2651,0.803,0.4496
mia_cooks,6.0,19.0,11.0,23.0,2308.0,Yoga instructor | wellness coach,0,0.107,0.47,0.834,12.0,3.848,0.048,0.6303,0.958,0.4718
rachel_reads,35.0,8.0,2.0,22.0,2054.0,UX designer @Meta,0,0.081,0.542,0.746,14.0,3.967,0.145,0.2638,0.941,0.2782
john_doe,288.0,26.0,44.0,26.0,499.0,Artist | Digital creator,0,0.022,0.227,0.679,16.0,2.695,0.019,0.2618,0.88,0.5313
insta_boost_247,14.0,1900.0,2.0,0.0,38.0,crypto signals ✅ 99% win rate,1,0.728,0.864,0.305,1.0,147.82,0.772,0.0339,0.053,0.0489
nina_art,8.27052389283227,0.0,1.6186425942792544,2.341414718588808,492.8140811148479,Dog lover | Hiking | Books,0,0.07146609086182087,0.21303525632023082,0.900576731060742,16.097322181022086,8.03697521658494,0.1563581516785374,0.22391611107378248,0.7553099691967881,0.11597716850288102
get_rich_88,0.0,494.20841477671513,1.4951925479066914,0.0,189.4751891641764,promo available 📩,1,0.9553267907227466,0.8650132448101534,0.32466020440254706,3.20721282417761,275.96313581858465,0.7677616506777981,0.05473819490122261,0.10487005582829345,0.02520818633995944
luke_designs,29.0,25.0,2.0,10.0,1253.0,fitness coach 💪 DM for training plans,0,0.117,0.459,0.723,15.0,3.381,0.125,0.321,0.709,0.5159
emma.j,805.0,49.0,24.0,12.0,1582.0,Dance teacher | choreographer,0,0.074,0.253,0.878,13.0,4.822,0.004,0.5749,0.679,0.2053
olivia_draws,1567.0,12.0,29.0,28.0,778.0,Nurse practitioner | women's health advocate,0,0.085,0.279,0.953,15.0,4.851,0.133,0.6164,0.843,0.49
tom_techie,122.0,27.0,21.0,26.0,1615.0,High school teacher | making STEM fun,0,0.043,0.426,0.828,12.0,4.589,0.028,0.3939,0.788,0.2428
real_human_01234,0.0,1787.0,2.0,0.0,58.0,♻️ repost to win $1000,1,0.675,0.937,0.26,2.0,278.23,0.959,0.0668,0.297,0.0168
q7w8e9r0t1y2,5.0,1355.0,0.0,0.0,45.0,investment advisor DM me,1,0.749,0.934,0.272,1.0,132.35,0.734,0.0494,0.037,0.0017
rachel_reads,19.019282797806866,57.84419797902221,5.560185627144237,15.140122756340801,1805.4773315190396,Podcaster | interviewing founders,0,0.06653665328785341,0.4884519897566442,0.874755672778689,7.734768967950663,1.407606287472327,0.08166307230470893,0.2514979350258497,0.9960826717628646,0.3057657630354852
olivia_draws,181.1542157548944,100.10221209313586,3.3914377346295046,11.984139717247205,637.5995725196638,Freelance illustrator | art prints available,0,0.100422298760032,0.216949839787495,0.7661363192563501,10.029681371408765,1.4430845536407961,0.21109830597087198,0.3026625605203783,0.949767814683696,0.34567798405009914
sophia_teaches,151.0,15.0,7.0,21.0,1479.0,Yoga instructor | wellness coach,0,0.045,0.406,0.705,12.0,1.9,0.023,0.6308,0.925,0.5167
james_hikes,88.0,11.0,6.0,4.0,5000.0,Freelance illustrator | art prints available,0,0.084,0.453,0.903,18.0,1.593,0.128,0.3302,0.839,0.429
james_hikes,31.0,9.0,26.0,28.0,5000.0,Environmental activist,0,0.081,0.104,0.773,18.0,0.506,0.14,0.5174,0.853,0.2805
bot_account_7,2.0,451.0,2.0,0.0,12.0,,1,0.742,0.956,0.114,2.0,142.87,0.983,0.0617,0.113,0.0433
a8f7d3k9p2,14.0,1048.0,2.0,0.0,1.0,investment advisor DM me,1,0.903,0.979,0.295,1.0,267.58,0.805,0.079,0.2,0.0474
earn_fast_2024,3.0,1279.0,2.0,0.0,21.0,earn $500/day 👇,1,0.788,0.874,0.158,1.0,125.06,0.906,0.0489,0.202,0.0213
acc29471838,6.0,629.0,0.0,0.0,55.0,NFT investor | crypto tips,1,0.73,0.858,0.152,1.0,149.77,0.839,0.0488,0.192,0.0197
creative_dan,322.0,36.0,35.0,11.0,2456.0,Marketing professional | keynote speaker,0,0.105,0.124,0.752,11.0,3.613,0.032,0.511,0.891,0.3012
alex_travel,285.0,48.0,3.0,2.0,4912.0,Environmental activist,0,0.125,0.537,0.688,10.0,4.709,0.092,0.5237,0.71,0.4205
ethan_games,107.0,21.0,2.0,25.0,365.0,Yoga instructor | wellness coach,0,0.107,0.433,0.851,15.0,4.564,0.197,0.6605,0.798,0.3551
fit_jessica,28.0,25.0,3.0,18.0,2427.0,Environmental activist,0,0.011,0.543,0.864,13.0,1.588,0.088,0.4504,0.693,0.4425
a8f7d3k9p2,0.0,2828.073778545891,3.4886598593312836,0.11842092060257892,54.50407666284559,♻️ repost to win $1000,1,0.939723899872858,0.9260182287208336,0.3010770116243876,2.024672075990792,245.58501205315406,0.726850991486711,0.042076807259041525,0.03054901739591211,0.026115128797011923
lisa_writes,55.0,8.0,1.0,2.0,1765.0,UX designer @Meta,0,0.087,0.134,0.902,11.0,3.145,0.012,0.4281,0.886,0.1188
bot_account_7,17.0,464.0,2.0,0.0,25.0,make money online → bio link,1,0.912,0.888,0.146,1.0,81.81,0.839,0.016,0.196,0.0279
user8374629,4.0,934.0,0.0,0.0,59.0,follow for follow back,1,0.829,0.933,0.313,1.0,294.92,0.805,0.0885,0.228,0.0185
mia_cooks,9.220176429053499,0.0,16.064485583546265,28.966516229203197,4382.380129538953,Wildlife photographer based in Kenya,0,0.04495146784173838,0.30910544096374454,0.9416762795826998,12.7740551717714,5.844708670826618,0.10044794483877388,0.585221692823517,0.8634912683364787,0.36295198218948993
fit_jessica,102.0,6.0,11.0,5.0,2322.0,mom of 3 | foodie,0,0.115,0.257,0.85,10.0,0.576,0.155,0.3588,0.81,0.3732
sarah_smith,57.0,28.0,46.0,27.0,720.0,Fashion designer | PR welcome,0,0.112,0.516,0.72,17.0,2.558,0.015,0.5286,0.771,0.3878
a8f7d3k9p2,10.0,583.0,0.0,0.0,46.0,📈 passive income daily,1,0.611,0.938,0.144,2.0,153.3,0.899,0.0338,0.202,0.0321
sarah_smith,54.0,24.0,6.0,20.0,5000.0,Chef | Recipe creator,0,0.136,0.169,0.92,11.0,4.925,0.0,0.3999,0.656,0.1622
autoliker_pro,0.0,2045.2942870838617,2.209505187060982,0.0,53.064773762536795,,1,0.6794793434747033,0.8762975572187941,0.3123322345512103,3.243870098225984,189.10818387763797,0.977545275721913,0.0507020262025034,0.20043835797335582,0.02085750311563437
luke_designs,5.0,88.0,2.0,13.0,4643.0,Nurse practitioner | women's health advocate,0,0.072,0.417,0.803,18.0,2.818,0.062,0.3143,0.926,0.3052
james_hikes,15.0,117.0,7.0,15.0,1142.0,Teacher & lifelong learner,0,0.065,0.52,0.777,8.0,1.9,0.014,0.6637,0.94,0.1848
chris_builds,13.0,17.0,15.0,25.0,4193.0,Teacher & lifelong learner,0,0.057,0.431,0.827,18.0,0.143,0.085,0.3461,0.922,0.461
rachel_reads,53.0,5.0,14.0,22.0,2310.0,Dance teacher | choreographer,0,0.031,0.257,0.759,15.0,0.79,0.049,0.575,0.73,0.5764
daniel_f,34.5159613212954,132.02793614008402,0.8471395721877367,2.2341117419315184,3888.8838856429043,News journalist @NYT,0,0.15398190015347824,0.3323193623086282,0.7372953326748305,10.007925738316198,7.656790720361082,0.1593089041696306,0.29784958377829696,0.839457709944944,0.1475456577156416
user8374629,10.0,632.0,2.0,0.0,30.0,promo available 📩,1,0.679,0.931,0.357,3.0,57.65,0.709,0.0423,0.056,0.0424
rachel_reads,2248.0,20.0,8.0,20.0,2931.0,Podcaster | interviewing founders,0,0.004,0.347,0.744,14.0,3.732,0.185,0.4037,0.726,0.5595
rachel_reads,2.0,64.0,17.0,11.0,441.0,Dog lover | Hiking | Books,0,0.138,0.134,0.859,13.0,3.681,0.036,0.6085,0.976,0.1015
bot_account_7,12.769004345699177,1306.087351888084,0.1948739714082881,0.5853463377917187,116.18877802981127,FREE BTC airdrop → link in bio,1,0.9143840108616795,0.9741609248498647,0.2897647053003788,3.030895902253128,288.0148847195385,0.9231248905451063,0.08923869227032134,0.08931411864572221,0.0
user8374629,9.87838397380119,706.8123042661725,0.5075404763770375,0.0,0.0,,1,0.7136424238587843,0.8815980555888824,0.36817130848173546,1.5186530095876,190.67646940310263,0.7637839443596961,0.08862882800942429,0.17506871991467737,0.024105700554503007
tom_techie,33.0,150.0,55.0,7.0,3069.0,fitness coach 💪 DM for training plans,0,0.052,0.233,0.848,18.0,4.17,0.192,0.3541,0.785,0.4086
9182736450,9.0,2493.0,0.0,0.0,33.0,,1,0.949,0.93,0.16,4.0,250.42,0.704,0.0616,0.057,0.0109
rachel_reads,50.0,5.0,3.0,21.0,468.0,photographer | travel 📷,0,0.061,0.255,0.78,13.0,4.444,0.166,0.6113,0.86,0.5063
autoliker_pro,3.0,336.0,0.0,0.0,13.0,make money online → bio link,1,0.857,0.962,0.2,4.0,176.69,0.728,0.0959,0.119,0.0131
chris_builds,36.450742514760904,0.0,1.3643190838319041,22.690224622359885,322.87228606302784,Entrepreneur | Founder @startup,0,0.05157134201016508,0.4515622730789515,0.7597836160984943,18.084097229684435,10.870558035289923,0.06350757977947522,0.46496792826499067,0.9416557323883649,0.4029925906982882
ava_dances,53.0,13.0,13.0,15.0,626.0,Developer | Open source enthusiast,0,0.032,0.31,0.66,8.0,2.201,0.031,0.4055,0.935,0.33
sophia_teaches,27.0,2.0,38.0,27.0,5000.0,Gaming streamer | Twitch partner,0,0.131,0.48,0.709,14.0,3.693,0.16,0.2444,0.881,0.513
code_master,70.38637439558667,0.0,80.83426437286442,10.553367131797529,395.7302243403181,Medical student | future doctor,0,0.14620270577289357,0.529696650583893,0.9632681688584642,14.470242773865948,0.0,0.10454748264241837,0.3557490021014261,0.9995576898962426,0.1784863069585448
f4f_master_99,13.0,2852.0,1.0,0.0,35.0,FREE BTC airdrop → link in bio,1,0.884,0.85,0.2,4.0,114.27,0.891,0.0927,0.229,0.0021
earn_fast_2024,1.0,2019.0,1.0,0.0,9.0,,1,0.697,0.973,0.236,2.0,269.06,0.732,0.037,0.096,0.0285
user8374629,2.0,603.0,1.0,0.0,29.0,DM me to grow your account fast,1,0.947,0.942,0.295,2.0,199.24,0.748,0.0476,0.014,0.0074
earn_fast_2024,7.0,2983.0,2.0,0.0,34.0,,1,0.878,0.889,0.323,3.0,233.38,0.726,0.0441,0.217,0.0413
tom_techie,14.0,17.0,29.0,15.0,365.0,Blogger | Lifestyle & wellness,0,0.081,0.506,0.707,9.0,3.085,0.137,0.2271,0.737,0.1902
james_hikes,246.98937954427612,0.0,33.040684722347706,5.7892352158591525,2114.1688371137634,Developer | Open source enthusiast,0,0.011024265084652771,0.32640204646196785,0.8252227394143122,13.925602159399789,1.9797194923000414,0.02789431861216706,0.38126966101829696,0.9849346553944118,0.2166846845867284
earn_fast_2024,19.0,1120.0,1.0,0.0,9.0,FREE BTC airdrop → link in bio,1,0.613,0.887,0.317,1.0,223.84,0.967,0.0565,0.227,0.0438
insta_boost_247,27.963048760794795,1459.6224402099467,1.5942816192139713,0.17791269941455473,0.0,,1,0.7709426981966632,0.8829557875718685,0.1750263661647116,1.4554190027049372,195.28089444270307,0.9040487691419139,0.09831490287137967,0.2545097077808138,0.04407435909410184
follow_back_101,11.0,2414.0,0.0,0.0,56.0,earn $500/day 👇,1,0.783,0.967,0.392,2.0,198.07,0.902,0.0481,0.102,0.0414
a8f7d3k9p2,16.0,2868.0,0.0,0.0,3.0,DM me to grow your account fast,1,0.885,0.87,0.243,1.0,175.78,0.989,0.0146,0.289,0.0217
q7w8e9r0t1y2,7.0,1443.0,0.0,0.0,57.0,crypto millionaire | teach you how,1,0.931,0.933,0.383,2.0,103.69,0.888,0.0166,0.104,0.0203
f4f_master_99,6.0,617.0,1.0,0.0,26.0,airdrop $ETH daily,1,0.613,0.936,0.152,4.0,296.13,0.88,0.0895,0.064,0.0072
chris_builds,26.0,66.0,9.0,23.0,1429.0,Traveler | 50+ countries visited,0,0.128,0.287,0.831,16.0,3.889,0.15,0.4257,0.958,0.1145
airdrop_winner99,11.0,1128.0,2.0,0.0,4.0,DM me to grow your account fast,1,0.619,0.863,0.288,4.0,70.4,0.973,0.0633,0.151,0.0108
bot291847362,2.0,2932.0,1.0,0.0,32.0,FREE gift cards click here,1,0.738,0.984,0.22,2.0,171.88,0.894,0.0276,0.012,0.0331
chris_builds,33.7015238499311,39.913392392549646,128.53459742438955,25.816712102923148,1119.597165748927,Musician. Coffee addict.,0,0.12299031446844502,0.3161278242697533,0.6718832515600456,15.654488043736803,4.293950386756721,0.05619153680376085,0.37769191630836335,0.836961458697739,0.32066340946045613
creative_dan,13.0,126.0,24.0,19.0,2665.0,Podcaster | interviewing founders,0,0.114,0.306,0.921,8.0,3.014,0.143,0.2657,0.649,0.5394
alex_travel,393.0,20.0,51.0,0.0,5000.0,Architect | sustainable design,0,0.051,0.268,0.8,9.0,4.176,0.156,0.4617,0.913,0.3552
paul_runs,19.0,14.0,4.0,26.0,1385.0,Data scientist | ML researcher,0,0.126,0.145,0.74,16.0,0.176,0.164,0.4707,0.989,0.3622
grace_beauty,209.79696616841443,12.313320586695463,21.20264892183628,20.409951780660606,4983.927897854538,Musician. Coffee addict.,0,0.0408274327426976,0.4726890450258397,0.806985687548756,13.980656790202131,7.815187690702253,0.16216361519297567,0.48844419220391255,0.6328165842926519,0.23598512097247865
grace_beauty,1178.9350933676296,0.0,3.246386789338094,20.382213362850322,1263.677205206803,Freelance illustrator | art prints available,0,0.09783311903825981,0.18416000083410491,0.92567834986944,15.864754666131567,10.0472597728278,0.14712747922464092,0.30515949362950817,0.8849432013792292,0.4753538946335892
creative_dan,21.0,38.0,2.0,15.0,4383.0,Environmental activist,0,0.023,0.51,0.654,8.0,0.391,0.064,0.6008,0.897,0.2098
code_master,27.0,69.0,11.0,12.0,5000.0,Data scientist | ML researcher,0,0.073,0.506,0.752,17.0,0.59,0.055,0.4285,0.876,0.3571
photo_by_anna,613.0,12.0,7.0,28.0,1241.0,Podcaster | interviewing founders,0,0.1,0.219,0.816,18.0,1.779,0.098,0.4948,0.854,0.4273
noah_films,20.0,77.0,25.0,23.0,2346.0,Traveler | 50+ countries visited,0,0.046,0.317,0.864,12.0,4.939,0.049,0.2805,0.76,0.1573
creative_dan,26.379431312873482,75.99891512948304,12.329840198177335,13.3561623668049,4079.0700429730373,Wildlife photographer based in Kenya,0,0.03365357450353156,0.28071559808889285,0.8330344771564295,13.496492432688415,1.761615586792864,0.15289843886615323,0.242292896346504,0.7391791918813917,0.4191819932957974
get_rich_88,16.0,249.0,1.0,0.0,38.0,,1,0.619,0.901,0.357,4.0,287.1,0.797,0.0985,0.254,0.0286
q7w8e9r0t1y2,16.0,682.0,0.0,0.0,55.0,NFT investor | crypto tips,1,0.602,0.925,0.321,2.0,256.86,0.957,0.0216,0.189,0.0303
1234567890ab,13.0,1710.0,1.0,0.0,1.0,♻️ repost to win $1000,1,0.69,0.938,0.251,1.0,78.76,0.98,0.0978,0.149,0.0118
amy_joy,22.544955124285007,40.53447355871717,5.5249623083952875,23.683007822616343,677.5351170061526,Medical student | future doctor,0,0.0634046842456311,0.3342839131241405,0.7253034842818434,9.409699101618694,5.221129723399783,0.11658020157085204,0.43184938371686693,0.8170603026440566,0.34595576018045493
dev_pete,1.0,3.0,50.0,4.0,1146.0,fitness coach 💪 DM for training plans,0,0.124,0.549,0.84,18.0,0.15,0.007,0.6659,0.642,0.5169
ben_codes,26.0,30.0,9.0,8.0,606.0,Musician. Coffee addict.,0,0.002,0.422,0.693,14.0,2.082,0.062,0.2299,0.883,0.4674
chef_marco,59.0,9.0,1.0,21.0,3040.0,Wildlife photographer based in Kenya,0,0.118,0.334,0.957,9.0,2.728,0.008,0.5741,0.794,0.3662
a8f7d3k9p2,0.0,1045.0,1.0,0.0,19.0,crypto millionaire | teach you how,1,0.803,0.885,0.179,2.0,92.66,0.87,0.0107,0.218,0.043
autoliker_pro,9.0,1158.0,0.0,0.0,17.0,promo available 📩,1,0.673,0.947,0.227,2.0,84.58,0.702,0.0652,0.097,0.0272
get_rich_88,17.171702895432794,3101.505914818035,0.0,0.0,38.85081418421787,♻️ repost to win $1000,1,0.7462223437271821,0.9898918102357203,0.32215795928289,4.229278456702034,167.56910215388623,0.7416685624201392,0.09088881522295504,0.09163887763722446,0.0442505657977754
1234567890ab,15.0,2137.0,0.0,0.0,19.0,promo available 📩,1,0.682,0.977,0.193,2.0,81.47,0.93,0.0176,0.067,0.0303
crypto_king_9999,14.0,1449.0,2.0,0.0,18.0,FREE gift cards click here,1,0.68,0.936,0.11,3.0,219.89,0.83,0.0791,0.217,0.0263
noah_films,23.0,14.0,2.0,20.0,365.0,Dog lover | Hiking | Books,0,0.057,0.264,0.823,18.0,4.003,0.048,0.3061,0.668,0.2302
paul_runs,15.0,20.0,36.0,12.0,686.0,photographer | travel 📷,0,0.018,0.433,0.8,15.0,1.083,0.107,0.639,0.924,0.1488
q7w8e9r0t1y2,2.0,2292.0,0.0,0.0,23.0,earn while you sleep 💸,1,0.918,0.852,0.332,2.0,238.09,0.868,0.0263,0.084,0.0182
noah_films,26.375295031228433,21.41377998844305,0.9537938384436048,16.09615838341941,4001.904335384377,Blogger | Lifestyle & wellness,0,0.0745653532374461,0.43629732363831575,0.6622200718446786,12.767936153985884,6.219920180094938,0.15174076063913458,0.26222696350357916,0.6996872802409659,0.22466410733505174
tom_techie,19.0,57.0,3.0,14.0,529.0,Developer | Open source enthusiast,0,0.048,0.151,0.939,10.0,0.73,0.02,0.3755,0.634,0.584
dev_pete,42.0,4.0,8.0,23.0,5000.0,Artist | Digital creator,0,0.121,0.34,0.661,15.0,3.634,0.008,0.6584,0.623,0.5671
tom_techie,5.0,23.0,45.0,27.0,3506.0,UX designer @Meta,0,0.096,0.139,0.854,18.0,1.043,0.185,0.3394,0.804,0.4057
creative_dan,144.0,32.0,4.0,26.0,4145.0,mom of 3 | foodie,0,0.111,0.368,0.734,8.0,3.236,0.079,0.5294,0.78,0.2083
free_follower_bot,1.0,1831.0,1.0,0.0,17.0,earn $500/day 👇,1,0.695,0.955,0.146,2.0,248.16,0.858,0.0139,0.197,0.031
bot291847362,17.0,1273.0,2.0,0.0,3.0,make money online → bio link,1,0.683,0.858,0.286,2.0,152.78,0.832,0.0544,0.263,0.0089
daniel_f,115.4454594561918,9.984540442661768,4.494578449836558,22.181076154084156,1343.0618055443442,Teacher & lifelong learner,0,0.03312399876721415,0.3435909035160201,0.6834334743243192,9.176204925241912,1.4414663632490219,0.012146482437805188,0.27978377141750305,0.6571677424100255,0.17541829847037543
mike_2023,16.690471658520778,1.9949425308970632,54.44832268606958,18.193680720223973,2865.9548562689183,Traveler | 50+ countries visited,0,0.14097168824736706,0.4847418632875493,0.7818541851190358,17.087596212221662,0.0,0.004391537834254486,0.25939210243097105,0.9817599663644546,0.21198208871254431
tom_techie,30.49179126720093,26.616855282859234,11.336821355043872,3.946998917100633,880.4378709271374,Medical student | future doctor,0,0.024418855512174684,0.4146228495949594,0.8624912894810034,15.214583793051899,5.031864703746464,0.012018618318070128,0.698917698979959,0.7723224270768912,0.2198304714759087
mark_adventure,43.0,15.0,18.0,27.0,3649.0,Developer | Open source enthusiast,0,0.102,0.455,0.733,15.0,4.938,0.154,0.6706,0.884,0.1809
mark_adventure,118.0,32.0,86.0,1.0,1357.0,Nurse practitioner | women's health advocate,0,0.121,0.432,0.756,18.0,4.008,0.047,0.5721,0.851,0.1147
earn_fast_2024,15.0,418.0,0.0,0.0,12.0,FREE gift cards click here,1,0.665,0.955,0.301,3.0,88.24,0.747,0.0646,0.027,0.0203
crypto_king_9999,1.0,2279.0,2.0,0.0,44.0,,1,0.838,0.894,0.218,2.0,181.24,0.707,0.02,0.097,0.0348
free_follower_bot,9.0,2598.0,0.0,0.0,33.0,make money online → bio link,1,0.882,0.867,0.166,1.0,235.34,0.805,0.0424,0.227,0.0263
john_doe,7.0,11.0,22.0,17.0,2367.0,High school teacher | making STEM fun,1,0.103,0.466,0.868,11.0,0.918,0.17,0.2116,0.842,0.255
bot291847362,9.0,2707.0,0.0,0.0,44.0,crypto signals ✅ 99% win rate,1,0.887,0.896,0.289,2.0,290.01,0.932,0.0687,0.05,0.0389
acc29471838,3.0,688.0,2.0,0.0,42.0,,1,0.614,0.882,0.12,3.0,183.87,0.892,0.0375,0.031,0.0151
mark_adventure,0.0,0.0,76.97751452448873,4.322177911394464,2460.7597199541374,Wildlife photographer based in Kenya,0,0.06018854202421508,0.14507023574451577,0.8242852136561347,10.55299227076989,9.814597343393816,0.11412720468635125,0.5034841876655349,0.7704990776646775,0.44939357793514667
ethan_games,25.13572832520376,0.0,14.944275662298521,18.88431851526656,1680.4257305128976,Marketing professional | keynote speaker,0,0.03819800183214611,0.30768614160346597,0.9045884087721414,14.775203035148804,5.634781359457957,0.17387210268286793,0.3534646098619347,0.9343984958804581,0.41622690002335244
rachel_reads,24.0,27.0,11.0,17.0,2711.0,Teacher & lifelong learner,0,0.147,0.25,0.933,15.0,2.775,0.108,0.3762,0.767,0.1957
mia_cooks,113.0,19.0,1.0,29.0,1195.0,Gaming streamer | Twitch partner,0,0.133,0.239,0.66,9.0,3.166,0.019,0.6051,0.687,0.3848
get_rich_88,1.0,1935.0,1.0,0.0,6.0,earn $500/day 👇,1,0.791,0.94,0.323,4.0,143.04,0.799,0.0242,0.123,0.0433
amy_joy,22.0,18.0,1.0,5.0,1418.0,Blogger | Lifestyle & wellness,0,0.12,0.344,0.662,11.0,0.698,0.052,0.493,0.742,0.332
airdrop_winner99,10.0,282.0,2.0,0.0,16.0,crypto signals ✅ 99% win rate,1,0.75,0.921,0.26,4.0,240.98,0.985,0.0524,0.101,0.0477
crypto_king_9999,7.0,556.0,2.0,0.0,15.0,NFT investor | crypto tips,1,0.713,0.91,0.336,2.0,273.68,0.871,0.0847,0.268,0.0208
dev_pete,26.0,152.0,13.0,21.0,5000.0,News journalist @NYT,0,0.017,0.52,0.672,8.0,3.684,0.109,0.5492,0.833,0.3212
q7w8e9r0t1y2,6.0,1173.0,1.0,0.0,46.0,promo available 📩,1,0.917,0.863,0.276,2.0,136.12,0.762,0.0862,0.286,0.0191
luke_designs,1.0,7.0,9.0,10.0,1625.0,Entrepreneur | Founder @startup,0,0.081,0.548,0.688,11.0,3.591,0.135,0.4997,0.942,0.4996
grace_beauty,32.0,12.0,3.0,7.0,2689.0,Wildlife photographer based in Kenya,0,0.074,0.513,0.757,16.0,0.27,0.177,0.6609,0.893,0.1082
alex_travel,34.0,13.0,40.0,17.0,2876.0,Wildlife photographer based in Kenya,0,0.114,0.513,0.891,14.0,4.456,0.06,0.5481,0.989,0.4254
amy_joy,12.705070499033233,15.008570955953585,18.872414454507563,21.14255466153847,1511.5973758022128,Marketing professional | keynote speaker,0,0.0037085885831446416,0.37827067348467713,0.8350790048828948,8.88558491883503,0.0,0.11438208633451612,0.4480935865263909,0.8680197525202317,0.5961984389268851
ben_codes,18.152819343182976,61.95110311793083,16.826839601336253,3.543878341194929,2105.618230997709,Traveler | 50+ countries visited,0,0.03939405338889891,0.31631228060455363,0.7699404117352204,7.68822740144744,2.9604322519094044,0.0032167795529416832,0.6420519625043096,0.7779607479363014,0.46605618024391415
emma.j,5.0,8.0,3.0,26.0,876.0,Wildlife photographer based in Kenya,0,0.121,0.171,0.95,18.0,2.606,0.136,0.2579,0.704,0.322
mike_2023,3.0,26.0,23.0,8.0,869.0,Freelance illustrator | art prints available,0,0.142,0.221,0.787,16.0,1.182,0.09,0.5237,0.698,0.3541
paul_runs,4.0,200.0,1.0,1.0,1272.0,Blogger | Lifestyle & wellness,0,0.084,0.353,0.675,11.0,2.6,0.19,0.3965,0.74,0.4998
paul_runs,1.0,5.0,110.0,11.0,2148.0,Gaming streamer | Twitch partner,0,0.033,0.439,0.805,9.0,4.84,0.064,0.4517,0.888,0.2614
noah_films,0.0,0.0,3.2560520607403167,3.167329429575278,4887.046557637316,UX designer @Meta,0,0.09277866702903924,0.15736718384203643,0.73952645519277,17.98526055814487,9.005951073620839,0.17048107697226977,0.5976496665063861,0.7895243113741068,0.18343872063998207
mike_2023,5.0,39.0,53.0,18.0,2397.0,Dog lover | Hiking | Books,0,0.009,0.447,0.898,15.0,4.562,0.138,0.5638,0.82,0.2094
daniel_f,179.0,11.0,2.0,17.0,365.0,Artist | Digital creator,0,0.117,0.363,0.725,16.0,0.436,0.177,0.2536,0.869,0.2327
creative_dan,14.0,37.0,59.0,10.0,910.0,Entrepreneur | Founder @startup,0,0.126,0.32,0.956,11.0,1.287,0.168,0.6917,0.991,0.5116
crypto_king_9999,4.0,2456.0,1.0,0.0,4.0,,1,0.768,0.964,0.365,2.0,166.02,0.898,0.0745,0.127,0.0196
ethan_games,81.0,17.0,16.0,4.0,574.0,photographer | travel 📷,0,0.064,0.162,0.751,14.0,4.35,0.037,0.4752,0.873,0.5036
zz_promo_zz,19.0,1360.0,2.0,0.0,1.0,NFT investor | crypto tips,1,0.837,0.955,0.29,2.0,257.26,0.841,0.0776,0.186,0.0484
9182736450,19.0,2361.0,0.0,0.0,41.0,investment advisor DM me,1,0.664,0.89,0.105,4.0,202.14,0.977,0.0445,0.011,0.0369
free_follower_bot,6.0,2648.0,0.0,0.0,11.0,earn $500/day 👇,1,0.702,0.936,0.206,1.0,50.27,0.734,0.0368,0.146,0.0136
acc29471838,33.58380536494959,1572.1606317069447,1.8483452488328018,0.6317313614308482,56.72688487011695,Click link below 💰,1,0.6210766860079847,0.9356344725079959,0.37009415701148607,4.349185854537901,103.15437128239303,0.991745109762352,0.08486089578226404,0.09284558540676009,0.02011851040308992
tom_techie,24.0,37.0,13.0,20.0,968.0,Artist | Digital creator,0,0.101,0.299,0.729,11.0,4.92,0.141,0.3131,0.686,0.402
crypto_king_9999,15.0,2906.0,2.0,0.0,29.0,follow for follow back,1,0.745,0.926,0.357,3.0,218.29,0.841,0.0567,0.025,0.047
tom_techie,37.0,24.0,2.0,23.0,365.0,Data scientist | ML researcher,0,0.104,0.459,0.884,14.0,2.853,0.108,0.5251,0.655,0.4876
james_hikes,63.0,4.0,2.0,14.0,1353.0,Teacher & lifelong learner,0,0.033,0.31,0.678,10.0,1.501,0.035,0.2555,0.893,0.1028
james_hikes,83.71971490257788,71.34624587024638,2.745120174148987,13.50597319791159,1726.5584266449284,Data scientist | ML researcher,0,0.1152559352384514,0.21492639781464315,0.857862089245847,12.939427443597028,9.252176582439287,0.04439448918614403,0.3290626663162075,0.7664219631216936,0.2527953007622988
bot_account_7,5.0,1754.0,1.0,0.0,45.0,,1,0.743,0.896,0.343,2.0,168.24,0.968,0.0223,0.234,0.0152
james_hikes,38.0,11.0,14.0,6.0,1016.0,High school teacher | making STEM fun,0,0.039,0.451,0.795,9.0,0.576,0.178,0.4191,0.888,0.2676
real_human_01234,2.0,2619.0,0.0,0.0,56.0,,1,0.759,0.94,0.182,4.0,263.31,0.936,0.0589,0.038,0.0466
earn_fast_2024,7.0,201.0,1.0,0.0,58.0,DM me to grow your account fast,1,0.799,0.89,0.159,1.0,129.84,0.94,0.0821,0.106,0.0189
code_master,51.0,19.0,40.0,9.0,2087.0,Wildlife photographer based in Kenya,0,0.098,0.327,0.706,15.0,0.19,0.149,0.3717,0.779,0.4115
ethan_games,15.0,3.0,7.0,26.0,5000.0,Musician. Coffee addict.,0,0.122,0.469,0.854,11.0,2.693,0.098,0.2637,0.901,0.4497
bot291847362,22.020163669525225,2253.388836792816,0.24482252596503198,0.0557096256477705,105.01438552061298,follow for follow back,1,0.8835416892905278,0.8945329705509141,0.3767970865509168,0.7785097640620292,103.90164119994783,0.7476997240312812,0.03980190635602935,0.19548336289331603,0.01719969280165593
bot291847362,19.0,2797.0,0.0,0.0,40.0,make money online → bio link,1,0.779,0.988,0.292,4.0,178.42,0.896,0.0957,0.254,0.029
mike_2023,82.0,16.0,21.0,2.0,1856.0,Chef | Recipe creator,0,0.12,0.222,0.773,10.0,2.751,0.068,0.2483,0.839,0.2909
9182736450,20.768787306864922,1597.7088828216297,2.0038492142823006,1.0017182107080425,9.251646189907284,DM me to grow your account fast,1,0.8647858756943074,0.992180395430205,0.41209921462858184,1.7190102420205338,128.60452436274878,0.8071464248140326,0.020890615400927546,0.014318349055703108,0.03822133444618017
user8374629,13.0,2356.0,2.0,0.0,8.0,official giveaway account,1,0.876,0.877,0.352,4.0,90.7,0.725,0.0655,0.216,0.0166
fit_jessica,11.0,66.0,31.0,22.0,2843.0,High school teacher | making STEM fun,0,0.091,0.521,0.823,11.0,4.095,0.143,0.5391,0.716,0.4689
crypto_king_9999,16.0,418.0,2.0,0.0,38.0,,1,0.932,0.979,0.236,2.0,284.84,0.744,0.0326,0.216,0.0307
f4f_master_99,9.0,269.0,1.0,0.0,57.0,NFT investor | crypto tips,1,0.907,0.928,0.257,3.0,80.93,0.737,0.0221,0.007,0.0091
bot291847362,0.0,1339.286714591879,1.444528709814463,0.3067677075655223,0.0,airdrop $ETH daily,1,0.6395086214017535,0.968432314581429,0.31167345716848643,2.386195158622991,179.05709804067143,0.915280767814125,0.0501189722968665,0.19960934211579262,0.010716401741631411
lisa_writes,708.0,154.0,19.0,18.0,3781.0,Marketing professional | keynote speaker,0,0.136,0.448,0.985,15.0,2.904,0.102,0.3724,0.955,0.2929
daniel_f,268.0,81.0,3.0,21.0,1343.0,Developer | Open source enthusiast,0,0.008,0.436,0.681,8.0,0.604,0.106,0.2159,0.989,0.4901
ava_dances,12.0,59.0,1.0,14.0,2481.0,Nurse practitioner | women's health advocate,0,0.004,0.208,0.7,11.0,4.303,0.078,0.6703,0.699,0.1257
follow_back_101,19.0,2029.0,0.0,0.0,51.0,follow for follow back,1,0.633,0.912,0.338,3.0,206.19,0.864,0.0305,0.147,0.0444
ben_codes,8.0,25.0,1.0,22.0,1471.0,Retired engineer | amateur astronomer,0,0.039,0.15,0.765,9.0,0.933,0.148,0.224,0.835,0.2036
nina_art,49.0,40.0,43.0,8.0,472.0,Nurse practitioner | women's health advocate,0,0.121,0.185,0.728,9.0,3.918,0.085,0.5707,0.99,0.2556
paul_runs,18.77343995607601,0.0,9.252710955672084,12.55674365497294,5039.936168777104,UX designer @Meta,0,0.0,0.32157201129978,0.9173152301135824,12.079282752198974,0.0,0.15768143129227655,0.4020846235681725,0.8417623419355617,0.5784743586905247
bot291847362,13.0,1124.0,2.0,0.0,48.0,promo available 📩,1,0.782,0.908,0.205,3.0,185.02,0.841,0.0603,0.241,0.025
mike_2023,0.0,0.0,8.712644543778842,5.772104899125224,1508.0320346667213,mom of 3 | foodie,0,0.17024012900619204,0.3225396860349971,0.9150351604442541,11.965335824784153,9.751743064176603,0.11590560924344788,0.4135879659381221,0.7559170413343772,0.1338197717541081
ethan_games,1828.0,23.0,13.0,26.0,1507.0,mom of 3 | foodie,0,0.092,0.103,0.86,10.0,2.765,0.168,0.5374,0.683,0.1411
rachel_reads,66.0,18.0,17.0,10.0,1889.0,Developer | Open source enthusiast,0,0.117,0.358,0.8,14.0,2.972,0.067,0.5817,0.916,0.3868
free_follower_bot,7.0,2610.0,1.0,0.0,18.0,official giveaway account,1,0.827,0.901,0.231,3.0,296.37,0.89,0.0885,0.084,0.0026
ava_dances,70.06321661875761,0.0,1.6183146078816384,20.069643368213022,806.635109742954,Podcaster | interviewing founders,0,0.0980539452574193,0.4688678290221311,0.8260586389065131,12.754401068837943,4.259266772561567,0.022914340156639762,0.329072356340127,0.8577512000980556,0.3073990587113672
creative_dan,107.0,52.0,20.0,14.0,5000.0,High school teacher | making STEM fun,0,0.023,0.352,0.858,12.0,4.067,0.174,0.3169,0.655,0.4784
tom_techie,40.0,27.0,41.0,13.0,2029.0,Artist | Digital creator,0,0.098,0.383,0.893,10.0,3.107,0.086,0.4568,0.652,0.268
acc29471838,8.0,2727.0,0.0,0.0,5.0,follow for follow back,1,0.888,0.86,0.374,4.0,115.18,0.961,0.0839,0.101,0.0005
dev_pete,33.0,34.0,23.0,1.0,546.0,UX designer @Meta,0,0.147,0.152,0.696,14.0,1.4,0.164,0.4259,0.883,0.5906
mike_2023,6.0,3.0,24.0,14.0,2488.0,software engineer @ Google,0,0.023,0.137,0.902,10.0,1.025,0.103,0.2136,0.664,0.11
alex_travel,125.0,6.0,35.0,19.0,1667.0,Entrepreneur | Founder @startup,0,0.005,0.291,0.975,12.0,1.347,0.049,0.3659,0.706,0.421
1234567890ab,18.0,1776.0,2.0,0.0,35.0,earn while you sleep 💸,1,0.628,0.927,0.159,2.0,249.52,0.944,0.0731,0.26,0.0493
luke_designs,6.0,15.0,302.0,28.0,5000.0,Medical student | future doctor,1,0.047,0.448,0.832,18.0,0.161,0.039,0.6393,0.908,0.1555
airdrop_winner99,6.0,2012.0,1.0,0.0,35.0,,1,0.694,0.955,0.387,3.0,51.75,0.726,0.0561,0.282,0.0341
chef_marco,20.88415004634009,15.085590950809205,206.25175484751765,20.671322305261963,4093.9419789277163,Musician. Coffee addict.,0,0.11783008696842794,0.2723041613184131,0.7139949428573931,11.027387832258313,3.848923018243791,0.17532137152549812,0.31213800038573847,0.7889045359102007,0.2527989930692796
grace_beauty,375.8854996847701,49.00906183575546,10.253621251209482,23.23246107754766,5092.271068191239,Nurse practitioner | women's health advocate,0,0.08037667688326489,0.41394227614323753,0.8849950092638339,14.241700448475834,15.431351861656028,0.04491948380734333,0.5949482697686852,0.7205102293585286,0.22979099978492926
bot_account_7,16.838101241692595,2426.5885512479813,1.4809152852562941,0.0,0.0,investment advisor DM me,1,0.5689759077476468,0.8295887346110429,0.1677309950366949,4.458970394336603,109.7429886729664,0.7100857195467413,0.03204384616821712,0.3134721147883053,0.04941034916154283
9182736450,11.0,675.0,0.0,0.0,55.0,official giveaway account,1,0.894,0.984,0.326,1.0,237.2,0.876,0.0906,0.025,0.0033
1234567890ab,0.0,1409.5779152376629,3.926929267957243,0.0,0.0,,1,0.9040132812703618,1.0010019656476024,0.2518868980091735,1.2214533951367983,222.84234184137532,0.7693661007446598,0.09927483564185295,0.2780279025587915,0.046972278932740794
mia_cooks,33.0,6.0,1.0,2.0,1007.0,Gaming streamer | Twitch partner,0,0.084,0.541,0.863,16.0,1.109,0.005,0.2651,0.889,0.2807
emma.j,28.0,106.0,9.0,17.0,1517.0,mom of 3 | foodie,0,0.099,0.304,0.907,12.0,2.225,0.151,0.309,0.822,0.1157
acc29471838,15.0,600.0,1.0,0.0,20.0,,1,0.733,0.935,0.267,3.0,62.32,0.713,0.0744,0.067,0.0172
a8f7d3k9p2,7.356632277419285,2282.483773020892,0.334040995390417,0.0,110.34687436818123,Click link below 💰,1,0.8370266613717143,0.8136335057517491,0.21667793569567925,3.093579309495351,278.62780467627937,0.680707184251584,0.08774343371870186,0.31844883826033,0.053353211918393886
bot291847362,8.0,1862.0,1.0,0.0,10.0,official giveaway account,1,0.898,0.895,0.223,2.0,275.12,0.826,0.0741,0.08,0.0076
follow_back_101,1.0,522.0,1.0,0.0,45.0,DM me to grow your account fast,1,0.758,0.855,0.161,3.0,193.5,0.914,0.071,0.071,0.0225
olivia_draws,208.0,19.0,17.0,29.0,5000.0,Fashion designer | PR welcome,0,0.11,0.217,0.793,11.0,2.266,0.19,0.3642,0.856,0.2641
james_hikes,2.7348868037225134,56.117202120462764,32.61309237281332,24.338076254522132,1709.5821949469748,Wildlife photographer based in Kenya,0,0.07517382259949139,0.2576427076029236,0.8258935763773596,9.078694272772687,3.31890545798553,0.11343425045848982,0.5873703763065017,0.9352382285860859,0.5282687763968182
free_follower_bot,9.0,523.0,1.0,0.0,35.0,,1,0.733,0.99,0.319,2.0,214.77,0.823,0.0213,0.221,0.032
photo_by_anna,18.0,22.0,16.0,6.0,1623.0,Blogger | Lifestyle & wellness,0,0.146,0.54,0.95,8.0,4.585,0.006,0.4452,0.846,0.1916
a8f7d3k9p2,19.0,2155.0,1.0,0.0,42.0,airdrop $ETH daily,1,0.618,0.875,0.373,4.0,227.55,0.706,0.0781,0.157,0.0368
tom_techie,3.0,10.0,21.0,19.0,1637.0,UX designer @Meta,0,0.138,0.241,0.91,8.0,0.743,0.112,0.3057,0.808,0.3007
bot_account_7,0.0,1586.5301946573297,3.3096649717443802,1.1381482601004083,164.01545260681632,,1,0.7361039204175095,0.9434211147344882,0.3211249531101774,1.5567694419147942,192.47866587423434,0.9360752509524772,0.05434221663045123,0.0,0.002895238001419536
rachel_reads,55.0,5.0,3.0,4.0,4309.0,Wildlife photographer based in Kenya,0,0.11,0.538,0.843,15.0,3.707,0.011,0.2478,0.765,0.3875
autoliker_pro,19.0,2755.0,0.0,0.0,55.0,,1,0.941,0.981,0.352,3.0,81.48,0.842,0.0335,0.253,0.046
free_follower_bot,18.196327555845926,2791.220939999765,1.3659341143969421,0.3205730464504529,111.89640035501304,make money online → bio link,1,0.9018229093574427,0.9712324048959138,0.3126262066350978,3.1312379095862326,74.9242850405675,0.8005917794970537,0.06019923324227806,0.06503208384776483,0.022583998300384087
a8f7d3k9p2,5.0,1102.0,1.0,0.0,53.0,investment advisor DM me,1,0.606,0.946,0.181,3.0,95.13,0.734,0.0509,0.261,0.0431
creative_dan,29.0,17.0,9.0,28.0,2903.0,Dance teacher | choreographer,0,0.043,0.12,0.816,14.0,1.205,0.004,0.3295,0.673,0.3064
alex_travel,54.0,11.0,85.0,15.0,2704.0,Medical student | future doctor,0,0.112,0.27,0.884,8.0,3.387,0.179,0.4274,0.722,0.5679
mike_2023,28.415427600132922,0.0,7.546275515600087,25.19839828878001,3557.4748708671104,UX designer @Meta,0,0.04074374744149071,0.33995074418691174,0.9350701363878415,14.892612852044037,4.050403030655637,0.054976339509859015,0.38700707614249125,0.8972852284112386,0.3639815089288799
ben_codes,13.0,27.0,2.0,13.0,1600.0,Freelance illustrator | art prints available,0,0.081,0.506,0.828,14.0,2.582,0.031,0.2519,0.64,0.5525
ava_dances,17.0,26.0,72.0,26.0,1048.0,Yoga instructor | wellness coach,0,0.066,0.136,0.665,13.0,2.173,0.169,0.3032,0.908,0.5279
dev_pete,3.0,18.0,41.0,2.0,5000.0,Dog lover | Hiking | Books,0,0.081,0.497,0.859,15.0,1.823,0.156,0.2508,0.943,0.4925
chef_marco,3.0,114.0,3.0,19.0,4381.0,Retired engineer | amateur astronomer,0,0.1,0.271,0.788,16.0,2.968,0.008,0.5105,0.876,0.2111
mia_cooks,1.0,28.0,7.0,26.0,5000.0,Freelance illustrator | art prints available,0,0.057,0.529,0.97,18.0,3.824,0.192,0.6953,0.952,0.4261
insta_boost_247,6.0,998.0,1.0,0.0,45.0,promo available 📩,1,0.941,0.912,0.211,1.0,287.19,0.902,0.0428,0.038,0.0316
nina_art,45.69164907896828,25.73116715488017,0.9025459329088115,21.31081003333571,961.8000499379914,UX designer @Meta,0,0.09100370298501902,0.3790630378378117,0.67970527928207,9.661444631760576,1.8296547895900837,0.15880331444970136,0.6767724659812897,0.8231384729957276,0.1986957088798354
real_human_01234,7.0,868.0,2.0,0.0,47.0,promo available 📩,1,0.725,0.891,0.137,2.0,172.43,0.939,0.0834,0.229,0.0216
autoliker_pro,0.0,1562.9426454761885,5.229432677414799,0.0,0.0,,1,0.804379690395603,1.0110100791784762,0.2215560257444201,2.619663428952845,220.52332737698393,0.7365152718639957,0.046156188236005424,0.09810771429581615,0.0
ben_codes,48.0,22.0,7.0,22.0,365.0,Fashion designer | PR welcome,0,0.146,0.377,0.83,14.0,2.504,0.142,0.2555,0.719,0.1854
fit_jessica,17.0,25.0,87.0,12.0,3022.0,Yoga instructor | wellness coach,0,0.137,0.326,0.945,12.0,4.674,0.133,0.265,0.743,0.1012
bot_account_7,3.0,2781.0,1.0,0.0,30.0,FREE BTC airdrop → link in bio,1,0.692,0.92,0.214,4.0,154.85,0.94,0.0414,0.273,0.0138
bot_account_7,14.0,874.0,2.0,0.0,21.0,make money online → bio link,1,0.694,0.905,0.241,4.0,186.81,0.971,0.0366,0.245,0.0418
grace_beauty,3.0,19.0,8.0,17.0,5000.0,Podcaster | interviewing founders,0,0.076,0.215,0.983,13.0,3.855,0.018,0.2235,0.638,0.359
insta_boost_247,3.0,1490.0,0.0,0.0,13.0,DM me to grow your account fast,1,0.7,0.961,0.39,2.0,128.31,0.73,0.0182,0.29,0.0065
tom_techie,10.0,6.0,17.0,5.0,927.0,Architect | sustainable design,0,0.041,0.299,0.702,14.0,1.868,0.079,0.5993,0.728,0.398
dev_pete,6.0,25.0,125.0,19.0,1909.0,Architect | sustainable design,0,0.046,0.466,0.834,9.0,2.867,0.16,0.2645,0.897,0.2709
rachel_reads,14.051796172960511,0.0,17.574229785417586,7.967573743564207,4948.667046651292,photographer | travel 📷,0,0.008842378730234543,0.464030927149504,0.7806139501835955,18.172420618702674,6.30433709209356,0.10603666924617203,0.5996184371419745,0.9672711234840137,0.5484524967994048
dev_pete,63.57619580164117,36.18819616498618,18.803756554415557,8.396725630654728,2957.3047898302143,mom of 3 | foodie,1,0.030035557576644563,0.3419260892104239,0.98331015942638,17.98309991575935,0.0,0.05998383481741981,0.4574791775145428,0.6720523097687818,0.6049849862526813
code_master,0.6359251485704984,0.0,3.934079444418249,18.830730118800897,1136.2844186081536,News journalist @NYT,0,0.03168948723794097,0.3210428850579685,0.7656362705309738,15.052557345025358,5.774868662341393,0.18290159329378394,0.26012247949488526,0.8544022623135445,0.3487530371594687
user8374629,10.0,1320.0,2.0,0.0,33.0,earn while you sleep 💸,1,0.946,0.895,0.198,2.0,267.84,0.985,0.0455,0.288,0.0132
lisa_writes,461.0,55.0,11.0,9.0,5000.0,High school teacher | making STEM fun,0,0.048,0.355,0.952,11.0,4.433,0.075,0.2342,0.609,0.5178
lisa_writes,450.0,2.0,7.0,27.0,5000.0,High school teacher | making STEM fun,0,0.117,0.543,0.954,17.0,1.341,0.029,0.6651,0.783,0.2094
noah_films,0.0,113.67468517079104,10.736761875782022,2.512938838247506,5051.0044830161405,Developer | Open source enthusiast,0,0.04740102707480966,0.4939855561228959,0.7266045190707457,13.93725224519957,6.3726025700666655,0.07349523915635497,0.6804969425889704,0.746672986655774,0.5615364206950226
xXx_profit_xXx,12.0,967.0,0.0,0.0,38.0,Click link below 💰,1,0.687,0.978,0.359,2.0,275.98,0.967,0.0382,0.256,0.0369
sarah_smith,3012.0,6.0,68.0,25.0,3476.0,Dance teacher | choreographer,0,0.08,0.341,0.942,18.0,1.17,0.178,0.482,0.644,0.42
creative_dan,53.49781770598332,59.18420764315685,4.343019775977619,23.62453136796688,4879.676178328478,Traveler | 50+ countries visited,0,0.12887251480545253,0.39699482200939634,0.7389757336922181,15.658209237310022,6.893416234577195,0.01822245114035892,0.5807176222110293,0.9758541236171905,0.3812620362107651
nina_art,3.954619589012523,43.89031884102576,15.402041330369578,6.613663534518411,1704.8549550533755,Architect | sustainable design,0,0.07646140068779977,0.21082989097574387,0.6593741845833556,15.090485820409596,0.0,0.023220146875556822,0.5045265326714534,0.8629076552334682,0.15553038728792334
mark_adventure,140.95504373261994,0.0,5.2484292375462465,3.000938831724635,4377.425951619492,Architect | sustainable design,0,0.04485252656891177,0.4675529185489059,0.7154534056637825,12.817639657589737,0.0,0.03717761807872817,0.2505387610752397,0.7584302726161332,0.2703521780483388
mia_cooks,21.0,19.0,33.0,25.0,1748.0,Marketing professional | keynote speaker,0,0.111,0.278,0.959,17.0,3.132,0.039,0.6892,0.747,0.4791
nina_art,5.0,57.0,12.0,19.0,1965.0,Blogger | Lifestyle & wellness,0,0.137,0.103,0.788,16.0,4.028,0.113,0.6645,0.812,0.2134
zz_promo_zz,0.0,256.0,1.0,0.0,53.0,Click link below 💰,1,0.853,0.919,0.265,4.0,91.52,0.739,0.0889,0.071,0.0496
mark_adventure,14.0,79.0,1.0,10.0,1538.0,software engineer @ Google,0,0.124,0.549,0.883,13.0,2.946,0.073,0.6048,0.818,0.3315
luke_designs,434.0,45.0,18.0,17.0,3150.0,Blogger | Lifestyle & wellness,0,0.029,0.18,0.859,14.0,1.272,0.051,0.3963,0.987,0.3906
crypto_king_9999,16.26925439697574,566.5189369421857,2.5128670555678254,0.2916595262054233,0.0,earn $500/day 👇,1,0.6246940951184048,0.8678301642512585,0.09443112940915531,0.0925108198305189,285.0916253709123,0.7330367613681511,0.08785501150786205,0.19730302757909204,0.0308110602448865
zz_promo_zz,8.0,1693.0,0.0,0.0,11.0,FREE BTC airdrop → link in bio,1,0.854,0.922,0.351,1.0,238.0,0.743,0.0247,0.146,0.0055
olivia_draws,1.0,19.0,14.0,28.0,5000.0,Retired engineer | amateur astronomer,0,0.013,0.294,0.83,15.0,0.533,0.185,0.2228,0.921,0.1567
free_follower_bot,4.0,1909.0,1.0,0.0,55.0,official giveaway account,1,0.752,0.923,0.32,1.0,169.36,0.79,0.0115,0.067,0.0162
photo_by_anna,46.0,8.0,28.0,19.0,1871.0,Architect | sustainable design,0,0.068,0.405,0.684,14.0,2.063,0.16,0.2798,0.699,0.4781
q7w8e9r0t1y2,17.0,1802.0,1.0,0.0,16.0,,1,0.863,0.987,0.185,2.0,64.64,0.982,0.0768,0.033,0.0074
lisa_writes,12.0,7.0,6.0,29.0,2777.0,News journalist @NYT,0,0.101,0.109,0.924,17.0,1.958,0.004,0.5605,0.929,0.4468
1234567890ab,15.0,846.0,1.0,0.0,48.0,,1,0.854,0.881,0.346,1.0,174.17,0.907,0.0518,0.155,0.0232
emma.j,142.0,17.0,3.0,24.0,1264.0,Artist | Digital creator,0,0.019,0.544,0.719,11.0,1.396,0.045,0.6015,0.664,0.274
free_follower_bot,2.0,1653.0,2.0,0.0,32.0,NFT investor | crypto tips,1,0.723,0.938,0.137,3.0,199.68,0.781,0.0529,0.18,0.0445
mark_adventure,55.0,18.0,18.0,11.0,365.0,Data scientist | ML researcher,0,0.135,0.43,0.877,8.0,3.936,0.189,0.689,0.981,0.4066
xXx_profit_xXx,9.0,1631.0,0.0,0.0,11.0,crypto millionaire | teach you how,1,0.768,0.867,0.378,4.0,87.43,0.89,0.0147,0.3,0.0131
9182736450,8.0,711.0,1.0,0.0,8.0,FREE BTC airdrop → link in bio,1,0.816,0.928,0.298,1.0,278.73,0.848,0.0886,0.032,0.0065
a8f7d3k9p2,1.0,2654.0,0.0,0.0,58.0,NFT investor | crypto tips,1,0.673,0.965,0.169,4.0,90.17,0.896,0.091,0.062,0.0017
a8f7d3k9p2,6.0,631.0,1.0,0.0,7.0,NFT investor | crypto tips,1,0.679,0.933,0.314,1.0,79.3,0.939,0.0263,0.166,0.0299
zz_promo_zz,11.0,2098.0,0.0,0.0,56.0,promo available 📩,1,0.652,0.891,0.296,3.0,236.84,0.791,0.0323,0.061,0.0044
get_rich_88,11.0,2294.0,0.0,0.0,15.0,official giveaway account,1,0.87,0.899,0.154,3.0,57.77,0.773,0.0548,0.276,0.0026
acc29471838,0.0,1832.0766196132631,2.474200526296307,0.0,5.090016200416767,,0,0.8745719431475708,0.9149615152949616,0.2675338995636871,4.1599118272645,204.30229108359492,0.7551957411012113,0.06392713027686044,0.059596421052514524,0.031663149762517724
rachel_reads,22.0,74.0,5.0,27.0,367.0,Podcaster | interviewing founders,0,0.092,0.154,0.666,16.0,4.789,0.01,0.2631,0.777,0.3438
chris_builds,185.0,26.0,9.0,27.0,1912.0,Environmental activist,0,0.05,0.55,0.736,15.0,1.729,0.015,0.3587,0.848,0.3911
q7w8e9r0t1y2,18.0,213.0,0.0,0.0,43.0,,1,0.836,0.945,0.102,1.0,196.6,0.713,0.0381,0.275,0.0307
john_doe,35.0,15.0,1.0,7.0,3423.0,Artist | Digital creator,0,0.091,0.312,0.953,13.0,1.741,0.18,0.6827,0.944,0.5498
airdrop_winner99,14.070601544834666,1767.880794391839,2.183380247385169,0.11996452097615079,0.0,,1,0.6419432198093388,0.8852328611602563,0.2692319457908317,3.7364236340160235,118.79222315008568,0.8314414205163819,0.02218090618307659,0.16987393100499656,0.026089013108494867
rachel_reads,2.0,34.0,4.0,29.0,4761.0,Artist | Digital creator,0,0.112,0.277,0.964,14.0,3.335,0.008,0.2931,0.966,0.3104
earn_fast_2024,1.0,466.0,1.0,0.0,43.0,DM me to grow your account fast,1,0.856,0.955,0.216,4.0,271.21,0.745,0.0412,0.296,0.0261
bot_account_7,13.0,1466.0,2.0,0.0,20.0,crypto signals ✅ 99% win rate,1,0.645,0.985,0.28,1.0,95.66,0.848,0.0694,0.115,0.0058
grace_beauty,8.39437159201243,0.0,4.1219164838022575,22.920119776051884,2973.702130999711,fitness coach 💪 DM for training plans,0,0.03723642310042471,0.12341372777582539,0.9429589511878333,11.234743672851552,6.740205480187267,0.0232730094972448,0.2638838516548352,0.969607098237534,0.3876442935968754
code_master,11.0,85.0,27.0,22.0,5000.0,Blogger | Lifestyle & wellness,0,0.029,0.448,0.73,14.0,3.421,0.172,0.6975,0.745,0.2836
xXx_profit_xXx,16.093377324875366,610.308055819223,4.947277683590414,0.020188761554243796,25.924184976750663,NFT investor | crypto tips,1,0.6310316874117374,0.8950855385673202,0.34291748213450984,3.0198006215327067,283.96469272674716,0.773743596193226,0.05343168917918274,0.19105298374570892,0.014591361157275318
dev_pete,29.0,5.0,4.0,11.0,1380.0,Environmental activist,0,0.112,0.422,0.802,9.0,2.875,0.168,0.6819,0.705,0.3769
insta_boost_247,0.0,1299.0036417560523,0.4301883954539626,0.43381847464661366,18.751098424039462,,1,0.6970227565724336,0.9232801933892363,0.24470109543572216,3.6280698913608376,189.02943236386147,0.9185475172471806,0.045803663924136505,0.15701415315621714,0.024921190772731507
get_rich_88,10.0,1578.0,0.0,0.0,55.0,📈 passive income daily,1,0.766,0.907,0.1,1.0,157.04,0.947,0.0476,0.171,0.0116
zz_promo_zz,14.0,1627.0,1.0,0.0,31.0,FREE BTC airdrop → link in bio,1,0.611,0.875,0.28,3.0,288.05,0.823,0.0668,0.107,0.0232
sophia_teaches,11.0,24.0,36.0,23.0,2438.0,photographer | travel 📷,0,0.083,0.416,0.961,18.0,1.696,0.114,0.4246,0.839,0.3234
fit_jessica,9.0,19.0,12.0,2.0,3593.0,mom of 3 | foodie,0,0.146,0.175,0.658,13.0,3.594,0.033,0.3436,0.684,0.5553
code_master,1566.0,39.0,16.0,4.0,993.0,photographer | travel 📷,0,0.147,0.273,0.696,13.0,4.831,0.179,0.2201,0.802,0.2935
a8f7d3k9p2,13.0,1439.0,1.0,0.0,14.0,,1,0.66,0.863,0.179,3.0,246.0,0.707,0.0171,0.26,0.0103
bot_account_7,9.0,2996.0,0.0,0.0,7.0,,1,0.65,0.896,0.311,1.0,148.21,0.924,0.0941,0.067,0.0185
follow_back_101,15.0,602.0,2.0,0.0,14.0,promo available 📩,1,0.817,0.889,0.111,3.0,81.4,0.963,0.0521,0.137,0.0076
get_rich_88,1.0,431.0,0.0,0.0,28.0,♻️ repost to win $1000,1,0.723,0.869,0.218,4.0,176.8,0.777,0.0143,0.237,0.0068
f4f_master_99,18.0,1616.0,1.0,0.0,16.0,official giveaway account,1,0.774,0.947,0.177,3.0,263.77,0.801,0.0206,0.156,0.0329
xXx_profit_xXx,25.21640467353122,839.9919912580424,3.523507403218831,0.0,129.95234300677424,,1,0.7783557660331272,0.8946982421417425,0.1228608803497253,2.901035167996199,246.92355162992854,0.9557062341533793,0.011455300337936885,0.27492387227057236,0.028672791114743246
f4f_master_99,16.0,291.0,2.0,0.0,37.0,,1,0.658,0.971,0.393,1.0,150.05,0.858,0.046,0.166,0.0339
lisa_writes,51.0,3.0,25.0,13.0,5000.0,Wildlife photographer based in Kenya,0,0.139,0.16,0.851,18.0,1.841,0.127,0.2897,0.784,0.3824
zz_promo_zz,5.0,2871.0,0.0,0.0,32.0,earn $500/day 👇,1,0.881,0.965,0.195,3.0,237.18,0.703,0.0723,0.214,0.023
q7w8e9r0t1y2,8.0,2503.0,1.0,0.0,47.0,follow for follow back,1,0.927,0.964,0.118,4.0,105.7,0.703,0.0731,0.184,0.0102
olivia_draws,10.0,10.0,6.0,29.0,5000.0,Medical student | future doctor,0,0.031,0.207,0.964,16.0,3.363,0.056,0.4583,0.837,0.2235
sophia_teaches,21.0,71.0,1.0,21.0,1229.0,Data scientist | ML researcher,0,0.059,0.189,0.791,9.0,0.781,0.071,0.4833,0.782,0.3743
emma.j,19.185467876198757,107.9547381201652,5.78193228629003,23.856141786499713,515.2634932573819,Gaming streamer | Twitch partner,0,0.07672226780745986,0.4723885594810858,0.8287223352882213,13.717865872406163,0.06107628286033018,0.09547526546069071,0.3367121685426744,0.802564817405066,0.21359083168266177
follow_back_101,2.0,1651.0,1.0,0.0,15.0,,1,0.646,0.875,0.398,1.0,222.6,0.751,0.0214,0.171,0.0165
a8f7d3k9p2,17.0,534.0,0.0,0.0,41.0,,1,0.683,0.95,0.291,3.0,148.1,0.837,0.051,0.074,0.0151
f4f_master_99,19.0,2946.0,2.0,0.0,16.0,,1,0.724,0.85,0.366,4.0,93.56,0.708,0.0871,0.263,0.0002
daniel_f,15.0,41.0,5.0,26.0,1115.0,Developer | Open source enthusiast,0,0.146,0.479,0.879,16.0,2.713,0.159,0.2518,0.856,0.1728
mike_2023,6.166226339943279,11.507569328106198,20.041731137394805,24.686898727238773,4933.333927963094,Medical student | future doctor,0,0.11673293191525308,0.4845747975929901,0.7565334294784728,9.878873276164947,2.329081357083166,0.07389489479588679,0.3354175478431753,0.7066341078323178,0.5056705813556979
sarah_smith,71.0,16.0,9.0,12.0,5000.0,News journalist @NYT,0,0.016,0.188,0.828,15.0,3.179,0.083,0.5017,0.666,0.3828
mike_2023,82.0,26.0,17.0,21.0,3456.0,Podcaster | interviewing founders,0,0.116,0.442,0.845,8.0,3.932,0.081,0.6298,0.783,0.477
autoliker_pro,2.0,1142.0,0.0,0.0,7.0,promo available 📩,1,0.904,0.902,0.318,2.0,162.16,0.821,0.0483,0.024,0.0084
real_human_01234,6.0,1777.0,1.0,0.0,55.0,♻️ repost to win $1000,1,0.876,0.941,0.23,4.0,208.92,0.715,0.0235,0.031,0.0065
bot291847362,0.0,2709.0,1.0,0.0,22.0,,1,0.704,0.878,0.23,3.0,186.75,0.726,0.0811,0.251,0.0067
user8374629,16.0,1929.0,1.0,0.0,52.0,promo available 📩,1,0.831,0.9,0.222,4.0,79.92,0.746,0.0477,0.007,0.0267
emma.j,186.7274990305458,123.52118785339752,6.49021192244791,26.769199228955156,5040.671295424454,Nurse practitioner | women's health advocate,0,0.06147529844496701,0.32709412412951655,0.6803521536846917,18.685886139423506,0.0,0.16833962933084876,0.3827573949338724,0.8953670754151949,0.2744361948533385
amy_joy,39.0,28.0,16.0,7.0,1520.0,Blogger | Lifestyle & wellness,0,0.125,0.272,0.841,17.0,4.787,0.092,0.6276,0.782,0.1221
zz_promo_zz,3.0,294.0,1.0,0.0,41.0,promo available 📩,1,0.73,0.86,0.392,2.0,209.28,0.906,0.0578,0.022,0.034
airdrop_winner99,16.0,2427.0,0.0,0.0,27.0,📈 passive income daily,1,0.668,0.933,0.369,1.0,115.99,0.826,0.03,0.224,0.0076
bot_account_7,8.0,2591.0,2.0,0.0,21.0,crypto signals ✅ 99% win rate,1,0.831,0.958,0.315,4.0,176.37,0.963,0.0255,0.126,0.0331
amy_joy,37.0,12.0,115.0,10.0,365.0,Musician. Coffee addict.,0,0.094,0.232,0.951,12.0,2.975,0.2,0.6438,0.682,0.557
photo_by_anna,111.11277775346849,40.648857513026634,30.94905671098273,23.751389229273244,1202.47511114759,Teacher & lifelong learner,0,0.030917935899654858,0.4977899733685551,0.8864299753815542,14.188815598990487,0.0,0.17364323790426237,0.4220246998239697,0.7214166138863695,0.3337535320291896
airdrop_winner99,2.0,1477.0,0.0,0.0,9.0,,1,0.907,0.973,0.208,4.0,292.13,0.727,0.0738,0.057,0.0031
airdrop_winner99,18.0,1009.0,0.0,0.0,28.0,btc eth airdrop free coins,1,0.663,0.926,0.344,4.0,100.68,0.894,0.0908,0.087,0.0272
dev_pete,2.0,52.0,85.0,9.0,588.0,Nurse practitioner | women's health advocate,0,0.023,0.41,0.722,12.0,0.395,0.157,0.3817,0.821,0.4803
dev_pete,5.0,31.0,8.0,28.0,1024.0,Architect | sustainable design,0,0.001,0.519,0.652,13.0,3.656,0.14,0.286,0.838,0.3905
earn_fast_2024,7.309898426103004,701.1685873406927,0.0,0.2680233545653501,64.81842801021322,,1,0.9391017674906388,0.9147690093309045,0.38620685107339225,2.514030508064045,165.22376118135244,0.9755003360062964,0.0697452528000266,0.2571678705960807,0.039551837023997345
zz_promo_zz,2.0,2559.0,1.0,0.0,5.0,FREE BTC airdrop → link in bio,1,0.914,0.974,0.167,1.0,243.41,0.741,0.0905,0.266,0.0487
real_human_01234,15.0,1458.0,2.0,0.0,16.0,earn $500/day 👇,1,0.622,0.966,0.363,3.0,134.39,0.784,0.0324,0.162,0.0333
grace_beauty,10.0,62.0,8.0,1.0,3300.0,News journalist @NYT,0,0.029,0.539,0.949,15.0,3.457,0.131,0.2,0.693,0.1387
earn_fast_2024,12.0,2542.0,2.0,0.0,46.0,,1,0.949,0.87,0.203,3.0,266.73,0.725,0.0988,0.057,0.0467
mike_2023,17.0,43.0,8.0,13.0,365.0,Environmental activist,0,0.059,0.17,0.837,10.0,2.734,0.149,0.4217,0.646,0.3482
airdrop_winner99,15.0,2773.0,1.0,0.0,26.0,,1,0.63,0.957,0.325,4.0,250.66,0.759,0.0911,0.139,0.0305
john_doe,3.0,105.0,105.0,22.0,826.0,Entrepreneur | Founder @startup,0,0.038,0.139,0.909,15.0,1.799,0.172,0.3349,0.621,0.5657
noah_films,20.0,14.0,10.0,5.0,2097.0,Developer | Open source enthusiast,0,0.013,0.241,0.657,8.0,3.315,0.061,0.4394,0.972,0.1768
get_rich_88,12.0,2361.0,1.0,0.0,46.0,investment advisor DM me,1,0.9,0.943,0.276,4.0,77.38,0.768,0.0451,0.3,0.0104
photo_by_anna,13.0,14.0,46.0,12.0,595.0,Traveler | 50+ countries visited,0,0.043,0.304,0.828,8.0,2.327,0.171,0.3737,0.766,0.1499
john_doe,28.0,57.0,25.0,20.0,747.0,photographer | travel 📷,0,0.05,0.312,0.942,10.0,1.642,0.187,0.3002,0.895,0.268
airdrop_winner99,26.43176887988158,764.5024712178804,1.996777795084126,0.2971323513336214,165.58158553218692,earn $500/day 👇,1,0.768712167871093,0.9829296758714241,0.11634415932609043,1.9060374827449948,105.32200683776063,0.857064079642206,0.0,0.04451571342588366,0.03176070601473447
1234567890ab,0.0,1757.0406314113486,2.8026575470953783,0.2503419552896624,21.523809081630223,crypto signals ✅ 99% win rate,1,0.9028237024085877,0.9537733997038315,0.3149879277288232,3.8758695259347524,261.06576674879284,0.8466785422884188,0.08349462333554851,0.17432400744883464,0.02001521056234449
nina_art,119.0,22.0,5.0,26.0,1342.0,Architect | sustainable design,0,0.045,0.428,0.859,10.0,1.213,0.164,0.2901,0.85,0.1367
amy_joy,7.0,39.0,6.0,12.0,661.0,Fashion designer | PR welcome,0,0.046,0.506,0.981,16.0,4.513,0.1,0.5939,0.781,0.11
f4f_master_99,10.0,1043.0,1.0,0.0,15.0,📈 passive income daily,1,0.763,0.882,0.227,2.0,259.42,0.836,0.0524,0.211,0.0464
fit_jessica,20.0,34.0,42.0,4.0,3021.0,Environmental activist,1,0.037,0.396,0.87,17.0,1.192,0.063,0.5879,0.805,0.4498
get_rich_88,19.0,953.0,0.0,0.0,35.0,FREE BTC airdrop → link in bio,1,0.905,0.94,0.373,1.0,187.87,0.903,0.0684,0.184,0.0177
code_master,170.0,34.0,54.0,23.0,4155.0,Yoga instructor | wellness coach,0,0.036,0.244,0.933,14.0,2.58,0.05,0.2683,0.776,0.3734
olivia_draws,54.0,5.0,380.0,19.0,3062.0,Wildlife photographer based in Kenya,0,0.053,0.419,0.776,13.0,0.519,0.061,0.4283,0.942,0.2265
a8f7d3k9p2,12.0,2651.0,0.0,0.0,36.0,earn $500/day 👇,0,0.761,0.894,0.37,2.0,79.26,0.883,0.0817,0.1,0.0114
grace_beauty,6.0,20.0,4.0,26.0,976.0,mom of 3 | foodie,0,0.104,0.162,0.926,10.0,2.337,0.176,0.6877,0.837,0.4459
daniel_f,509.0,6.0,4.0,7.0,1422.0,Blogger | Lifestyle & wellness,0,0.08,0.407,0.818,18.0,0.742,0.127,0.558,0.904,0.2075
daniel_f,593.2974115101198,115.3592350634163,0.5041225469745327,4.473373834782595,5022.223990872137,fitness coach 💪 DM for training plans,0,0.07349792824504059,0.13370968813894551,0.8775270269985671,17.842579127098034,0.0,0.03893660510729548,0.3361162943648467,0.6291920827659727,0.6034248756208057
olivia_draws,33.0,25.0,6.0,2.0,1118.0,Data scientist | ML researcher,0,0.037,0.309,0.808,12.0,0.27,0.085,0.6687,0.81,0.5267
f4f_master_99,7.0,2384.0,1.0,0.0,56.0,♻️ repost to win $1000,1,0.687,0.918,0.102,1.0,160.09,0.877,0.0274,0.217,0.0332
mark_adventure,104.0,39.0,8.0,1.0,2347.0,Gaming streamer | Twitch partner,0,0.099,0.156,0.949,11.0,2.089,0.072,0.6051,0.898,0.5887
ethan_games,30.0,60.0,7.0,7.0,5000.0,Developer | Open source enthusiast,0,0.036,0.32,0.655,17.0,1.143,0.003,0.6547,0.85,0.1385
insta_boost_247,16.0,822.0,0.0,0.0,10.0,official giveaway account,1,0.837,0.989,0.391,1.0,198.99,0.782,0.0305,0.235,0.0186
alex_travel,54.0,24.0,110.0,26.0,365.0,Environmental activist,0,0.115,0.337,0.666,15.0,2.772,0.182,0.6753,0.839,0.4169
crypto_king_9999,18.0,2564.0,0.0,0.0,52.0,♻️ repost to win $1000,1,0.678,0.851,0.352,3.0,190.29,0.835,0.0715,0.127,0.0327
get_rich_88,14.0,360.0,0.0,0.0,4.0,FREE gift cards click here,1,0.823,0.967,0.147,3.0,283.4,0.713,0.0296,0.199,0.0317
airdrop_winner99,13.0,2188.0,0.0,0.0,12.0,btc eth airdrop free coins,1,0.855,0.869,0.372,2.0,132.7,0.807,0.0695,0.229,0.0321
zz_promo_zz,11.0,547.0,2.0,0.0,34.0,Click link below 💰,1,0.841,0.886,0.267,1.0,51.52,0.764,0.0194,0.183,0.0329
zz_promo_zz,1.0,1935.0,2.0,0.0,32.0,crypto millionaire | teach you how,1,0.667,0.9,0.36,2.0,97.24,0.847,0.0362,0.071,0.0196
insta_boost_247,19.0,1756.0,0.0,0.0,55.0,FREE gift cards click here,1,0.63,0.977,0.111,1.0,149.59,0.824,0.0714,0.148,0.005
zz_promo_zz,1.0,2886.0,0.0,0.0,1.0,promo available 📩,1,0.884,0.891,0.25,1.0,94.92,0.807,0.0147,0.234,0.0363
grace_beauty,104.0,42.0,32.0,9.0,1717.0,Freelance illustrator | art prints available,0,0.004,0.377,0.723,10.0,4.851,0.168,0.6014,0.958,0.1242
ben_codes,325.0,14.0,2.0,14.0,5000.0,News journalist @NYT,0,0.04,0.44,0.95,9.0,3.481,0.144,0.4756,0.782,0.159
f4f_master_99,15.0,920.0,2.0,0.0,37.0,♻️ repost to win $1000,1,0.84,0.934,0.151,4.0,103.48,0.956,0.0605,0.242,0.0305
nina_art,4.0,64.0,1.0,24.0,1414.0,Freelance illustrator | art prints available,0,0.065,0.136,0.957,13.0,2.48,0.16,0.6605,0.691,0.429
luke_designs,82.0,4.0,4.0,1.0,1146.0,fitness coach 💪 DM for training plans,0,0.051,0.491,0.824,8.0,2.052,0.043,0.5436,0.679,0.1428
ben_codes,60.0,4.0,25.0,29.0,5000.0,mom of 3 | foodie,0,0.145,0.363,0.658,15.0,4.099,0.044,0.419,0.677,0.1639
acc29471838,4.0,506.0,2.0,0.0,14.0,,1,0.696,0.877,0.312,4.0,212.09,0.731,0.0267,0.064,0.0356
photo_by_anna,4.0,11.0,88.0,26.0,1757.0,News journalist @NYT,0,0.077,0.43,0.735,14.0,2.449,0.195,0.5145,0.632,0.3989
paul_runs,9.0,22.0,4.0,4.0,2299.0,fitness coach 💪 DM for training plans,0,0.027,0.251,0.824,16.0,2.958,0.019,0.3493,0.92,0.5179
james_hikes,13.0,29.0,17.0,24.0,5000.0,Yoga instructor | wellness coach,0,0.126,0.45,0.658,14.0,2.063,0.053,0.5253,0.917,0.495
airdrop_winner99,12.0,591.0,2.0,0.0,15.0,,1,0.728,0.883,0.147,4.0,188.52,0.889,0.0724,0.231,0.0279
alex_travel,54.0,8.0,43.0,4.0,1552.0,Teacher & lifelong learner,1,0.071,0.329,0.911,8.0,1.222,0.16,0.3066,0.89,0.453
1234567890ab,19.0,2243.0,0.0,0.0,5.0,make money online → bio link,1,0.611,0.951,0.111,4.0,206.75,0.896,0.0547,0.043,0.0482
free_follower_bot,7.0,814.0,2.0,0.0,58.0,follow for follow back,1,0.935,0.877,0.336,4.0,213.93,0.97,0.0707,0.117,0.0023
olivia_draws,53.0,2.0,8.0,24.0,4673.0,fitness coach 💪 DM for training plans,0,0.129,0.306,0.931,17.0,3.631,0.125,0.3537,0.934,0.5084
john_doe,1.0,33.0,15.0,22.0,639.0,Entrepreneur | Founder @startup,0,0.049,0.107,0.878,14.0,0.319,0.055,0.398,0.929,0.221
photo_by_anna,68.81661161630277,37.80277954561906,4.903495468931171,11.35731323314192,633.1099527504939,Gaming streamer | Twitch partner,0,0.0007788286668448142,0.26095977802549775,0.834181853796804,14.186401589026577,5.8568090122811425,0.19306498171370662,0.3200957785217174,0.6914624247900348,0.5519758235204876
a8f7d3k9p2,6.0,1681.0,1.0,0.0,9.0,,1,0.846,0.857,0.373,4.0,98.26,0.797,0.0339,0.298,0.0358
noah_films,0.0,89.09280618582504,2.878105014063487,19.800420244924563,1295.5915284334521,High school teacher | making STEM fun,0,0.0965303575619186,0.2964443571785765,0.7251223736823411,8.867263471435354,11.722215462988878,0.04184422543105004,0.2253103166044841,0.8187077590257074,0.17075498085556992
get_rich_88,16.0,1205.0,1.0,0.0,21.0,,1,0.865,0.908,0.157,2.0,212.36,0.783,0.0787,0.077,0.0196
bot_account_7,9.0,2762.0,0.0,0.0,4.0,♻️ repost to win $1000,1,0.791,0.935,0.134,2.0,171.78,0.939,0.0537,0.09,0.0419
grace_beauty,360.0,24.0,24.0,24.0,1494.0,Traveler | 50+ countries visited,0,0.103,0.421,0.948,11.0,4.218,0.182,0.5073,0.96,0.2767
emma.j,14.0,6.0,53.0,21.0,5000.0,Architect | sustainable design,0,0.054,0.14,0.968,17.0,1.996,0.032,0.4687,0.831,0.1687
code_master,0.0,0.0,11.721134767956666,16.472325985888283,5107.620166047462,High school teacher | making STEM fun,0,0.0,0.47171250440558254,0.7868638956970285,15.578434820348852,0.0,0.17980727964123738,0.6046777700086349,0.631609963540221,0.1806233364357163
rachel_reads,75.23138453271835,32.21817103007734,8.11843232456086,18.64988988481522,2939.0673965587266,Marketing professional | keynote speaker,0,0.05934356686319951,0.18735926296029143,0.8004403495297463,13.170266825813858,1.153543486622942,0.06502858910911727,0.5843029283109359,0.9309154985734532,0.48537390416962795
daniel_f,25.0,121.0,10.0,25.0,5000.0,Architect | sustainable design,0,0.101,0.496,0.869,16.0,2.286,0.066,0.2228,0.811,0.5433
ava_dances,17.0,16.0,6.0,16.0,1005.0,Musician. Coffee addict.,0,0.141,0.261,0.893,13.0,4.91,0.141,0.4137,0.673,0.4237
fit_jessica,101.35947105440786,25.024736770588948,24.266806372766695,3.2063474815988418,5032.045961259393,software engineer @ Google,0,0.030948691196720328,0.40049389206968244,0.8193314713676683,7.9411105121565,7.263100141439995,0.038691818584284686,0.40581504938612123,0.6444596820400484,0.4741566408500821
get_rich_88,0.0,2531.310070445311,2.3394431245791414,0.5822168001579449,0.0,,1,0.9347274639801753,0.971991384538799,0.41759044587234717,1.4144930877239899,203.65545313171748,0.8472435158509034,0.044928901440524395,0.026857856019094385,0.048135948121461825
acc29471838,13.0,2628.0,0.0,0.0,12.0,btc eth airdrop free coins,1,0.663,0.919,0.36,1.0,137.33,0.765,0.0192,0.065,0.0313
crypto_king_9999,30.81216128983527,431.49878935452404,1.5035991418948176,0.27725469371720624,0.0,crypto signals ✅ 99% win rate,1,0.7034237655779787,0.8533472883490799,0.32881377526299843,3.2646704905522532,82.11476867920895,0.9207199852250048,0.02138050479734004,0.10245679142886135,0.03402577266932111
chris_builds,1.0,13.0,20.0,27.0,690.0,Chef | Recipe creator,0,0.117,0.148,0.918,11.0,3.549,0.165,0.3894,0.961,0.507
real_human_01234,3.0,1878.0,2.0,0.0,9.0,crypto millionaire | teach you how,1,0.829,0.872,0.216,1.0,93.04,0.786,0.0752,0.173,0.0057
olivia_draws,26.0,2.0,11.0,29.0,410.0,Freelance illustrator | art prints available,0,0.14,0.198,0.713,10.0,3.775,0.102,0.4893,0.891,0.1585
sarah_smith,62.0,12.0,6.0,28.0,1622.0,Gaming streamer | Twitch partner,0,0.133,0.212,0.922,9.0,0.851,0.186,0.4061,0.72,0.2619
earn_fast_2024,0.0,1342.6166406692523,1.8094951388038383,0.0,23.229660108824664,FREE gift cards click here,1,0.6308990827079207,0.9140147276182623,0.15445951238258207,2.815123663500375,50.295181595893084,0.8356640969200034,0.027444997377633482,0.20977542511755778,0.018314500492275426
ben_codes,915.0,15.0,4.0,23.0,1481.0,Chef | Recipe creator,0,0.047,0.348,0.946,18.0,1.517,0.148,0.4849,0.679,0.3163
tom_techie,1.8260632720626901,28.835324197448436,9.341703621211758,28.53959716572045,1379.6379856480035,News journalist @NYT,0,0.04043914008690425,0.5122916044758805,0.8641387262025495,14.079440992003574,1.0664690562922603,0.13776993649074978,0.660358696873709,0.8311579040291657,0.14233991079023878
chef_marco,419.0,13.0,10.0,25.0,1791.0,Dance teacher | choreographer,0,0.043,0.478,0.834,13.0,4.458,0.025,0.2853,0.78,0.1251
ben_codes,68.0,33.0,6.0,29.0,2000.0,Data scientist | ML researcher,1,0.112,0.266,0.968,17.0,0.137,0.078,0.3283,0.864,0.2346
chris_builds,199.0,10.0,21.0,25.0,2444.0,Environmental activist,0,0.05,0.382,0.883,16.0,1.024,0.078,0.6808,0.814,0.3008
emma.j,120.0,15.0,214.0,22.0,1326.0,Wildlife photographer based in Kenya,0,0.035,0.168,0.897,10.0,1.192,0.193,0.5878,0.646,0.2523
dev_pete,7.0,8.0,8.0,1.0,527.0,Dog lover | Hiking | Books,0,0.134,0.233,0.706,13.0,1.17,0.062,0.5407,0.747,0.5182
a8f7d3k9p2,16.0,809.0,2.0,0.0,10.0,📈 passive income daily,1,0.946,0.872,0.307,1.0,85.48,0.794,0.0841,0.255,0.0409
ethan_games,216.0,24.0,36.0,4.0,2708.0,Teacher & lifelong learner,0,0.017,0.5,0.9,9.0,4.689,0.049,0.6312,0.733,0.4466
f4f_master_99,4.0,301.0,2.0,0.0,18.0,DM me to grow your account fast,1,0.869,0.87,0.186,1.0,117.5,0.916,0.0915,0.282,0.0265
ben_codes,366.0,21.0,18.0,18.0,529.0,News journalist @NYT,0,0.127,0.316,0.812,13.0,1.699,0.147,0.596,0.887,0.5482
zz_promo_zz,16.0,2685.0,1.0,0.0,35.0,DM me to grow your account fast,1,0.683,0.931,0.198,3.0,218.07,0.95,0.0568,0.199,0.0324
grace_beauty,2.0,29.0,4.0,22.0,3290.0,mom of 3 | foodie,0,0.018,0.484,0.757,14.0,2.724,0.111,0.6329,0.636,0.5763
code_master,8.0,26.0,26.0,27.0,2079.0,software engineer @ Google,0,0.114,0.174,0.676,9.0,3.453,0.063,0.4522,0.998,0.5524
paul_runs,104.0,3.0,13.0,1.0,2790.0,Entrepreneur | Founder @startup,0,0.026,0.294,0.762,11.0,3.481,0.07,0.5568,0.75,0.1586
bot291847362,11.416084929367832,2759.8046864548437,0.9548663738524222,0.12694082441579746,0.0,airdrop $ETH daily,1,0.6294038417583894,0.9865273845240871,0.2931902597302627,3.623801845072657,284.92274556681565,0.8707373043947403,0.0716208112631236,0.1741521757165824,0.04298114399009318
emma.j,56.0,16.0,16.0,5.0,4376.0,Dance teacher | choreographer,0,0.103,0.479,0.945,9.0,3.871,0.134,0.5356,0.869,0.2435
emma.j,103.0,10.0,9.0,15.0,5000.0,Environmental activist,0,0.03,0.268,0.665,8.0,3.274,0.008,0.6511,0.682,0.581
zz_promo_zz,17.0,2192.0,0.0,0.0,30.0,,1,0.737,0.867,0.207,4.0,225.76,0.926,0.0278,0.169,0.0123
follow_back_101,0.0,1501.2675655368382,0.0,0.4504396481360243,125.62444615364822,crypto signals ✅ 99% win rate,1,0.8466337733094493,0.9813560113855679,0.3256795863363389,2.8632096873038524,218.0113998181948,0.9224647807104506,0.06177539470680954,0.21111135102262515,0.02925505994688657
ava_dances,3.0,15.0,47.0,29.0,1028.0,Nurse practitioner | women's health advocate,0,0.133,0.146,0.936,13.0,2.993,0.026,0.364,0.963,0.5896
ava_dances,81.0,11.0,29.0,25.0,2180.0,Entrepreneur | Founder @startup,0,0.033,0.147,0.929,17.0,4.054,0.022,0.6607,0.759,0.5758
amy_joy,47.10137814746779,29.744152656259548,6.34558039038771,28.21152764640427,536.9242075518449,fitness coach 💪 DM for training plans,0,0.02496398311892383,0.4300065141782505,0.7262138785232667,11.162508353604334,1.6749836600370087,0.08500061714312626,0.44640069174499797,0.9841746063880772,0.13289192823951748
f4f_master_99,13.0,2781.0,2.0,0.0,11.0,FREE BTC airdrop → link in bio,1,0.636,0.862,0.101,1.0,293.34,0.795,0.0764,0.032,0.0092
q7w8e9r0t1y2,0.0,1341.545814033801,4.209025789926221,0.5093856414902302,0.0,make money online → bio link,0,0.6557466821077891,0.973377891267248,0.26959133572896476,2.9633126248545594,110.12047955066346,0.8256816143866134,0.06175798966852839,0.17427327544259283,0.0491728615736875
fit_jessica,68.0,21.0,14.0,11.0,368.0,Chef | Recipe creator,0,0.012,0.175,0.811,12.0,1.451,0.15,0.3547,0.678,0.3648
fit_jessica,0.0,65.29473595678978,33.90703709058036,3.576892075770186,4880.63073711423,Dance teacher | choreographer,0,0.06656360833403835,0.38615806651040496,0.6684135818680166,10.839611885213499,6.569212243219939,0.08798974399171372,0.4433788015656393,0.6873790365433335,0.1879473114071091
amy_joy,8.0,21.0,32.0,24.0,1840.0,Podcaster | interviewing founders,0,0.132,0.235,0.747,16.0,3.669,0.006,0.4011,0.848,0.2716
a8f7d3k9p2,5.0,2322.0,0.0,0.0,18.0,FREE gift cards click here,1,0.684,0.914,0.257,2.0,198.28,0.835,0.0812,0.222,0.0241
user8374629,0.0,934.6068891668223,3.2504580703982318,0.30912099942160354,0.0,make money online → bio link,1,0.9464194025342065,0.8904118435877286,0.3586535036799219,2.6133467845430745,171.0757417750989,0.7822520512085815,0.03935424524063888,0.27011609068579145,0.01657052494373939
ben_codes,157.0,13.0,1.0,11.0,5000.0,Environmental activist,0,0.125,0.324,0.685,18.0,4.876,0.079,0.227,0.819,0.108
code_master,23.0,4.0,19.0,27.0,1539.0,Entrepreneur | Founder @startup,0,0.106,0.331,0.696,11.0,0.548,0.015,0.5382,0.617,0.4809
grace_beauty,14.293898848875761,0.0,7.139223511183774,5.546954673953422,1487.081007709507,Dog lover | Hiking | Books,0,0.01431908044071508,0.475725001201154,0.9060758936963003,13.776757996816993,2.481610649782424,0.17761156554067298,0.6247595423633272,0.700080640487559,0.26046161945132124
alex_travel,4.0,13.0,23.0,13.0,5000.0,Musician. Coffee addict.,0,0.031,0.357,0.71,14.0,3.059,0.017,0.6595,0.929,0.5726
9182736450,10.0,1498.0,1.0,0.0,56.0,promo available 📩,1,0.792,0.886,0.247,3.0,232.63,0.932,0.0835,0.11,0.0073
ava_dances,8.0,16.0,37.0,21.0,815.0,News journalist @NYT,0,0.097,0.115,0.899,12.0,1.361,0.022,0.2471,0.703,0.4737
daniel_f,82.0,11.0,68.0,18.0,2898.0,Developer | Open source enthusiast,0,0.146,0.377,0.695,11.0,2.566,0.019,0.5185,0.705,0.5807
fit_jessica,775.2233208230675,12.726207295008038,23.537233348319308,20.42702014948777,1499.952554208911,Environmental activist,0,0.04726911684042751,0.4357013925233431,0.9110432326966689,17.046170714142587,0.0,0.07026207724149239,0.3253982105520607,0.9894168629484379,0.21048536339077
real_human_01234,16.0,2327.0,2.0,0.0,43.0,📈 passive income daily,1,0.761,0.971,0.119,1.0,83.94,0.769,0.0692,0.012,0.0175
nina_art,1.0,28.0,3.0,1.0,3048.0,Environmental activist,0,0.116,0.42,0.755,14.0,2.457,0.174,0.606,0.682,0.5003
bot291847362,4.0,1048.0,2.0,0.0,40.0,follow for follow back,1,0.653,0.851,0.228,3.0,291.67,0.916,0.0487,0.006,0.0107
tom_techie,4.0,7.0,42.0,26.0,3756.0,Teacher & lifelong learner,1,0.131,0.258,0.853,8.0,2.828,0.001,0.3621,0.88,0.43
luke_designs,51.0,60.0,3.0,25.0,679.0,software engineer @ Google,0,0.022,0.269,0.702,13.0,2.163,0.143,0.6505,0.801,0.5283
chef_marco,3.0,148.0,52.0,25.0,903.0,Environmental activist,0,0.072,0.246,0.809,8.0,0.482,0.175,0.3172,0.959,0.198
bot291847362,0.0,1107.0643167190092,2.6787272895027234,0.6283801001868727,21.91017313057451,official giveaway account,1,0.8340064941519681,0.8942837239755113,0.0983742930623008,0.8914099479815939,192.5048097749682,0.8728975550914766,0.004650429138093999,0.09156761111918395,0.02487005418118421
chef_marco,155.01308858266322,48.70103108481267,2.706168706418975,12.388191980503251,1809.7065605101113,Yoga instructor | wellness coach,0,0.05189710208804965,0.3259555783681387,0.6332119709274756,9.09622681804626,0.0,0.16071388505351525,0.3063667996295132,0.7961487765890412,0.30839419798989637
ava_dances,9.0,10.0,5.0,4.0,365.0,Traveler | 50+ countries visited,0,0.14,0.528,0.691,16.0,0.884,0.193,0.5102,0.736,0.3184
grace_beauty,10.0,54.0,37.0,24.0,1330.0,Retired engineer | amateur astronomer,0,0.125,0.297,0.708,11.0,4.609,0.156,0.6393,0.688,0.2473
ben_codes,67.0,9.0,23.0,15.0,1609.0,Freelance illustrator | art prints available,0,0.128,0.293,0.982,18.0,1.205,0.049,0.4277,0.61,0.5155
sarah_smith,11.0,46.0,7.0,20.0,365.0,Yoga instructor | wellness coach,0,0.022,0.116,0.959,12.0,4.06,0.121,0.3346,0.775,0.1507
code_master,62.0,66.0,15.0,24.0,1137.0,Entrepreneur | Founder @startup,0,0.084,0.235,0.81,14.0,4.303,0.067,0.308,0.788,0.3488
zz_promo_zz,11.0,1040.0,2.0,0.0,52.0,follow for follow back,1,0.874,0.868,0.107,4.0,241.03,0.91,0.0798,0.021,0.0066
rachel_reads,58.31242623787898,0.0,164.6202431999213,24.22639974526792,663.8216102163375,Data scientist | ML researcher,0,0.05901462754628145,0.15513424671959114,0.6828121867662826,14.99945645051561,0.0,0.18183885616216222,0.6850413428186846,0.7796500670176039,0.2116796694597804
paul_runs,150.0,54.0,5.0,15.0,5000.0,Nurse practitioner | women's health advocate,0,0.012,0.128,0.935,13.0,2.894,0.024,0.2383,0.612,0.2118
rachel_reads,7.0,19.0,28.0,27.0,1170.0,Traveler | 50+ countries visited,0,0.047,0.202,0.952,16.0,1.034,0.149,0.4046,0.838,0.1372
sarah_smith,6.949890523975704,179.4516888018094,18.93069929555937,20.59176905560578,331.7416465531747,Chef | Recipe creator,0,0.03561243196824215,0.27511391305352295,0.7872680236277354,14.92432817633917,3.2013676274962624,0.13897427957411573,0.3780813188217214,0.8186055558334052,0.09996782415384622
airdrop_winner99,3.0,2083.0,0.0,0.0,11.0,crypto signals ✅ 99% win rate,1,0.626,0.893,0.106,3.0,137.34,0.977,0.0532,0.239,0.0431
john_doe,647.0,16.0,41.0,0.0,1610.0,Blogger | Lifestyle & wellness,0,0.06,0.421,0.741,11.0,0.155,0.162,0.5505,0.811,0.4117
photo_by_anna,7.029558242193418,0.0,3.6699325904940254,27.21892738050325,3979.1240670693255,UX designer @Meta,0,0.14133365598567915,0.5404239888792526,0.8717358026290903,8.792037223448068,11.990748286653128,0.20159031111871686,0.39473490921199567,0.9526223742951672,0.18893647641899627
real_human_01234,10.0,1964.0,0.0,0.0,32.0,FREE gift cards click here,1,0.688,0.933,0.332,4.0,283.18,0.769,0.059,0.177,0.0425
fit_jessica,0.0,0.0,24.594626239338126,17.460570857964413,1646.046336987737,UX designer @Meta,0,0.10902978978728885,0.1723849787898042,0.747343732249047,12.80248105932532,3.1138341085648555,0.055088112978597906,0.3958011853000292,0.757366109912249,0.48319981889537356
sophia_teaches,1.0,34.0,5.0,17.0,2065.0,High school teacher | making STEM fun,0,0.127,0.533,0.871,8.0,3.39,0.026,0.3457,0.935,0.2112
tom_techie,24.0,17.0,11.0,10.0,537.0,Nurse practitioner | women's health advocate,0,0.147,0.327,0.882,8.0,2.48,0.14,0.2578,0.939,0.403
code_master,0.0,0.0,3.8211979697238068,24.849123772674567,985.1335433189685,Traveler | 50+ countries visited,0,0.07269680499203475,0.38523646715390464,0.7426459755776268,10.177209100578857,17.405926169282427,0.13399851254746725,0.30411377697452036,0.8857521481733197,0.18450521548704046
rachel_reads,55.0,31.0,273.0,7.0,442.0,Marketing professional | keynote speaker,0,0.103,0.312,0.989,11.0,0.986,0.074,0.542,0.633,0.5271
f4f_master_99,10.0,2255.0,0.0,0.0,35.0,,1,0.698,0.859,0.227,1.0,187.86,0.815,0.0544,0.153,0.0449
dev_pete,1.0,28.0,48.0,29.0,4879.0,fitness coach 💪 DM for training plans,0,0.046,0.149,0.979,9.0,0.204,0.127,0.2991,0.705,0.1587
emma.j,43.0,42.0,1.0,27.0,469.0,Marketing professional | keynote speaker,0,0.05,0.396,0.826,8.0,1.164,0.003,0.4668,0.804,0.2637
earn_fast_2024,14.0,1581.0,0.0,0.0,59.0,,1,0.936,0.939,0.316,4.0,286.24,0.916,0.0672,0.233,0.0355
free_follower_bot,0.0,313.0,2.0,0.0,45.0,investment advisor DM me,1,0.816,0.943,0.329,4.0,230.82,0.716,0.0152,0.06,0.0221
real_human_01234,2.0,401.0,1.0,0.0,59.0,♻️ repost to win $1000,1,0.757,0.882,0.133,4.0,270.04,0.985,0.0306,0.229,0.0268
ethan_games,203.0,24.0,1.0,18.0,545.0,Podcaster | interviewing founders,0,0.013,0.16,0.971,15.0,2.929,0.152,0.4994,0.786,0.4957
noah_films,31.0,96.0,16.0,17.0,1914.0,Architect | sustainable design,0,0.071,0.511,0.776,12.0,4.231,0.097,0.2704,0.907,0.1205
a8f7d3k9p2,8.0,1061.0,0.0,0.0,41.0,📈 passive income daily,1,0.872,0.916,0.145,4.0,169.78,0.771,0.0457,0.143,0.0025
alex_travel,59.0,4.0,89.0,22.0,5000.0,Fashion designer | PR welcome,0,0.131,0.106,0.776,8.0,1.852,0.129,0.42,0.711,0.2932
earn_fast_2024,0.0,1292.6148789992003,3.466825442338339,0.5067365644048759,91.50293944266807,📈 passive income daily,1,0.7703252175829022,0.9290456793764612,0.4087202957571974,2.2900409256948264,303.51552261714363,0.74860592938651,0.040288069331527024,0.09831850636382584,0.006939762563298882
user8374629,19.0,2242.0,2.0,0.0,54.0,crypto millionaire | teach you how,1,0.766,0.943,0.35,4.0,274.52,0.773,0.0562,0.14,0.0202
earn_fast_2024,14.0,1742.0,1.0,0.0,1.0,FREE gift cards click here,1,0.851,0.886,0.148,4.0,55.49,0.893,0.0758,0.229,0.0193
get_rich_88,4.0,2079.0,2.0,0.0,55.0,FREE BTC airdrop → link in bio,1,0.898,0.889,0.306,2.0,253.42,0.953,0.0302,0.258,0.0013
autoliker_pro,1.0,519.0,1.0,0.0,28.0,btc eth airdrop free coins,1,0.709,0.957,0.268,4.0,119.51,0.83,0.0555,0.079,0.0052
acc29471838,11.0,2832.0,1.0,0.0,50.0,crypto millionaire | teach you how,1,0.799,0.944,0.149,3.0,169.69,0.703,0.092,0.271,0.0249
emma.j,13.0,11.0,26.0,29.0,784.0,Environmental activist,0,0.119,0.154,0.814,14.0,0.153,0.046,0.5425,0.74,0.5953
alex_travel,587.0,84.0,39.0,28.0,5000.0,Podcaster | interviewing founders,0,0.124,0.285,0.923,18.0,0.45,0.032,0.2468,0.767,0.13
chef_marco,117.0,57.0,3.0,20.0,365.0,Blogger | Lifestyle & wellness,0,0.091,0.517,0.656,8.0,0.637,0.113,0.4078,0.756,0.5821
sarah_smith,9.0,21.0,7.0,29.0,775.0,Freelance illustrator | art prints available,0,0.077,0.332,0.704,13.0,0.397,0.007,0.6548,0.935,0.2564
tom_techie,80.06219377953889,49.701568259950186,18.29552813886911,16.09679963820536,4111.0894337119635,Yoga instructor | wellness coach,0,0.10422019028171652,0.2729777616855167,0.7985025584098058,8.201470934794553,1.6825999949681856,0.025644494655878265,0.6683216343939894,0.8973905260486624,0.2778288610513642
james_hikes,511.0,16.0,15.0,8.0,4915.0,Traveler | 50+ countries visited,0,0.006,0.322,0.662,10.0,0.738,0.157,0.5132,0.804,0.14
chris_builds,16.0,26.0,11.0,18.0,1495.0,Data scientist | ML researcher,0,0.104,0.359,0.849,18.0,3.921,0.049,0.4886,0.952,0.5971
get_rich_88,5.0,1463.0,1.0,0.0,5.0,official giveaway account,1,0.769,0.856,0.274,1.0,292.44,0.799,0.0232,0.152,0.0047
chef_marco,29.0,25.0,2.0,14.0,5000.0,Entrepreneur | Founder @startup,0,0.093,0.15,0.887,17.0,4.806,0.012,0.3535,0.797,0.5457
ben_codes,141.75673432445524,5.6036171975462965,2.081597391575379,22.75348965833059,2588.842199876051,Freelance illustrator | art prints available,0,0.09185153595945489,0.17951065907648778,0.8656872164362012,10.294643319146026,1.6365094290566473,0.15974944925433082,0.613337261018347,0.9499165297408461,0.23648614989734118
creative_dan,5.0,60.0,3.0,25.0,388.0,Freelance illustrator | art prints available,0,0.108,0.319,0.737,9.0,0.957,0.128,0.2395,0.696,0.5992
real_human_01234,15.303490552475012,1604.239826385792,0.0,0.0,1.597022707402176,📈 passive income daily,1,0.7899839531308959,0.8529066429208136,0.1306721785814427,2.7562558336982015,130.25016673227205,0.7364203429306261,0.034551737782221204,0.05386082803858723,0.009713340199993576
creative_dan,0.0,41.251563920659166,3.251123972527673,12.960384314346848,849.796114271841,fitness coach 💪 DM for training plans,0,0.0805111859788739,0.49616194874205133,0.7925377309221882,16.128726581918347,0.0,0.03799652637110653,0.6117995924984647,0.6410633821809983,0.6107187845193383
john_doe,17.0,4.0,15.0,14.0,3351.0,Yoga instructor | wellness coach,0,0.06,0.366,0.906,10.0,1.503,0.06,0.5052,0.747,0.1761
bot_account_7,14.0,828.0,2.0,0.0,46.0,,1,0.89,0.964,0.345,1.0,126.95,0.742,0.0672,0.241,0.0156
airdrop_winner99,0.0,494.3259353928486,2.4497741303768663,1.1750352264195592,92.39502495584783,airdrop $ETH daily,1,0.6735775522483375,0.8723334740850659,0.142625904426412,1.7113368866654064,252.4726758923282,0.7508321897602493,0.06700734640760285,0.1679412750994153,0.04621849611713869
luke_designs,141.0,52.0,6.0,3.0,2193.0,Wildlife photographer based in Kenya,0,0.07,0.417,0.904,12.0,2.046,0.026,0.4673,0.717,0.4015
f4f_master_99,8.0,1159.0,2.0,0.0,3.0,,1,0.787,0.853,0.317,3.0,189.17,0.744,0.012,0.26,0.0257
alex_travel,655.0,4.0,53.0,15.0,2879.0,News journalist @NYT,0,0.082,0.262,0.909,9.0,1.199,0.069,0.4099,0.849,0.3555
noah_films,1.0,25.0,18.0,18.0,1240.0,Wildlife photographer based in Kenya,0,0.133,0.468,0.782,12.0,2.854,0.15,0.3771,0.796,0.5753
mike_2023,29.0,14.0,2.0,26.0,3686.0,Retired engineer | amateur astronomer,0,0.119,0.429,0.941,14.0,0.528,0.108,0.2798,0.68,0.1327
grace_beauty,35.570479586445515,0.0,16.771229397948446,23.114452133531877,4893.392132017517,Medical student | future doctor,0,0.0,0.21212091714660555,0.8073251634472346,16.752434109726995,2.23277633740784,0.11195709784738025,0.5194088595387547,0.7671147704668498,0.4943804860674923
chef_marco,45.0,5.0,4.0,28.0,2343.0,Teacher & lifelong learner,0,0.143,0.188,0.844,18.0,0.434,0.125,0.6198,0.849,0.131
ava_dances,8.0,19.0,14.0,10.0,3080.0,Yoga instructor | wellness coach,0,0.047,0.343,0.785,10.0,4.328,0.052,0.3649,0.691,0.2145
9182736450,14.0,482.0,2.0,0.0,52.0,promo available 📩,1,0.839,0.884,0.141,2.0,104.46,0.913,0.032,0.087,0.0255
daniel_f,32.0,12.0,1.0,11.0,855.0,mom of 3 | foodie,0,0.018,0.503,0.855,17.0,1.174,0.038,0.5405,0.98,0.2622
tom_techie,82.0,16.0,33.0,13.0,1985.0,Teacher & lifelong learner,0,0.12,0.458,0.938,16.0,4.684,0.056,0.6457,0.623,0.1687
luke_designs,1.0,4.0,3.0,25.0,2309.0,Teacher & lifelong learner,0,0.11,0.227,0.717,11.0,0.462,0.178,0.5955,0.813,0.1753
free_follower_bot,9.0,447.0,2.0,0.0,32.0,promo available 📩,1,0.886,0.954,0.355,1.0,260.92,0.942,0.0287,0.238,0.0169
crypto_king_9999,1.0,2965.0,0.0,0.0,47.0,,1,0.645,0.901,0.347,2.0,187.66,0.784,0.0875,0.204,0.012
mia_cooks,1.0,26.0,16.0,16.0,2673.0,Dog lover | Hiking | Books,0,0.003,0.155,0.86,10.0,2.002,0.17,0.2336,0.968,0.1812
1234567890ab,6.0,885.0,0.0,0.0,43.0,,1,0.791,0.957,0.312,2.0,133.34,0.798,0.0688,0.216,0.0419
bot291847362,11.0,2791.0,1.0,0.0,9.0,,1,0.669,0.925,0.375,2.0,77.6,0.758,0.0819,0.162,0.044
alex_travel,270.0,5.0,14.0,6.0,5000.0,Fashion designer | PR welcome,0,0.123,0.206,0.856,14.0,1.272,0.04,0.4009,0.822,0.2915
rachel_reads,69.0,25.0,38.0,22.0,3827.0,software engineer @ Google,0,0.09,0.421,0.896,17.0,2.521,0.038,0.286,0.668,0.1898
crypto_king_9999,6.0,451.0,1.0,0.0,21.0,,1,0.82,0.933,0.147,3.0,265.04,0.878,0.0936,0.005,0.0159
noah_films,10.0,17.0,11.0,20.0,3015.0,fitness coach 💪 DM for training plans,0,0.085,0.241,0.654,16.0,4.269,0.125,0.5682,0.844,0.3188
fit_jessica,37.0,7.0,5.0,24.0,1039.0,Podcaster | interviewing founders,0,0.026,0.341,0.885,16.0,2.384,0.044,0.4309,0.674,0.2864
1234567890ab,5.0,2592.0,2.0,0.0,49.0,,1,0.657,0.884,0.175,3.0,219.81,0.985,0.0824,0.046,0.048
chris_builds,1059.0,54.0,7.0,26.0,4822.0,Artist | Digital creator,0,0.107,0.137,0.738,9.0,0.183,0.177,0.3479,0.943,0.547
noah_films,1.0,38.0,7.0,2.0,1001.0,Architect | sustainable design,0,0.096,0.143,0.955,11.0,1.774,0.147,0.6014,0.985,0.3476
olivia_draws,117.0,18.0,21.0,10.0,1993.0,Dance teacher | choreographer,0,0.099,0.45,0.871,8.0,2.595,0.153,0.3593,0.836,0.3664
dev_pete,214.51049130635315,75.65195014979963,19.03855473746756,4.570498553317097,2772.6210909589636,Medical student | future doctor,0,0.12104447275358637,0.20628041837415578,0.8998786642539037,11.702281508503972,7.209206525113743,0.1545062488698404,0.34517628974569137,0.9370110720443449,0.5021231735892661
olivia_draws,0.0,4.6622998628086005,7.398049091704164,11.616031903133386,472.35346665473895,Marketing professional | keynote speaker,0,0.09091911163406999,0.49203455861854706,0.9687504496241801,9.011155830788747,2.992795913759977,0.015007966234595044,0.5588653842402882,0.7143432610560756,0.562824485677557
chris_builds,2.0,20.0,14.0,21.0,365.0,Nurse practitioner | women's health advocate,0,0.089,0.297,0.662,15.0,2.569,0.079,0.5173,0.664,0.4991
sophia_teaches,21.0,13.0,15.0,17.0,1038.0,Musician. Coffee addict.,0,0.087,0.374,0.902,11.0,1.402,0.155,0.6174,0.678,0.5221
olivia_draws,97.0,4.0,1.0,24.0,1660.0,News journalist @NYT,0,0.072,0.455,0.912,16.0,3.336,0.094,0.4361,0.983,0.3785
sophia_teaches,20.0,11.0,1.0,18.0,2724.0,Wildlife photographer based in Kenya,0,0.083,0.313,0.753,16.0,3.054,0.097,0.6578,0.673,0.1835
john_doe,35.0,45.0,7.0,14.0,3431.0,Chef | Recipe creator,0,0.024,0.421,0.841,13.0,3.963,0.112,0.3703,0.629,0.5215
nina_art,117.12045699691186,67.83327337301078,0.07882713202757219,2.5023840885953583,5060.579076720308,Dog lover | Hiking | Books,0,0.02680551256608206,0.2517660497055511,1.0035008594977803,13.07757151168129,0.6851918917729307,0.08400707667408469,0.6797818660555612,0.8578058385434856,0.26414472475879086
ethan_games,77.0,5.0,8.0,22.0,551.0,Blogger | Lifestyle & wellness,0,0.071,0.509,0.863,13.0,1.803,0.087,0.4392,0.822,0.4841
sarah_smith,1.0,40.0,14.0,23.0,916.0,Artist | Digital creator,0,0.094,0.418,0.892,10.0,4.945,0.186,0.5536,0.703,0.134
olivia_draws,27.0,12.0,10.0,8.0,895.0,Artist | Digital creator,0,0.068,0.106,0.777,12.0,2.006,0.061,0.4794,0.756,0.3837
follow_back_101,7.0,721.0,1.0,0.0,48.0,FREE BTC airdrop → link in bio,1,0.881,0.971,0.166,2.0,87.49,0.707,0.0802,0.251,0.0133
get_rich_88,3.0,2964.0,0.0,0.0,18.0,,1,0.754,0.939,0.267,3.0,243.21,0.876,0.0845,0.044,0.0458
code_master,4.0,25.0,89.0,28.0,4424.0,Yoga instructor | wellness coach,0,0.071,0.433,0.761,15.0,1.568,0.083,0.3634,0.937,0.3196
mike_2023,2.0,45.0,9.0,9.0,607.0,Yoga instructor | wellness coach,0,0.118,0.313,0.678,17.0,1.379,0.092,0.6914,0.945,0.5374
mike_2023,604.0,27.0,28.0,16.0,5000.0,Teacher & lifelong learner,0,0.12,0.367,0.78,8.0,1.542,0.185,0.3503,0.956,0.2605
ava_dances,115.0,10.0,26.0,14.0,1262.0,Environmental activist,0,0.125,0.491,0.846,17.0,0.875,0.089,0.4559,0.927,0.4067
photo_by_anna,103.22606651028161,40.39080980233757,7.472769852889621,13.969250206422545,667.0749632764025,Artist | Digital creator,0,0.14336891049082504,0.4897552160069592,0.6689635886920657,13.956243051909901,0.0,0.08945744740492761,0.543222582592885,0.6333272748144302,0.1889487919335333
alex_travel,7.0,48.0,1.0,11.0,2818.0,software engineer @ Google,0,0.057,0.174,0.715,11.0,2.483,0.199,0.5976,0.92,0.3948
ava_dances,19.0,81.0,400.0,18.0,2223.0,Freelance illustrator | art prints available,0,0.013,0.395,0.785,8.0,3.662,0.127,0.3176,0.806,0.3273
autoliker_pro,9.0,2618.0,1.0,0.0,15.0,NFT investor | crypto tips,1,0.805,0.897,0.207,3.0,256.64,0.714,0.058,0.225,0.0005
chef_marco,77.98302504812338,76.71283056745216,48.209341547131416,2.2480654811023038,2132.658605301575,Blogger | Lifestyle & wellness,0,0.023204240820474856,0.11805821990161465,0.7587632453123434,7.970507451098814,12.206498356005023,0.17817705773386633,0.21997732190913433,0.8725415244765219,0.5787966933077024
bot_account_7,13.0,212.0,0.0,0.0,44.0,♻️ repost to win $1000,1,0.654,0.885,0.222,1.0,101.72,0.982,0.0342,0.04,0.0061
1234567890ab,17.0,1652.0,2.0,0.0,13.0,official giveaway account,1,0.737,0.898,0.368,2.0,90.93,0.986,0.0947,0.162,0.035
nina_art,16.0,68.0,11.0,13.0,1801.0,Retired engineer | amateur astronomer,0,0.001,0.502,0.771,16.0,3.129,0.083,0.598,0.807,0.1563
photo_by_anna,6.0,14.0,2.0,27.0,365.0,Dance teacher | choreographer,0,0.007,0.414,0.817,13.0,3.991,0.053,0.2926,0.785,0.1665
olivia_draws,124.86249482118345,61.69210750611833,13.155211371935629,5.599180156752483,2005.2661492280938,Entrepreneur | Founder @startup,0,0.07373389295660254,0.379474222230332,0.6790343671521599,7.721565006057367,6.278461863878275,0.0034731969659319256,0.5734477961315939,0.8555631036198952,0.499771787099099
mike_2023,11.0,16.0,10.0,14.0,796.0,Entrepreneur | Founder @startup,0,0.092,0.458,0.881,11.0,2.384,0.173,0.2379,0.831,0.263
fit_jessica,10.447534527676357,29.746272149375667,4.925605645915535,3.6781723902079206,4989.637414777089,Data scientist | ML researcher,0,0.04184507670591016,0.3983722348434558,0.8753547810181036,10.598532099169697,4.72288246082599,0.03442091389314281,0.35499270057258236,0.8007776477493775,0.11086613800956499
tom_techie,23.0,15.0,52.0,8.0,4539.0,Dance teacher | choreographer,0,0.064,0.409,0.981,14.0,2.127,0.183,0.2506,0.654,0.4266
a8f7d3k9p2,5.0,337.0,0.0,0.0,56.0,investment advisor DM me,1,0.748,0.917,0.212,1.0,213.97,0.874,0.0699,0.109,0.0403
earn_fast_2024,16.0,1437.0,0.0,0.0,14.0,Click link below 💰,1,0.675,0.947,0.396,1.0,146.05,0.749,0.0434,0.089,0.0306
bot_account_7,16.0,2403.0,2.0,0.0,51.0,crypto millionaire | teach you how,1,0.739,0.976,0.383,4.0,143.22,0.881,0.0841,0.074,0.0077
rachel_reads,3.0,27.0,76.0,19.0,2034.0,Musician. Coffee addict.,1,0.024,0.201,0.849,8.0,4.474,0.194,0.4568,0.741,0.5022
a8f7d3k9p2,17.0,2349.0,1.0,0.0,6.0,earn while you sleep 💸,1,0.939,0.868,0.197,3.0,280.92,0.968,0.0353,0.061,0.0133
chef_marco,8.0,3.0,7.0,17.0,2218.0,Dog lover | Hiking | Books,0,0.08,0.53,0.719,11.0,0.648,0.01,0.6143,0.759,0.402
mia_cooks,11.0,8.0,3.0,26.0,1123.0,Gaming streamer | Twitch partner,0,0.089,0.309,0.805,8.0,1.667,0.144,0.2891,0.909,0.2754
zz_promo_zz,9.0,1970.0,0.0,0.0,1.0,,1,0.662,0.916,0.366,2.0,93.55,0.852,0.0766,0.163,0.0427
follow_back_101,5.0,314.0,1.0,0.0,1.0,make money online → bio link,1,0.833,0.958,0.219,4.0,186.37,0.881,0.0804,0.192,0.0464
zz_promo_zz,6.0,1230.0,1.0,0.0,43.0,Click link below 💰,1,0.628,0.867,0.196,2.0,78.49,0.86,0.0655,0.196,0.0195
ava_dances,198.0,5.0,1.0,1.0,628.0,Medical student | future doctor,0,0.087,0.379,0.952,9.0,0.315,0.179,0.4383,0.816,0.1374
autoliker_pro,18.0,2493.0,1.0,0.0,18.0,♻️ repost to win $1000,1,0.917,0.936,0.304,3.0,66.75,0.713,0.0968,0.261,0.0325
bot_account_7,3.0,2650.0,2.0,0.0,55.0,airdrop $ETH daily,1,0.759,0.898,0.147,4.0,103.2,0.95,0.0525,0.102,0.0177
creative_dan,2.0,35.0,6.0,17.0,1269.0,Yoga instructor | wellness coach,0,0.12,0.441,0.755,10.0,2.887,0.094,0.4289,0.96,0.1596
dev_pete,197.0,8.0,23.0,21.0,2602.0,Freelance illustrator | art prints available,0,0.045,0.492,0.955,16.0,3.62,0.139,0.3613,0.714,0.5095
get_rich_88,10.0,1085.0,2.0,0.0,49.0,,1,0.668,0.924,0.284,1.0,94.66,0.955,0.0707,0.299,0.0446
luke_designs,84.0,77.0,27.0,9.0,764.0,Teacher & lifelong learner,0,0.073,0.263,0.881,9.0,3.253,0.06,0.3885,0.992,0.1348
sarah_smith,5585.0,74.0,51.0,4.0,552.0,Dance teacher | choreographer,0,0.059,0.224,0.826,17.0,1.014,0.184,0.4642,0.974,0.1075
alex_travel,23.0,5.0,27.0,24.0,1246.0,Dance teacher | choreographer,0,0.009,0.272,0.708,9.0,1.309,0.04,0.3635,0.753,0.4929
free_follower_bot,3.0,461.0,0.0,0.0,8.0,NFT investor | crypto tips,1,0.947,0.861,0.207,2.0,198.88,0.833,0.027,0.016,0.0011
amy_joy,85.67159942167595,33.15952495193615,29.618833758615608,8.88032852532037,5079.184795330968,Retired engineer | amateur astronomer,0,0.07619501484033957,0.09563029130148792,0.7893397007928474,8.71255926354779,0.48285741301186524,0.19978499676303674,0.6133154029318946,0.9979067942828681,0.4595256558145611
john_doe,152.0,20.0,39.0,14.0,1481.0,Medical student | future doctor,0,0.085,0.429,0.664,8.0,3.443,0.09,0.3149,0.668,0.4409
photo_by_anna,24.0,54.0,3.0,21.0,830.0,Freelance illustrator | art prints available,0,0.097,0.322,0.875,15.0,2.241,0.118,0.4159,0.661,0.3473
mark_adventure,28.0,11.0,1.0,21.0,3827.0,News journalist @NYT,0,0.077,0.419,0.873,14.0,3.072,0.133,0.5449,0.848,0.1682
rachel_reads,0.0,0.0,6.48179721512519,9.876821957133542,554.8056272953231,High school teacher | making STEM fun,0,0.014861072999430909,0.17665043630569732,0.8525219247696313,16.78547643199764,4.181158274140337,0.17057541739366155,0.4403581200862931,0.8527135240661178,0.45115823245353126
a8f7d3k9p2,3.0,1704.0,2.0,0.0,30.0,♻️ repost to win $1000,1,0.764,0.927,0.365,1.0,215.55,0.765,0.0768,0.156,0.0038
sophia_teaches,54.23574652773419,46.07648124058353,0.0,23.071674687816067,896.9331901900395,Blogger | Lifestyle & wellness,0,0.059525029958716585,0.20157640031017715,0.8454374608858861,12.093096414621066,0.0,0.17388334808935005,0.6627660021843113,0.7989276747467714,0.4233633773147103
grace_beauty,18.41370827402894,2.250186188312193,26.898349691851706,3.629114149856382,1053.797970326317,photographer | travel 📷,0,0.1318303992438941,0.4196676751230476,0.6766589315671688,15.63982134318311,12.861051502380738,0.05923055036817326,0.44638676316078535,0.5864167345305559,0.1310604094860442
real_human_01234,9.0,1487.0,1.0,0.0,3.0,,1,0.796,0.952,0.274,3.0,104.79,0.883,0.0228,0.137,0.0206
bot_account_7,11.0,1789.0,1.0,0.0,50.0,,1,0.609,0.955,0.317,2.0,89.2,0.936,0.062,0.114,0.0432
ben_codes,15.0,75.0,15.0,26.0,1145.0,UX designer @Meta,0,0.116,0.191,0.735,9.0,3.79,0.084,0.4898,0.954,0.1542
zz_promo_zz,19.0,2332.0,1.0,0.0,52.0,earn while you sleep 💸,1,0.605,0.881,0.252,1.0,189.83,0.747,0.0935,0.255,0.0466
alex_travel,28.0,12.0,11.0,11.0,3208.0,Architect | sustainable design,0,0.023,0.447,0.914,16.0,1.001,0.126,0.6903,0.778,0.5261
amy_joy,235.0,22.0,96.0,21.0,745.0,Architect | sustainable design,0,0.007,0.237,0.86,16.0,2.018,0.023,0.5153,0.972,0.5401
dev_pete,347.0,66.0,10.0,18.0,5000.0,Architect | sustainable design,0,0.076,0.376,0.681,13.0,1.548,0.114,0.3237,0.941,0.5958
mike_2023,30.0,6.0,99.0,19.0,5000.0,Traveler | 50+ countries visited,0,0.053,0.113,0.865,15.0,2.385,0.101,0.6492,0.964,0.3121
insta_boost_247,6.0,1091.0,0.0,0.0,7.0,follow for follow back,1,0.773,0.921,0.187,2.0,184.88,0.797,0.0335,0.108,0.0075
rachel_reads,10.0,9.0,37.0,29.0,2779.0,Data scientist | ML researcher,0,0.071,0.397,0.744,17.0,3.977,0.1,0.5653,0.988,0.5736
follow_back_101,3.0,2586.0,2.0,0.0,25.0,make money online → bio link,1,0.631,0.891,0.363,3.0,153.6,0.853,0.0964,0.014,0.0194
emma.j,33.0,3.0,56.0,20.0,1729.0,Developer | Open source enthusiast,0,0.072,0.211,0.959,15.0,2.956,0.043,0.5379,0.868,0.1746
get_rich_88,0.0,1538.4244074513256,0.0,0.731393766543462,15.774716050478682,make money online → bio link,1,0.7283737478079653,0.941647640630924,0.2933891687764657,3.3974582248722016,264.29491156391646,0.9336850116538828,0.08476127483390125,0.23789047351561282,0.03463845234230425
alex_travel,226.0,49.0,9.0,15.0,3306.0,Data scientist | ML researcher,0,0.098,0.294,0.764,14.0,3.492,0.172,0.5897,0.912,0.1022
photo_by_anna,321.0,24.0,12.0,23.0,571.0,Dog lover | Hiking | Books,0,0.118,0.191,0.804,13.0,1.055,0.043,0.2543,0.926,0.2399
airdrop_winner99,1.5439006765265448,2335.3417417217684,0.0,1.019004917537898,0.0,,1,0.9103390861014259,0.9316984130816529,0.267096087324299,0.8946054426588572,213.7062320975996,0.8100068839939152,0.08766395397145318,0.24106907729198582,0.02062055712771208
alex_travel,9.0,6.0,13.0,1.0,4533.0,fitness coach 💪 DM for training plans,0,0.148,0.457,0.709,17.0,1.384,0.099,0.2528,0.823,0.1938
alex_travel,2.0,28.0,243.0,5.0,3275.0,Fashion designer | PR welcome,0,0.146,0.103,0.794,15.0,4.895,0.079,0.4017,0.836,0.2237
mia_cooks,568.0,11.0,1.0,19.0,2061.0,High school teacher | making STEM fun,0,0.06,0.263,0.74,13.0,0.444,0.043,0.5729,0.76,0.1341
f4f_master_99,6.821681097129936,2689.3504762739044,0.0,0.0,71.14341909275444,,1,0.7411853867592657,0.9043437627708155,0.3979192341441219,1.6747932627544042,135.99374187798497,0.720097037598524,0.010504532643413639,0.19816930596133014,0.036794287393482686
amy_joy,84.0,34.0,8.0,15.0,997.0,Yoga instructor | wellness coach,0,0.069,0.442,0.874,13.0,3.305,0.125,0.653,0.934,0.4081
olivia_draws,34.0,33.0,27.0,16.0,1362.0,Blogger | Lifestyle & wellness,0,0.066,0.468,0.941,10.0,4.565,0.124,0.4733,0.741,0.3885
follow_back_101,1.0,2527.0,2.0,0.0,2.0,,1,0.684,0.943,0.2,4.0,236.58,0.757,0.0371,0.262,0.01
sophia_teaches,27.0,14.0,16.0,24.0,365.0,photographer | travel 📷,0,0.089,0.42,0.766,9.0,2.449,0.022,0.3732,0.901,0.5248
autoliker_pro,14.0,1723.0,1.0,0.0,21.0,earn while you sleep 💸,1,0.708,0.92,0.178,2.0,183.12,0.953,0.0684,0.048,0.02
a8f7d3k9p2,12.700072378563629,2997.827096467046,0.0,0.13028565304672812,129.8945699788931,♻️ repost to win $1000,1,0.9040351524529527,0.9645319882985554,0.3338388652101335,3.4539248449624824,163.3466700919127,0.9749559432344151,0.007996621774501625,0.17879179205868256,0.024289665267267883
a8f7d3k9p2,4.0,343.0,1.0,0.0,11.0,promo available 📩,1,0.828,0.924,0.239,1.0,147.98,0.75,0.0178,0.285,0.0403
paul_runs,416.0,34.0,16.0,6.0,3001.0,Nurse practitioner | women's health advocate,0,0.001,0.537,0.988,13.0,2.276,0.11,0.2427,0.995,0.3099
xXx_profit_xXx,3.0,2921.0,0.0,0.0,17.0,btc eth airdrop free coins,1,0.943,0.874,0.303,4.0,111.75,0.785,0.072,0.216,0.0485
alex_travel,4.0,33.0,11.0,14.0,1709.0,Blogger | Lifestyle & wellness,0,0.016,0.161,0.979,16.0,2.32,0.131,0.4863,0.835,0.5421
xXx_profit_xXx,23.999149218775777,1163.4910063389393,0.0,0.0,39.632102648443976,,1,0.867034274061972,0.9515006826095874,0.17351458907968312,4.294926270225494,64.1444584177966,0.6930751449996129,0.060692205518803825,0.02266053438017212,0.06309495206299373
q7w8e9r0t1y2,6.0,1553.0,0.0,0.0,18.0,follow for follow back,1,0.639,0.935,0.168,2.0,269.92,0.862,0.0221,0.196,0.0245
9182736450,3.0,1400.0,0.0,0.0,42.0,follow for follow back,1,0.89,0.956,0.303,2.0,244.05,0.751,0.0305,0.159,0.0378
earn_fast_2024,0.0,1578.943705491426,0.7305398971240684,0.0,0.0,crypto millionaire | teach you how,1,0.8145071753689754,0.8443129508411762,0.19679976144604236,3.7407517125113614,65.3461161239782,0.8546669758468535,0.061615952402436086,0.2502636015019687,0.033867864895997656
mark_adventure,11.748985005352978,26.715205527749085,51.63494891591784,28.322503215210684,2045.927044781891,News journalist @NYT,0,0.04109675611964213,0.3401067529419207,0.6623444223184813,8.875213499421928,1.0263320486466556,0.13865028184923184,0.4632270010831093,0.9567700897168847,0.34726005541611815
james_hikes,478.0,10.0,28.0,22.0,674.0,Architect | sustainable design,0,0.043,0.154,0.736,17.0,3.729,0.017,0.3948,0.641,0.2812
f4f_master_99,15.0,896.0,0.0,0.0,41.0,earn while you sleep 💸,1,0.648,0.892,0.214,3.0,265.86,0.884,0.0898,0.273,0.0041
mia_cooks,177.0,15.0,18.0,9.0,365.0,High school teacher | making STEM fun,0,0.03,0.387,0.745,10.0,2.376,0.117,0.2551,0.816,0.4527
9182736450,18.0,800.0,1.0,0.0,57.0,,1,0.897,0.973,0.324,1.0,100.12,0.74,0.0341,0.096,0.0122
earn_fast_2024,1.0,337.0,1.0,0.0,50.0,crypto signals ✅ 99% win rate,1,0.871,0.882,0.158,1.0,208.46,0.751,0.0614,0.021,0.015
nina_art,1339.0,8.0,33.0,13.0,365.0,Freelance illustrator | art prints available,0,0.125,0.102,0.849,18.0,1.327,0.038,0.2488,0.998,0.1575
1234567890ab,9.0,369.0,2.0,0.0,44.0,NFT investor | crypto tips,1,0.942,0.938,0.351,4.0,198.16,0.83,0.065,0.113,0.0233
mark_adventure,18.0,13.0,3.0,3.0,2024.0,Entrepreneur | Founder @startup,0,0.061,0.442,0.674,13.0,1.118,0.051,0.6478,0.893,0.3625
real_human_01234,5.0,2896.0,1.0,0.0,31.0,make money online → bio link,1,0.672,0.943,0.249,2.0,274.43,0.979,0.0238,0.038,0.0328
crypto_king_9999,25.96763214051948,274.4129076059866,0.0,0.0,39.67455769484321,crypto signals ✅ 99% win rate,1,0.7259588395706537,0.8713708807878755,0.24741767192038133,3.177163652434059,114.4186457379657,0.9284696058532639,0.05855565107305686,0.13573787378233834,0.02001826291699304
amy_joy,13.0,35.0,1.0,2.0,965.0,photographer | travel 📷,0,0.146,0.262,0.725,13.0,2.527,0.072,0.6982,0.608,0.2196
john_doe,11.0,7.0,3.0,11.0,474.0,Artist | Digital creator,0,0.024,0.329,0.673,9.0,1.756,0.142,0.3928,0.882,0.4801
code_master,5.0,12.0,11.0,29.0,443.0,software engineer @ Google,0,0.13,0.138,0.911,15.0,2.19,0.055,0.6526,0.982,0.3714
real_human_01234,27.182202718378868,3014.7101570834766,2.907287366539195,0.0,0.0,FREE BTC airdrop → link in bio,1,0.9242542490737451,0.8880414510216634,0.4078231745905963,3.0996559859064274,89.93152042639173,0.9938695390136039,0.03771812087670617,0.14358895028581983,0.0397601725034658
rachel_reads,2.0,17.0,19.0,28.0,4910.0,Traveler | 50+ countries visited,0,0.015,0.516,0.905,12.0,1.621,0.011,0.3907,0.711,0.1385
f4f_master_99,10.0,1429.0,0.0,0.0,56.0,earn $500/day 👇,1,0.744,0.856,0.191,3.0,137.65,0.811,0.0966,0.049,0.0453
ava_dances,20.0,10.0,3.0,0.0,3168.0,Wildlife photographer based in Kenya,0,0.017,0.52,0.753,18.0,0.444,0.021,0.6978,0.629,0.2175
autoliker_pro,6.0,1246.0,0.0,0.0,10.0,follow for follow back,1,0.929,0.968,0.394,2.0,150.01,0.783,0.0684,0.089,0.0276
tom_techie,11.0,8.0,8.0,7.0,892.0,Entrepreneur | Founder @startup,0,0.145,0.488,0.666,8.0,4.578,0.057,0.4397,0.961,0.5808
luke_designs,1.0,14.0,20.0,2.0,4993.0,Teacher & lifelong learner,0,0.047,0.189,0.702,8.0,2.982,0.016,0.2075,0.702,0.276
chris_builds,2.0,28.0,60.0,18.0,5000.0,Teacher & lifelong learner,0,0.11,0.548,0.772,11.0,3.106,0.069,0.2277,0.936,0.378
xXx_profit_xXx,15.0,2913.0,0.0,0.0,27.0,make money online → bio link,1,0.806,0.897,0.398,4.0,200.91,0.834,0.0803,0.154,0.0049
insta_boost_247,6.0,785.0,0.0,0.0,24.0,,1,0.659,0.868,0.216,4.0,181.14,0.731,0.0351,0.1,0.0454
ethan_games,50.0,13.0,9.0,29.0,731.0,Developer | Open source enthusiast,0,0.094,0.241,0.821,11.0,2.835,0.008,0.4901,0.634,0.3107
sarah_smith,0.0,0.0,18.760486183193457,13.981924747626978,1879.6363601503401,Podcaster | interviewing founders,0,0.058402003161667736,0.16864079648831268,0.9230138063291616,9.915280165349095,0.0,0.1178148716338809,0.23272916715143205,0.9343465750759249,0.47409064890742664
rachel_reads,24.0,139.0,30.0,1.0,711.0,Developer | Open source enthusiast,0,0.096,0.222,0.786,15.0,1.619,0.152,0.6044,0.864,0.582
mia_cooks,425.0,10.0,30.0,0.0,5000.0,mom of 3 | foodie,1,0.139,0.204,0.806,11.0,3.117,0.182,0.6238,0.882,0.3005
chef_marco,1457.3333275049674,0.0,12.633395953254755,10.732309574498041,599.0288159452583,Architect | sustainable design,0,0.048574053036439996,0.5267933654390732,1.0024751813677426,14.372648780948253,7.2442387360779605,0.09961270112787877,0.31620752073412267,0.8992811706835397,0.3084867075641592
fit_jessica,184.21583414274352,19.2831612931532,11.548893229930172,22.061984882356686,2618.954021049467,Developer | Open source enthusiast,0,0.0033107423106984416,0.33003267889263355,0.6678656427207147,9.139164708088094,0.0,0.18355869251353835,0.562243361359807,0.8136739305786023,0.5892206862671449
grace_beauty,400.39264112738016,2.47634967226767,19.258391038537784,13.19056471016949,544.7973160715713,Medical student | future doctor,0,0.048977135173384805,0.13599426258515954,0.7177710513260696,8.905373959722041,3.7908005722148292,0.0,0.6382621387321457,0.7120926563060311,0.24390860779772966
alex_travel,2189.0,37.0,38.0,0.0,3685.0,mom of 3 | foodie,0,0.029,0.203,0.977,14.0,4.452,0.134,0.624,0.769,0.3851
insta_boost_247,14.0,488.0,0.0,0.0,56.0,,1,0.825,0.871,0.153,1.0,152.66,0.843,0.0443,0.023,0.0206
ben_codes,111.2945970927648,0.0,7.871191985519182,29.604232755154726,1063.2875853826945,Architect | sustainable design,0,0.009892855146422137,0.2226007430950642,0.6992805085201804,11.898416636892833,0.0,0.0522674274755964,0.4242084242016999,0.6784761693641319,0.22391225220125852
lisa_writes,20.0,4.0,26.0,3.0,2750.0,Nurse practitioner | women's health advocate,0,0.131,0.24,0.795,12.0,4.547,0.026,0.249,0.856,0.3505
q7w8e9r0t1y2,0.0,1966.6309498873009,4.384011480866031,0.20196911802728992,44.18272500948784,,1,0.6814379809536769,0.9475400986159284,0.10932074723794227,0.9974314942150176,173.86465573288044,0.8338102529225836,0.01933403523586726,0.1406085761609461,0.024376970747056324
luke_designs,555.0,8.0,2.0,29.0,841.0,Entrepreneur | Founder @startup,0,0.022,0.3,0.8,9.0,1.341,0.178,0.5466,0.787,0.3463
mike_2023,73.0,13.0,16.0,22.0,936.0,High school teacher | making STEM fun,0,0.07,0.139,0.817,16.0,4.403,0.029,0.4859,0.666,0.3153
code_master,7.0,83.0,4.0,24.0,2564.0,Dog lover | Hiking | Books,0,0.112,0.468,0.857,17.0,2.732,0.198,0.4628,0.982,0.2264
mark_adventure,179.29453080881842,29.117465747462585,16.488498819491156,2.663647928837127,1367.5324471257866,Podcaster | interviewing founders,0,0.13332252466662556,0.45869498697530836,0.7061155131990708,11.115786903661299,7.081201779598956,0.19812497744278912,0.40595730345953895,0.9114285780178156,0.22160230400014375
ava_dances,9.0,22.0,6.0,29.0,2293.0,mom of 3 | foodie,0,0.106,0.301,0.906,15.0,1.428,0.021,0.3179,0.749,0.1419
1234567890ab,3.0,319.0,2.0,0.0,41.0,Click link below 💰,0,0.899,0.966,0.122,4.0,158.48,0.824,0.0736,0.181,0.0482
luke_designs,4.0,36.0,2.0,18.0,1651.0,Data scientist | ML researcher,0,0.049,0.533,0.809,12.0,4.432,0.108,0.5194,0.647,0.3757
john_doe,125.0,10.0,1.0,12.0,1322.0,Dog lover | Hiking | Books,0,0.06,0.303,0.676,18.0,0.433,0.003,0.3197,0.736,0.4873
mark_adventure,177.0,41.0,1.0,2.0,487.0,Fashion designer | PR welcome,0,0.059,0.377,0.832,16.0,0.775,0.108,0.2739,0.765,0.3742
creative_dan,1.0,344.0,17.0,2.0,2804.0,High school teacher | making STEM fun,0,0.077,0.385,0.789,13.0,3.36,0.038,0.3381,0.752,0.3526
9182736450,13.0,1614.0,1.0,0.0,19.0,📈 passive income daily,1,0.901,0.87,0.135,2.0,171.15,0.717,0.0293,0.226,0.0414
chris_builds,40.0,22.0,43.0,18.0,2268.0,Developer | Open source enthusiast,1,0.1,0.359,0.756,9.0,3.482,0.127,0.3233,0.913,0.3307
acc29471838,14.0,1226.0,2.0,0.0,37.0,NFT investor | crypto tips,1,0.844,0.864,0.283,3.0,264.32,0.891,0.0274,0.063,0.0135
sophia_teaches,2.0,29.0,8.0,9.0,3473.0,Architect | sustainable design,0,0.014,0.217,0.86,18.0,2.112,0.105,0.2085,0.832,0.2891
earn_fast_2024,5.0,2115.0,1.0,0.0,10.0,📈 passive income daily,1,0.667,0.855,0.108,3.0,94.9,0.732,0.0557,0.057,0.0415
ethan_games,43.0,81.0,9.0,12.0,3377.0,Traveler | 50+ countries visited,0,0.043,0.549,0.913,10.0,0.147,0.007,0.2371,0.694,0.4056
mia_cooks,31.0,22.0,10.0,9.0,5000.0,Medical student | future doctor,0,0.017,0.254,0.972,12.0,4.498,0.087,0.6538,0.854,0.498
daniel_f,461.4990896713524,107.38605564143732,32.355448571542304,27.02003242730759,5024.572604449119,Architect | sustainable design,0,0.0530278396363164,0.3051184322815366,0.7393797081812478,16.999984081316764,11.151612569120282,0.1597243961142679,0.3991038530584245,0.6738912019756587,0.16173887999629669
crypto_king_9999,5.0,2445.0,1.0,0.0,18.0,earn while you sleep 💸,1,0.866,0.96,0.338,4.0,208.58,0.738,0.0552,0.025,0.0014
zz_promo_zz,17.0,1281.0,0.0,0.0,27.0,investment advisor DM me,1,0.61,0.903,0.135,2.0,116.73,0.806,0.0954,0.153,0.0008
rachel_reads,46.0,43.0,20.0,1.0,5000.0,Musician. Coffee addict.,0,0.023,0.184,0.861,9.0,4.565,0.16,0.4876,0.914,0.4534
acc29471838,9.0,1232.0,1.0,0.0,50.0,Click link below 💰,1,0.907,0.937,0.258,2.0,187.77,0.959,0.0837,0.232,0.0392
creative_dan,2.1099657366017692,0.0,14.485543341679955,21.297489145532513,844.584615659158,Freelance illustrator | art prints available,0,0.06103325799701777,0.43029307736645556,0.820046117922735,18.087485247343338,2.860155999920519,0.19163124018701908,0.600685800089259,0.9676589206711289,0.13348449330075687
get_rich_88,11.0,1977.0,1.0,0.0,5.0,NFT investor | crypto tips,1,0.697,0.888,0.368,3.0,194.51,0.988,0.0746,0.032,0.0389
autoliker_pro,19.699358055885085,1956.4236904203556,0.9446814569992367,0.0164563321077862,111.79026873847462,crypto signals ✅ 99% win rate,1,0.909821531303489,0.8745089290918192,0.31350155105779975,4.176530585411982,196.19504709843847,0.9767740660772299,0.05758664526382955,0.14966059154801142,0.0344600012645721
crypto_king_9999,2.0,1653.0,0.0,0.0,17.0,earn $500/day 👇,1,0.938,0.943,0.12,4.0,199.22,0.713,0.04,0.191,0.042
john_doe,18.0,4.0,5.0,26.0,1480.0,Fashion designer | PR welcome,0,0.096,0.394,0.937,12.0,4.503,0.001,0.2765,0.984,0.6
follow_back_101,16.0,1349.0,1.0,0.0,50.0,NFT investor | crypto tips,1,0.861,0.935,0.243,4.0,109.51,0.838,0.0132,0.129,0.0059
creative_dan,47.0,28.0,1.0,17.0,1426.0,Wildlife photographer based in Kenya,0,0.01,0.407,0.815,17.0,4.016,0.03,0.4443,0.805,0.1135
daniel_f,5.642762947359933,0.0,236.27750620669116,22.419954035925986,1430.6124868075667,Teacher & lifelong learner,0,0.011427761265139568,0.4142143806621115,0.8909733750307899,15.819025774593852,0.0,0.12631460671457412,0.5719969023189071,0.8496274999477457,0.08744428169880378
creative_dan,36.0,35.0,1.0,23.0,1441.0,software engineer @ Google,0,0.072,0.33,0.761,18.0,2.275,0.036,0.6848,0.867,0.2899
fit_jessica,1.0,87.0,5.0,29.0,627.0,Blogger | Lifestyle & wellness,0,0.138,0.209,0.736,14.0,2.641,0.005,0.3133,0.678,0.4886
daniel_f,77.85718566949842,0.0,0.5645318523626974,29.081267257956746,4804.833209521677,Fashion designer | PR welcome,0,0.07187971448106767,0.4218323030850727,0.9919353588026931,15.308910099062807,2.4339335013130285,0.11438099558266324,0.42039912011270325,1.005452302050619,0.11677819188126382
a8f7d3k9p2,5.0,1874.0,1.0,0.0,34.0,earn while you sleep 💸,1,0.751,0.973,0.218,3.0,248.51,0.725,0.0464,0.184,0.0317
sarah_smith,10.0,25.0,2.0,5.0,422.0,software engineer @ Google,0,0.015,0.262,0.711,12.0,4.455,0.164,0.4087,0.76,0.5789
q7w8e9r0t1y2,5.843617543852857,494.10836500576033,4.176969102088162,0.0,77.76404207328319,📈 passive income daily,1,0.9520354515909346,0.964067925649088,0.1895211188306018,0.8922358421566042,129.6373420452048,0.7359127226669171,0.030640073781988648,0.16537998174204638,0.04750580018388433
grace_beauty,51.04426027076532,0.0,22.772954952504577,2.562515003227719,1435.0053468423966,Wildlife photographer based in Kenya,0,0.03950713153109372,0.19990435728889278,0.9156112321841791,17.27848683093535,5.88609454432566,0.14010222211363074,0.3712327030220144,0.8134865579228255,0.5727750713633243
amy_joy,347.0,56.0,12.0,20.0,2113.0,Fashion designer | PR welcome,0,0.108,0.278,0.948,14.0,0.593,0.113,0.291,0.988,0.515
noah_films,2.0,18.0,22.0,9.0,5000.0,Nurse practitioner | women's health advocate,0,0.108,0.306,0.849,17.0,4.17,0.013,0.4954,0.997,0.3202
q7w8e9r0t1y2,1.0,2302.0,1.0,0.0,39.0,official giveaway account,1,0.786,0.892,0.231,1.0,212.44,0.881,0.0726,0.257,0.0276
fit_jessica,286.0,48.0,9.0,18.0,1876.0,Dance teacher | choreographer,0,0.063,0.39,0.769,13.0,3.039,0.159,0.4652,0.956,0.5817
earn_fast_2024,14.0,1312.0,2.0,0.0,52.0,follow for follow back,1,0.698,0.896,0.175,3.0,283.53,0.758,0.0365,0.105,0.0391
photo_by_anna,0.0,0.0,2.525398180659705,25.09291379765478,3111.1527622228973,Fashion designer | PR welcome,0,0.15537159076588178,0.4966849232737006,0.6666466657815941,11.14882217284003,0.33592664049560117,0.16051358146139083,0.6529051504267825,0.7523968335059776,0.5283386123547819
chris_builds,10.0,35.0,41.0,11.0,1465.0,mom of 3 | foodie,0,0.024,0.283,0.951,15.0,1.809,0.12,0.3494,0.64,0.5312
q7w8e9r0t1y2,0.0,1959.0,0.0,0.0,50.0,crypto signals ✅ 99% win rate,1,0.834,0.959,0.179,3.0,79.94,0.892,0.0865,0.276,0.0166
follow_back_101,7.0,2156.0,0.0,0.0,52.0,airdrop $ETH daily,1,0.711,0.989,0.235,2.0,202.63,0.955,0.0647,0.054,0.0308
mia_cooks,337.0,14.0,3.0,16.0,1150.0,fitness coach 💪 DM for training plans,0,0.129,0.512,0.898,12.0,2.09,0.171,0.4982,0.751,0.4635
user8374629,5.0,2541.0,1.0,0.0,23.0,,1,0.747,0.909,0.165,2.0,118.14,0.744,0.0473,0.125,0.0027
