username,followers,following,posts,bio,is_verified,has_profile_pic,label
emma.j,480247,16,0,follow for follow back,0,1,1
mike_2023,62982,1,13,📈 passive income daily,0,0,1
surf_with_evan,50,121,20,News journalist @NYT,0,1,0
zz_promo_zz,792,3057,7206,btc eth airdrop free coins,0,1,1
john_doe,395374,94,8,♻️ repost to win $1000,0,0,1
tim_cook,186939691,1203,697,CEO @Fortune500 | Author | Speaker,1,1,0
bot_account_7,59,5628,4,investment advisor DM me,0,0,1
user8374629,7520,7041,2208,earn $500/day 👇,0,1,1
1234567890ab,72,6525,4,,0,0,1
mike_2023,96,139,5,Artist | Digital creator ✨,0,1,0
1234567890ab,6042,3864,6151,NFT investor | crypto tips,0,1,1
nike,238002722,1119,504,Nobel Peace Prize laureate | Activist,1,1,0
botanist_beth,52,30,5,Medical student | future doctor 🩺,0,1,0
airdrop_winner99,5271,4182,6413,DM me to grow your account fast,0,1,1
journeys_with_kai,353519,98,2,🔞 link in bio,0,0,1
real_human_01234,1293,3865,2789,NFT investor | crypto tips,0,1,1
therock,2309374,516,4455,Nobel Peace Prize laureate | Activist,1,1,0
fit_jessica,78811,36,3,Get free followers — click bio link,0,0,1
bot_account_7,6321,4354,6485,investment advisor DM me,0,1,1
bot_account_7,3789,2476,7979,btc eth airdrop free coins,0,1,1
john_doe,236,347,5,Traveler | 50+ countries visited ✈️,0,1,0
therock128,355362,22,23,Official fan account,0,1,1
lisa_writes,50,70,5,Blogger | Lifestyle & wellness,0,1,0
taylorswift750,816791,47,45,Official fan account,0,1,1
xXx_profit_xXx,71,5032,4,follow for follow back,0,0,1
the_real_sam,50,119,5,Nurse practitioner | women's health advocate,0,1,0
tradebot_fx,16,3435,2,follow for follow back,0,1,1
free_followers_now,4296,5438,3524,investment advisor DM me,0,1,1
get_rich_88,73,7196,0,NFT investor | crypto tips,0,1,1
mark_adventure,287063,83,5,DM me to grow your account fast,0,0,1
get_rich_88,822,5309,2551,,0,1,1
mindful_maya,71,135,5,Developer | Open source enthusiast,0,1,0
nina_art,114985,20,11,,0,1,1
lena_captures,126,298,5,Dog lover 🐾 | Hiking | Books,0,1,0
journeys_with_kai,63,31,15,Marketing professional | keynote speaker,0,1,0
daniel_f,202267,66,7,Real estate investor | DM for passive income secrets,0,0,1
nasa,250801508,178,2338,Nobel Peace Prize laureate | Activist,1,1,0
nina_art,581140,2884,2016,software engineer @ Google,0,1,0
amy_joy,77,40,5,Dog lover 🐾 | Hiking | Books,0,1,0
tom_techie,86,178,5,Blogger | Lifestyle & wellness,0,1,0
dev_pete,866930,1504,1411,photographer | travel 📷,0,1,0
xXx_profit_xXx,65,5908,4,,0,0,1
amy_joy,67,99,6,Developer | Open source enthusiast,0,1,0
daniel_f,117,228,6,Dance teacher | choreographer,0,1,0
neymarjr,201666087,938,4707,Grammy-winning artist 🎵 | New album out now,1,1,0
emma.j,151,106,5,Architect | sustainable design,0,1,0
surf_with_evan,423832,54,4,earn $500/day 👇,0,0,1
therock896,1140676,47,17,Official fan account,0,1,1
cristiano393,1424345,46,14,Official fan account,0,1,1
grace_beauty,63,105,11,Musician. Coffee addict. ☕,0,1,0
mike_2023,337,573,5,Nurse practitioner | women's health advocate,0,1,0
free_followers_now,7422,2431,6620,,0,1,1
mindful_maya,686389,704,1029,Data scientist | ML researcher,1,1,0
lena_captures,360006,97,10,btc eth airdrop free coins,0,1,1
b.scott.official,393930,43,13,Get free followers — click bio link,0,0,1
tim_cook900,385001,24,26,Official fan account,0,1,1
nike745,1033394,45,29,Official fan account,0,1,1
earn_fast_2024,42,6813,2,,0,1,1
real_human_01234,73,5932,2,NFT investor | crypto tips,0,0,1
1234567890ab,3194,5043,1854,DM me to grow your account fast,0,1,1
get_rich_88,4877,7004,4362,investment advisor DM me,0,1,1
photo_by_anna,70,157,18,photographer | travel 📷,0,1,0
acc29471838,295,5610,4093,Click link below 💰,0,1,1
lisa_writes,68,131,5,Marketing professional | keynote speaker,0,1,0
crypto_king_9999,1011,2582,6089,follow for follow back,0,1,1
grace_beauty,50,90,5,High school teacher | making STEM fun,0,1,0
get_rich_88,74,6238,3,,0,1,1
tom_techie,413674,641,1217,Retired engineer | amateur astronomer 🔭,0,1,0
code_master,286078,65,5,follow for follow back,0,0,1
tom_techie,331,249,13,Dog lover 🐾 | Hiking | Books,0,1,0
9182736450,19,3406,3,btc eth airdrop free coins,0,1,1
nina_art,26885,49,3,Get free followers — click bio link,0,0,1
therock155,1595494,14,22,Official fan account,0,1,1
real_human_01234,6194,2278,4509,investment advisor DM me,0,1,1
fcbarcelona,143774256,1546,3359,World #1 tennis player 🎾 | Foundation: @AidFundation,1,1,0
mindful_maya,310287,1442,113,Yoga instructor | wellness coach 🧘,0,1,0
billgates232,1674568,11,8,Official fan account,0,1,1
neymarjr,13005238,483,834,Grammy-winning artist 🎵 | New album out now,1,1,0
john_doe,50,45,12,Retired engineer | amateur astronomer 🔭,0,1,0
free_follower_bot,12,4396,4,📈 passive income daily,0,0,1
arianagrande,84128609,1435,2771,International supermodel | Agency: IMG Models,1,1,0
nina_art,66,124,8,Architect | sustainable design,0,1,0
grace_beauty,336636,42,11,,0,1,1
daniel_f,171,105,5,Dance teacher | choreographer,0,1,0
amy_joy,50,43,5,mom of 3 | foodie 🍕,0,1,0
fit_jessica,50,58,27,photographer | travel 📷,0,1,0
amy_joy,125,157,9,Traveler | 50+ countries visited ✈️,0,1,0
amy_joy,50,60,16,Entrepreneur | Founder @startup,0,1,0
kyliejenner,260379698,962,2795,Hollywood actor | Upcoming: Summer Blockbuster 2025,1,1,0
selenagomez,211505586,1471,1737,Oscar-winning director | Production company: @StudioX,1,1,0
bot_account_7,1,5500,0,📈 passive income daily,0,1,1
dev_pete,75,50,5,Artist | Digital creator ✨,0,1,0
photo_by_anna,814313,1755,1667,Nurse practitioner | women's health advocate,0,1,0
therock957,165323,8,49,Official fan account,0,1,1
airdrop_winner99,3138,3075,4778,investment advisor DM me,0,1,1
oprah264,430810,13,47,Official fan account,0,1,1
nina_art,50,28,5,Gaming streamer | Twitch partner 🎮,0,1,0
q7w8e9r0t1y2,42,3794,0,,0,0,1
airdrop_winner99,13,4713,1,DM me to grow your account fast,0,1,1
realmadrid578,783731,46,36,Official fan account,0,1,1
follow_back_101,31,5431,0,,0,0,1
zz_promo_zz,31,4172,2,,0,1,1
alex_travel,158,345,5,UX designer @Meta,0,1,0
acc29471838,77,6192,3,promo available 📩,0,0,1
daniel_f,296006,17,12,🔞 link in bio,0,1,1
b.scott.official,65618,35,9,follow for follow back,0,1,1
1234567890ab,36,6863,0,btc eth airdrop free coins,0,0,1
creative_dan,69,114,8,UX designer @Meta,0,1,0
q7w8e9r0t1y2,2288,5335,3504,investment advisor DM me,0,1,1
1234567890ab,18,5486,0,,0,0,1
tom_techie,95,54,5,Dance teacher | choreographer,0,1,0
real_human_01234,5767,6170,2688,btc eth airdrop free coins,0,1,1
fcbarcelona754,546596,44,27,Official fan account,0,1,1
crypto_king_9999,2965,3560,4623,📈 passive income daily,0,1,1
grace_beauty,50,20,5,Freelance illustrator | art prints available,0,1,0
chef_marco,579189,1673,2497,Freelance illustrator | art prints available,0,1,0
earn_fast_2024,469,4781,7484,DM me to grow your account fast,0,1,1
real_human_01234,5676,4803,7934,,0,1,1
chef_marco,170,355,8,Architect | sustainable design,0,1,0
mike_2023,50,20,7,Musician. Coffee addict. ☕,0,1,0
botanist_beth,50,95,81,News journalist @NYT,0,1,0
earn_fast_2024,2239,4216,1479,,0,1,1
creative_dan,50,31,5,Entrepreneur | Founder @startup,0,1,0
crypto_king_9999,6997,6698,2713,♻️ repost to win $1000,0,1,1
creative_dan,413297,48,5,btc eth airdrop free coins,0,1,1
mindful_maya,70,95,5,Podcaster | interviewing founders,0,1,0
botanist_beth,50,84,11,Retired engineer | amateur astronomer 🔭,0,1,0
billgates933,1930856,48,13,Official fan account,0,1,1
nina_art,103,170,7,Developer | Open source enthusiast,0,1,0
oprah,221275000,1784,902,Fashion icon | Creative Director @LuxuryBrand,1,1,0
elonmusk763,519838,8,36,Official fan account,0,1,1
surf_with_evan,50,104,24,News journalist @NYT,0,1,0
justinbieber594,1687865,8,20,Official fan account,0,1,1
code_master,938623,359,2403,Environmental activist 🌱,0,1,0
b.scott.official,50,116,5,Marketing professional | keynote speaker,0,1,0
airdrop_winner99,43,4632,3,🔞 link in bio,0,1,1
lisa_writes,190625,4,0,,0,1,1
cristiano,206611849,1440,3839,World-renowned chef 👨‍🍳 | Author of 3 cookbooks,1,1,0
grace_beauty,449226,58,5,investment advisor DM me,0,0,1
photo_by_anna,111,62,5,Teacher & lifelong learner 📚,0,1,0
photo_by_anna,71,32,21,Teacher & lifelong learner 📚,0,1,0
lena_captures,369543,81,12,DM me to grow your account fast,0,0,1
free_followers_now,26,3019,0,,0,1,1
free_follower_bot,9,5355,3,NFT investor | crypto tips,0,0,1
dev_pete,50,56,36,High school teacher | making STEM fun,0,1,0
justinbieber951,203932,14,45,Official fan account,0,1,1
earn_fast_2024,2915,2749,5475,Get free followers — click bio link,0,1,1
realmadrid852,719410,3,27,Official fan account,0,1,1
paul_runs,472533,98,2,,0,1,1
botanist_beth,172661,2639,2664,Environmental activist 🌱,0,1,0
earn_fast_2024,6590,2141,1485,,0,1,1
jeffbezos693,1939481,30,17,Official fan account,0,1,1
photo_by_anna,50,66,5,News journalist @NYT,0,1,0
chris_builds,860714,1044,2241,Nurse practitioner | women's health advocate,0,1,0
nft_dropper_69,5516,5126,5030,,0,1,1
chef_marco,50,40,22,Data scientist | ML researcher,0,1,0
paul_runs,50,56,5,Architect | sustainable design,0,1,0
b.scott.official,50,111,5,Teacher & lifelong learner 📚,0,1,0
billgates,196077483,700,1457,Oscar-winning director | Production company: @StudioX,1,1,0
a8f7d3k9p2,47,5821,3,,0,0,1
paul_runs,23368,52,0,,0,1,1
alex_travel,109,101,23,Data scientist | ML researcher,0,1,0
mike_2023,50,80,5,Chef | Recipe creator 🍳,0,1,0
selenagomez,11373196,1661,574,World #1 tennis player 🎾 | Foundation: @AidFundation,1,1,0
emma.j,50,30,6,mom of 3 | foodie 🍕,0,1,0
alex_travel,474372,53,13,Real estate investor | DM for passive income secrets,0,1,1
follow_back_101,3441,4602,6517,NFT investor | crypto tips,0,1,1
beyonce,151932653,1828,1733,International supermodel | Agency: IMG Models,1,1,0
nina_art,393429,1686,1531,Entrepreneur | Founder @startup,0,1,0
fcbarcelona,36646040,354,4754,Professional athlete | Team captain | Brand ambassador,1,1,0
b.scott.official,458655,584,2964,Environmental activist 🌱,0,1,0
elonmusk578,263756,5,33,Official fan account,0,1,1
acc29471838,4138,2522,4171,NFT investor | crypto tips,0,1,1
nasa,135424030,906,1761,Oscar-winning director | Production company: @StudioX,1,1,0
journeys_with_kai,930611,1040,1682,Chef | Recipe creator 🍳,0,1,0
lena_captures,50,110,9,Blogger | Lifestyle & wellness,0,1,0
paul_runs,366725,583,446,Fashion designer | PR welcome,0,1,0
grace_beauty,182,177,11,Freelance illustrator | art prints available,0,1,0
neymarjr422,1773389,46,39,Official fan account,0,1,1
everyday_elena,91,119,7,Yoga instructor | wellness coach 🧘,0,1,0
user8374629,2379,5995,3400,crypto signals ✅ 99% win rate,0,1,1
alex_travel,454713,204,940,fitness coach 💪 DM for plans,0,1,0
lisa_writes,926093,714,2637,Yoga instructor | wellness coach 🧘,0,1,0
therock215,496250,4,33,Official fan account,0,1,1
acc29471838,1023,5350,7061,,0,1,1
photo_by_anna,170,236,5,mom of 3 | foodie 🍕,0,1,0
airdrop_winner99,0,3824,4,Real estate investor | DM for passive income secrets,0,1,1
crypto_king_9999,821,5466,1268,NFT investor | crypto tips,0,1,1
arianagrande,280877027,412,2805,Official account. For business: manager@agency.com,1,1,0
billgates914,644944,44,5,Official fan account,0,1,1
earn_fast_2024,60,3116,0,,0,0,1
mike_2023,578929,1055,581,News journalist @NYT,0,1,0
crypto_king_9999,5920,7051,6716,DM me to grow your account fast,0,1,1
daniel_f,171,243,5,Nurse practitioner | women's health advocate,0,1,0
beyonce456,1330273,24,35,Official fan account,0,1,1
neymarjr,239248309,542,1870,CEO @Fortune500 | Author | Speaker,1,1,0
chef_marco,576761,841,1035,Fashion designer | PR welcome,0,1,0
beyonce408,236176,36,26,Official fan account,0,1,1
billgates416,1018778,40,13,Official fan account,0,1,1
follow_back_101,5849,5496,7735,,0,1,1
xXx_profit_xXx,54,6765,1,,0,1,1
code_master,50,87,5,Marketing professional | keynote speaker,0,1,0
lisa_writes,50,105,5,Retired engineer | amateur astronomer 🔭,0,1,0
99882736450,61,6967,3,📈 passive income daily,0,0,1
arianagrande937,1776151,47,6,Official fan account,0,1,1
botanist_beth,50,111,6,software engineer @ Google,0,1,0
xXx_profit_xXx,11,3395,4,crypto signals ✅ 99% win rate,0,0,1
daniel_f,847017,2558,1149,Yoga instructor | wellness coach 🧘,1,1,0
sarah_smith,859858,1214,103,photographer | travel 📷,0,1,0
amy_joy,649551,913,789,Artist | Digital creator ✨,0,1,0
99882736450,1456,3730,2453,,0,1,1
daniel_f,621079,307,2813,Wildlife photographer based in Kenya,0,1,0
lena_captures,89,63,5,High school teacher | making STEM fun,0,1,0
real_human_01234,10,5896,4,,0,1,1
creative_dan,765488,337,2732,Teacher & lifelong learner 📚,0,1,0
realmadrid187,847113,8,37,Official fan account,0,1,1
99882736450,5865,5409,1633,DM me to grow your account fast,0,1,1
photo_by_anna,417131,75,11,crypto signals ✅ 99% win rate,0,0,1
acc29471838,4,4907,0,,0,1,1
alex_travel,50,87,5,mom of 3 | foodie 🍕,0,1,0
mike_2023,108,244,5,High school teacher | making STEM fun,0,1,0
john_doe,192955,1850,1774,Data scientist | ML researcher,0,1,0
neymarjr961,1205055,31,6,Official fan account,0,1,1
xXx_profit_xXx,49,6696,1,promo available 📩,0,0,1
chris_builds,50,102,5,Podcaster | interviewing founders,0,1,0
earn_fast_2024,6506,3867,2913,,0,1,1
b.scott.official,50,78,6,Developer | Open source enthusiast,0,1,0
sarah_smith,382,824,5,Environmental activist 🌱,0,1,0
amy_joy,112,270,15,Dance teacher | choreographer,0,1,0
bot_account_7,7489,3556,6905,investment advisor DM me,0,1,1
user8374629,77,4039,0,promo available 📩,0,1,1
bot_account_7,1699,6240,5439,♻️ repost to win $1000,0,1,1
daniel_f,50,93,10,Gaming streamer | Twitch partner 🎮,0,1,0
earn_fast_2024,506,6534,4801,,0,1,1
fcbarcelona,48125882,380,705,Fashion icon | Creative Director @LuxuryBrand,1,1,0
billgates,72586973,1370,862,CEO @Fortune500 | Author | Speaker,1,1,0
oprah552,813453,9,15,Official fan account,0,1,1
lisa_writes,481049,1727,2239,Fashion designer | PR welcome,0,1,0
beyonce361,1007567,6,7,Official fan account,0,1,1
tom_techie,50,85,5,Developer | Open source enthusiast,0,1,0
nina_art,115,72,5,Fashion designer | PR welcome,0,1,0
free_follower_bot,10,6523,3,DM me to grow your account fast,0,0,1
realmadrid948,1498581,5,25,Official fan account,0,1,1
mike_2023,132,132,18,Podcaster | interviewing founders,0,1,0
chef_marco,50,33,5,Musician. Coffee addict. ☕,0,1,0
creative_dan,237787,58,2,,0,1,1
lisa_writes,50,46,5,UX designer @Meta,0,1,0
taylorswift38,1023482,2,28,Official fan account,0,1,1
billgates362,426027,30,30,Official fan account,0,1,1
grace_beauty,50,28,33,Medical student | future doctor 🩺,0,1,0
photo_by_anna,224197,957,1480,UX designer @Meta,0,1,0
john_doe,50,111,5,High school teacher | making STEM fun,0,1,0
chef_marco,102077,986,2646,software engineer @ Google,0,1,0
bot_account_7,29,6777,4,follow for follow back,0,0,1
kimkardashian214,1883826,41,30,Official fan account,0,1,1
acc29471838,3822,5520,2859,NFT investor | crypto tips,0,1,1
real_human_01234,49,3173,2,♻️ repost to win $1000,0,1,1
the_real_sam,372232,1225,2230,Retired engineer | amateur astronomer 🔭,0,1,0
dev_pete,50,62,26,Freelance illustrator | art prints available,0,1,0
nasa,125326413,179,1143,Nobel Peace Prize laureate | Activist,1,1,0
selenagomez,95824528,1910,3283,Professional athlete | Team captain | Brand ambassador,1,1,0
lisa_writes,86,193,7,Gaming streamer | Twitch partner 🎮,0,1,0
billgates,29313713,1294,696,Oscar-winning director | Production company: @StudioX,1,1,0
botanist_beth,56,44,6,Medical student | future doctor 🩺,0,1,0
realmadrid256,1187952,49,14,Official fan account,0,1,1
neymarjr140,755754,11,24,Official fan account,0,1,1
fit_jessica,50,81,5,Artist | Digital creator ✨,0,1,0
billgates,125649921,541,1889,World-renowned chef 👨‍🍳 | Author of 3 cookbooks,1,1,0
dev_pete,50,43,45,fitness coach 💪 DM for plans,0,1,0
b.scott.official,50,74,5,Architect | sustainable design,0,1,0
emma.j,818091,1415,541,Dance teacher | choreographer,0,1,0
elonmusk282,1508767,19,42,Official fan account,0,1,1
surf_with_evan,110,241,5,Dance teacher | choreographer,0,1,0
9182736450,4753,5332,4007,,0,1,1
grace_beauty,50,23,5,Traveler | 50+ countries visited ✈️,0,1,0
elonmusk493,628845,34,45,Official fan account,0,1,1
photo_by_anna,836433,1273,1595,Environmental activist 🌱,0,1,0
journeys_with_kai,55,107,5,Nurse practitioner | women's health advocate,0,1,0
lena_captures,182617,5,11,🔞 link in bio,0,1,1
acc29471838,49,6389,3,follow for follow back,0,0,1
the_real_sam,934092,1296,2341,Dog lover 🐾 | Hiking | Books,0,1,0
emma.j,328563,13,14,NFT investor | crypto tips,0,0,1
jeffbezos674,1165620,19,43,Official fan account,0,1,1
the_real_sam,563571,997,2893,Medical student | future doctor 🩺,0,1,0
beyonce,90340589,1941,4964,Grammy-winning artist 🎵 | New album out now,1,1,0
surf_with_evan,278028,2609,2278,Teacher & lifelong learner 📚,0,1,0
fit_jessica,689131,807,660,Freelance illustrator | art prints available,0,1,0
therock,95462786,1566,1877,International supermodel | Agency: IMG Models,1,1,0
mindful_maya,55,28,15,News journalist @NYT,0,1,0
selenagomez917,648300,19,23,Official fan account,0,1,1
lena_captures,50,35,5,Developer | Open source enthusiast,0,1,0
journeys_with_kai,50,36,5,Retired engineer | amateur astronomer 🔭,0,1,0
get_rich_88,1509,5480,3000,,0,1,1
tom_techie,50,64,5,Yoga instructor | wellness coach 🧘,0,1,0
paul_runs,50,117,5,News journalist @NYT,0,1,0
kimkardashian,4678503,963,3696,Oscar-winning director | Production company: @StudioX,1,1,0
paul_runs,50,98,9,Musician. Coffee addict. ☕,0,1,0
surf_with_evan,354710,67,0,follow for follow back,0,1,1
amy_joy,208301,8,6,,0,1,1
tom_techie,453954,2511,1360,Data scientist | ML researcher,1,1,0
sarah_smith,394,756,14,Fashion designer | PR welcome,0,1,0
botanist_beth,50,36,5,Retired engineer | amateur astronomer 🔭,0,1,0
earn_fast_2024,3089,3108,3631,📈 passive income daily,0,1,1
sarah_smith,50,31,16,Traveler | 50+ countries visited ✈️,0,1,0
arianagrande,31917487,1216,4029,Hollywood actor | Upcoming: Summer Blockbuster 2025,1,1,0
code_master,370289,69,1,Click link below 💰,0,0,1
lena_captures,341313,3,3,NFT investor | crypto tips,0,0,1
mark_adventure,50,58,10,Medical student | future doctor 🩺,0,1,0
daniel_f,302113,47,5,crypto signals ✅ 99% win rate,0,0,1
everyday_elena,439485,567,1063,Musician. Coffee addict. ☕,0,1,0
oprah44,1072896,19,44,Official fan account,0,1,1
nft_dropper_69,542,3461,5137,♻️ repost to win $1000,0,1,1
tom_techie,328837,1472,2907,Medical student | future doctor 🩺,0,1,0
acc29471838,3713,5874,6042,crypto signals ✅ 99% win rate,0,1,1
therock800,830698,38,5,Official fan account,0,1,1
photo_by_anna,160,336,18,Marketing professional | keynote speaker,0,1,0
bot_account_7,6601,7211,5212,NFT investor | crypto tips,0,1,1
sarah_smith,942559,861,1732,software engineer @ Google,1,1,0
xXx_profit_xXx,30,7225,1,NFT investor | crypto tips,0,0,1
airdrop_winner99,864,6609,4472,♻️ repost to win $1000,0,1,1
elonmusk194,409424,3,48,Official fan account,0,1,1
lisa_writes,112,139,5,photographer | travel 📷,0,1,0
acc29471838,11,6582,2,,0,0,1
chef_marco,556563,211,2780,photographer | travel 📷,0,1,0
jeffbezos376,1637764,17,24,Official fan account,0,1,1
chef_marco,173631,1472,564,fitness coach 💪 DM for plans,0,1,0
grace_beauty,228,300,5,Traveler | 50+ countries visited ✈️,0,1,0
fit_jessica,590605,1661,2718,Chef | Recipe creator 🍳,0,1,0
amy_joy,451939,12,8,crypto signals ✅ 99% win rate,0,1,1
user8374629,3237,3760,1242,Click link below 💰,0,1,1
realmadrid,73981287,1887,509,International supermodel | Agency: IMG Models,1,1,0
mindful_maya,362645,52,14,FREE BTC airdrop → link in bio,0,1,1
9182736450,68,3743,3,,0,0,1
kyliejenner189,1659355,14,37,Official fan account,0,1,1
oprah841,123243,21,19,Official fan account,0,1,1
beyonce,174753866,479,4362,Oscar-winning director | Production company: @StudioX,1,1,0
daniel_f,276446,4,0,🔞 link in bio,0,1,1
the_real_sam,181450,76,5,DM me to grow your account fast,0,1,1
lisa_writes,139517,84,0,crypto signals ✅ 99% win rate,0,0,1
jeffbezos,155282670,1625,2150,Oscar-winning director | Production company: @StudioX,1,1,0
fit_jessica,289,196,5,Marketing professional | keynote speaker,0,1,0
chris_builds,490,707,5,mom of 3 | foodie 🍕,0,1,0
everyday_elena,907033,2986,2580,Entrepreneur | Founder @startup,0,1,0
lisa_writes,281685,96,5,,0,1,1
q7w8e9r0t1y2,3,4511,1,,0,0,1
chris_builds,291947,11,7,🔞 link in bio,0,1,1
code_master,186,206,6,mom of 3 | foodie 🍕,0,1,0
fit_jessica,951921,905,2230,photographer | travel 📷,0,1,0
tom_techie,64,22,7,Developer | Open source enthusiast,0,1,0
chris_builds,301338,60,11,,0,1,1
nike302,146111,31,45,Official fan account,0,1,1
nina_art,556,743,5,News journalist @NYT,0,1,0
billgates,277769209,733,350,Iconic musician 🎸 | 40+ years on stage,1,1,0
chris_builds,50,120,22,Blogger | Lifestyle & wellness,0,1,0
billgates461,1852819,5,8,Official fan account,0,1,1
daniel_f,50,22,5,Yoga instructor | wellness coach 🧘,0,1,0
mindful_maya,50,59,12,Wildlife photographer based in Kenya,0,1,0
neymarjr14,860646,32,18,Official fan account,0,1,1
john_doe,50,76,5,Data scientist | ML researcher,0,1,0
botanist_beth,304703,54,12,🔞 link in bio,0,1,1
airdrop_winner99,2182,6094,5850,investment advisor DM me,0,1,1
natgeo,241624542,836,4521,Professional athlete | Team captain | Brand ambassador,1,1,0
mark_adventure,50,118,5,Podcaster | interviewing founders,0,1,0
follow_back_101,56,5206,0,,0,0,1
amy_joy,343628,45,10,NFT investor | crypto tips,0,1,1
creative_dan,50,119,5,UX designer @Meta,0,1,0
the_real_sam,50,50,6,Fashion designer | PR welcome,1,1,0
mark_adventure,159252,97,6,investment advisor DM me,0,0,1
selenagomez,284371707,160,876,Official account. For business: manager@agency.com,1,1,0
mindful_maya,965941,1822,1185,fitness coach 💪 DM for plans,0,1,0
q7w8e9r0t1y2,10,3285,3,📈 passive income daily,0,0,1
botanist_beth,461541,79,6,,0,1,1
9182736450,19,4351,2,,0,0,1
chef_marco,114,195,7,News journalist @NYT,0,1,0
therock,2636538,397,542,Oscar-winning director | Production company: @StudioX,1,1,0
dev_pete,327719,25,14,crypto signals ✅ 99% win rate,0,0,1
code_master,50,95,12,Architect | sustainable design,0,1,0
crypto_king_9999,24,5048,0,earn $500/day 👇,0,1,1
mike_2023,384028,20,4,investment advisor DM me,0,0,1
realmadrid,141328753,386,1739,Hollywood actor | Upcoming: Summer Blockbuster 2025,1,1,0
the_real_sam,122,153,51,Dog lover 🐾 | Hiking | Books,0,1,0
free_followers_now,10,3442,4,,0,1,1
xXx_profit_xXx,7410,2172,2022,btc eth airdrop free coins,0,1,1
botanist_beth,365279,2541,650,photographer | travel 📷,0,1,0
free_followers_now,1794,7149,4497,btc eth airdrop free coins,0,1,1
follow_back_101,8,4376,4,Click link below 💰,0,0,1
chris_builds,92,96,5,High school teacher | making STEM fun,0,1,0
bot_account_7,6739,3016,1522,,0,1,1
kyliejenner74,1598872,27,40,Official fan account,0,1,1
code_master,247720,29,14,Real estate investor | DM for passive income secrets,0,0,1
botanist_beth,65,24,5,Traveler | 50+ countries visited ✈️,0,1,0
paul_runs,502,594,13,Freelance illustrator | art prints available,0,1,0
code_master,50,69,6,Marketing professional | keynote speaker,0,1,0
dev_pete,283655,8,11,,0,1,1
emma.j,254948,2639,897,Retired engineer | amateur astronomer 🔭,1,1,0
natgeo,150146270,1109,2729,Grammy-winning artist 🎵 | New album out now,1,1,0
grace_beauty,335928,61,14,🔞 link in bio,0,0,1
tim_cook,280846006,361,4811,Fashion icon | Creative Director @LuxuryBrand,1,1,0
nasa,24680023,1191,3283,CEO @Fortune500 | Author | Speaker,1,1,0
dev_pete,133,193,8,Teacher & lifelong learner 📚,0,1,0
acc29471838,60,6369,0,📈 passive income daily,0,0,1
chef_marco,69,24,9,Gaming streamer | Twitch partner 🎮,0,1,0
lisa_writes,60538,69,2,Get free followers — click bio link,0,1,1
grace_beauty,50,69,12,Musician. Coffee addict. ☕,0,1,0
billgates,176903568,702,4626,Official account. For business: manager@agency.com,1,1,0
chef_marco,864491,2589,1646,Medical student | future doctor 🩺,1,1,0
emma.j,50,36,5,Traveler | 50+ countries visited ✈️,0,1,0
airdrop_winner99,63,3664,1,btc eth airdrop free coins,0,0,1
follow_back_101,35,6300,2,,0,0,1
99882736450,7082,6499,3581,crypto signals ✅ 99% win rate,0,1,1
john_doe,208,359,26,UX designer @Meta,0,1,0
journeys_with_kai,58,105,6,software engineer @ Google,0,1,0
surf_with_evan,50,81,16,Gaming streamer | Twitch partner 🎮,0,1,0
justinbieber,231316762,974,2816,Fashion icon | Creative Director @LuxuryBrand,1,1,0
botanist_beth,27334,51,6,♻️ repost to win $1000,0,1,1
tom_techie,241184,53,4,,0,0,1
the_real_sam,50,55,5,Dance teacher | choreographer,0,1,0
bot_account_7,11,5410,2,DM me to grow your account fast,0,1,1
taylorswift,189618839,437,340,World-renowned chef 👨‍🍳 | Author of 3 cookbooks,1,1,0
dev_pete,50,90,123,mom of 3 | foodie 🍕,0,1,0
alex_travel,782580,1373,2780,News journalist @NYT,1,1,0
grace_beauty,50,87,5,Data scientist | ML researcher,0,1,0
free_followers_now,6447,6470,6966,,0,1,1
photo_by_anna,817759,587,2129,Dance teacher | choreographer,1,1,0
botanist_beth,225978,5,3,,0,0,1
code_master,60,101,5,Teacher & lifelong learner 📚,0,1,0
natgeo697,318230,7,12,Official fan account,0,1,1
mike_2023,50,43,6,Developer | Open source enthusiast,0,1,0
kimkardashian,81956866,1448,2755,Fashion icon | Creative Director @LuxuryBrand,1,1,0
emma.j,466592,757,2571,Yoga instructor | wellness coach 🧘,0,1,0
nft_dropper_69,2001,3314,3649,DM me to grow your account fast,0,1,1
emma.j,50,98,22,Chef | Recipe creator 🍳,0,1,0
natgeo944,443878,33,47,Official fan account,0,1,1
elonmusk,283861311,672,2266,CEO @Fortune500 | Author | Speaker,1,1,0
get_rich_88,4052,5204,5328,,0,1,1
neymarjr234,1173215,5,11,Official fan account,0,1,1
mindful_maya,304910,52,14,investment advisor DM me,0,1,1
justinbieber986,380923,10,27,Official fan account,0,1,1
chris_builds,703203,368,601,Dance teacher | choreographer,0,1,0
mark_adventure,50,30,47,Dance teacher | choreographer,0,1,0
chris_builds,193,219,6,Musician. Coffee addict. ☕,0,1,0
journeys_with_kai,256,293,5,Podcaster | interviewing founders,0,1,0
justinbieber136,711258,24,26,Official fan account,0,1,1
elonmusk756,1391133,18,18,Official fan account,0,1,1
everyday_elena,50,98,6,Artist | Digital creator ✨,0,1,0
daniel_f,163941,26,6,,0,1,1
billgates,225077797,1067,556,Official account. For business: manager@agency.com,1,1,0
nasa260,100947,47,42,Official fan account,0,1,1
dev_pete,530246,2931,638,Traveler | 50+ countries visited ✈️,0,1,0
emma.j,74,170,48,photographer | travel 📷,0,1,0
get_rich_88,79,4157,3,,0,0,1
xXx_profit_xXx,74,4166,1,NFT investor | crypto tips,0,0,1
amy_joy,50,72,5,Artist | Digital creator ✨,0,1,0
justinbieber,293891633,1623,3023,Oscar-winning director | Production company: @StudioX,1,1,0
emma.j,92,194,16,Nurse practitioner | women's health advocate,0,1,0
free_followers_now,78,3026,2,,0,0,1
lisa_writes,540551,1407,1698,Dance teacher | choreographer,0,1,0
crypto_king_9999,24,6870,0,,0,0,1
b.scott.official,92,91,5,Yoga instructor | wellness coach 🧘,0,1,0
real_human_01234,7130,6998,2781,,0,1,1
chris_builds,171,76,22,Traveler | 50+ countries visited ✈️,0,1,0
journeys_with_kai,759,479,5,News journalist @NYT,0,1,0
a8f7d3k9p2,68,3509,2,📈 passive income daily,0,0,1
fit_jessica,165708,67,12,,0,1,1
sarah_smith,185833,4,14,NFT investor | crypto tips,0,1,1
free_followers_now,49,6001,3,FREE BTC airdrop → link in bio,0,0,1
everyday_elena,50,22,6,Environmental activist 🌱,0,1,0
mike_2023,136,309,5,Nurse practitioner | women's health advocate,0,1,0
crypto_king_9999,2951,2148,7594,btc eth airdrop free coins,0,1,1
john_doe,374529,2684,1046,Nurse practitioner | women's health advocate,0,1,0
crypto_king_9999,20,4490,1,btc eth airdrop free coins,0,1,1
beyonce881,1812644,36,41,Official fan account,0,1,1
beyonce,29820897,1814,899,Nobel Peace Prize laureate | Activist,1,1,0
emma.j,79,180,17,News journalist @NYT,0,1,0
tim_cook851,172695,8,30,Official fan account,0,1,1
tom_techie,144461,38,11,Real estate investor | DM for passive income secrets,0,1,1
nike,22545684,1699,4162,Official account. For business: manager@agency.com,1,1,0
elonmusk,209514820,1125,3802,CEO @Fortune500 | Author | Speaker,1,1,0
chris_builds,371048,275,720,UX designer @Meta,1,1,0
code_master,50,36,14,News journalist @NYT,0,1,0
natgeo,41231110,1118,1818,CEO @Fortune500 | Author | Speaker,1,1,0
mindful_maya,318234,2113,1066,Marketing professional | keynote speaker,0,1,0
99882736450,2958,5068,4207,crypto signals ✅ 99% win rate,0,1,1
nina_art,361005,77,7,,0,1,1
surf_with_evan,51,79,88,Data scientist | ML researcher,0,1,0
paul_runs,318,485,5,UX designer @Meta,0,1,0
follow_back_101,55,4524,0,,0,1,1
xXx_profit_xXx,9,3639,4,investment advisor DM me,0,0,1
fit_jessica,107077,76,14,follow for follow back,0,0,1
alex_travel,50,121,6,Medical student | future doctor 🩺,0,1,0
sarah_smith,192702,888,1759,software engineer @ Google,0,1,0
grace_beauty,353685,54,4,,0,1,1
lisa_writes,110,61,9,Musician. Coffee addict. ☕,0,1,0
paul_runs,507580,2302,2013,Developer | Open source enthusiast,0,1,0
follow_back_101,7375,7369,3754,,0,1,1
chef_marco,55014,3,6,follow for follow back,0,1,1
lisa_writes,79,115,7,Teacher & lifelong learner 📚,0,1,0
therock410,382157,29,42,Official fan account,0,1,1
emma.j,439060,312,1785,Blogger | Lifestyle & wellness,0,1,0
everyday_elena,306865,58,11,Real estate investor | DM for passive income secrets,0,1,1
code_master,208,330,5,Blogger | Lifestyle & wellness,0,1,0
real_human_01234,46,4494,1,btc eth airdrop free coins,0,1,1
the_real_sam,462167,34,0,📈 passive income daily,0,0,1
bot_account_7,5871,5646,2471,📈 passive income daily,0,1,1
lena_captures,92713,76,5,Click link below 💰,0,1,1
lena_captures,118505,451,126,High school teacher | making STEM fun,1,1,0
kyliejenner259,601062,17,17,Official fan account,0,1,1
alex_travel,246055,323,2487,software engineer @ Google,0,1,0
free_follower_bot,367,5062,4776,btc eth airdrop free coins,0,1,1
therock,299732314,1364,941,International supermodel | Agency: IMG Models,1,1,0
nina_art,73,180,5,Freelance illustrator | art prints available,0,1,0
99882736450,74,3363,2,follow for follow back,0,0,1
paul_runs,424682,1200,1092,Teacher & lifelong learner 📚,0,1,0
get_rich_88,3331,2342,5250,promo available 📩,0,1,1
q7w8e9r0t1y2,19,6843,1,♻️ repost to win $1000,0,0,1
9182736450,16,6749,2,,0,0,1
real_human_01234,46,6820,1,FREE BTC airdrop → link in bio,0,1,1
cristiano,12186354,1154,2869,World-renowned chef 👨‍🍳 | Author of 3 cookbooks,1,1,0
justinbieber58,400388,4,15,Official fan account,0,1,1
airdrop_winner99,4116,4888,3037,follow for follow back,0,1,1
natgeo112,499811,12,47,Official fan account,0,1,1
free_followers_now,5288,5514,5217,DM me to grow your account fast,0,1,1
nike,36929677,830,1900,CEO @Fortune500 | Author | Speaker,1,1,0
xXx_profit_xXx,4868,2739,3534,earn $500/day 👇,0,1,1
chef_marco,90,193,5,Entrepreneur | Founder @startup,0,1,0
q7w8e9r0t1y2,54,5285,3,crypto signals ✅ 99% win rate,0,1,1
zz_promo_zz,38,6095,3,Real estate investor | DM for passive income secrets,0,1,1
mindful_maya,50,99,5,Wildlife photographer based in Kenya,0,1,0
daniel_f,88,70,5,Environmental activist 🌱,0,1,0
mark_adventure,426305,694,2814,Podcaster | interviewing founders,0,1,0
alex_travel,50,23,27,News journalist @NYT,0,1,0
a8f7d3k9p2,67,6494,0,NFT investor | crypto tips,0,1,1
realmadrid783,655631,16,19,Official fan account,0,1,1
alex_travel,385437,1862,785,fitness coach 💪 DM for plans,1,1,0
free_followers_now,36,4340,1,NFT investor | crypto tips,0,0,1
beyonce,278015200,316,3364,Fashion icon | Creative Director @LuxuryBrand,1,1,0
fit_jessica,50,20,5,Teacher & lifelong learner 📚,0,1,0
dev_pete,1650,666,5,Entrepreneur | Founder @startup,0,1,0
tom_techie,50,54,5,Architect | sustainable design,0,1,0
chris_builds,295563,0,8,🔞 link in bio,0,0,1
tim_cook689,1931121,11,31,Official fan account,0,1,1
selenagomez513,1391379,25,31,Official fan account,0,1,1
jeffbezos,161726597,589,3351,Nobel Peace Prize laureate | Activist,1,1,0
taylorswift649,1236697,12,40,Official fan account,0,1,1
journeys_with_kai,88,131,5,Nurse practitioner | women's health advocate,0,1,0
nft_dropper_69,25,4821,2,investment advisor DM me,0,0,1
nft_dropper_69,34,3292,0,follow for follow back,0,1,1
daniel_f,66,149,5,mom of 3 | foodie 🍕,0,1,0
a8f7d3k9p2,4733,3110,3728,Real estate investor | DM for passive income secrets,0,1,1
sarah_smith,50,71,5,Medical student | future doctor 🩺,0,1,0
q7w8e9r0t1y2,50,5017,2,🔞 link in bio,0,1,1
chris_builds,50,33,5,mom of 3 | foodie 🍕,0,1,0
crypto_king_9999,58,6954,3,promo available 📩,0,0,1
mark_adventure,50,109,5,Podcaster | interviewing founders,0,1,0
chris_builds,211849,69,5,NFT investor | crypto tips,0,0,1
mindful_maya,50,59,5,Dance teacher | choreographer,0,1,0
realmadrid902,1316996,0,41,Official fan account,0,1,1
cristiano,12141431,566,838,Nobel Peace Prize laureate | Activist,1,1,0
the_real_sam,141,296,8,Yoga instructor | wellness coach 🧘,0,1,0
bot_account_7,967,4017,5276,,0,1,1
sarah_smith,50,105,5,UX designer @Meta,0,1,0
natgeo686,1064380,46,48,Official fan account,0,1,1
a8f7d3k9p2,2647,3963,3065,Get free followers — click bio link,0,1,1
jeffbezos625,1792078,11,30,Official fan account,0,1,1
daniel_f,195677,62,14,,0,0,1
chef_marco,460556,28,6,,0,1,1
lena_captures,260597,2605,2952,High school teacher | making STEM fun,1,1,0
daniel_f,660437,2422,2499,Marketing professional | keynote speaker,0,1,0
b.scott.official,192,284,5,News journalist @NYT,0,1,0
the_real_sam,579389,2336,1744,Entrepreneur | Founder @startup,0,1,0
alex_travel,269489,509,2148,Medical student | future doctor 🩺,1,1,0
follow_back_101,4071,5969,5004,♻️ repost to win $1000,0,1,1
everyday_elena,148,99,5,Wildlife photographer based in Kenya,0,1,0
99882736450,68,4852,1,Real estate investor | DM for passive income secrets,0,0,1
kyliejenner909,969807,43,45,Official fan account,0,1,1
1234567890ab,28,4552,4,,0,1,1
mark_adventure,287989,86,3,,0,0,1
journeys_with_kai,50,36,5,Developer | Open source enthusiast,0,1,0
bot_account_7,58,4197,0,follow for follow back,0,0,1
zz_promo_zz,7281,7275,4429,Real estate investor | DM for passive income secrets,0,1,1
real_human_01234,38,4217,1,btc eth airdrop free coins,0,0,1
nina_art,66,59,5,Artist | Digital creator ✨,0,1,0
taylorswift,271755193,245,2506,Oscar-winning director | Production company: @StudioX,1,1,0
99882736450,69,4578,0,earn $500/day 👇,0,0,1
nina_art,50,79,5,photographer | travel 📷,0,1,0
mark_adventure,978036,738,1889,Marketing professional | keynote speaker,0,1,0
zz_promo_zz,22,3092,4,Real estate investor | DM for passive income secrets,0,1,1
lisa_writes,890529,1647,357,Retired engineer | amateur astronomer 🔭,0,1,0
9182736450,1492,2613,2272,Real estate investor | DM for passive income secrets,0,1,1
mark_adventure,194,280,5,Environmental activist 🌱,0,1,0
9182736450,25,7123,3,🔞 link in bio,0,0,1
get_rich_88,53,3593,2,🔞 link in bio,0,0,1
airdrop_winner99,62,7069,1,Get free followers — click bio link,0,0,1
john_doe,429399,309,1074,Blogger | Lifestyle & wellness,0,1,0
chris_builds,54,123,5,Fashion designer | PR welcome,0,1,0
acc29471838,9,5678,2,♻️ repost to win $1000,0,0,1
chef_marco,50,47,5,Gaming streamer | Twitch partner 🎮,0,1,0
botanist_beth,401591,93,9,investment advisor DM me,0,1,1
get_rich_88,2922,6295,2710,🔞 link in bio,0,1,1
surf_with_evan,115901,1976,2654,Data scientist | ML researcher,0,1,0
surf_with_evan,165601,43,3,♻️ repost to win $1000,0,0,1
amy_joy,50,22,5,News journalist @NYT,0,1,0
mindful_maya,50,64,5,Blogger | Lifestyle & wellness,0,1,0
free_follower_bot,7043,4857,2930,,0,1,1
natgeo807,418728,12,7,Official fan account,0,1,1
follow_back_101,73,7197,3,,0,1,1
tim_cook,227668234,773,619,Fashion icon | Creative Director @LuxuryBrand,1,1,0
dev_pete,102921,1406,2256,Blogger | Lifestyle & wellness,0,1,0
photo_by_anna,240634,2572,2634,Podcaster | interviewing founders,0,1,0
chris_builds,778844,1672,515,Freelance illustrator | art prints available,1,1,0
realmadrid,274664808,1237,1077,Grammy-winning artist 🎵 | New album out now,1,1,0
creative_dan,361271,69,12,earn $500/day 👇,0,1,1
nike,290128058,1684,2475,Oscar-winning director | Production company: @StudioX,1,1,0
99882736450,62,6652,4,crypto signals ✅ 99% win rate,0,1,1
get_rich_88,3259,4382,6471,Click link below 💰,0,1,1
tom_techie,50,51,14,Nurse practitioner | women's health advocate,0,1,0
a8f7d3k9p2,1265,5023,5382,Real estate investor | DM for passive income secrets,0,1,1
cristiano,268170737,277,4217,Grammy-winning artist 🎵 | New album out now,1,1,0
alex_travel,53,66,18,Dog lover 🐾 | Hiking | Books,0,1,0
free_followers_now,27,6397,4,follow for follow back,0,0,1
tim_cook819,1338323,17,43,Official fan account,0,1,1
nina_art,100,240,19,Medical student | future doctor 🩺,0,1,0
lena_captures,50,69,5,High school teacher | making STEM fun,0,1,0
real_human_01234,34,3676,2,,0,0,1
9182736450,50,4188,2,♻️ repost to win $1000,0,1,1
surf_with_evan,50,52,27,Chef | Recipe creator 🍳,0,1,0
chris_builds,50,100,5,Teacher & lifelong learner 📚,0,1,0
billgates260,983559,37,22,Official fan account,0,1,1
chris_builds,50,123,5,News journalist @NYT,0,1,0
nike683,1735374,34,47,Official fan account,0,1,1
nina_art,50,43,5,Dance teacher | choreographer,0,1,0
taylorswift,25179995,1948,1714,Grammy-winning artist 🎵 | New album out now,1,1,0
beyonce797,772215,49,9,Official fan account,0,1,1
selenagomez365,1254122,36,48,Official fan account,0,1,1
free_follower_bot,1807,6136,2431,,0,1,1
cristiano674,1602428,41,10,Official fan account,0,1,1
mark_adventure,186974,28,9,♻️ repost to win $1000,0,1,1
lisa_writes,176755,29,7,📈 passive income daily,0,1,1
nina_art,50,97,5,Teacher & lifelong learner 📚,0,1,0
99882736450,4099,3919,3297,investment advisor DM me,0,1,1
nike523,700052,2,10,Official fan account,0,1,1
amy_joy,165,111,5,UX designer @Meta,0,1,0
therock13,415558,2,36,Official fan account,0,1,1
arianagrande187,455545,32,27,Official fan account,0,1,1
acc29471838,68,7474,0,crypto signals ✅ 99% win rate,0,1,1
lena_captures,63,147,5,Dog lover 🐾 | Hiking | Books,0,1,0
kimkardashian,267611502,1522,4274,World #1 tennis player 🎾 | Foundation: @AidFundation,1,1,0
realmadrid,218371389,1560,1807,Grammy-winning artist 🎵 | New album out now,1,1,0
chris_builds,50,90,5,Environmental activist 🌱,0,1,0
earn_fast_2024,4358,6826,7433,promo available 📩,0,1,1
tom_techie,38304,93,1,,0,1,1
a8f7d3k9p2,38,6596,2,Get free followers — click bio link,0,0,1
free_follower_bot,331,4402,2896,,0,1,1
mindful_maya,268,412,5,Data scientist | ML researcher,0,1,0
xXx_profit_xXx,12,5080,0,🔞 link in bio,0,1,1
q7w8e9r0t1y2,71,5477,1,Real estate investor | DM for passive income secrets,0,1,1
the_real_sam,469282,73,14,🔞 link in bio,0,0,1
dev_pete,50,20,5,Architect | sustainable design,0,1,0
tim_cook,52725339,696,612,Iconic musician 🎸 | 40+ years on stage,1,1,0
lisa_writes,122,289,15,Podcaster | interviewing founders,0,1,0
arianagrande523,1492795,26,33,Official fan account,0,1,1
code_master,85,98,5,News journalist @NYT,0,1,0
fit_jessica,921404,2561,2814,Freelance illustrator | art prints available,0,1,0
amy_joy,425,786,14,Marketing professional | keynote speaker,0,1,0
nasa51,1095860,10,18,Official fan account,0,1,1
emma.j,50,20,5,Teacher & lifelong learner 📚,0,1,0
elonmusk,188177731,785,4820,CEO @Fortune500 | Author | Speaker,1,1,0
john_doe,127,143,5,photographer | travel 📷,0,1,0
code_master,50,23,5,Blogger | Lifestyle & wellness,0,1,0
paul_runs,50,35,5,Artist | Digital creator ✨,0,1,0
journeys_with_kai,50,124,5,Blogger | Lifestyle & wellness,0,1,0
journeys_with_kai,131652,1203,1608,Artist | Digital creator ✨,1,1,0
lena_captures,216170,18,2,,0,0,1
nina_art,376603,68,7,promo available 📩,0,0,1
everyday_elena,50,107,37,Entrepreneur | Founder @startup,0,1,0
kyliejenner,132234526,141,2009,Oscar-winning director | Production company: @StudioX,1,1,0
surf_with_evan,112,64,14,Traveler | 50+ countries visited ✈️,0,1,0
daniel_f,50,91,53,photographer | travel 📷,0,1,0
beyonce,257107858,807,3633,Grammy-winning artist 🎵 | New album out now,1,1,0
chef_marco,132991,51,11,promo available 📩,0,1,1
alex_travel,78,67,5,Chef | Recipe creator 🍳,0,1,0
free_follower_bot,35,3377,4,Real estate investor | DM for passive income secrets,0,0,1
natgeo,233618614,182,800,International supermodel | Agency: IMG Models,1,1,0
sarah_smith,50,20,5,software engineer @ Google,0,1,0
tradebot_fx,1466,3436,1391,,0,1,1
neymarjr221,745942,3,19,Official fan account,0,1,1
lisa_writes,504074,520,896,Gaming streamer | Twitch partner 🎮,1,1,0
botanist_beth,122,174,25,Artist | Digital creator ✨,0,1,0
free_follower_bot,1163,2679,1175,Real estate investor | DM for passive income secrets,0,1,1
the_real_sam,342047,13,14,investment advisor DM me,0,0,1
selenagomez551,387870,20,25,Official fan account,0,1,1
everyday_elena,204,400,8,Chef | Recipe creator 🍳,0,1,0
get_rich_88,6476,3590,6046,,0,1,1
natgeo,60772552,113,4045,Oscar-winning director | Production company: @StudioX,1,1,0
a8f7d3k9p2,77,4561,1,NFT investor | crypto tips,0,0,1
mark_adventure,294,485,5,photographer | travel 📷,0,1,0
amy_joy,468984,2484,943,Podcaster | interviewing founders,1,1,0
dev_pete,50,86,5,Teacher & lifelong learner 📚,0,1,0
user8374629,554,6976,6532,Click link below 💰,0,1,1
grace_beauty,90,137,5,High school teacher | making STEM fun,0,1,0
elonmusk,89664026,1862,3563,Oscar-winning director | Production company: @StudioX,1,1,0
nasa171,186506,12,33,Official fan account,0,1,1
chef_marco,50,43,5,Chef | Recipe creator 🍳,0,1,0
xXx_profit_xXx,1319,6135,1506,♻️ repost to win $1000,0,1,1
oprah773,1314005,6,29,Official fan account,0,1,1
mark_adventure,671416,2610,1481,Yoga instructor | wellness coach 🧘,0,1,0
fcbarcelona864,699716,29,5,Official fan account,0,1,1
fcbarcelona849,1353499,2,10,Official fan account,0,1,1
crypto_king_9999,1737,5137,2952,🔞 link in bio,0,1,1
beyonce78,1724988,41,28,Official fan account,0,1,1
john_doe,84,176,5,Traveler | 50+ countries visited ✈️,0,1,0
lisa_writes,50,22,12,Freelance illustrator | art prints available,0,1,0
lena_captures,953780,2457,2782,Developer | Open source enthusiast,0,1,0
1234567890ab,33,6263,0,Real estate investor | DM for passive income secrets,0,0,1
justinbieber139,150177,10,39,Official fan account,0,1,1
tim_cook488,1795269,8,11,Official fan account,0,1,1
photo_by_anna,938339,1452,504,Fashion designer | PR welcome,0,1,0
oprah,110795490,1467,4410,Official account. For business: manager@agency.com,1,1,0
tom_techie,231325,52,12,promo available 📩,0,1,1
beyonce,199629748,872,2264,Oscar-winning director | Production company: @StudioX,1,1,0
nina_art,79,140,5,Nurse practitioner | women's health advocate,0,1,0
john_doe,58,60,9,Podcaster | interviewing founders,0,1,0
therock576,1197872,19,18,Official fan account,0,1,1
chef_marco,374843,1492,1799,Data scientist | ML researcher,1,1,0
taylorswift,217759880,1512,2835,World #1 tennis player 🎾 | Foundation: @AidFundation,1,1,0
free_followers_now,5013,5633,5798,,0,1,1
mark_adventure,50,76,6,Entrepreneur | Founder @startup,0,1,0
amy_joy,476784,30,10,🔞 link in bio,0,0,1
chris_builds,50,81,5,Musician. Coffee addict. ☕,0,1,0
paul_runs,335133,46,8,FREE BTC airdrop → link in bio,0,1,1
the_real_sam,33700,73,9,promo available 📩,0,0,1
dev_pete,328298,1749,1623,Chef | Recipe creator 🍳,0,1,0
elonmusk,110110888,1921,660,Fashion icon | Creative Director @LuxuryBrand,1,1,0
sarah_smith,214,511,17,Data scientist | ML researcher,0,1,0
nike673,859368,2,17,Official fan account,0,1,1
arianagrande871,1679715,36,8,Official fan account,0,1,1
zz_promo_zz,2250,4694,1854,Get free followers — click bio link,0,1,1
journeys_with_kai,50,20,5,Blogger | Lifestyle & wellness,0,1,0
jeffbezos510,1637555,28,43,Official fan account,0,1,1
chris_builds,50,81,21,Marketing professional | keynote speaker,0,1,0
lena_captures,450567,23,12,DM me to grow your account fast,0,1,1
john_doe,234706,66,4,,0,0,1
everyday_elena,50,53,51,Medical student | future doctor 🩺,0,1,0
tim_cook942,1274411,47,41,Official fan account,0,1,1
tom_techie,67,71,99,Nurse practitioner | women's health advocate,0,1,0
1234567890ab,36,6871,1,Click link below 💰,0,1,1
daniel_f,145864,1276,2354,software engineer @ Google,0,1,0
code_master,68,159,5,Environmental activist 🌱,0,1,0
arianagrande,70622833,654,1213,Nobel Peace Prize laureate | Activist,1,1,0
everyday_elena,53,20,5,mom of 3 | foodie 🍕,0,1,0
mindful_maya,50,65,44,Gaming streamer | Twitch partner 🎮,0,1,0
creative_dan,609778,2519,1176,Architect | sustainable design,1,1,0
everyday_elena,50,122,5,Data scientist | ML researcher,0,1,0
cristiano434,93009,31,35,Official fan account,0,1,1
code_master,549,836,14,Wildlife photographer based in Kenya,0,1,0
lisa_writes,399663,60,6,NFT investor | crypto tips,0,1,1
grace_beauty,244741,72,11,DM me to grow your account fast,0,1,1
cristiano216,856330,17,18,Official fan account,0,1,1
acc29471838,70,5306,4,crypto signals ✅ 99% win rate,0,0,1
surf_with_evan,66,119,5,mom of 3 | foodie 🍕,0,1,0
mark_adventure,84864,10,7,,0,0,1
sarah_smith,435754,956,2048,Musician. Coffee addict. ☕,0,1,0
mindful_maya,50,97,12,mom of 3 | foodie 🍕,0,1,0
nike226,1063527,31,19,Official fan account,0,1,1
free_followers_now,3865,2205,2181,,0,1,1
oprah719,1933559,4,35,Official fan account,0,1,1
free_followers_now,56,7269,2,Real estate investor | DM for passive income secrets,0,1,1
user8374629,7594,4941,1267,,0,1,1
creative_dan,50,32,5,Podcaster | interviewing founders,0,1,0
elonmusk,174186651,435,2477,World #1 tennis player 🎾 | Foundation: @AidFundation,1,1,0
arianagrande285,205007,9,37,Official fan account,0,1,1
nasa570,1286001,19,35,Official fan account,0,1,1
fit_jessica,672140,2505,326,Podcaster | interviewing founders,0,1,0
crypto_king_9999,52,5798,2,,0,1,1
creative_dan,96,165,5,Architect | sustainable design,0,1,0
tom_techie,76625,48,3,Click link below 💰,0,0,1
mike_2023,255755,56,10,♻️ repost to win $1000,0,1,1
nft_dropper_69,55,7267,1,♻️ repost to win $1000,0,1,1
99882736450,5260,2198,1704,crypto signals ✅ 99% win rate,0,1,1
paul_runs,208179,40,8,,0,1,1
nft_dropper_69,14,7309,1,FREE BTC airdrop → link in bio,0,0,1
tom_techie,972373,1274,1439,Entrepreneur | Founder @startup,0,1,0
mike_2023,56,130,42,Marketing professional | keynote speaker,0,1,0
free_follower_bot,6699,3012,2433,crypto signals ✅ 99% win rate,0,1,1
creative_dan,482299,2082,2312,Data scientist | ML researcher,0,1,0
daniel_f,33941,31,6,FREE BTC airdrop → link in bio,0,1,1
surf_with_evan,55,47,7,Dance teacher | choreographer,0,1,0
realmadrid,85133783,657,2341,International supermodel | Agency: IMG Models,1,1,0
mike_2023,56,55,5,Marketing professional | keynote speaker,0,1,0
john_doe,156578,54,4,NFT investor | crypto tips,0,1,1
paul_runs,50,88,15,Podcaster | interviewing founders,0,1,0
zz_promo_zz,3607,2442,7703,Click link below 💰,0,1,1
natgeo70,1235187,34,38,Official fan account,0,1,1
sarah_smith,50,44,5,Traveler | 50+ countries visited ✈️,0,1,0
user8374629,4145,2362,4720,FREE BTC airdrop → link in bio,0,1,1
fcbarcelona503,573178,9,27,Official fan account,0,1,1
fcbarcelona602,828275,38,38,Official fan account,0,1,1
1234567890ab,956,5015,4158,follow for follow back,0,1,1
bot_account_7,6204,5829,2878,promo available 📩,0,1,1
journeys_with_kai,50,54,5,fitness coach 💪 DM for plans,0,1,0
alex_travel,232042,1243,1707,Yoga instructor | wellness coach 🧘,1,1,0
chef_marco,387,649,17,High school teacher | making STEM fun,0,1,0
earn_fast_2024,41,6068,1,Click link below 💰,0,1,1
tim_cook418,190211,3,5,Official fan account,0,1,1
creative_dan,50,50,12,News journalist @NYT,0,1,0
everyday_elena,50,40,7,Medical student | future doctor 🩺,0,1,0
creative_dan,140,132,6,Gaming streamer | Twitch partner 🎮,0,1,0
mark_adventure,577924,1004,1953,Retired engineer | amateur astronomer 🔭,0,1,0
cristiano,252397277,1474,959,Iconic musician 🎸 | 40+ years on stage,1,1,0
mindful_maya,205948,74,1,Get free followers — click bio link,0,1,1
amy_joy,186259,79,4,FREE BTC airdrop → link in bio,0,1,1
botanist_beth,31232,99,3,btc eth airdrop free coins,0,1,1
everyday_elena,50,66,5,Traveler | 50+ countries visited ✈️,0,1,0
photo_by_anna,453132,1591,1097,Musician. Coffee addict. ☕,0,1,0
code_master,96096,78,8,investment advisor DM me,0,0,1
chris_builds,50,98,44,photographer | travel 📷,0,1,0
the_real_sam,50,73,11,photographer | travel 📷,0,1,0
a8f7d3k9p2,340,4174,6309,follow for follow back,0,1,1
chef_marco,50,21,5,photographer | travel 📷,0,1,0
therock84,765089,37,42,Official fan account,0,1,1
chef_marco,114787,44,2,,0,0,1
john_doe,176509,73,7,♻️ repost to win $1000,0,0,1
billgates684,789802,6,16,Official fan account,0,1,1
beyonce827,548198,43,15,Official fan account,0,1,1
sarah_smith,269014,26,3,♻️ repost to win $1000,0,1,1
grace_beauty,620028,1286,468,Fashion designer | PR welcome,0,1,0
a8f7d3k9p2,24,4404,1,earn $500/day 👇,0,1,1
kyliejenner806,166800,40,9,Official fan account,0,1,1
tradebot_fx,61,4476,2,,0,1,1
nike25,859175,8,41,Official fan account,0,1,1
b.scott.official,50,109,5,Data scientist | ML researcher,0,1,0
chris_builds,194153,2623,2597,Dance teacher | choreographer,1,1,0
botanist_beth,56899,22,11,,0,0,1
emma.j,432985,531,2655,Dance teacher | choreographer,0,1,0
alex_travel,50,82,8,fitness coach 💪 DM for plans,0,1,0
kimkardashian,189373541,1717,2409,Grammy-winning artist 🎵 | New album out now,1,1,0
free_followers_now,41,6769,1,investment advisor DM me,0,1,1
b.scott.official,142,172,10,News journalist @NYT,0,1,0
selenagomez,114925346,672,3513,International supermodel | Agency: IMG Models,1,1,0
cristiano,19278810,923,2546,Grammy-winning artist 🎵 | New album out now,1,1,0
grace_beauty,61,28,12,Environmental activist 🌱,0,1,0
b.scott.official,713069,2737,2481,Yoga instructor | wellness coach 🧘,0,1,0
botanist_beth,149,97,5,Musician. Coffee addict. ☕,0,1,0
kyliejenner316,1794675,16,6,Official fan account,0,1,1
justinbieber,36283764,1927,2021,World #1 tennis player 🎾 | Foundation: @AidFundation,1,1,0
mark_adventure,220370,1220,204,Marketing professional | keynote speaker,0,1,0
kyliejenner569,594762,30,15,Official fan account,0,1,1
earn_fast_2024,3718,6252,1411,,0,1,1
the_real_sam,187280,1926,1267,Gaming streamer | Twitch partner 🎮,1,1,0
airdrop_winner99,3571,6142,5281,,0,1,1
kimkardashian,68452267,1187,1949,CEO @Fortune500 | Author | Speaker,1,1,0
taylorswift100,1289740,48,42,Official fan account,0,1,1
beyonce255,1780659,31,29,Official fan account,0,1,1
lisa_writes,126,311,5,Traveler | 50+ countries visited ✈️,0,1,0
code_master,142087,266,2869,Architect | sustainable design,1,1,0
chef_marco,127229,5,5,earn $500/day 👇,0,1,1
lena_captures,901786,1056,1635,Freelance illustrator | art prints available,0,1,0
acc29471838,4146,4321,4488,earn $500/day 👇,0,1,1
creative_dan,344842,84,8,,0,1,1
journeys_with_kai,245,412,14,Yoga instructor | wellness coach 🧘,0,1,0
xXx_profit_xXx,10,6063,3,🔞 link in bio,0,0,1
q7w8e9r0t1y2,49,6459,0,,0,0,1
daniel_f,404043,88,5,📈 passive income daily,0,0,1
creative_dan,107278,64,14,crypto signals ✅ 99% win rate,0,0,1
botanist_beth,50,104,11,Architect | sustainable design,0,1,0
alex_travel,101652,94,6,Real estate investor | DM for passive income secrets,0,1,1
lisa_writes,61,85,17,Freelance illustrator | art prints available,0,1,0
b.scott.official,23298,70,12,🔞 link in bio,0,1,1
real_human_01234,35,7277,1,♻️ repost to win $1000,0,0,1
crypto_king_9999,5,4388,0,📈 passive income daily,0,1,1
mark_adventure,50,70,17,Musician. Coffee addict. ☕,0,1,0
crypto_king_9999,74,6698,2,📈 passive income daily,0,0,1
jeffbezos702,1108728,27,6,Official fan account,0,1,1
sarah_smith,53,79,5,Gaming streamer | Twitch partner 🎮,0,1,0
the_real_sam,50,25,5,Artist | Digital creator ✨,0,1,0
emma.j,50,45,5,Teacher & lifelong learner 📚,0,1,0
mark_adventure,437953,92,13,promo available 📩,0,1,1
tim_cook226,120925,34,27,Official fan account,0,1,1
sarah_smith,50,91,5,Chef | Recipe creator 🍳,0,1,0
amy_joy,77,32,5,Dance teacher | choreographer,0,1,0
jeffbezos197,1664388,39,20,Official fan account,0,1,1
code_master,50,96,6,fitness coach 💪 DM for plans,0,1,0
billgates,104714071,1222,1685,Official account. For business: manager@agency.com,1,1,0
tom_techie,81,129,5,Fashion designer | PR welcome,0,1,0
get_rich_88,20,5455,0,,0,0,1
the_real_sam,462875,87,6,Click link below 💰,0,0,1
a8f7d3k9p2,64,5457,0,,0,1,1
sarah_smith,109,48,27,Retired engineer | amateur astronomer 🔭,0,1,0
chris_builds,50,74,55,Dance teacher | choreographer,0,1,0
a8f7d3k9p2,3,6727,0,earn $500/day 👇,0,0,1
emma.j,462319,60,5,,0,1,1
user8374629,309,4353,5322,,0,1,1
bot_account_7,7782,4043,7951,investment advisor DM me,0,1,1
lisa_writes,50,65,5,software engineer @ Google,0,1,0
code_master,213226,2068,480,Environmental activist 🌱,0,1,0
chef_marco,180,239,14,Podcaster | interviewing founders,0,1,0
surf_with_evan,417928,57,9,DM me to grow your account fast,0,0,1
alex_travel,175365,43,2,Get free followers — click bio link,0,1,1
everyday_elena,467165,2691,2006,Chef | Recipe creator 🍳,0,1,0
cristiano286,1428515,12,17,Official fan account,0,1,1
lisa_writes,478033,22,5,,0,1,1
cristiano361,1188932,15,29,Official fan account,0,1,1
chris_builds,50,110,5,Wildlife photographer based in Kenya,0,1,0
surf_with_evan,50,123,33,Fashion designer | PR welcome,0,1,0
sarah_smith,50,24,5,Blogger | Lifestyle & wellness,0,1,0
kimkardashian593,971375,21,22,Official fan account,0,1,1
dev_pete,269001,0,13,DM me to grow your account fast,0,1,1
nasa,108874113,1264,2553,Grammy-winning artist 🎵 | New album out now,1,1,0
justinbieber456,1612949,0,36,Official fan account,0,1,1
1234567890ab,25,4005,1,,0,1,1
everyday_elena,75036,14,13,,0,1,1
dev_pete,67,137,7,Fashion designer | PR welcome,0,1,0
amy_joy,52,46,5,Artist | Digital creator ✨,0,1,0
free_follower_bot,17,5638,4,,0,1,1
lisa_writes,665867,1954,1025,Data scientist | ML researcher,0,1,0
dev_pete,60180,12,12,Get free followers — click bio link,0,0,1
user8374629,2918,2486,5080,🔞 link in bio,0,1,1
tom_techie,60,69,5,mom of 3 | foodie 🍕,0,1,0
code_master,11706,68,3,,0,1,1
alex_travel,50,20,5,Dog lover 🐾 | Hiking | Books,0,1,0
journeys_with_kai,98,211,5,Marketing professional | keynote speaker,0,1,0
b.scott.official,50,124,146,Developer | Open source enthusiast,0,1,0
oprah363,147166,0,46,Official fan account,0,1,1
dev_pete,218579,2866,359,Traveler | 50+ countries visited ✈️,0,1,0
chris_builds,50,116,5,Chef | Recipe creator 🍳,0,1,0
alex_travel,50,92,5,Blogger | Lifestyle & wellness,0,1,0
sarah_smith,559026,834,101,mom of 3 | foodie 🍕,0,1,0
everyday_elena,50,20,5,Dance teacher | choreographer,0,1,0
sarah_smith,337,836,16,Musician. Coffee addict. ☕,0,1,0
john_doe,492961,68,11,,0,0,1
john_doe,374627,49,5,📈 passive income daily,0,0,1
creative_dan,171501,2255,2458,Musician. Coffee addict. ☕,0,1,0
journeys_with_kai,333962,37,6,DM me to grow your account fast,0,1,1
q7w8e9r0t1y2,23,4735,1,,0,0,1
crypto_king_9999,45,6352,3,,0,0,1
acc29471838,53,5413,0,investment advisor DM me,0,1,1
jeffbezos,140329560,1093,3720,Oscar-winning director | Production company: @StudioX,1,1,0
bot_account_7,23,4858,1,,0,0,1
tim_cook,292711083,1546,3672,Oscar-winning director | Production company: @StudioX,1,1,0
q7w8e9r0t1y2,35,3556,1,promo available 📩,0,1,1
mike_2023,50,70,5,Gaming streamer | Twitch partner 🎮,0,1,0
tradebot_fx,375,3560,1801,,0,1,1
paul_runs,887117,1686,2187,Teacher & lifelong learner 📚,1,1,0
amy_joy,181625,2961,2553,Fashion designer | PR welcome,0,1,0
free_followers_now,732,3921,1248,DM me to grow your account fast,0,1,1
the_real_sam,50,36,5,mom of 3 | foodie 🍕,0,1,0
code_master,586770,2711,1220,Teacher & lifelong learner 📚,0,1,0
code_master,831682,2465,808,Artist | Digital creator ✨,0,1,0
acc29471838,5878,2119,6036,,0,1,1
mindful_maya,370122,52,5,🔞 link in bio,0,1,1
mindful_maya,750802,800,2363,Gaming streamer | Twitch partner 🎮,0,1,0
chef_marco,995231,2480,2047,High school teacher | making STEM fun,0,1,0
alex_travel,495828,90,9,📈 passive income daily,0,0,1
a8f7d3k9p2,30,5406,4,Real estate investor | DM for passive income secrets,0,0,1
code_master,673307,213,459,Entrepreneur | Founder @startup,0,1,0
mindful_maya,333846,63,1,Get free followers — click bio link,0,1,1
journeys_with_kai,56,95,8,mom of 3 | foodie 🍕,0,1,0
kyliejenner867,1324917,8,16,Official fan account,0,1,1
lena_captures,50,98,5,Developer | Open source enthusiast,0,1,0
dev_pete,50,108,5,Podcaster | interviewing founders,0,1,0
dev_pete,143067,11,2,Real estate investor | DM for passive income secrets,0,1,1
realmadrid486,1566949,43,39,Official fan account,0,1,1
chef_marco,97,30,5,Freelance illustrator | art prints available,0,1,0
alex_travel,343627,1081,1406,Gaming streamer | Twitch partner 🎮,0,1,0
fit_jessica,191704,2874,2360,News journalist @NYT,0,1,0
journeys_with_kai,93261,14,6,♻️ repost to win $1000,0,1,1
the_real_sam,50,110,5,Freelance illustrator | art prints available,0,1,0
grace_beauty,50,60,5,High school teacher | making STEM fun,0,1,0
everyday_elena,691323,222,2609,Retired engineer | amateur astronomer 🔭,0,1,0
fit_jessica,537572,1372,849,Retired engineer | amateur astronomer 🔭,0,1,0
tim_cook624,1062339,38,14,Official fan account,0,1,1
lisa_writes,466567,56,3,follow for follow back,0,0,1
acc29471838,785,5423,3945,btc eth airdrop free coins,0,1,1
alex_travel,521918,1207,2888,Teacher & lifelong learner 📚,1,1,0
earn_fast_2024,335,6653,1800,Real estate investor | DM for passive income secrets,0,1,1
chris_builds,110,33,5,Musician. Coffee addict. ☕,0,1,0
nina_art,50,54,5,Artist | Digital creator ✨,0,1,0
everyday_elena,936699,500,247,fitness coach 💪 DM for plans,0,1,0
nasa116,623090,35,20,Official fan account,0,1,1
selenagomez,99728703,1172,3448,Fashion icon | Creative Director @LuxuryBrand,1,1,0
nike938,1646389,10,12,Official fan account,0,1,1
mindful_maya,50,60,8,Dance teacher | choreographer,0,1,0
botanist_beth,461943,58,4,investment advisor DM me,0,1,1
selenagomez5,908734,10,36,Official fan account,0,1,1
daniel_f,105,123,5,Dog lover 🐾 | Hiking | Books,0,1,0
journeys_with_kai,228298,2487,2250,Chef | Recipe creator 🍳,1,1,0
q7w8e9r0t1y2,52,7344,4,,0,0,1
the_real_sam,364042,50,8,📈 passive income daily,0,0,1
follow_back_101,73,5710,1,Get free followers — click bio link,0,0,1
amy_joy,50,117,5,Podcaster | interviewing founders,0,1,0
crypto_king_9999,4871,3182,2542,,0,1,1
code_master,558040,1374,649,Environmental activist 🌱,0,1,0
nft_dropper_69,75,3898,3,,0,1,1
elonmusk,138109632,1589,1496,International supermodel | Agency: IMG Models,1,1,0
tom_techie,50,66,5,Marketing professional | keynote speaker,1,1,0
q7w8e9r0t1y2,7820,2773,1103,Get free followers — click bio link,0,1,1
natgeo,87052078,565,568,Iconic musician 🎸 | 40+ years on stage,1,1,0
chris_builds,121,194,5,Wildlife photographer based in Kenya,0,1,0
everyday_elena,64,129,8,Entrepreneur | Founder @startup,0,1,0
creative_dan,50,63,5,Architect | sustainable design,0,1,0
paul_runs,149,316,5,Nurse practitioner | women's health advocate,0,1,0
beyonce,207571685,1836,2528,Grammy-winning artist 🎵 | New album out now,1,1,0
paul_runs,66,164,5,Gaming streamer | Twitch partner 🎮,0,1,0
surf_with_evan,342088,28,7,NFT investor | crypto tips,0,0,1
arianagrande,219176026,1150,4760,Fashion icon | Creative Director @LuxuryBrand,1,1,0
kyliejenner,129959176,1939,2455,Professional athlete | Team captain | Brand ambassador,1,1,0
9182736450,1538,4557,1860,Get free followers — click bio link,0,1,1
dev_pete,523248,679,1730,Dog lover 🐾 | Hiking | Books,0,1,0
mindful_maya,50,50,5,Musician. Coffee addict. ☕,0,1,0
chef_marco,50,101,5,Teacher & lifelong learner 📚,0,1,0
nina_art,185298,9,3,investment advisor DM me,0,1,1
real_human_01234,4118,4721,6177,📈 passive income daily,0,1,1
botanist_beth,171,329,5,Fashion designer | PR welcome,0,1,0
botanist_beth,481549,15,5,earn $500/day 👇,0,1,1
the_real_sam,957630,914,992,Medical student | future doctor 🩺,0,1,0
q7w8e9r0t1y2,66,7384,4,,0,0,1
oprah,298687577,1474,2618,Official account. For business: manager@agency.com,1,1,0
creative_dan,50,37,5,Nurse practitioner | women's health advocate,0,1,0
mark_adventure,752033,742,2798,Podcaster | interviewing founders,1,1,0
mike_2023,219144,42,6,FREE BTC airdrop → link in bio,0,0,1
xXx_profit_xXx,6935,3959,2681,,0,1,1
creative_dan,50,43,12,Teacher & lifelong learner 📚,0,1,0
the_real_sam,50,83,5,News journalist @NYT,0,1,0
everyday_elena,70,41,7,Traveler | 50+ countries visited ✈️,0,1,0
bot_account_7,49,3381,2,FREE BTC airdrop → link in bio,0,0,1
natgeo,51649262,872,3090,Nobel Peace Prize laureate | Activist,1,1,0
photo_by_anna,50,116,5,Gaming streamer | Twitch partner 🎮,0,1,0
lisa_writes,851685,510,2304,photographer | travel 📷,1,1,0
q7w8e9r0t1y2,14,4031,3,Click link below 💰,0,0,1
emma.j,115929,39,10,,0,0,1
john_doe,50,26,5,Marketing professional | keynote speaker,0,1,0
1234567890ab,1132,6829,5300,📈 passive income daily,0,1,1
nina_art,50,102,5,fitness coach 💪 DM for plans,0,1,0
acc29471838,62,3934,4,📈 passive income daily,0,0,1
nike698,467665,0,30,Official fan account,0,1,1
fcbarcelona374,1860777,33,23,Official fan account,0,1,1
everyday_elena,140603,2544,2743,fitness coach 💪 DM for plans,1,1,0
real_human_01234,56,6767,4,,0,0,1
fcbarcelona461,750717,33,34,Official fan account,0,1,1
billgates854,921151,38,34,Official fan account,0,1,1
earn_fast_2024,69,6985,4,FREE BTC airdrop → link in bio,0,0,1
fit_jessica,353375,24,6,DM me to grow your account fast,0,1,1
real_human_01234,0,3414,4,📈 passive income daily,0,0,1
tom_techie,20091,95,11,♻️ repost to win $1000,0,1,1
elonmusk792,501896,22,25,Official fan account,0,1,1
beyonce548,872770,13,14,Official fan account,0,1,1
grace_beauty,148967,53,7,DM me to grow your account fast,0,1,1
dev_pete,57,134,9,Freelance illustrator | art prints available,0,1,0
sarah_smith,225701,2826,2883,Retired engineer | amateur astronomer 🔭,1,1,0
bot_account_7,5124,5292,7320,,0,1,1
chris_builds,71,25,5,Dance teacher | choreographer,0,1,0
selenagomez,81338903,1989,3806,World #1 tennis player 🎾 | Foundation: @AidFundation,1,1,0
bot_account_7,26,6387,0,,0,1,1
therock,162544952,1447,560,Hollywood actor | Upcoming: Summer Blockbuster 2025,1,1,0
elonmusk988,604937,10,7,Official fan account,0,1,1
user8374629,77,5377,2,📈 passive income daily,0,0,1
billgates289,1694425,48,36,Official fan account,0,1,1
grace_beauty,59223,21,7,Click link below 💰,0,0,1
nft_dropper_69,2963,5389,2669,FREE BTC airdrop → link in bio,0,1,1
code_master,50,78,5,Chef | Recipe creator 🍳,0,1,0
q7w8e9r0t1y2,50,4993,1,earn $500/day 👇,0,1,1
alex_travel,183,414,5,Marketing professional | keynote speaker,0,1,0
nike,67801965,320,2738,Nobel Peace Prize laureate | Activist,1,1,0
follow_back_101,2503,2300,2992,Get free followers — click bio link,0,1,1
beyonce921,959929,43,39,Official fan account,0,1,1
paul_runs,50,70,50,Fashion designer | PR welcome,0,1,0
1234567890ab,2679,4798,2714,Real estate investor | DM for passive income secrets,0,1,1
free_followers_now,2,3347,4,,0,1,1
tom_techie,46069,91,14,♻️ repost to win $1000,0,1,1
earn_fast_2024,15,6153,3,Click link below 💰,0,0,1
surf_with_evan,287541,532,2303,mom of 3 | foodie 🍕,1,1,0
nina_art,50,79,17,High school teacher | making STEM fun,0,1,0
earn_fast_2024,0,4100,3,earn $500/day 👇,0,1,1
acc29471838,6152,2046,7718,,0,1,1
the_real_sam,50,83,32,Fashion designer | PR welcome,0,1,0
q7w8e9r0t1y2,1794,3992,3072,📈 passive income daily,0,1,1
lisa_writes,65,119,16,High school teacher | making STEM fun,0,1,0
emma.j,52,39,8,Medical student | future doctor 🩺,0,1,0
cristiano972,885837,37,35,Official fan account,0,1,1
9182736450,3951,4392,5491,📈 passive income daily,0,1,1
1234567890ab,2,6281,3,,0,0,1
taylorswift,238771661,1111,1777,Professional athlete | Team captain | Brand ambassador,1,1,0
daniel_f,165,138,5,UX designer @Meta,0,1,0
zz_promo_zz,10,7319,2,,0,0,1
amy_joy,94,29,5,Nurse practitioner | women's health advocate,0,1,0
creative_dan,294,503,5,Gaming streamer | Twitch partner 🎮,0,1,0
99882736450,5175,7318,7682,investment advisor DM me,0,1,1
q7w8e9r0t1y2,0,4993,4,📈 passive income daily,0,0,1
9182736450,911,3406,7562,NFT investor | crypto tips,0,1,1
grace_beauty,62,67,9,Artist | Digital creator ✨,0,1,0
cristiano895,826779,22,46,Official fan account,0,1,1
mindful_maya,50,69,5,UX designer @Meta,0,1,0
mark_adventure,50,24,5,Blogger | Lifestyle & wellness,0,1,0
lisa_writes,56491,79,12,♻️ repost to win $1000,0,0,1
get_rich_88,5,5890,0,Real estate investor | DM for passive income secrets,0,1,1
creative_dan,140717,14,0,Click link below 💰,0,1,1
sarah_smith,50,28,12,Marketing professional | keynote speaker,0,1,0
kyliejenner,273280829,1346,4574,Official account. For business: manager@agency.com,1,1,0
daniel_f,50,36,5,Architect | sustainable design,0,1,0
dev_pete,11397,70,9,Real estate investor | DM for passive income secrets,0,1,1
kimkardashian,166520240,1162,4036,Professional athlete | Team captain | Brand ambassador,1,1,0
nft_dropper_69,5510,4334,6977,promo available 📩,0,1,1
xXx_profit_xXx,46,7053,3,🔞 link in bio,0,0,1
mark_adventure,50,43,12,Fashion designer | PR welcome,0,1,0
lena_captures,50,47,5,Developer | Open source enthusiast,0,1,0
earn_fast_2024,5,6875,1,btc eth airdrop free coins,0,0,1
botanist_beth,50,96,5,Medical student | future doctor 🩺,0,1,0
tom_techie,485046,32,4,NFT investor | crypto tips,0,1,1
kyliejenner,290783736,1579,1527,Iconic musician 🎸 | 40+ years on stage,1,1,0
botanist_beth,56,51,5,Chef | Recipe creator 🍳,0,1,0
earn_fast_2024,564,2802,4964,follow for follow back,0,1,1
follow_back_101,28,3868,0,,0,1,1
lisa_writes,50,66,14,Podcaster | interviewing founders,0,1,0
b.scott.official,162,386,5,High school teacher | making STEM fun,0,1,0
chef_marco,357027,93,7,follow for follow back,0,1,1
the_real_sam,481151,61,7,earn $500/day 👇,0,0,1
get_rich_88,38,5625,4,promo available 📩,0,1,1
q7w8e9r0t1y2,46,3537,2,,0,0,1
paul_runs,725,1057,5,Musician. Coffee addict. ☕,0,1,0
oprah,43579419,1176,334,World-renowned chef 👨‍🍳 | Author of 3 cookbooks,1,1,0
lisa_writes,50,55,5,Wildlife photographer based in Kenya,0,1,0
the_real_sam,281,365,9,UX designer @Meta,0,1,0
arianagrande728,1947039,18,8,Official fan account,0,1,1
fit_jessica,108,263,6,Dog lover 🐾 | Hiking | Books,0,1,0
tradebot_fx,2026,3646,5361,crypto signals ✅ 99% win rate,0,1,1
therock248,1442498,38,35,Official fan account,0,1,1
justinbieber,286178085,1135,2747,World #1 tennis player 🎾 | Foundation: @AidFundation,1,1,0
photo_by_anna,50,59,5,News journalist @NYT,0,1,0
tradebot_fx,5791,4848,5675,Click link below 💰,0,1,1
mark_adventure,64,118,5,Medical student | future doctor 🩺,0,1,0
chef_marco,60434,32,11,DM me to grow your account fast,0,0,1
emma.j,272,130,16,Architect | sustainable design,0,1,0
cristiano139,819581,40,37,Official fan account,0,1,1
amy_joy,324,748,19,Nurse practitioner | women's health advocate,0,1,0
real_human_01234,5364,5199,2002,NFT investor | crypto tips,0,1,1
selenagomez26,65400,22,44,Official fan account,0,1,1
free_followers_now,3269,2117,3653,FREE BTC airdrop → link in bio,0,1,1
zz_promo_zz,79,6704,0,♻️ repost to win $1000,0,1,1
free_follower_bot,1406,5402,6994,🔞 link in bio,0,1,1
fit_jessica,182,130,5,Architect | sustainable design,0,1,0
mark_adventure,50,30,7,Fashion designer | PR welcome,0,1,0
amy_joy,70,111,5,News journalist @NYT,0,1,0
airdrop_winner99,6100,3158,3383,earn $500/day 👇,0,1,1
acc29471838,62,5977,0,,0,0,1
chef_marco,50,50,5,Entrepreneur | Founder @startup,0,1,0
therock,280377372,431,1379,Professional athlete | Team captain | Brand ambassador,1,1,0
natgeo943,1144294,13,9,Official fan account,0,1,1
photo_by_anna,50,30,5,Podcaster | interviewing founders,0,1,0
realmadrid843,1276030,45,11,Official fan account,0,1,1
taylorswift335,513749,36,21,Official fan account,0,1,1
beyonce,166948936,1501,2101,Grammy-winning artist 🎵 | New album out now,1,1,0
dev_pete,863,1652,7,Freelance illustrator | art prints available,0,1,0
code_master,986111,2868,1806,mom of 3 | foodie 🍕,1,1,0
kimkardashian,68944377,1153,4473,Official account. For business: manager@agency.com,1,1,0
mindful_maya,50,72,5,Dance teacher | choreographer,0,1,0
crypto_king_9999,44,5147,0,follow for follow back,0,1,1
amy_joy,492390,42,0,earn $500/day 👇,0,1,1
everyday_elena,50,60,7,Entrepreneur | Founder @startup,0,1,0
sarah_smith,990258,682,2909,Entrepreneur | Founder @startup,1,1,0
arianagrande,231305688,815,4906,International supermodel | Agency: IMG Models,1,1,0
kimkardashian,187371146,1393,4516,World #1 tennis player 🎾 | Foundation: @AidFundation,1,1,0
paul_runs,190995,1548,808,Gaming streamer | Twitch partner 🎮,0,1,0
everyday_elena,227,551,9,Entrepreneur | Founder @startup,0,1,0
tradebot_fx,60,7449,2,Click link below 💰,0,0,1
mark_adventure,159,286,5,Podcaster | interviewing founders,0,1,0
earn_fast_2024,4039,3023,3019,,0,1,1
nina_art,57,24,5,Blogger | Lifestyle & wellness,0,1,0
journeys_with_kai,429741,95,5,Get free followers — click bio link,0,0,1
zz_promo_zz,3376,3749,5647,Click link below 💰,0,1,1
airdrop_winner99,6488,5000,4798,promo available 📩,0,1,1
follow_back_101,6638,6672,7544,Click link below 💰,0,1,1
free_follower_bot,4573,6291,4532,,0,1,1
fcbarcelona222,866921,1,38,Official fan account,0,1,1
photo_by_anna,545955,906,492,Entrepreneur | Founder @startup,0,1,0
creative_dan,862465,490,2779,High school teacher | making STEM fun,1,1,0
99882736450,62,6581,4,,0,0,1
1234567890ab,55,6698,0,crypto signals ✅ 99% win rate,0,0,1
john_doe,106,177,10,Podcaster | interviewing founders,0,1,0
earn_fast_2024,5352,2780,7213,crypto signals ✅ 99% win rate,0,1,1
1234567890ab,9,6967,1,NFT investor | crypto tips,0,1,1
beyonce,40186267,335,2966,Fashion icon | Creative Director @LuxuryBrand,1,1,0
beyonce38,1302004,45,13,Official fan account,0,1,1
b.scott.official,50,80,9,Marketing professional | keynote speaker,0,1,0
justinbieber626,1045783,37,11,Official fan account,0,1,1
fcbarcelona,46297993,894,2566,Nobel Peace Prize laureate | Activist,1,1,0
1234567890ab,7296,7445,5492,follow for follow back,0,1,1
therock389,1032169,2,27,Official fan account,0,1,1
q7w8e9r0t1y2,2487,2334,5041,📈 passive income daily,0,1,1
oprah,193127311,1902,2256,Professional athlete | Team captain | Brand ambassador,1,1,0
justinbieber734,181962,12,49,Official fan account,0,1,1
code_master,50,97,5,Entrepreneur | Founder @startup,0,1,0
acc29471838,979,2083,1503,Click link below 💰,0,1,1
99882736450,17,6182,0,Real estate investor | DM for passive income secrets,0,1,1
lisa_writes,50,90,5,Podcaster | interviewing founders,0,1,0
paul_runs,146,178,5,Teacher & lifelong learner 📚,0,1,0
the_real_sam,197640,90,2,📈 passive income daily,0,0,1
justinbieber,30070763,1558,4211,Nobel Peace Prize laureate | Activist,1,1,0
chef_marco,277214,16,11,,0,0,1
lisa_writes,55323,66,11,,0,0,1
dev_pete,514692,621,1850,software engineer @ Google,1,1,0
lisa_writes,288971,374,1039,Traveler | 50+ countries visited ✈️,0,1,0
zz_promo_zz,75,5255,0,🔞 link in bio,0,1,1
lisa_writes,50,106,5,Musician. Coffee addict. ☕,0,1,0
oprah,38757939,1059,3984,Fashion icon | Creative Director @LuxuryBrand,1,1,0
code_master,53,78,60,Dance teacher | choreographer,0,1,0
b.scott.official,50,78,5,Musician. Coffee addict. ☕,0,1,0
tradebot_fx,3000,5439,4028,,0,1,1
arianagrande,213740078,893,4230,Fashion icon | Creative Director @LuxuryBrand,1,1,0
airdrop_winner99,3424,6305,2817,,0,1,1
botanist_beth,50,118,9,Data scientist | ML researcher,0,1,0
surf_with_evan,180857,885,1992,Wildlife photographer based in Kenya,1,1,0
john_doe,74,147,19,Marketing professional | keynote speaker,0,1,0
amy_joy,105,150,5,Entrepreneur | Founder @startup,0,1,0
acc29471838,7758,3326,4140,FREE BTC airdrop → link in bio,0,1,1
code_master,899189,1649,918,Traveler | 50+ countries visited ✈️,0,1,0
natgeo,269611597,1548,3282,Professional athlete | Team captain | Brand ambassador,1,1,0
acc29471838,6797,7303,1248,,0,1,1
chris_builds,240,430,11,Podcaster | interviewing founders,0,1,0
fit_jessica,278698,65,2,,0,1,1
amy_joy,95,146,5,Freelance illustrator | art prints available,0,1,0
amy_joy,80,79,5,Artist | Digital creator ✨,0,1,0
nike,255309570,1310,876,Grammy-winning artist 🎵 | New album out now,1,1,0
airdrop_winner99,1577,3879,7913,,0,1,1
airdrop_winner99,61,5934,4,earn $500/day 👇,0,0,1
sarah_smith,50,123,9,Environmental activist 🌱,0,1,0
follow_back_101,3171,4401,6978,📈 passive income daily,0,1,1
oprah905,1419034,15,49,Official fan account,0,1,1
follow_back_101,4326,7193,5185,investment advisor DM me,0,1,1
natgeo838,1804083,25,48,Official fan account,0,1,1
taylorswift917,1117141,4,44,Official fan account,0,1,1
amy_joy,319836,22,9,📈 passive income daily,0,1,1
real_human_01234,3824,4242,3308,,0,1,1
therock108,1878940,17,49,Official fan account,0,1,1
selenagomez722,1174073,9,42,Official fan account,0,1,1
airdrop_winner99,71,4295,4,,0,0,1
follow_back_101,2861,5414,4694,📈 passive income daily,0,1,1
mark_adventure,79620,22,6,follow for follow back,0,0,1
tim_cook768,1517878,46,5,Official fan account,0,1,1
chris_builds,50,41,5,Freelance illustrator | art prints available,0,1,0
tim_cook567,1787429,44,9,Official fan account,0,1,1
code_master,101495,2763,1863,mom of 3 | foodie 🍕,0,1,0
chef_marco,49998,3,9,,0,1,1
arianagrande728,351304,35,33,Official fan account,0,1,1
bot_account_7,6745,5439,6179,investment advisor DM me,0,1,1
john_doe,273331,1383,1263,Medical student | future doctor 🩺,0,1,0
follow_back_101,38,5456,3,investment advisor DM me,0,1,1
1234567890ab,32,5039,3,,0,1,1
alex_travel,972833,1007,2482,Retired engineer | amateur astronomer 🔭,0,1,0
a8f7d3k9p2,40,5137,4,follow for follow back,0,0,1
lisa_writes,50,52,5,Freelance illustrator | art prints available,0,1,0
lisa_writes,219478,87,9,,0,1,1
nina_art,408375,2663,2227,Environmental activist 🌱,0,1,0
tim_cook729,1905602,13,31,Official fan account,0,1,1
crypto_king_9999,65,3198,0,btc eth airdrop free coins,0,1,1
surf_with_evan,50,39,18,Podcaster | interviewing founders,0,1,0
mindful_maya,50,108,5,Freelance illustrator | art prints available,0,1,0
lena_captures,80,122,12,software engineer @ Google,0,1,0
tom_techie,964522,1728,2134,Dance teacher | choreographer,0,1,0
mike_2023,61,124,5,Dog lover 🐾 | Hiking | Books,0,1,0
bot_account_7,5334,7402,7555,earn $500/day 👇,0,1,1
john_doe,72,154,17,Podcaster | interviewing founders,0,1,0
chris_builds,50,66,5,Environmental activist 🌱,0,1,0
paul_runs,343673,37,8,earn $500/day 👇,0,0,1
99882736450,73,7189,1,,0,1,1
dev_pete,50,45,5,Blogger | Lifestyle & wellness,0,1,0
chris_builds,50,52,6,Medical student | future doctor 🩺,0,1,0
surf_with_evan,125,247,5,photographer | travel 📷,0,1,0
airdrop_winner99,6107,2541,4256,Real estate investor | DM for passive income secrets,0,1,1
lisa_writes,50,93,6,Artist | Digital creator ✨,0,1,0
free_followers_now,6595,3241,4068,FREE BTC airdrop → link in bio,0,1,1
paul_runs,153334,85,5,NFT investor | crypto tips,0,1,1
fit_jessica,439654,31,12,crypto signals ✅ 99% win rate,0,1,1
arianagrande,114459759,1402,1406,Professional athlete | Team captain | Brand ambassador,1,1,0
tom_techie,50,28,14,fitness coach 💪 DM for plans,0,1,0
grace_beauty,122177,26,3,crypto signals ✅ 99% win rate,0,0,1
everyday_elena,50,58,5,Freelance illustrator | art prints available,0,1,0
alex_travel,669054,2781,1978,Dog lover 🐾 | Hiking | Books,0,1,0
sarah_smith,50,111,5,fitness coach 💪 DM for plans,0,1,0
journeys_with_kai,255,217,5,fitness coach 💪 DM for plans,0,1,0
journeys_with_kai,50,75,5,Marketing professional | keynote speaker,0,1,0
a8f7d3k9p2,22,5630,2,,0,0,1
alex_travel,59,82,5,Developer | Open source enthusiast,0,1,0
acc29471838,26,3101,3,follow for follow back,0,1,1
sarah_smith,252878,50,8,DM me to grow your account fast,0,1,1
oprah,39672726,114,2990,Nobel Peace Prize laureate | Activist,1,1,0
mike_2023,337282,38,6,Click link below 💰,0,1,1
chris_builds,253238,15,11,crypto signals ✅ 99% win rate,0,1,1
journeys_with_kai,469861,63,10,promo available 📩,0,1,1
selenagomez664,438650,47,49,Official fan account,0,1,1
everyday_elena,349351,9,5,earn $500/day 👇,0,0,1
beyonce441,1036672,47,14,Official fan account,0,1,1
amy_joy,23745,71,0,btc eth airdrop free coins,0,0,1
grace_beauty,70,136,5,Podcaster | interviewing founders,0,1,0
photo_by_anna,81,161,5,Dog lover 🐾 | Hiking | Books,0,1,0
99882736450,1845,6378,4236,,0,1,1
chris_builds,50,97,21,Retired engineer | amateur astronomer 🔭,0,1,0
crypto_king_9999,24,4024,0,♻️ repost to win $1000,0,0,1
taylorswift,59196973,986,2639,Official account. For business: manager@agency.com,1,1,0
xXx_profit_xXx,7159,3020,2726,,0,1,1
99882736450,1422,3781,6921,,0,1,1
surf_with_evan,77,119,5,Environmental activist 🌱,0,1,0
alex_travel,80,158,5,Data scientist | ML researcher,0,1,0
airdrop_winner99,1692,6124,3956,,0,1,1
neymarjr,254719586,1339,1251,Oscar-winning director | Production company: @StudioX,1,1,0
mindful_maya,50,120,5,Yoga instructor | wellness coach 🧘,0,1,0
nina_art,319237,2309,1794,UX designer @Meta,1,1,0
chris_builds,153811,65,11,FREE BTC airdrop → link in bio,0,0,1
user8374629,41,6363,4,,0,1,1
zz_promo_zz,70,4922,4,,0,1,1
elonmusk941,1684443,38,7,Official fan account,0,1,1
neymarjr,57651936,346,3526,Nobel Peace Prize laureate | Activist,1,1,0
jeffbezos308,1540065,0,19,Official fan account,0,1,1
fcbarcelona,296750767,1156,1242,World #1 tennis player 🎾 | Foundation: @AidFundation,1,1,0
free_follower_bot,11,5244,3,📈 passive income daily,0,1,1
zz_promo_zz,7314,7374,1376,follow for follow back,0,1,1
fit_jessica,50,42,5,Medical student | future doctor 🩺,0,1,0
airdrop_winner99,64,5343,2,,0,0,1
crypto_king_9999,32,5271,3,earn $500/day 👇,0,1,1
code_master,50,91,5,Musician. Coffee addict. ☕,0,1,0
lisa_writes,191,243,5,Fashion designer | PR welcome,0,1,0
photo_by_anna,50,36,5,Yoga instructor | wellness coach 🧘,0,1,0
tim_cook,177324591,1139,3345,International supermodel | Agency: IMG Models,1,1,0
alex_travel,372551,61,4,investment advisor DM me,0,0,1
tom_techie,179973,846,1811,Wildlife photographer based in Kenya,1,1,0
paul_runs,50,98,8,Dog lover 🐾 | Hiking | Books,0,1,0
user8374629,5508,5238,7221,♻️ repost to win $1000,0,1,1
john_doe,48824,61,13,FREE BTC airdrop → link in bio,0,1,1
journeys_with_kai,50,111,25,fitness coach 💪 DM for plans,0,1,0
photo_by_anna,50,47,5,Environmental activist 🌱,0,1,0
oprah,143973462,161,3524,CEO @Fortune500 | Author | Speaker,1,1,0
code_master,941987,802,1474,Fashion designer | PR welcome,1,1,0
grace_beauty,50,100,5,fitness coach 💪 DM for plans,0,1,0
zz_promo_zz,1631,4057,2637,♻️ repost to win $1000,0,1,1
fit_jessica,650998,641,2595,Marketing professional | keynote speaker,0,1,0
9182736450,36,6745,0,follow for follow back,0,1,1
99882736450,5,3482,4,,0,0,1
nina_art,618,710,13,Architect | sustainable design,0,1,0
zz_promo_zz,11,3476,1,Get free followers — click bio link,0,0,1
amy_joy,816826,203,2976,photographer | travel 📷,0,1,0
fit_jessica,50,110,5,Entrepreneur | Founder @startup,0,1,0
realmadrid203,259747,13,23,Official fan account,0,1,1
99882736450,70,4814,1,,0,0,1
jeffbezos260,627037,45,47,Official fan account,0,1,1
john_doe,50,61,5,News journalist @NYT,0,1,0
kyliejenner300,1289876,4,18,Official fan account,0,1,1
code_master,120,44,13,Retired engineer | amateur astronomer 🔭,0,1,0
real_human_01234,35,5867,2,Click link below 💰,0,0,1
zz_promo_zz,72,3779,1,DM me to grow your account fast,0,0,1
the_real_sam,154,315,84,Data scientist | ML researcher,0,1,0
jeffbezos477,1699870,42,13,Official fan account,0,1,1
nasa,276115207,1083,2613,Hollywood actor | Upcoming: Summer Blockbuster 2025,1,1,0
mike_2023,477619,12,0,NFT investor | crypto tips,0,1,1
get_rich_88,6333,2053,2039,promo available 📩,0,1,1
mike_2023,189241,1383,1612,Developer | Open source enthusiast,1,1,0
tom_techie,50,120,7,Dance teacher | choreographer,0,1,0
mark_adventure,50,72,5,Musician. Coffee addict. ☕,0,1,0
tradebot_fx,29,3137,4,Click link below 💰,0,1,1
creative_dan,126851,253,2136,Musician. Coffee addict. ☕,0,1,0
tom_techie,874720,1709,1418,Nurse practitioner | women's health advocate,1,1,0
elonmusk,147086629,1359,1774,Fashion icon | Creative Director @LuxuryBrand,1,1,0
paul_runs,190879,98,6,,0,0,1
jeffbezos23,1072920,31,16,Official fan account,0,1,1
arianagrande,87158528,1496,465,Hollywood actor | Upcoming: Summer Blockbuster 2025,1,1,0
get_rich_88,67,6886,0,,0,0,1
real_human_01234,2491,3449,2927,earn $500/day 👇,0,1,1
fit_jessica,478208,57,13,,0,1,1
chef_marco,278029,68,12,,0,1,1
chris_builds,305163,42,5,DM me to grow your account fast,0,1,1
surf_with_evan,203,108,14,Dog lover 🐾 | Hiking | Books,0,1,0
airdrop_winner99,7,4672,3,NFT investor | crypto tips,0,1,1
nft_dropper_69,2711,5870,6903,Click link below 💰,0,1,1
sarah_smith,886882,1772,826,Dance teacher | choreographer,0,1,0
user8374629,842,4885,2063,,0,1,1
beyonce105,549885,15,47,Official fan account,0,1,1
airdrop_winner99,28,5835,2,,0,1,1
john_doe,50,88,34,fitness coach 💪 DM for plans,0,1,0
acc29471838,61,3618,1,earn $500/day 👇,0,1,1
tradebot_fx,65,3644,3,investment advisor DM me,0,1,1
amy_joy,288979,81,6,🔞 link in bio,0,0,1
mark_adventure,68347,5,3,,0,1,1
mike_2023,388296,12,2,FREE BTC airdrop → link in bio,0,0,1
b.scott.official,868585,1724,2143,Traveler | 50+ countries visited ✈️,0,1,0
paul_runs,866739,2258,2245,Entrepreneur | Founder @startup,0,1,0
bot_account_7,1210,4566,7491,,0,1,1
neymarjr691,282894,20,35,Official fan account,0,1,1
code_master,110,73,9,UX designer @Meta,0,1,0
botanist_beth,82,144,5,News journalist @NYT,0,1,0
the_real_sam,63,101,11,Data scientist | ML researcher,0,1,0
nft_dropper_69,7118,2839,1972,📈 passive income daily,0,1,1
mindful_maya,371463,2363,2714,fitness coach 💪 DM for plans,0,1,0
99882736450,12,6313,0,♻️ repost to win $1000,0,0,1
nina_art,553851,389,670,Data scientist | ML researcher,0,1,0
paul_runs,302842,81,8,DM me to grow your account fast,0,0,1
taylorswift,223683884,1938,2230,Professional athlete | Team captain | Brand ambassador,1,1,0
amy_joy,50,64,6,Developer | Open source enthusiast,0,1,0
fcbarcelona,240488192,1862,865,Oscar-winning director | Production company: @StudioX,1,1,0
chris_builds,870106,2257,1826,software engineer @ Google,0,1,0
xXx_profit_xXx,3342,2513,1569,FREE BTC airdrop → link in bio,0,1,1
creative_dan,183202,81,6,FREE BTC airdrop → link in bio,0,1,1
john_doe,50,86,5,Environmental activist 🌱,0,1,0
journeys_with_kai,482399,1694,2996,Environmental activist 🌱,0,1,0
chris_builds,137,217,5,Traveler | 50+ countries visited ✈️,0,1,0
kyliejenner,27941524,1471,3073,Official account. For business: manager@agency.com,1,1,0
creative_dan,647867,1345,129,Medical student | future doctor 🩺,0,1,0
lena_captures,51,96,5,software engineer @ Google,0,1,0
user8374629,3066,3348,3244,NFT investor | crypto tips,0,1,1
99882736450,6391,6042,1030,Real estate investor | DM for passive income secrets,0,1,1
dev_pete,98,103,5,Yoga instructor | wellness coach 🧘,0,1,0
elonmusk,29419710,1270,1088,Hollywood actor | Upcoming: Summer Blockbuster 2025,1,1,0
nike,55268024,549,1371,Hollywood actor | Upcoming: Summer Blockbuster 2025,1,1,0
mark_adventure,290,352,5,Fashion designer | PR welcome,0,1,0
billgates,256382292,1156,3351,World-renowned chef 👨‍🍳 | Author of 3 cookbooks,1,1,0
mindful_maya,50,68,5,Fashion designer | PR welcome,0,1,0
jeffbezos749,1166957,18,45,Official fan account,0,1,1
selenagomez262,1529447,17,35,Official fan account,0,1,1
mark_adventure,569811,926,471,software engineer @ Google,0,1,0
xXx_profit_xXx,50,5280,3,,0,1,1
9182736450,3204,6567,3764,,0,1,1
journeys_with_kai,237193,50,8,earn $500/day 👇,0,0,1
cristiano262,1715744,49,6,Official fan account,0,1,1
code_master,160,135,20,Wildlife photographer based in Kenya,0,1,0
surf_with_evan,1456,1645,5,Environmental activist 🌱,0,1,0
beyonce,90302722,1006,2528,Grammy-winning artist 🎵 | New album out now,1,1,0
botanist_beth,73,112,14,Artist | Digital creator ✨,0,1,0
john_doe,66,50,5,Entrepreneur | Founder @startup,0,1,0
creative_dan,134,216,16,Dog lover 🐾 | Hiking | Books,0,1,0
real_human_01234,5023,7246,6480,🔞 link in bio,0,1,1
real_human_01234,4060,5846,7376,NFT investor | crypto tips,0,1,1
code_master,120,265,35,Dog lover 🐾 | Hiking | Books,0,1,0
cristiano,154454745,1695,2416,CEO @Fortune500 | Author | Speaker,1,1,0
acc29471838,6120,4530,6552,crypto signals ✅ 99% win rate,0,1,1
mindful_maya,581408,1788,2152,Chef | Recipe creator 🍳,0,1,0
nft_dropper_69,18,6828,3,promo available 📩,0,1,1
natgeo,121321894,1136,2384,Nobel Peace Prize laureate | Activist,1,1,0
chef_marco,444641,22,13,,0,0,1
mike_2023,202284,35,9,follow for follow back,0,1,1
journeys_with_kai,57,63,5,software engineer @ Google,0,1,0
nasa,159873062,1409,4304,World-renowned chef 👨‍🍳 | Author of 3 cookbooks,1,1,0
botanist_beth,63,141,5,Developer | Open source enthusiast,0,1,0
daniel_f,52,124,5,Blogger | Lifestyle & wellness,0,1,0
tom_techie,684705,2892,1996,Artist | Digital creator ✨,0,1,0
grace_beauty,125,148,8,Musician. Coffee addict. ☕,0,1,0
free_follower_bot,517,6945,7599,Click link below 💰,0,1,1
mark_adventure,60,74,5,photographer | travel 📷,0,1,0
follow_back_101,7996,3039,3118,Click link below 💰,0,1,1
creative_dan,29636,48,6,Click link below 💰,0,1,1
nina_art,50,20,5,UX designer @Meta,0,1,0
9182736450,46,3742,4,♻️ repost to win $1000,0,1,1
mindful_maya,456349,36,9,,0,0,1
tradebot_fx,1428,2527,4148,earn $500/day 👇,0,1,1
paul_runs,337460,2412,1006,software engineer @ Google,1,1,0
the_real_sam,50,40,17,mom of 3 | foodie 🍕,0,1,0
realmadrid392,861085,22,35,Official fan account,0,1,1
natgeo770,1326033,23,18,Official fan account,0,1,1
therock59,1779132,30,42,Official fan account,0,1,1
everyday_elena,580548,2859,1752,Blogger | Lifestyle & wellness,0,1,0
99882736450,65,3084,3,follow for follow back,0,1,1
follow_back_101,4755,6814,5634,,0,1,1
dev_pete,50,31,5,Gaming streamer | Twitch partner 🎮,0,1,0
b.scott.official,50,68,6,High school teacher | making STEM fun,0,1,0
dev_pete,476822,2443,2676,photographer | travel 📷,1,1,0
amy_joy,241,121,35,Architect | sustainable design,0,1,0
kimkardashian620,1728485,5,48,Official fan account,0,1,1
daniel_f,292717,36,1,DM me to grow your account fast,0,1,1
tom_techie,50,34,57,Chef | Recipe creator 🍳,0,1,0
real_human_01234,5684,3466,1295,♻️ repost to win $1000,0,1,1
bot_account_7,62,3430,4,FREE BTC airdrop → link in bio,0,1,1
realmadrid,102198488,1704,1856,Nobel Peace Prize laureate | Activist,1,1,0
nft_dropper_69,2296,3839,3601,🔞 link in bio,0,1,1
b.scott.official,58,70,5,Architect | sustainable design,0,1,0
fit_jessica,209252,44,2,🔞 link in bio,0,0,1
xXx_profit_xXx,1412,5657,4733,earn $500/day 👇,0,1,1
natgeo,93676676,974,4098,Fashion icon | Creative Director @LuxuryBrand,1,1,0
taylorswift157,1000658,16,48,Official fan account,0,1,1
jeffbezos,200852485,995,4318,CEO @Fortune500 | Author | Speaker,1,1,0
airdrop_winner99,13,6037,0,🔞 link in bio,0,1,1
cristiano,236000808,1470,712,Nobel Peace Prize laureate | Activist,1,1,0
john_doe,76,34,12,Podcaster | interviewing founders,0,1,0
dev_pete,50,119,5,mom of 3 | foodie 🍕,0,1,0
tradebot_fx,7596,7450,5501,,0,1,1
tim_cook,8505296,260,3773,Oscar-winning director | Production company: @StudioX,1,1,0
9182736450,15,7455,3,earn $500/day 👇,0,0,1
journeys_with_kai,311351,13,6,🔞 link in bio,0,1,1
john_doe,80358,6,5,FREE BTC airdrop → link in bio,0,1,1
airdrop_winner99,7335,2372,3288,Click link below 💰,0,1,1
free_followers_now,2125,3502,7698,📈 passive income daily,0,1,1
chef_marco,109,168,5,Nurse practitioner | women's health advocate,0,1,0
taylorswift223,247102,0,31,Official fan account,0,1,1
billgates170,1032387,33,31,Official fan account,0,1,1
chris_builds,185319,26,12,♻️ repost to win $1000,0,0,1
9182736450,5704,2756,7103,FREE BTC airdrop → link in bio,0,1,1
billgates9,597258,7,25,Official fan account,0,1,1
tom_techie,904864,618,2187,Fashion designer | PR welcome,0,1,0
lisa_writes,58,144,5,Gaming streamer | Twitch partner 🎮,0,1,0
1234567890ab,3754,5570,1910,,0,1,1
the_real_sam,551,1366,5,Entrepreneur | Founder @startup,0,1,0
alex_travel,50,103,10,Dog lover 🐾 | Hiking | Books,0,1,0
neymarjr155,377066,39,8,Official fan account,0,1,1
9182736450,34,5699,0,♻️ repost to win $1000,0,0,1
amy_joy,78344,0,5,,0,1,1
airdrop_winner99,1676,6143,2096,promo available 📩,0,1,1
amy_joy,50,68,5,Architect | sustainable design,0,1,0
lisa_writes,726870,1500,1376,Teacher & lifelong learner 📚,1,1,0
nike287,857064,22,45,Official fan account,0,1,1
user8374629,26,7184,0,,0,0,1
nike,249502688,391,3809,Hollywood actor | Upcoming: Summer Blockbuster 2025,1,1,0
therock,181248634,760,2352,Fashion icon | Creative Director @LuxuryBrand,1,1,0
sarah_smith,393649,89,6,promo available 📩,0,1,1
alex_travel,50,27,5,Environmental activist 🌱,0,1,0
chris_builds,50,41,6,Yoga instructor | wellness coach 🧘,0,1,0
kimkardashian,235037832,257,1596,Nobel Peace Prize laureate | Activist,1,1,0
code_master,59,82,5,Marketing professional | keynote speaker,0,1,0
sarah_smith,749450,1452,1824,fitness coach 💪 DM for plans,0,1,0
surf_with_evan,91,213,5,Architect | sustainable design,0,1,0
dev_pete,144757,59,5,,0,1,1
creative_dan,50,46,17,Environmental activist 🌱,0,1,0
natgeo,257629096,625,3268,Grammy-winning artist 🎵 | New album out now,1,1,0
zz_promo_zz,73,4866,3,follow for follow back,0,1,1
paul_runs,50,112,6,Artist | Digital creator ✨,0,1,0
the_real_sam,56,28,10,Marketing professional | keynote speaker,0,1,0
mike_2023,754062,1277,867,Developer | Open source enthusiast,1,1,0
justinbieber,130195818,1291,959,International supermodel | Agency: IMG Models,1,1,0
selenagomez150,1292131,24,28,Official fan account,0,1,1
oprah,86131304,391,2441,Grammy-winning artist 🎵 | New album out now,1,1,0
b.scott.official,521883,2777,2077,Data scientist | ML researcher,1,1,0
b.scott.official,84,55,7,Dance teacher | choreographer,0,1,0
fcbarcelona,214331010,1625,3215,World #1 tennis player 🎾 | Foundation: @AidFundation,1,1,0
nasa,63508239,1097,2493,Grammy-winning artist 🎵 | New album out now,1,1,0
mike_2023,50,85,5,Data scientist | ML researcher,0,1,0
earn_fast_2024,1908,6358,3755,earn $500/day 👇,0,1,1
grace_beauty,29900,26,11,promo available 📩,0,0,1
b.scott.official,50,104,53,photographer | travel 📷,0,1,0
chef_marco,88,130,5,Entrepreneur | Founder @startup,0,1,0
airdrop_winner99,3780,2112,2895,Real estate investor | DM for passive income secrets,0,1,1
9182736450,4910,2890,3370,DM me to grow your account fast,0,1,1
beyonce545,1419636,10,41,Official fan account,0,1,1
mindful_maya,286945,284,1202,fitness coach 💪 DM for plans,0,1,0
creative_dan,814,1895,9,Architect | sustainable design,0,1,0
taylorswift,7559505,1996,4611,International supermodel | Agency: IMG Models,1,1,0
amy_joy,60,109,10,fitness coach 💪 DM for plans,0,1,0
a8f7d3k9p2,751,2711,3268,investment advisor DM me,0,1,1
the_real_sam,436934,3,10,,0,1,1
follow_back_101,10,3969,0,NFT investor | crypto tips,0,0,1
photo_by_anna,789,1796,8,Teacher & lifelong learner 📚,0,1,0
mike_2023,375706,74,6,earn $500/day 👇,0,0,1
dev_pete,210,201,20,photographer | travel 📷,0,1,0
free_follower_bot,9,5577,3,,0,0,1
elonmusk181,71586,0,10,Official fan account,0,1,1
earn_fast_2024,2,4293,3,📈 passive income daily,0,1,1
botanist_beth,50,118,5,Gaming streamer | Twitch partner 🎮,0,1,0
photo_by_anna,240904,65,1,follow for follow back,0,1,1
nike,3964942,1131,959,Professional athlete | Team captain | Brand ambassador,1,1,0
9182736450,1774,3952,4513,DM me to grow your account fast,0,1,1
therock,126315181,1935,1080,International supermodel | Agency: IMG Models,1,1,0
surf_with_evan,50,70,5,Podcaster | interviewing founders,0,1,0
acc29471838,7102,4471,1968,📈 passive income daily,0,1,1
nasa440,1276635,46,21,Official fan account,0,1,1
john_doe,246312,511,1573,Entrepreneur | Founder @startup,0,1,0
free_followers_now,3798,2374,2549,NFT investor | crypto tips,0,1,1
fit_jessica,136228,2698,2264,Retired engineer | amateur astronomer 🔭,0,1,0
bot_account_7,1637,6674,6925,DM me to grow your account fast,0,1,1
crypto_king_9999,1974,4487,4285,investment advisor DM me,0,1,1
1234567890ab,54,3360,1,Get free followers — click bio link,0,1,1
tim_cook180,438147,22,38,Official fan account,0,1,1
botanist_beth,50,20,5,Retired engineer | amateur astronomer 🔭,0,1,0
user8374629,60,6759,1,crypto signals ✅ 99% win rate,0,1,1
surf_with_evan,450135,45,5,NFT investor | crypto tips,0,1,1
fcbarcelona,96079337,1058,3759,World #1 tennis player 🎾 | Foundation: @AidFundation,1,1,0
beyonce,236912962,1500,1579,Official account. For business: manager@agency.com,1,1,0
taylorswift,152011112,1500,1839,Nobel Peace Prize laureate | Activist,1,1,0
kyliejenner,24215825,1174,1870,Nobel Peace Prize laureate | Activist,1,1,0
free_followers_now,63,3682,3,,0,1,1
realmadrid,90697844,1980,3030,Nobel Peace Prize laureate | Activist,1,1,0
alex_travel,50,30,8,Freelance illustrator | art prints available,0,1,0
elonmusk,186936136,1820,1503,Fashion icon | Creative Director @LuxuryBrand,1,1,0
tradebot_fx,6225,5421,7434,,0,1,1
xXx_profit_xXx,6228,6195,4684,,0,1,1
kyliejenner736,313140,46,5,Official fan account,0,1,1
taylorswift28,607623,47,21,Official fan account,0,1,1
a8f7d3k9p2,3,5803,4,btc eth airdrop free coins,0,0,1
oprah,261934762,948,982,Hollywood actor | Upcoming: Summer Blockbuster 2025,1,1,0
fcbarcelona,235004607,1610,4677,Fashion icon | Creative Director @LuxuryBrand,1,1,0
botanist_beth,216,429,7,Freelance illustrator | art prints available,0,1,0
mark_adventure,50,103,5,Entrepreneur | Founder @startup,0,1,0
jeffbezos,179636065,1056,4345,Fashion icon | Creative Director @LuxuryBrand,1,1,0
neymarjr,291576101,1051,2338,Grammy-winning artist 🎵 | New album out now,1,1,0
99882736450,3156,3458,3991,♻️ repost to win $1000,0,1,1
tom_techie,166009,1,8,earn $500/day 👇,0,1,1
amy_joy,50,79,5,fitness coach 💪 DM for plans,0,1,0
everyday_elena,163,82,5,Blogger | Lifestyle & wellness,0,1,0
mark_adventure,50,121,5,Developer | Open source enthusiast,0,1,0
the_real_sam,441080,0,6,investment advisor DM me,0,0,1
b.scott.official,51,80,5,Data scientist | ML researcher,0,1,0
tim_cook387,999861,44,37,Official fan account,0,1,1
selenagomez,9670851,557,2430,Grammy-winning artist 🎵 | New album out now,1,1,0
b.scott.official,500026,867,207,software engineer @ Google,1,1,0
free_follower_bot,70,6647,3,earn $500/day 👇,0,1,1
code_master,942648,2665,2648,Freelance illustrator | art prints available,0,1,0
crypto_king_9999,1742,2733,3640,NFT investor | crypto tips,0,1,1
paul_runs,56,53,8,Dog lover 🐾 | Hiking | Books,0,1,0
free_follower_bot,49,7169,0,🔞 link in bio,0,1,1
a8f7d3k9p2,2597,6418,7908,Real estate investor | DM for passive income secrets,0,1,1
billgates,229779003,1873,4378,Oscar-winning director | Production company: @StudioX,1,1,0
q7w8e9r0t1y2,3230,2663,4548,🔞 link in bio,0,1,1
botanist_beth,54,81,5,photographer | travel 📷,0,1,0
paul_runs,876,1480,5,Traveler | 50+ countries visited ✈️,0,1,0
99882736450,2415,4275,7281,,0,1,1
chef_marco,351466,68,9,,0,1,1
fcbarcelona,245154060,300,4443,Official account. For business: manager@agency.com,1,1,0
mark_adventure,495722,2441,1936,Chef | Recipe creator 🍳,0,1,0
taylorswift,123655757,1783,743,Iconic musician 🎸 | 40+ years on stage,1,1,0
tom_techie,50,94,5,Architect | sustainable design,0,1,0
everyday_elena,354895,24,12,Real estate investor | DM for passive income secrets,0,1,1
free_followers_now,835,3989,6591,Click link below 💰,0,1,1
99882736450,3,4110,0,NFT investor | crypto tips,0,0,1
journeys_with_kai,50,53,5,Artist | Digital creator ✨,0,1,0
airdrop_winner99,42,3393,2,DM me to grow your account fast,0,0,1
realmadrid435,92893,32,11,Official fan account,0,1,1
kyliejenner870,1948585,31,14,Official fan account,0,1,1
arianagrande233,1310316,9,29,Official fan account,0,1,1
lena_captures,107,218,5,Entrepreneur | Founder @startup,0,1,0
everyday_elena,96,197,5,Dog lover 🐾 | Hiking | Books,0,1,0
emma.j,507332,2190,2514,Fashion designer | PR welcome,0,1,0
jeffbezos,278310677,951,2275,Professional athlete | Team captain | Brand ambassador,1,1,0
fit_jessica,128691,74,12,,0,1,1
daniel_f,768086,2029,172,Entrepreneur | Founder @startup,1,1,0
a8f7d3k9p2,17,4932,2,📈 passive income daily,0,0,1
user8374629,3861,5502,6121,Get free followers — click bio link,0,1,1
natgeo,251302181,1621,4542,Hollywood actor | Upcoming: Summer Blockbuster 2025,1,1,0
creative_dan,692878,1098,2913,Data scientist | ML researcher,0,1,0
amy_joy,73,128,5,Teacher & lifelong learner 📚,0,1,0
creative_dan,435432,505,2801,Wildlife photographer based in Kenya,0,1,0
surf_with_evan,264508,97,5,Real estate investor | DM for passive income secrets,0,1,1
free_followers_now,893,2422,5851,investment advisor DM me,0,1,1
taylorswift279,581482,46,49,Official fan account,0,1,1
billgates,140747098,1591,4280,Official account. For business: manager@agency.com,1,1,0
beyonce388,876898,21,34,Official fan account,0,1,1
justinbieber,50924903,143,798,Grammy-winning artist 🎵 | New album out now,1,1,0
b.scott.official,224699,14,5,NFT investor | crypto tips,0,1,1
selenagomez520,1050004,34,30,Official fan account,0,1,1
nina_art,234783,801,1655,Teacher & lifelong learner 📚,0,1,0
get_rich_88,73,3045,0,NFT investor | crypto tips,0,0,1
mark_adventure,50,47,97,Gaming streamer | Twitch partner 🎮,0,1,0
xXx_profit_xXx,3169,2373,3689,♻️ repost to win $1000,0,1,1
cristiano328,627754,39,49,Official fan account,0,1,1
nasa,27686035,1343,2362,Nobel Peace Prize laureate | Activist,1,1,0
daniel_f,88437,71,0,,0,0,1
paul_runs,50,96,16,Wildlife photographer based in Kenya,0,1,0
b.scott.official,50,99,28,fitness coach 💪 DM for plans,0,1,0
airdrop_winner99,384,5897,6727,♻️ repost to win $1000,0,1,1
therock,40414843,1387,4855,Grammy-winning artist 🎵 | New album out now,1,1,0
free_followers_now,21,3124,1,,0,0,1
acc29471838,882,3786,4244,follow for follow back,0,1,1
lisa_writes,50,61,8,Dog lover 🐾 | Hiking | Books,0,1,0
mark_adventure,231604,99,5,,0,1,1
lisa_writes,319929,63,7,follow for follow back,0,0,1
nina_art,130,190,5,High school teacher | making STEM fun,0,1,0
tradebot_fx,40,3607,2,Click link below 💰,0,0,1
everyday_elena,50,89,5,Wildlife photographer based in Kenya,0,1,0
emma.j,347009,70,9,Click link below 💰,0,1,1
mike_2023,16301,0,13,Real estate investor | DM for passive income secrets,0,1,1
tom_techie,50,32,196,software engineer @ Google,0,1,0
chef_marco,50,25,5,photographer | travel 📷,0,1,0
creative_dan,378248,1352,735,Medical student | future doctor 🩺,0,1,0
creative_dan,203810,1461,2995,Entrepreneur | Founder @startup,1,1,0
mindful_maya,321071,15,11,,0,1,1
journeys_with_kai,135496,82,8,🔞 link in bio,0,0,1
justinbieber,247574592,689,4639,Grammy-winning artist 🎵 | New album out now,1,1,0
zz_promo_zz,3628,3504,2854,📈 passive income daily,0,1,1
jeffbezos547,1103157,36,39,Official fan account,0,1,1
amy_joy,50,91,18,Teacher & lifelong learner 📚,0,1,0
lisa_writes,361294,3,7,Click link below 💰,0,1,1
sarah_smith,145,115,16,Medical student | future doctor 🩺,0,1,0
99882736450,36,6911,1,,0,1,1
kyliejenner,36543401,563,3399,Iconic musician 🎸 | 40+ years on stage,1,1,0
free_followers_now,3,7247,3,,0,0,1
surf_with_evan,71,60,17,Fashion designer | PR welcome,0,1,0
the_real_sam,250456,53,6,,0,1,1
q7w8e9r0t1y2,44,6854,1,follow for follow back,0,0,1
kyliejenner,26150485,562,4250,World #1 tennis player 🎾 | Foundation: @AidFundation,1,1,0
tim_cook,197701122,895,4631,Oscar-winning director | Production company: @StudioX,1,1,0
grace_beauty,421,251,5,Musician. Coffee addict. ☕,0,1,0
tom_techie,716884,1320,2132,UX designer @Meta,0,1,0
alex_travel,71236,23,8,promo available 📩,0,1,1
daniel_f,50,105,5,Marketing professional | keynote speaker,0,1,0
jeffbezos942,1664044,46,43,Official fan account,0,1,1
chef_marco,137760,25,10,earn $500/day 👇,0,0,1
follow_back_101,27,5628,3,Click link below 💰,0,0,1
nft_dropper_69,25,4180,4,,0,0,1
jeffbezos365,1202737,7,30,Official fan account,0,1,1
free_follower_bot,1094,5056,7663,,0,1,1
nike,134260558,1388,3958,Oscar-winning director | Production company: @StudioX,1,1,0
journeys_with_kai,968874,2595,2569,Developer | Open source enthusiast,0,1,0
fit_jessica,50,76,5,Gaming streamer | Twitch partner 🎮,0,1,0
everyday_elena,867503,2589,2717,Entrepreneur | Founder @startup,0,1,0
the_real_sam,50,105,10,Fashion designer | PR welcome,0,1,0
a8f7d3k9p2,4005,7207,4643,follow for follow back,0,1,1
paul_runs,258720,1746,806,News journalist @NYT,0,1,0
fit_jessica,104087,59,12,,0,0,1
fcbarcelona148,1324434,17,18,Official fan account,0,1,1
99882736450,2368,2604,5260,♻️ repost to win $1000,0,1,1
code_master,53,126,5,Dance teacher | choreographer,0,1,0
daniel_f,50,69,18,Retired engineer | amateur astronomer 🔭,0,1,0
fit_jessica,50,37,5,Freelance illustrator | art prints available,0,1,0
tradebot_fx,3139,2732,5198,promo available 📩,0,1,1
journeys_with_kai,302145,1361,2925,Teacher & lifelong learner 📚,0,1,0
free_follower_bot,4533,4793,6408,Real estate investor | DM for passive income secrets,0,1,1
follow_back_101,5,4594,0,investment advisor DM me,0,0,1
amy_joy,106,138,7,Dance teacher | choreographer,0,1,0
sarah_smith,275,594,203,News journalist @NYT,0,1,0
the_real_sam,62,116,5,Entrepreneur | Founder @startup,0,1,0
journeys_with_kai,50,106,12,Blogger | Lifestyle & wellness,0,1,0
jeffbezos,149024631,969,1549,Oscar-winning director | Production company: @StudioX,1,1,0
tom_techie,50,20,16,High school teacher | making STEM fun,0,1,0
sarah_smith,50,99,5,Artist | Digital creator ✨,0,1,0
everyday_elena,50,52,7,Dog lover 🐾 | Hiking | Books,0,1,0
zz_promo_zz,47,7429,3,,0,0,1
99882736450,44,4497,1,📈 passive income daily,0,0,1
dev_pete,99,192,5,fitness coach 💪 DM for plans,0,1,0
kimkardashian395,1636937,2,22,Official fan account,0,1,1
lena_captures,31465,84,13,follow for follow back,0,1,1
dev_pete,190508,20,4,,0,0,1
99882736450,55,6745,4,NFT investor | crypto tips,0,1,1
photo_by_anna,94,162,5,Musician. Coffee addict. ☕,0,1,0
emma.j,64,69,5,Data scientist | ML researcher,0,1,0
botanist_beth,746196,1654,1259,Blogger | Lifestyle & wellness,1,1,0
fit_jessica,50,123,5,Gaming streamer | Twitch partner 🎮,0,1,0
free_follower_bot,78,4264,1,earn $500/day 👇,0,0,1
creative_dan,313216,95,12,,0,0,1
daniel_f,639725,2860,1624,Data scientist | ML researcher,1,1,0
creative_dan,170,90,5,Wildlife photographer based in Kenya,0,1,0
nina_art,50,55,7,Chef | Recipe creator 🍳,0,1,0
daniel_f,123,55,5,Chef | Recipe creator 🍳,0,1,0
9182736450,5,3259,2,♻️ repost to win $1000,0,0,1
grace_beauty,50,101,7,Marketing professional | keynote speaker,0,1,0
alex_travel,50,58,5,Podcaster | interviewing founders,0,1,0
mindful_maya,706543,556,2152,Gaming streamer | Twitch partner 🎮,0,1,0
creative_dan,50,109,11,mom of 3 | foodie 🍕,0,1,0
justinbieber767,1500261,21,48,Official fan account,0,1,1
oprah172,1420284,10,17,Official fan account,0,1,1
1234567890ab,11,6371,2,investment advisor DM me,0,0,1
9182736450,452,4693,6249,earn $500/day 👇,0,1,1
photo_by_anna,166452,85,2,promo available 📩,0,0,1
mindful_maya,159481,35,5,DM me to grow your account fast,0,1,1
user8374629,1506,6354,1999,,0,1,1
a8f7d3k9p2,11,5784,2,NFT investor | crypto tips,0,0,1
fcbarcelona884,1750334,39,24,Official fan account,0,1,1
fcbarcelona578,1151230,29,12,Official fan account,0,1,1
earn_fast_2024,35,5495,4,Click link below 💰,0,1,1
nft_dropper_69,45,3411,1,promo available 📩,0,1,1
follow_back_101,7605,4652,5994,,0,1,1
b.scott.official,108579,26,6,Get free followers — click bio link,0,0,1
99882736450,52,3197,2,investment advisor DM me,0,0,1
99882736450,7536,3346,1115,Click link below 💰,0,1,1
bot_account_7,20,3176,4,investment advisor DM me,0,1,1
therock160,1077158,7,46,Official fan account,0,1,1
fcbarcelona924,264939,16,28,Official fan account,0,1,1
airdrop_winner99,35,4207,1,DM me to grow your account fast,0,0,1
mark_adventure,52,95,30,software engineer @ Google,0,1,0
kyliejenner,59733965,689,4990,Oscar-winning director | Production company: @StudioX,1,1,0
everyday_elena,128,67,5,Developer | Open source enthusiast,0,1,0
botanist_beth,50,20,5,News journalist @NYT,0,1,0
crypto_king_9999,7965,6588,3596,♻️ repost to win $1000,0,1,1
dev_pete,78,105,17,High school teacher | making STEM fun,0,1,0
botanist_beth,274785,5,12,Get free followers — click bio link,0,1,1
mark_adventure,110984,11,13,DM me to grow your account fast,0,0,1
elonmusk,171946687,999,4095,Professional athlete | Team captain | Brand ambassador,1,1,0
fcbarcelona,40498748,1267,3290,Grammy-winning artist 🎵 | New album out now,1,1,0
grace_beauty,78,100,12,Marketing professional | keynote speaker,0,1,0
john_doe,50,77,5,Environmental activist 🌱,0,1,0
sarah_smith,65,148,5,Architect | sustainable design,0,1,0
mark_adventure,50,40,5,Yoga instructor | wellness coach 🧘,0,1,0
zz_promo_zz,62,6205,4,FREE BTC airdrop → link in bio,0,0,1
paul_runs,260536,65,10,,0,0,1
follow_back_101,7835,4529,7752,Real estate investor | DM for passive income secrets,0,1,1
a8f7d3k9p2,40,6132,3,♻️ repost to win $1000,0,0,1
fit_jessica,151,316,5,Entrepreneur | Founder @startup,0,1,0
beyonce62,1334508,20,43,Official fan account,0,1,1
paul_runs,518512,1689,2015,Developer | Open source enthusiast,0,1,0
botanist_beth,360675,1971,301,Yoga instructor | wellness coach 🧘,0,1,0
sarah_smith,50,39,5,News journalist @NYT,0,1,0
q7w8e9r0t1y2,8,4807,0,follow for follow back,0,1,1
fit_jessica,153,195,19,software engineer @ Google,0,1,0
code_master,50,38,12,software engineer @ Google,0,1,0
billgates927,1146343,11,12,Official fan account,0,1,1
emma.j,425439,451,2199,mom of 3 | foodie 🍕,0,1,0
get_rich_88,3431,7329,1097,Real estate investor | DM for passive income secrets,0,1,1
lisa_writes,295951,12,7,,0,0,1
elonmusk766,440963,30,16,Official fan account,0,1,1
chris_builds,422733,22,6,follow for follow back,0,0,1
sarah_smith,123376,78,6,follow for follow back,0,0,1
grace_beauty,50,46,13,mom of 3 | foodie 🍕,0,1,0
jeffbezos,253992244,1657,4238,Nobel Peace Prize laureate | Activist,1,1,0
1234567890ab,13,4902,1,,0,0,1
grace_beauty,50,101,5,photographer | travel 📷,0,1,0
taylorswift,182551733,1923,711,World-renowned chef 👨‍🍳 | Author of 3 cookbooks,1,1,0
earn_fast_2024,7374,7427,5556,btc eth airdrop free coins,0,1,1
photo_by_anna,50,103,5,Fashion designer | PR welcome,0,1,0
oprah,8432987,1154,996,International supermodel | Agency: IMG Models,1,1,0
nasa,256449646,1635,1231,Official account. For business: manager@agency.com,1,1,0
get_rich_88,59,7218,4,Click link below 💰,0,0,1
fit_jessica,50,20,5,Dog lover 🐾 | Hiking | Books,0,1,0
mindful_maya,477717,45,2,,0,1,1
selenagomez160,1804689,19,42,Official fan account,0,1,1
fcbarcelona572,625133,19,5,Official fan account,0,1,1
paul_runs,50,38,50,Blogger | Lifestyle & wellness,0,1,0
mike_2023,50,40,24,High school teacher | making STEM fun,0,1,0
crypto_king_9999,69,5382,1,,0,0,1
alex_travel,292014,51,14,promo available 📩,0,1,1
1234567890ab,50,6050,4,,0,0,1
chris_builds,50,118,5,software engineer @ Google,0,1,0
xXx_profit_xXx,5654,2174,4727,🔞 link in bio,0,1,1
botanist_beth,79,43,5,Chef | Recipe creator 🍳,0,1,0
chef_marco,198710,68,5,FREE BTC airdrop → link in bio,0,0,1
a8f7d3k9p2,72,4399,1,,0,1,1
zz_promo_zz,7764,3901,1062,📈 passive income daily,0,1,1
earn_fast_2024,535,5968,7617,Click link below 💰,0,1,1
chris_builds,891098,575,2568,Fashion designer | PR welcome,0,1,0
tim_cook928,373518,6,38,Official fan account,0,1,1
grace_beauty,90,27,8,Marketing professional | keynote speaker,0,1,0
kyliejenner,65160817,876,4965,World #1 tennis player 🎾 | Foundation: @AidFundation,1,1,0
a8f7d3k9p2,3668,7028,2511,Click link below 💰,0,1,1
tradebot_fx,14,4348,4,,0,0,1
emma.j,255223,62,2,,0,1,1
paul_runs,50,57,5,Yoga instructor | wellness coach 🧘,0,1,0
amy_joy,50,66,6,Freelance illustrator | art prints available,0,1,0
zz_promo_zz,54,6278,1,earn $500/day 👇,0,1,1
fcbarcelona,182171628,1622,4826,Hollywood actor | Upcoming: Summer Blockbuster 2025,1,1,0
therock534,486288,19,10,Official fan account,0,1,1
follow_back_101,3729,4597,3469,,0,1,1
dev_pete,97,52,8,High school teacher | making STEM fun,0,1,0
airdrop_winner99,1084,6696,4398,,0,1,1
get_rich_88,79,5709,1,investment advisor DM me,0,0,1
chef_marco,75307,21,3,DM me to grow your account fast,0,1,1
john_doe,55,107,5,Entrepreneur | Founder @startup,0,1,0
lena_captures,258,553,6,Dog lover 🐾 | Hiking | Books,0,1,0
fit_jessica,120,112,5,Nurse practitioner | women's health advocate,0,1,0
mindful_maya,50,117,5,Environmental activist 🌱,0,1,0
mindful_maya,50,60,5,High school teacher | making STEM fun,0,1,0
sarah_smith,54,118,17,Yoga instructor | wellness coach 🧘,0,1,0
mindful_maya,85,55,24,Yoga instructor | wellness coach 🧘,0,1,0
john_doe,208,103,5,Chef | Recipe creator 🍳,0,1,0
arianagrande,95623975,592,416,International supermodel | Agency: IMG Models,1,1,0
alex_travel,50,25,5,News journalist @NYT,0,1,0
billgates947,678528,43,49,Official fan account,0,1,1
alex_travel,64,75,23,Dog lover 🐾 | Hiking | Books,0,1,0
amy_joy,50,22,10,Dog lover 🐾 | Hiking | Books,0,1,0
dev_pete,452380,58,12,Get free followers — click bio link,0,1,1
amy_joy,13513,31,13,♻️ repost to win $1000,0,0,1
jeffbezos615,460461,15,8,Official fan account,0,1,1
chris_builds,174,213,40,Musician. Coffee addict. ☕,0,1,0
earn_fast_2024,54,3102,4,NFT investor | crypto tips,0,1,1
tom_techie,50,110,5,Blogger | Lifestyle & wellness,0,1,0
a8f7d3k9p2,2793,5938,7184,earn $500/day 👇,0,1,1
natgeo,53217799,201,2317,International supermodel | Agency: IMG Models,1,1,0
paul_runs,50,23,9,Dog lover 🐾 | Hiking | Books,0,1,0
mark_adventure,50,62,7,Environmental activist 🌱,0,1,0
surf_with_evan,63,122,18,software engineer @ Google,0,1,0
nina_art,50,28,5,Medical student | future doctor 🩺,0,1,0
9182736450,7009,7476,7339,,0,1,1
free_follower_bot,6971,3007,2134,investment advisor DM me,0,1,1
acc29471838,49,3596,3,,0,0,1
emma.j,50,106,18,Podcaster | interviewing founders,0,1,0
mike_2023,142,299,9,Musician. Coffee addict. ☕,0,1,0
tom_techie,50,78,10,Environmental activist 🌱,0,1,0
alex_travel,182382,44,2,♻️ repost to win $1000,0,1,1
surf_with_evan,277875,20,0,promo available 📩,0,0,1
john_doe,223062,37,11,DM me to grow your account fast,0,0,1
fit_jessica,50,83,5,Entrepreneur | Founder @startup,0,1,0
cristiano,180278438,1869,4271,Grammy-winning artist 🎵 | New album out now,1,1,0
beyonce244,644187,47,44,Official fan account,0,1,1
billgates973,465122,22,46,Official fan account,0,1,1
sarah_smith,387,488,5,Entrepreneur | Founder @startup,0,1,0
crypto_king_9999,3788,2830,5086,DM me to grow your account fast,0,1,1
follow_back_101,8,5814,3,follow for follow back,0,1,1
everyday_elena,50,94,5,Architect | sustainable design,0,1,0
fit_jessica,50,51,6,High school teacher | making STEM fun,0,1,0
taylorswift380,886061,27,45,Official fan account,0,1,1
chef_marco,162011,2177,981,Architect | sustainable design,1,1,0
surf_with_evan,898655,2894,2280,News journalist @NYT,1,1,0
taylorswift,224290093,598,324,Fashion icon | Creative Director @LuxuryBrand,1,1,0
real_human_01234,26,7014,4,,0,0,1
john_doe,174936,1139,2256,Musician. Coffee addict. ☕,0,1,0
photo_by_anna,474999,2296,2171,Nurse practitioner | women's health advocate,0,1,0
journeys_with_kai,473730,88,9,Click link below 💰,0,1,1
tim_cook,244185215,200,1207,Official account. For business: manager@agency.com,1,1,0
journeys_with_kai,89,92,5,High school teacher | making STEM fun,0,1,0
tim_cook894,1446587,13,34,Official fan account,0,1,1
paul_runs,113620,81,11,Click link below 💰,0,0,1
earn_fast_2024,79,4955,1,,0,1,1
code_master,270347,80,6,,0,1,1
john_doe,50,112,22,Traveler | 50+ countries visited ✈️,0,1,0
justinbieber,166656806,306,3430,Iconic musician 🎸 | 40+ years on stage,1,1,0
9182736450,28,3718,0,promo available 📩,0,1,1
tom_techie,480882,38,11,promo available 📩,0,1,1
daniel_f,50,71,72,Teacher & lifelong learner 📚,0,1,0
paul_runs,169,148,11,photographer | travel 📷,0,1,0
fcbarcelona,240687526,1336,965,CEO @Fortune500 | Author | Speaker,1,1,0
dev_pete,504349,2935,976,Traveler | 50+ countries visited ✈️,0,1,0
nft_dropper_69,5192,2122,2240,investment advisor DM me,0,1,1
real_human_01234,5781,6345,6643,Real estate investor | DM for passive income secrets,0,1,1
99882736450,63,4381,4,FREE BTC airdrop → link in bio,0,0,1
emma.j,439880,65,7,FREE BTC airdrop → link in bio,0,1,1
jeffbezos,149701692,1041,2396,Grammy-winning artist 🎵 | New album out now,1,1,0
nike896,57204,30,33,Official fan account,0,1,1
follow_back_101,14,5706,4,promo available 📩,0,0,1
john_doe,50,75,5,Teacher & lifelong learner 📚,0,1,0
oprah376,1585289,38,36,Official fan account,0,1,1
cristiano972,802412,15,31,Official fan account,0,1,1
mike_2023,25151,72,13,,0,1,1
paul_runs,50,78,12,fitness coach 💪 DM for plans,0,1,0
q7w8e9r0t1y2,6161,3533,4041,Real estate investor | DM for passive income secrets,0,1,1
mindful_maya,50,20,27,Dog lover 🐾 | Hiking | Books,0,1,0
real_human_01234,5353,5198,7924,NFT investor | crypto tips,0,1,1
sarah_smith,50,98,5,photographer | travel 📷,0,1,0
beyonce,46879664,1696,1322,Fashion icon | Creative Director @LuxuryBrand,1,1,0
creative_dan,143,321,8,Retired engineer | amateur astronomer 🔭,0,1,0
alex_travel,621770,1954,2038,fitness coach 💪 DM for plans,0,1,0
chris_builds,281392,6,7,FREE BTC airdrop → link in bio,0,1,1
9182736450,31,6019,4,Click link below 💰,0,0,1
lena_captures,332,291,30,Marketing professional | keynote speaker,0,1,0
photo_by_anna,218,410,12,mom of 3 | foodie 🍕,0,1,0
beyonce585,1152762,28,8,Official fan account,0,1,1
fcbarcelona634,1060878,49,32,Official fan account,0,1,1
sarah_smith,230,540,22,News journalist @NYT,0,1,0
selenagomez582,1878528,39,20,Official fan account,0,1,1
a8f7d3k9p2,66,5773,3,FREE BTC airdrop → link in bio,0,1,1
sarah_smith,577464,2806,1844,Chef | Recipe creator 🍳,1,1,0
grace_beauty,50,57,18,Entrepreneur | Founder @startup,0,1,0
free_follower_bot,5576,2031,4932,Get free followers — click bio link,0,1,1
free_followers_now,4726,2882,3274,btc eth airdrop free coins,0,1,1
user8374629,486,7355,4694,FREE BTC airdrop → link in bio,0,1,1
grace_beauty,50,31,11,Nurse practitioner | women's health advocate,0,1,0
mark_adventure,303935,67,1,,0,1,1
tom_techie,147219,12,6,DM me to grow your account fast,0,0,1
everyday_elena,308,384,7,Architect | sustainable design,0,1,0
therock,15726981,809,4651,CEO @Fortune500 | Author | Speaker,1,1,0
everyday_elena,291049,2009,2356,Developer | Open source enthusiast,0,1,0
fcbarcelona844,1943194,17,28,Official fan account,0,1,1
follow_back_101,4828,7041,4645,♻️ repost to win $1000,0,1,1
the_real_sam,50,107,14,fitness coach 💪 DM for plans,0,1,0
alex_travel,50,20,5,photographer | travel 📷,0,1,0
taylorswift677,333915,43,38,Official fan account,0,1,1
kyliejenner,156785799,1924,4646,Nobel Peace Prize laureate | Activist,1,1,0
creative_dan,54,76,5,Traveler | 50+ countries visited ✈️,0,1,0
grace_beauty,50,73,5,UX designer @Meta,0,1,0
tim_cook222,1164165,39,41,Official fan account,0,1,1
code_master,163,221,10,Medical student | future doctor 🩺,0,1,0
code_master,50,117,5,Marketing professional | keynote speaker,0,1,0
crypto_king_9999,55,6241,3,Click link below 💰,0,0,1
b.scott.official,273005,64,9,Real estate investor | DM for passive income secrets,0,1,1
free_follower_bot,69,6536,0,♻️ repost to win $1000,0,0,1
user8374629,1394,3373,5830,follow for follow back,0,1,1
arianagrande,164424281,1512,3510,Fashion icon | Creative Director @LuxuryBrand,1,1,0
lena_captures,299763,948,517,Fashion designer | PR welcome,1,1,0
surf_with_evan,322180,1551,240,Traveler | 50+ countries visited ✈️,0,1,0
realmadrid19,1948237,36,33,Official fan account,0,1,1
mark_adventure,50,91,5,software engineer @ Google,0,1,0
nina_art,48396,23,11,,0,0,1
nina_art,89,134,5,Gaming streamer | Twitch partner 🎮,0,1,0
real_human_01234,76,5552,0,♻️ repost to win $1000,0,0,1
zz_promo_zz,7073,3533,1361,earn $500/day 👇,0,1,1
lisa_writes,269616,24,11,FREE BTC airdrop → link in bio,0,0,1
realmadrid790,1555308,16,28,Official fan account,0,1,1
natgeo422,774369,42,38,Official fan account,0,1,1
zz_promo_zz,21,3755,0,follow for follow back,0,0,1
mark_adventure,54,44,5,Yoga instructor | wellness coach 🧘,0,1,0
tim_cook65,711323,5,16,Official fan account,0,1,1
alex_travel,167439,74,7,,0,0,1
9182736450,5813,6956,7499,🔞 link in bio,0,1,1
elonmusk930,453699,44,23,Official fan account,0,1,1
neymarjr655,1842503,27,34,Official fan account,0,1,1
code_master,50,108,8,Chef | Recipe creator 🍳,0,1,0
nasa315,902427,16,12,Official fan account,0,1,1
nft_dropper_69,6832,6751,3301,follow for follow back,0,1,1
lisa_writes,191,200,5,News journalist @NYT,0,1,0
1234567890ab,76,5512,2,,0,0,1
therock,133251923,673,2723,Fashion icon | Creative Director @LuxuryBrand,1,1,0
the_real_sam,89,92,5,Artist | Digital creator ✨,0,1,0
nina_art,51,80,10,UX designer @Meta,0,1,0
chris_builds,897901,437,2057,Data scientist | ML researcher,0,1,0
bot_account_7,4554,6045,1104,NFT investor | crypto tips,0,1,1
grace_beauty,795117,2836,1284,fitness coach 💪 DM for plans,0,1,0
nike777,85654,39,12,Official fan account,0,1,1
lisa_writes,50,20,8,UX designer @Meta,0,1,0
the_real_sam,50,93,10,UX designer @Meta,0,1,0
earn_fast_2024,39,7235,3,investment advisor DM me,0,1,1
nina_art,50,113,5,Freelance illustrator | art prints available,0,1,0
photo_by_anna,50,73,7,Developer | Open source enthusiast,0,1,0
therock452,1501940,34,40,Official fan account,0,1,1
mike_2023,934754,2073,2977,software engineer @ Google,0,1,0
therock530,636163,42,31,Official fan account,0,1,1
botanist_beth,50,85,5,Gaming streamer | Twitch partner 🎮,0,1,0
sarah_smith,247266,39,14,Get free followers — click bio link,0,1,1
user8374629,73,3923,2,earn $500/day 👇,0,1,1
real_human_01234,33,5616,2,investment advisor DM me,0,0,1
emma.j,193,79,5,Nurse practitioner | women's health advocate,0,1,0
creative_dan,110,39,15,Retired engineer | amateur astronomer 🔭,0,1,0
everyday_elena,406432,25,12,FREE BTC airdrop → link in bio,0,0,1
zz_promo_zz,3811,2183,6378,♻️ repost to win $1000,0,1,1
surf_with_evan,50,110,31,Freelance illustrator | art prints available,0,1,0
xXx_profit_xXx,6379,7355,2890,investment advisor DM me,0,1,1
oprah,234437980,971,2676,CEO @Fortune500 | Author | Speaker,1,1,0
mark_adventure,747608,1048,2013,Environmental activist 🌱,0,1,0
cristiano566,1018549,13,9,Official fan account,0,1,1
free_followers_now,69,4528,3,,0,1,1
user8374629,8,6382,3,Click link below 💰,0,1,1
real_human_01234,6508,4807,1640,DM me to grow your account fast,0,1,1
amy_joy,50,21,16,Yoga instructor | wellness coach 🧘,0,1,0
alex_travel,366528,302,2826,mom of 3 | foodie 🍕,0,1,0
journeys_with_kai,973796,1313,2404,Fashion designer | PR welcome,1,1,0
photo_by_anna,589146,2921,1370,Architect | sustainable design,0,1,0
natgeo,135025438,845,1844,Official account. For business: manager@agency.com,1,1,0
dev_pete,100,130,35,Freelance illustrator | art prints available,0,1,0
a8f7d3k9p2,24,6300,2,FREE BTC airdrop → link in bio,0,1,1
beyonce439,246797,12,40,Official fan account,0,1,1
lisa_writes,50,57,5,Architect | sustainable design,0,1,0
amy_joy,119,209,16,Wildlife photographer based in Kenya,0,1,0
zz_promo_zz,6794,4087,1147,🔞 link in bio,0,1,1
realmadrid,55259000,1502,4080,Nobel Peace Prize laureate | Activist,1,1,0
john_doe,50,110,5,Entrepreneur | Founder @startup,0,1,0
dev_pete,159,369,5,News journalist @NYT,0,1,0
mindful_maya,60,64,5,mom of 3 | foodie 🍕,0,1,0
justinbieber205,422958,16,48,Official fan account,0,1,1
b.scott.official,442188,91,1,Click link below 💰,0,0,1
real_human_01234,42,5987,2,,0,0,1
everyday_elena,50,20,5,Musician. Coffee addict. ☕,0,1,0
b.scott.official,110,274,5,Chef | Recipe creator 🍳,0,1,0
lisa_writes,50,88,37,Blogger | Lifestyle & wellness,0,1,0
zz_promo_zz,79,3804,4,📈 passive income daily,0,1,1
9182736450,5052,5391,6268,🔞 link in bio,0,1,1
jeffbezos,113531482,1974,322,Iconic musician 🎸 | 40+ years on stage,1,1,0
dev_pete,58,124,5,Blogger | Lifestyle & wellness,0,1,0
beyonce938,941255,10,19,Official fan account,0,1,1
botanist_beth,392734,877,1293,mom of 3 | foodie 🍕,1,1,0
oprah244,622838,44,8,Official fan account,0,1,1
botanist_beth,107,151,5,Developer | Open source enthusiast,0,1,0
daniel_f,74,121,13,Traveler | 50+ countries visited ✈️,0,1,0
real_human_01234,4,7458,0,investment advisor DM me,0,1,1
mark_adventure,50,80,27,Environmental activist 🌱,0,1,0
code_master,198650,97,4,Real estate investor | DM for passive income secrets,0,1,1
get_rich_88,60,4529,4,,0,1,1
1234567890ab,58,3659,0,♻️ repost to win $1000,0,1,1
creative_dan,50,33,6,Dog lover 🐾 | Hiking | Books,0,1,0
b.scott.official,395510,97,9,NFT investor | crypto tips,0,1,1
get_rich_88,76,4471,1,Real estate investor | DM for passive income secrets,0,0,1
mark_adventure,50,43,5,software engineer @ Google,0,1,0
tradebot_fx,3406,5258,4091,earn $500/day 👇,0,1,1
lena_captures,57,84,5,Data scientist | ML researcher,0,1,0
daniel_f,50,65,6,Teacher & lifelong learner 📚,0,1,0
photo_by_anna,498,198,59,Wildlife photographer based in Kenya,0,1,0
photo_by_anna,50,35,5,Retired engineer | amateur astronomer 🔭,0,1,0
mark_adventure,50,43,78,Data scientist | ML researcher,0,1,0
photo_by_anna,20237,50,12,,0,1,1
xXx_profit_xXx,2337,4332,7946,earn $500/day 👇,0,1,1
mark_adventure,342,713,5,Chef | Recipe creator 🍳,0,1,0
mark_adventure,320953,42,8,,0,1,1
grace_beauty,50,62,16,Medical student | future doctor 🩺,0,1,0
cristiano401,376965,19,46,Official fan account,0,1,1
beyonce,16536598,1857,3540,Grammy-winning artist 🎵 | New album out now,1,1,0
botanist_beth,432,812,5,Teacher & lifelong learner 📚,0,1,0
arianagrande979,92854,42,16,Official fan account,0,1,1
creative_dan,455085,52,7,Click link below 💰,0,1,1
sarah_smith,50,112,9,Wildlife photographer based in Kenya,0,1,0
amy_joy,410380,26,11,btc eth airdrop free coins,0,1,1
surf_with_evan,50,76,14,fitness coach 💪 DM for plans,0,1,0
billgates,188718006,1270,3961,Iconic musician 🎸 | 40+ years on stage,1,1,0
sarah_smith,75,160,52,Fashion designer | PR welcome,0,1,0
justinbieber553,867836,4,6,Official fan account,0,1,1
jeffbezos714,458162,11,49,Official fan account,0,1,1
oprah8,406136,14,19,Official fan account,0,1,1
creative_dan,132,100,31,mom of 3 | foodie 🍕,0,1,0
chef_marco,224789,2089,2751,High school teacher | making STEM fun,1,1,0
code_master,369726,696,550,Data scientist | ML researcher,1,1,0
nasa,6837673,1036,3681,International supermodel | Agency: IMG Models,1,1,0
mark_adventure,208,132,8,fitness coach 💪 DM for plans,0,1,0
paul_runs,50,25,5,Medical student | future doctor 🩺,0,1,0
mike_2023,50,39,5,Wildlife photographer based in Kenya,0,1,0
9182736450,18,3179,4,,0,1,1
the_real_sam,50,80,18,Entrepreneur | Founder @startup,0,1,0
arianagrande,111868609,1860,3973,International supermodel | Agency: IMG Models,1,1,0
tradebot_fx,1000,4793,6845,crypto signals ✅ 99% win rate,0,1,1
botanist_beth,50,107,5,Artist | Digital creator ✨,0,1,0
tom_techie,50,106,9,Architect | sustainable design,0,1,0
everyday_elena,50,48,5,Environmental activist 🌱,0,1,0
nft_dropper_69,4428,6334,2753,investment advisor DM me,0,1,1
john_doe,50,20,28,Chef | Recipe creator 🍳,0,1,0
alex_travel,50,28,5,Wildlife photographer based in Kenya,0,1,0
justinbieber,57279326,1355,979,Iconic musician 🎸 | 40+ years on stage,1,1,0
lisa_writes,50,73,5,Architect | sustainable design,0,1,0
amy_joy,425655,74,9,,0,1,1
mindful_maya,358009,96,5,,0,1,1
chef_marco,389,897,7,photographer | travel 📷,0,1,0
chris_builds,50,51,5,Traveler | 50+ countries visited ✈️,0,1,0
chef_marco,87,108,5,Dance teacher | choreographer,0,1,0
mike_2023,152046,46,10,📈 passive income daily,0,1,1
mike_2023,50,58,5,Wildlife photographer based in Kenya,0,1,0
mike_2023,492684,297,1080,Environmental activist 🌱,0,1,0
jeffbezos,72627777,1309,956,Oscar-winning director | Production company: @StudioX,1,1,0
paul_runs,63,39,5,Chef | Recipe creator 🍳,0,1,0
realmadrid,49220261,1051,4708,Grammy-winning artist 🎵 | New album out now,1,1,0
selenagomez566,369220,16,35,Official fan account,0,1,1
journeys_with_kai,308,151,5,Yoga instructor | wellness coach 🧘,0,1,0
everyday_elena,50,105,5,Fashion designer | PR welcome,0,1,0
john_doe,376876,24,12,Real estate investor | DM for passive income secrets,0,0,1
sarah_smith,207369,99,3,NFT investor | crypto tips,0,0,1
john_doe,158,60,19,mom of 3 | foodie 🍕,0,1,0
99882736450,5261,5186,2567,promo available 📩,0,1,1
cristiano144,1498537,12,8,Official fan account,0,1,1
surf_with_evan,136852,1571,2637,Freelance illustrator | art prints available,0,1,0
mark_adventure,68,27,11,Gaming streamer | Twitch partner 🎮,0,1,0
a8f7d3k9p2,54,6421,3,♻️ repost to win $1000,0,0,1
fcbarcelona,254054722,905,856,Professional athlete | Team captain | Brand ambassador,1,1,0
real_human_01234,2206,5106,1024,,0,1,1
nina_art,96,65,5,Marketing professional | keynote speaker,0,1,0
elonmusk789,1125370,28,15,Official fan account,0,1,1
9182736450,30,5675,1,Real estate investor | DM for passive income secrets,0,1,1
daniel_f,50,91,51,Yoga instructor | wellness coach 🧘,0,1,0
free_followers_now,5214,2132,6824,FREE BTC airdrop → link in bio,0,1,1
code_master,137653,51,13,,0,1,1
photo_by_anna,32704,37,1,Click link below 💰,0,0,1
realmadrid,238032835,1374,4606,World #1 tennis player 🎾 | Foundation: @AidFundation,1,1,0
jeffbezos686,1303839,17,41,Official fan account,0,1,1
daniel_f,453806,92,12,,0,1,1
creative_dan,50,64,10,Entrepreneur | Founder @startup,0,1,0
beyonce,183685276,1305,4865,World-renowned chef 👨‍🍳 | Author of 3 cookbooks,1,1,0
journeys_with_kai,69,54,18,Environmental activist 🌱,0,1,0
amy_joy,50,79,5,Artist | Digital creator ✨,0,1,0
journeys_with_kai,124,198,5,High school teacher | making STEM fun,0,1,0
nina_art,104,41,5,Architect | sustainable design,0,1,0
beyonce,213163907,428,2044,Grammy-winning artist 🎵 | New album out now,1,1,0
lisa_writes,907571,1701,579,Medical student | future doctor 🩺,1,1,0
mark_adventure,50,94,11,Traveler | 50+ countries visited ✈️,0,1,0
therock544,121257,46,7,Official fan account,0,1,1
mark_adventure,66,114,5,Blogger | Lifestyle & wellness,0,1,0
follow_back_101,27,5523,4,,0,0,1
arianagrande,131708423,1682,3259,Iconic musician 🎸 | 40+ years on stage,1,1,0
justinbieber516,1041885,18,5,Official fan account,0,1,1
lisa_writes,50,50,5,mom of 3 | foodie 🍕,0,1,0
mark_adventure,50,20,5,Marketing professional | keynote speaker,0,1,0
nasa9,1002939,40,15,Official fan account,0,1,1
justinbieber754,1377596,30,33,Official fan account,0,1,1
follow_back_101,2442,3831,5488,earn $500/day 👇,0,1,1
mike_2023,50,124,9,Environmental activist 🌱,0,1,0
surf_with_evan,175,95,6,Wildlife photographer based in Kenya,0,1,0
nasa,201390773,1549,3185,Official account. For business: manager@agency.com,1,1,0
grace_beauty,101006,15,14,investment advisor DM me,0,0,1
user8374629,3933,5567,5707,♻️ repost to win $1000,0,1,1
fcbarcelona659,1557015,41,34,Official fan account,0,1,1
john_doe,422919,58,10,📈 passive income daily,0,0,1
xXx_profit_xXx,3156,2879,6770,DM me to grow your account fast,0,1,1
code_master,50,34,5,News journalist @NYT,0,1,0
paul_runs,379588,1000,674,Yoga instructor | wellness coach 🧘,1,1,0
b.scott.official,438,980,9,Traveler | 50+ countries visited ✈️,0,1,0
arianagrande600,1875388,6,13,Official fan account,0,1,1
mindful_maya,50,78,5,UX designer @Meta,0,1,0
elonmusk209,500178,30,46,Official fan account,0,1,1
crypto_king_9999,38,4619,4,Real estate investor | DM for passive income secrets,0,0,1
grace_beauty,79,89,6,Medical student | future doctor 🩺,0,1,0
free_followers_now,9,3782,2,FREE BTC airdrop → link in bio,0,0,1
neymarjr225,732028,46,40,Official fan account,0,1,1
xXx_profit_xXx,5720,5425,6470,NFT investor | crypto tips,0,1,1
oprah27,1998620,5,26,Official fan account,0,1,1
nft_dropper_69,30,7497,2,promo available 📩,0,0,1
cristiano500,1387216,17,33,Official fan account,0,1,1
99882736450,2168,3602,6746,crypto signals ✅ 99% win rate,0,1,1
nasa,221729595,1135,819,World-renowned chef 👨‍🍳 | Author of 3 cookbooks,1,1,0
airdrop_winner99,5482,5347,1423,NFT investor | crypto tips,0,1,1
surf_with_evan,50,102,15,Podcaster | interviewing founders,0,1,0
realmadrid514,528941,43,19,Official fan account,0,1,1
code_master,50,87,5,Fashion designer | PR welcome,0,1,0
lena_captures,470324,11,4,♻️ repost to win $1000,0,0,1
john_doe,466540,6,6,earn $500/day 👇,0,0,1
kyliejenner,181329039,883,858,World-renowned chef 👨‍🍳 | Author of 3 cookbooks,1,1,0
kyliejenner827,1385626,18,9,Official fan account,0,1,1
paul_runs,563166,282,2302,Artist | Digital creator ✨,0,1,0
oprah,143150882,779,987,Hollywood actor | Upcoming: Summer Blockbuster 2025,1,1,0
free_followers_now,51,6948,1,,0,1,1
xXx_profit_xXx,56,3042,0,DM me to grow your account fast,0,0,1
bot_account_7,2235,5600,5653,earn $500/day 👇,0,1,1
paul_runs,58,44,20,Environmental activist 🌱,0,1,0
sarah_smith,50,69,5,Marketing professional | keynote speaker,0,1,0
zz_promo_zz,5778,4265,2796,investment advisor DM me,0,1,1
realmadrid575,1636652,3,43,Official fan account,0,1,1
dev_pete,331706,1611,1662,Retired engineer | amateur astronomer 🔭,0,1,0
everyday_elena,53,84,5,Nurse practitioner | women's health advocate,0,1,0
1234567890ab,5073,3090,4104,Get free followers — click bio link,0,1,1
b.scott.official,366502,12,5,Click link below 💰,0,1,1
justinbieber311,1113782,5,19,Official fan account,0,1,1
daniel_f,756475,2748,1332,Yoga instructor | wellness coach 🧘,0,1,0
crypto_king_9999,16,7415,3,,0,0,1
paul_runs,299045,81,9,Get free followers — click bio link,0,1,1
surf_with_evan,50,76,5,Dog lover 🐾 | Hiking | Books,0,1,0
kyliejenner528,611683,38,27,Official fan account,0,1,1
lisa_writes,50,53,5,News journalist @NYT,0,1,0
beyonce790,291627,40,47,Official fan account,0,1,1
q7w8e9r0t1y2,2916,7408,7240,🔞 link in bio,0,1,1
sarah_smith,174179,1182,685,Gaming streamer | Twitch partner 🎮,0,1,0
nft_dropper_69,6024,6053,4304,,0,1,1
get_rich_88,63,6709,2,Click link below 💰,0,1,1
nasa687,1360445,27,48,Official fan account,0,1,1
nina_art,372884,3,8,Get free followers — click bio link,0,1,1
lena_captures,170838,72,10,Real estate investor | DM for passive income secrets,0,0,1
emma.j,50,56,6,Artist | Digital creator ✨,0,1,0
taylorswift551,1849880,41,14,Official fan account,0,1,1
dev_pete,274715,16,4,♻️ repost to win $1000,0,1,1
chef_marco,726,1766,9,Data scientist | ML researcher,0,1,0
tom_techie,258760,97,12,earn $500/day 👇,0,1,1
99882736450,4054,4404,2167,investment advisor DM me,0,1,1
jeffbezos,63271162,1488,1868,Iconic musician 🎸 | 40+ years on stage,1,1,0
free_followers_now,5483,4131,3770,,0,1,1
tom_techie,182381,3,6,Get free followers — click bio link,0,0,1
a8f7d3k9p2,23,5377,0,,0,0,1
tim_cook738,1842437,33,20,Official fan account,0,1,1
sarah_smith,96,40,5,Freelance illustrator | art prints available,0,1,0
user8374629,2828,6376,2633,,0,1,1
arianagrande,282237728,382,2469,CEO @Fortune500 | Author | Speaker,1,1,0
dev_pete,50,55,6,Teacher & lifelong learner 📚,1,1,0
grace_beauty,72,137,5,Freelance illustrator | art prints available,0,1,0
natgeo895,319547,4,31,Official fan account,0,1,1
tom_techie,181142,16,14,FREE BTC airdrop → link in bio,0,0,1
elonmusk,103467888,474,2327,CEO @Fortune500 | Author | Speaker,1,1,0
emma.j,386559,1882,959,Marketing professional | keynote speaker,0,1,0
b.scott.official,142,74,34,fitness coach 💪 DM for plans,0,1,0
alex_travel,407984,273,525,software engineer @ Google,0,1,0
jeffbezos,116141759,1315,1474,Professional athlete | Team captain | Brand ambassador,1,1,0
neymarjr,115793902,179,844,Official account. For business: manager@agency.com,1,1,0
lena_captures,50,115,5,fitness coach 💪 DM for plans,0,1,0
99882736450,10,5805,2,Click link below 💰,0,0,1
nft_dropper_69,665,2673,3393,crypto signals ✅ 99% win rate,0,1,1
1234567890ab,4453,2597,3131,,0,1,1
real_human_01234,2747,6366,1379,FREE BTC airdrop → link in bio,0,1,1
oprah402,1768115,34,20,Official fan account,0,1,1
sarah_smith,50,38,10,Blogger | Lifestyle & wellness,0,1,0
user8374629,7246,3207,1702,earn $500/day 👇,0,1,1
zz_promo_zz,3991,6508,2875,FREE BTC airdrop → link in bio,0,1,1
the_real_sam,64,72,5,UX designer @Meta,0,1,0
99882736450,2802,4484,3883,Click link below 💰,0,1,1
daniel_f,50,105,33,Yoga instructor | wellness coach 🧘,0,1,0
jeffbezos,26697746,482,742,CEO @Fortune500 | Author | Speaker,1,1,0
arianagrande533,877393,48,15,Official fan account,0,1,1
amy_joy,52,23,6,Entrepreneur | Founder @startup,0,1,0
tradebot_fx,1954,2876,6171,earn $500/day 👇,0,1,1
free_follower_bot,23,7185,1,♻️ repost to win $1000,0,0,1
cristiano435,1354699,18,25,Official fan account,0,1,1
airdrop_winner99,7851,4174,3973,♻️ repost to win $1000,0,1,1
emma.j,165087,85,13,,0,1,1
photo_by_anna,50,39,16,Fashion designer | PR welcome,0,1,0
selenagomez801,923830,40,23,Official fan account,0,1,1
zz_promo_zz,270,5760,3549,promo available 📩,0,1,1
sarah_smith,225598,8,4,Real estate investor | DM for passive income secrets,0,0,1
amy_joy,50,61,12,mom of 3 | foodie 🍕,0,1,0
amy_joy,91,100,6,Dog lover 🐾 | Hiking | Books,0,1,0
tradebot_fx,37,7303,3,🔞 link in bio,0,1,1
botanist_beth,120826,1256,2434,Architect | sustainable design,0,1,0
lisa_writes,50,22,5,Traveler | 50+ countries visited ✈️,0,1,0
nft_dropper_69,6,3529,4,btc eth airdrop free coins,0,0,1
bot_account_7,45,3432,1,Click link below 💰,0,0,1
alex_travel,59,95,5,mom of 3 | foodie 🍕,0,1,0
crypto_king_9999,33,5932,1,Click link below 💰,0,1,1
crypto_king_9999,3123,6331,3289,,0,1,1
journeys_with_kai,50,42,19,Dog lover 🐾 | Hiking | Books,0,1,0
bot_account_7,64,3719,4,,0,1,1
free_followers_now,64,3709,4,btc eth airdrop free coins,0,0,1
9182736450,52,5569,1,🔞 link in bio,0,1,1
realmadrid926,867549,33,31,Official fan account,0,1,1
1234567890ab,78,3010,0,,0,1,1
lena_captures,324725,3,6,promo available 📩,0,0,1
free_follower_bot,4381,4672,6386,,0,1,1
user8374629,300,4821,2629,,0,1,1
xXx_profit_xXx,56,5721,0,crypto signals ✅ 99% win rate,0,0,1
therock820,1676299,12,36,Official fan account,0,1,1
jeffbezos897,767449,45,25,Official fan account,0,1,1
a8f7d3k9p2,3972,3357,3958,earn $500/day 👇,0,1,1
amy_joy,50,34,5,photographer | travel 📷,0,1,0
grace_beauty,103,205,190,Yoga instructor | wellness coach 🧘,0,1,0
9182736450,3569,2709,7613,🔞 link in bio,0,1,1
chris_builds,442159,56,9,,0,0,1
user8374629,1270,3876,4049,Real estate investor | DM for passive income secrets,0,1,1
creative_dan,268,150,5,UX designer @Meta,0,1,0
code_master,51,40,5,Musician. Coffee addict. ☕,0,1,0
mindful_maya,86,149,9,mom of 3 | foodie 🍕,0,1,0
tradebot_fx,5584,5948,5026,promo available 📩,0,1,1
oprah91,1886710,48,11,Official fan account,0,1,1
tradebot_fx,7686,5728,5618,earn $500/day 👇,0,1,1
amy_joy,378130,65,1,🔞 link in bio,0,1,1
cristiano,199404849,647,4198,Professional athlete | Team captain | Brand ambassador,1,1,0
nina_art,50,42,5,Dance teacher | choreographer,0,1,0
tom_techie,143,346,9,Environmental activist 🌱,0,1,0
daniel_f,189,175,5,Developer | Open source enthusiast,0,1,0
free_followers_now,26,7297,4,earn $500/day 👇,0,0,1
botanist_beth,455692,80,2,DM me to grow your account fast,0,1,1
paul_runs,50,113,5,Blogger | Lifestyle & wellness,0,1,0
therock,270933731,929,4187,Iconic musician 🎸 | 40+ years on stage,1,1,0
fit_jessica,388415,1031,1437,Developer | Open source enthusiast,1,1,0
nina_art,50,89,5,Chef | Recipe creator 🍳,0,1,0
code_master,891161,629,992,Gaming streamer | Twitch partner 🎮,1,1,0
kyliejenner420,1578831,19,40,Official fan account,0,1,1
chris_builds,67,102,5,Nurse practitioner | women's health advocate,0,1,0
zz_promo_zz,1,4299,2,,0,1,1
b.scott.official,56,68,8,Teacher & lifelong learner 📚,0,1,0
follow_back_101,6408,3738,6631,Get free followers — click bio link,0,1,1
code_master,274118,98,13,NFT investor | crypto tips,0,1,1
nasa429,1738887,2,27,Official fan account,0,1,1
lena_captures,50,72,6,Entrepreneur | Founder @startup,0,1,0
9182736450,6220,4505,1787,📈 passive income daily,0,1,1
lena_captures,50,21,12,Dance teacher | choreographer,0,1,0
surf_with_evan,59,75,9,Gaming streamer | Twitch partner 🎮,0,1,0
code_master,359340,57,8,btc eth airdrop free coins,0,1,1
elonmusk,255217582,1493,2745,Professional athlete | Team captain | Brand ambassador,1,1,0
beyonce419,744536,38,36,Official fan account,0,1,1
sarah_smith,485553,53,14,,0,0,1
nike120,1963724,15,39,Official fan account,0,1,1
crypto_king_9999,1895,6571,7340,FREE BTC airdrop → link in bio,0,1,1
everyday_elena,997071,852,2311,fitness coach 💪 DM for plans,0,1,0
nina_art,185548,2524,1480,Podcaster | interviewing founders,1,1,0
real_human_01234,1178,3657,3883,,0,1,1
mike_2023,999479,466,2081,Architect | sustainable design,0,1,0
1234567890ab,7926,4895,5947,♻️ repost to win $1000,0,1,1
amy_joy,127,127,9,Fashion designer | PR welcome,0,1,0
free_follower_bot,21,6758,3,investment advisor DM me,0,1,1
surf_with_evan,306920,45,11,promo available 📩,0,0,1
lena_captures,50,41,5,Fashion designer | PR welcome,0,1,0
bot_account_7,76,3913,3,Get free followers — click bio link,0,1,1
realmadrid,184778205,1952,1382,Hollywood actor | Upcoming: Summer Blockbuster 2025,1,1,0
lena_captures,424840,68,8,Real estate investor | DM for passive income secrets,0,1,1
emma.j,126,164,7,photographer | travel 📷,0,1,0
everyday_elena,50,30,21,Dog lover 🐾 | Hiking | Books,0,1,0
chris_builds,532546,872,1858,Environmental activist 🌱,1,1,0
nasa10,1346263,28,27,Official fan account,0,1,1
surf_with_evan,50,83,5,fitness coach 💪 DM for plans,0,1,0
kimkardashian639,423955,47,8,Official fan account,0,1,1
alex_travel,50,26,17,Developer | Open source enthusiast,0,1,0
nina_art,712,1271,17,Environmental activist 🌱,0,1,0
tom_techie,85,211,6,Developer | Open source enthusiast,0,1,0
amy_joy,861830,1357,278,Blogger | Lifestyle & wellness,1,1,0
everyday_elena,50,40,6,Data scientist | ML researcher,0,1,0
real_human_01234,35,3723,2,FREE BTC airdrop → link in bio,0,1,1
surf_with_evan,886900,1657,1568,Blogger | Lifestyle & wellness,0,1,0
journeys_with_kai,50,118,9,Traveler | 50+ countries visited ✈️,0,1,0
natgeo224,741658,32,31,Official fan account,0,1,1
fit_jessica,50,41,12,Wildlife photographer based in Kenya,0,1,0
dev_pete,492132,53,9,DM me to grow your account fast,0,1,1
selenagomez,240161252,697,2740,World #1 tennis player 🎾 | Foundation: @AidFundation,1,1,0
therock,299113362,1770,3517,Professional athlete | Team captain | Brand ambassador,1,1,0
real_human_01234,7069,4688,5492,NFT investor | crypto tips,0,1,1
mike_2023,194,62,14,photographer | travel 📷,0,1,0
1234567890ab,636,4751,3550,,0,1,1
fit_jessica,200,186,10,Architect | sustainable design,0,1,0
chef_marco,50,42,5,Medical student | future doctor 🩺,0,1,0
9182736450,3828,4582,6915,DM me to grow your account fast,0,1,1
the_real_sam,88599,59,9,📈 passive income daily,0,1,1
neymarjr759,1172189,37,42,Official fan account,0,1,1
tim_cook,231694171,1423,2470,Iconic musician 🎸 | 40+ years on stage,1,1,0
nina_art,50,106,6,Developer | Open source enthusiast,0,1,0
free_followers_now,79,6520,2,crypto signals ✅ 99% win rate,0,0,1
zz_promo_zz,76,7087,3,Real estate investor | DM for passive income secrets,0,1,1
justinbieber576,629209,31,34,Official fan account,0,1,1
earn_fast_2024,9,6586,3,promo available 📩,0,0,1
lisa_writes,113515,27,11,,0,1,1
mike_2023,803804,519,1570,Architect | sustainable design,0,1,0
paul_runs,135365,37,12,Real estate investor | DM for passive income secrets,0,1,1
emma.j,50,92,34,Chef | Recipe creator 🍳,0,1,0
1234567890ab,71,4204,0,promo available 📩,0,0,1
tim_cook397,772712,33,20,Official fan account,0,1,1
fit_jessica,473088,97,0,promo available 📩,0,1,1
emma.j,50,55,5,Wildlife photographer based in Kenya,0,1,0
user8374629,6750,3186,1952,🔞 link in bio,0,1,1
crypto_king_9999,28,5845,0,Real estate investor | DM for passive income secrets,0,0,1
sarah_smith,449840,71,13,Click link below 💰,0,0,1
mike_2023,50,79,5,Gaming streamer | Twitch partner 🎮,0,1,0
justinbieber,28929360,1267,2311,Oscar-winning director | Production company: @StudioX,1,1,0
nina_art,167671,97,0,promo available 📩,0,0,1
chef_marco,50,113,5,Marketing professional | keynote speaker,0,1,0
photo_by_anna,269960,39,8,DM me to grow your account fast,0,1,1
alex_travel,192,78,47,Dog lover 🐾 | Hiking | Books,0,1,0
mark_adventure,510991,2615,1220,Entrepreneur | Founder @startup,0,1,0
alex_travel,50,63,5,Environmental activist 🌱,0,1,0
therock842,596269,26,34,Official fan account,0,1,1
jeffbezos,234328931,995,3614,Professional athlete | Team captain | Brand ambassador,1,1,0
dev_pete,269626,471,1584,Yoga instructor | wellness coach 🧘,0,1,0
tom_techie,50,38,32,UX designer @Meta,0,1,0
natgeo174,87472,28,42,Official fan account,0,1,1
chris_builds,276,525,59,Wildlife photographer based in Kenya,0,1,0
crypto_king_9999,20,5494,3,♻️ repost to win $1000,0,0,1
user8374629,2291,2021,3117,Get free followers — click bio link,0,1,1
tom_techie,50,111,12,Blogger | Lifestyle & wellness,0,1,0
real_human_01234,2070,2979,3405,crypto signals ✅ 99% win rate,0,1,1
elonmusk,166358349,1555,3274,Official account. For business: manager@agency.com,1,1,0
natgeo148,838591,29,18,Official fan account,0,1,1
airdrop_winner99,45,4065,4,,0,1,1
fit_jessica,947151,822,1703,Artist | Digital creator ✨,0,1,0
xXx_profit_xXx,36,4667,0,NFT investor | crypto tips,0,0,1
b.scott.official,104262,2823,551,Architect | sustainable design,0,1,0
fcbarcelona440,1753796,2,5,Official fan account,0,1,1
a8f7d3k9p2,6871,3968,2746,🔞 link in bio,0,1,1
journeys_with_kai,100,181,5,News journalist @NYT,0,1,0
paul_runs,1542,2766,5,Retired engineer | amateur astronomer 🔭,0,1,0
acc29471838,3,5325,3,Click link below 💰,0,0,1
tom_techie,50,69,8,Marketing professional | keynote speaker,0,1,0
