name,connections,followers,headline,about,endorsements,label
Investment Pro,7,61,Crypto Expert | Free signals,,0,1
Ahmed Hassan,209,507,Sales Director | Enterprise Software,Professional with 2 years experience.,247,0
Earn Fast Now,2,155,Self-employed | Ask me how,Join my team,0,1
John Smith,301,744,UX Designer | Figma | User Research,Professional with 11 years experience.,8,0
Earn Fast Now,35,89,Investment Advisor | Earn 200% Returns,,0,1
Crypto King,32,104,Network Marketing | Join my team,,0,1
Lisa White,88,209,Civil Engineer | Infrastructure Projects,Professional with 12 years experience.,127,0
Crypto King,11,152,Self-employed | Ask me how,Helping people earn online,0,1
Satya Nadella,12245,6777463,Former President | Advocate | Author,"Leader, entrepreneur, and visionary. Shaping the future of technology.",2578,0
MLM Leader,12,106,Real Estate Investor | Passive Income,Helping people earn online,0,1
Satya Nadella,6156,4307794,CEO | Fortune 500 | Author | Speaker,"Leader, entrepreneur, and visionary. Shaping the future of technology.",4052,0
Profit Guru,4,67,Forex Trader | 99% win rate,Helping people earn online,0,1
MLM Leader,26,112,Real Estate Investor | Passive Income,DM for business opportunity,0,1
John Smith,160,158,Sales Director | Enterprise Software,Professional with 19 years experience.,166,0
Lisa White,281,521,Professor | Harvard University | Economics,Professional with 14 years experience.,49,0
Ahmed Hassan,428,429,Data Scientist | NLP | Deep Learning,Professional with 18 years experience.,264,0
Sarah Jones,115,130,Data Scientist | NLP | Deep Learning,Professional with 9 years experience.,228,0
Emma Davis,473,864,Professor | Harvard University | Economics,Professional with 3 years experience.,219,0
Earn Fast Now,42,115,CEO of multiple companies | DM for collab,Join my team,0,1
MLM Leader,7,185,Network Marketing | Join my team,,0,1
Ahmed Hassan,386,735,Professor | Harvard University | Economics,Professional with 5 years experience.,17,0
MLM Leader,6,123,CEO of multiple companies | DM for collab,Join my team,0,1
Earn Fast Now,46,54,MLM Specialist | 6-figure income,,0,1
Investment Pro,37,73,Self-employed | Ask me how,DM for business opportunity,0,1
Earn Fast Now,2,40,Forex Trader | 99% win rate,Helping people earn online,0,1
Sheryl Sandberg,12976,5081287,CEO | Fortune 500 | Author | Speaker,"Leader, entrepreneur, and visionary. Shaping the future of technology.",2562,0
Investment Pro,39,40,Crypto Expert | Free signals,Helping people earn online,0,1
Lisa White,141,379,Consultant | McKinsey & Company,Professional with 5 years experience.,141,0
Emma Davis,331,442,Consultant | McKinsey & Company,Professional with 17 years experience.,199,0
Elon Musk,28406,4441172,Former President | Advocate | Author,"Leader, entrepreneur, and visionary. Shaping the future of technology.",886,0
Ahmed Hassan,318,849,Financial Analyst | CFA Level 3,Professional with 4 years experience.,150,0
Emma Davis,402,1007,Consultant | McKinsey & Company,Professional with 11 years experience.,221,0
David Clark,308,440,Data Scientist | NLP | Deep Learning,Professional with 4 years experience.,101,0
Lisa White,69,167,Civil Engineer | Infrastructure Projects,Professional with 10 years experience.,211,0
Profit Guru,14,80,Crypto Expert | Free signals,Helping people earn online,0,1
John Smith,101,206,Product Manager | Agile | SaaS,Professional with 6 years experience.,207,0
Crypto King,30,86,CEO of multiple companies | DM for collab,DM for business opportunity,0,1
Crypto King,45,80,Real Estate Investor | Passive Income,Helping people earn online,0,1
Earn Fast Now,14,166,Crypto Expert | Free signals,DM for business opportunity,0,1
Emma Davis,487,433,HR Manager | Talent Acquisition,Professional with 17 years experience.,170,0
Elon Musk,13567,1971226,CEO | Fortune 500 | Author | Speaker,"Leader, entrepreneur, and visionary. Shaping the future of technology.",1400,0
Crypto King,14,4,CEO of multiple companies | DM for collab,DM for business opportunity,0,1
Sarah Jones,126,296,Journalist | The New York Times,Professional with 7 years experience.,294,0
Mike Brown,84,105,Professor | Harvard University | Economics,Professional with 17 years experience.,266,0
Investment Pro,41,17,Forex Trader | 99% win rate,DM for business opportunity,0,1
Ahmed Hassan,366,772,Marketing Manager at Unilever | Brand Strategy,Professional with 8 years experience.,32,0
Ahmed Hassan,334,864,Professor | Harvard University | Economics,Professional with 5 years experience.,201,0
David Clark,207,563,Professor | Harvard University | Economics,Professional with 7 years experience.,200,0
Tim Cook,11043,4356711,Former President | Advocate | Author,"Leader, entrepreneur, and visionary. Shaping the future of technology.",2316,0
User 8374,26,167,Real Estate Investor | Passive Income,Helping people earn online,0,1
User 8374,31,161,MLM Specialist | 6-figure income,DM for business opportunity,0,1
Priya Sharma,93,264,HR Manager | Talent Acquisition,Professional with 10 years experience.,177,0
Profit Guru,21,156,Life Coach | Unlocking your potential,,0,1
Emma Davis,325,461,Civil Engineer | Infrastructure Projects,Professional with 3 years experience.,33,0
John Smith,243,330,Journalist | The New York Times,Professional with 15 years experience.,126,0
Crypto King,39,198,Life Coach | Unlocking your potential,Join my team,0,1
Profit Guru,47,70,,DM for business opportunity,0,1
Crypto King,2,83,Forex Trader | 99% win rate,Join my team,0,1
MLM Leader,21,194,Network Marketing | Join my team,DM for business opportunity,0,1
Priya Sharma,328,519,Product Manager | Agile | SaaS,Professional with 7 years experience.,173,0
User 8374,32,72,Investment Advisor | Earn 200% Returns,Join my team,0,1
Mike Brown,435,636,UX Designer | Figma | User Research,Professional with 4 years experience.,125,0
Investment Pro,30,28,Investment Advisor | Earn 200% Returns,DM for business opportunity,0,1
User 8374,39,39,Crypto Expert | Free signals,DM for business opportunity,0,1
Crypto King,48,102,Investment Advisor | Earn 200% Returns,Join my team,0,1
User 8374,12,48,Real Estate Investor | Passive Income,Join my team,0,1
Lisa White,93,182,Professor | Harvard University | Economics,Professional with 12 years experience.,103,0
Earn Fast Now,17,74,Network Marketing | Join my team,DM for business opportunity,0,1
Tim Cook,20648,8250704,CEO | Fortune 500 | Author | Speaker,"Leader, entrepreneur, and visionary. Shaping the future of technology.",3270,0
Earn Fast Now,42,124,Life Coach | Unlocking your potential,Join my team,0,1
Crypto King,47,156,Self-employed | Ask me how,DM for business opportunity,0,1
Ahmed Hassan,431,1158,Software Engineer at Google | Python | ML,Professional with 19 years experience.,233,0
Earn Fast Now,8,199,Crypto Expert | Free signals,DM for business opportunity,0,1
MLM Leader,0,38,Crypto Expert | Free signals,,0,1
Mike Brown,356,593,Consultant | McKinsey & Company,Professional with 8 years experience.,56,0
Anna Lee,421,1008,Marketing Manager at Unilever | Brand Strategy,Professional with 5 years experience.,20,0
User 8374,30,36,Investment Advisor | Earn 200% Returns,DM for business opportunity,0,1
Sarah Jones,378,449,Journalist | The New York Times,Professional with 17 years experience.,5,0
Chris Martin,72,139,Data Scientist | NLP | Deep Learning,Professional with 2 years experience.,5,0
Profit Guru,33,43,Crypto Expert | Free signals,DM for business opportunity,0,1
Satya Nadella,24381,4250615,CEO | Fortune 500 | Author | Speaker,"Leader, entrepreneur, and visionary. Shaping the future of technology.",4118,0
Mike Brown,321,957,Civil Engineer | Infrastructure Projects,Professional with 16 years experience.,270,0
Crypto King,45,112,Real Estate Investor | Passive Income,Join my team,0,1
Earn Fast Now,23,119,CEO of multiple companies | DM for collab,,0,1
User 8374,6,172,Forex Trader | 99% win rate,,0,1
Earn Fast Now,41,53,MLM Specialist | 6-figure income,,0,1
MLM Leader,36,129,Investment Advisor | Earn 200% Returns,Join my team,0,1
Mike Brown,72,193,UX Designer | Figma | User Research,Professional with 5 years experience.,65,0
Ahmed Hassan,171,327,Sales Director | Enterprise Software,Professional with 2 years experience.,156,0
User 8374,25,15,Self-employed | Ask me how,,0,1
MLM Leader,18,113,Life Coach | Unlocking your potential,Helping people earn online,0,1
Profit Guru,29,22,Network Marketing | Join my team,Helping people earn online,0,1
Mike Brown,194,454,PhD Candidate | AI Ethics,Professional with 9 years experience.,231,0
Chris Martin,465,830,PhD Candidate | AI Ethics,Professional with 2 years experience.,284,0
Earn Fast Now,44,183,MLM Specialist | 6-figure income,Join my team,0,1
Profit Guru,17,98,Network Marketing | Join my team,Join my team,0,1
Lisa White,175,373,UX Designer | Figma | User Research,Professional with 12 years experience.,105,0
Crypto King,47,168,Network Marketing | Join my team,DM for business opportunity,0,1
MLM Leader,23,94,,DM for business opportunity,0,1
MLM Leader,25,179,MLM Specialist | 6-figure income,,0,1
Chris Martin,115,229,Consultant | McKinsey & Company,Professional with 10 years experience.,235,0
Emma Davis,234,548,Civil Engineer | Infrastructure Projects,Professional with 2 years experience.,100,0
Lisa White,352,985,Civil Engineer | Infrastructure Projects,Professional with 10 years experience.,186,0
Profit Guru,0,31,Self-employed | Ask me how,DM for business opportunity,0,1
Priya Sharma,166,383,Civil Engineer | Infrastructure Projects,Professional with 7 years experience.,294,0
Emma Davis,162,295,Business Development | Startups | VC,Professional with 19 years experience.,48,0
Ahmed Hassan,450,512,PhD Candidate | AI Ethics,Professional with 9 years experience.,6,0
Mike Brown,248,679,Civil Engineer | Infrastructure Projects,Professional with 2 years experience.,216,0
Sarah Jones,63,179,Consultant | McKinsey & Company,Professional with 6 years experience.,18,0
David Clark,181,186,Civil Engineer | Infrastructure Projects,Professional with 12 years experience.,141,0
Chris Martin,183,161,Sales Director | Enterprise Software,Professional with 15 years experience.,200,0
User 8374,13,120,Life Coach | Unlocking your potential,DM for business opportunity,0,1
Investment Pro,25,14,Crypto Expert | Free signals,Helping people earn online,0,1
Profit Guru,40,73,Self-employed | Ask me how,DM for business opportunity,0,1
Priya Sharma,131,198,Marketing Manager at Unilever | Brand Strategy,Professional with 9 years experience.,194,0
Lisa White,54,87,UX Designer | Figma | User Research,Professional with 13 years experience.,191,0
Crypto King,27,191,Crypto Expert | Free signals,Helping people earn online,0,1
John Smith,436,691,Consultant | McKinsey & Company,Professional with 15 years experience.,187,0
John Smith,432,593,Journalist | The New York Times,Professional with 10 years experience.,213,0
Profit Guru,44,47,Life Coach | Unlocking your potential,Join my team,0,1
MLM Leader,38,32,,DM for business opportunity,0,1
Crypto King,0,4,Self-employed | Ask me how,,0,1
Earn Fast Now,44,192,Life Coach | Unlocking your potential,Helping people earn online,0,1
Sarah Jones,409,368,Financial Analyst | CFA Level 3,Professional with 16 years experience.,130,0
Chris Martin,275,468,Product Manager | Agile | SaaS,Professional with 3 years experience.,261,0
Investment Pro,7,125,Investment Advisor | Earn 200% Returns,Join my team,0,1
Ahmed Hassan,135,239,Marketing Manager at Unilever | Brand Strategy,Professional with 6 years experience.,102,0
Sarah Jones,326,889,Professor | Harvard University | Economics,Professional with 2 years experience.,260,0
Earn Fast Now,20,64,Network Marketing | Join my team,DM for business opportunity,0,1
Emma Davis,198,511,Journalist | The New York Times,Professional with 14 years experience.,218,0
User 8374,6,135,Real Estate Investor | Passive Income,Helping people earn online,0,1
Crypto King,27,106,Real Estate Investor | Passive Income,DM for business opportunity,0,1
Ahmed Hassan,116,268,Consultant | McKinsey & Company,Professional with 7 years experience.,25,0
Ahmed Hassan,405,1117,Marketing Manager at Unilever | Brand Strategy,Professional with 15 years experience.,258,0
Chris Martin,350,666,Product Manager | Agile | SaaS,Professional with 15 years experience.,142,0
Crypto King,41,113,Self-employed | Ask me how,Join my team,0,1
User 8374,7,17,Forex Trader | 99% win rate,,0,1
User 8374,21,191,Real Estate Investor | Passive Income,Join my team,0,1
User 8374,3,180,Forex Trader | 99% win rate,,0,1
Earn Fast Now,33,112,MLM Specialist | 6-figure income,DM for business opportunity,0,1
User 8374,18,116,Real Estate Investor | Passive Income,DM for business opportunity,0,1
David Clark,185,430,HR Manager | Talent Acquisition,Professional with 2 years experience.,97,0
Crypto King,12,95,CEO of multiple companies | DM for collab,Join my team,0,1
Mike Brown,210,431,Data Scientist | NLP | Deep Learning,Professional with 2 years experience.,236,0
User 8374,8,130,CEO of multiple companies | DM for collab,,0,1
Chris Martin,279,654,UX Designer | Figma | User Research,Professional with 13 years experience.,7,0
Mike Brown,237,664,Financial Analyst | CFA Level 3,Professional with 4 years experience.,270,0
Earn Fast Now,12,81,Real Estate Investor | Passive Income,Helping people earn online,0,1
Lisa White,327,316,Software Engineer at Google | Python | ML,Professional with 10 years experience.,157,0
Tim Cook,22075,8098708,CEO | Fortune 500 | Author | Speaker,"Leader, entrepreneur, and visionary. Shaping the future of technology.",989,0
Profit Guru,7,149,Life Coach | Unlocking your potential,,0,1
Chris Martin,160,364,Journalist | The New York Times,Professional with 8 years experience.,175,0
David Clark,96,116,UX Designer | Figma | User Research,Professional with 16 years experience.,244,0
Profit Guru,11,170,CEO of multiple companies | DM for collab,Helping people earn online,0,1
Anna Lee,358,460,Business Development | Startups | VC,Professional with 7 years experience.,284,0
John Smith,269,419,Data Scientist | NLP | Deep Learning,Professional with 13 years experience.,236,0
Priya Sharma,262,343,Journalist | The New York Times,Professional with 3 years experience.,55,0
Earn Fast Now,4,72,Forex Trader | 99% win rate,DM for business opportunity,0,1
Emma Davis,409,357,Professor | Harvard University | Economics,Professional with 9 years experience.,118,0
Crypto King,0,85,Real Estate Investor | Passive Income,,0,1
Sarah Jones,323,917,Civil Engineer | Infrastructure Projects,Professional with 10 years experience.,146,0
Sarah Jones,153,137,Data Scientist | NLP | Deep Learning,Professional with 11 years experience.,199,0
Sundar Pichai,25079,4806032,CEO | Fortune 500 | Author | Speaker,"Leader, entrepreneur, and visionary. Shaping the future of technology.",1232,0
User 8374,10,130,Real Estate Investor | Passive Income,,0,1
User 8374,8,23,Investment Advisor | Earn 200% Returns,Helping people earn online,0,1
Earn Fast Now,0,19,Self-employed | Ask me how,,0,1
Investment Pro,15,130,Investment Advisor | Earn 200% Returns,Join my team,0,1
Investment Pro,8,105,MLM Specialist | 6-figure income,DM for business opportunity,0,1
Chris Martin,108,89,HR Manager | Talent Acquisition,Professional with 13 years experience.,124,0
Investment Pro,33,77,Life Coach | Unlocking your potential,,0,1
Crypto King,34,108,Forex Trader | 99% win rate,Join my team,0,1
Emma Davis,465,1076,Consultant | McKinsey & Company,Professional with 12 years experience.,114,0
Earn Fast Now,44,38,Forex Trader | 99% win rate,DM for business opportunity,0,1
Investment Pro,12,149,Crypto Expert | Free signals,,0,1
John Smith,250,369,Software Engineer at Google | Python | ML,Professional with 15 years experience.,116,0
Investment Pro,48,82,Life Coach | Unlocking your potential,Helping people earn online,0,1
Priya Sharma,110,305,Consultant | McKinsey & Company,Professional with 6 years experience.,33,0
Profit Guru,4,60,Self-employed | Ask me how,DM for business opportunity,0,1
Sarah Jones,193,261,Sales Director | Enterprise Software,Professional with 8 years experience.,245,0
User 8374,27,145,Investment Advisor | Earn 200% Returns,DM for business opportunity,0,1
Crypto King,32,165,MLM Specialist | 6-figure income,Join my team,0,1
Priya Sharma,334,789,Consultant | McKinsey & Company,Professional with 12 years experience.,128,0
MLM Leader,3,41,Crypto Expert | Free signals,DM for business opportunity,0,1
Crypto King,29,73,Real Estate Investor | Passive Income,,0,1
Ahmed Hassan,174,381,UX Designer | Figma | User Research,Professional with 2 years experience.,196,0
John Smith,339,465,Data Scientist | NLP | Deep Learning,Professional with 4 years experience.,205,0
Profit Guru,26,95,Investment Advisor | Earn 200% Returns,Helping people earn online,0,1
User 8374,2,174,,DM for business opportunity,0,1
User 8374,13,175,Network Marketing | Join my team,DM for business opportunity,0,1
Crypto King,48,128,Network Marketing | Join my team,Join my team,0,1
Ahmed Hassan,157,424,Civil Engineer | Infrastructure Projects,Professional with 9 years experience.,161,0
John Smith,241,336,Marketing Manager at Unilever | Brand Strategy,Professional with 4 years experience.,235,0
Investment Pro,29,78,Life Coach | Unlocking your potential,DM for business opportunity,0,1
John Smith,403,671,Professor | Harvard University | Economics,Professional with 9 years experience.,77,0
Sheryl Sandberg,3746,5436816,Founder & CEO | Unicorn Startup | Forbes 30 Under 30,"Leader, entrepreneur, and visionary. Shaping the future of technology.",3766,0
John Smith,198,562,Consultant | McKinsey & Company,Professional with 11 years experience.,159,0
Investment Pro,18,178,Self-employed | Ask me how,Helping people earn online,0,1
Priya Sharma,425,773,Data Scientist | NLP | Deep Learning,Professional with 10 years experience.,155,0
Mike Brown,76,180,UX Designer | Figma | User Research,Professional with 6 years experience.,141,0
Profit Guru,33,28,CEO of multiple companies | DM for collab,DM for business opportunity,0,1
Earn Fast Now,44,55,Crypto Expert | Free signals,DM for business opportunity,0,1
David Clark,181,451,Software Engineer at Google | Python | ML,Professional with 7 years experience.,189,0
Ahmed Hassan,377,336,PhD Candidate | AI Ethics,Professional with 2 years experience.,127,0
Emma Davis,374,580,Consultant | McKinsey & Company,Professional with 6 years experience.,46,0
Ahmed Hassan,286,331,PhD Candidate | AI Ethics,Professional with 4 years experience.,60,0
Chris Martin,190,158,UX Designer | Figma | User Research,Professional with 17 years experience.,59,0
Crypto King,24,78,Network Marketing | Join my team,Join my team,0,1
Earn Fast Now,14,175,,Join my team,0,1
Earn Fast Now,44,186,Real Estate Investor | Passive Income,,0,1
Jensen Huang,17879,8840150,Founder & CEO | Unicorn Startup | Forbes 30 Under 30,"Leader, entrepreneur, and visionary. Shaping the future of technology.",4043,0
Earn Fast Now,1,83,Investment Advisor | Earn 200% Returns,DM for business opportunity,0,1
Jensen Huang,4611,5986433,CEO | Fortune 500 | Author | Speaker,"Leader, entrepreneur, and visionary. Shaping the future of technology.",2924,0
Anna Lee,261,454,Civil Engineer | Infrastructure Projects,Professional with 12 years experience.,114,0
Sarah Jones,85,218,HR Manager | Talent Acquisition,Professional with 5 years experience.,21,0
Ahmed Hassan,132,262,Business Development | Startups | VC,Professional with 3 years experience.,60,0
Investment Pro,40,54,Network Marketing | Join my team,DM for business opportunity,0,1
User 8374,20,1,CEO of multiple companies | DM for collab,Join my team,0,1
Sarah Jones,322,695,Sales Director | Enterprise Software,Professional with 12 years experience.,13,0
Priya Sharma,125,168,Business Development | Startups | VC,Professional with 8 years experience.,113,0
User 8374,37,190,Real Estate Investor | Passive Income,Join my team,0,1
John Smith,172,193,Professor | Harvard University | Economics,Professional with 12 years experience.,122,0
Emma Davis,214,467,Journalist | The New York Times,Professional with 6 years experience.,148,0
Anna Lee,450,1339,HR Manager | Talent Acquisition,Professional with 3 years experience.,79,0
User 8374,46,33,CEO of multiple companies | DM for collab,DM for business opportunity,0,1
Profit Guru,4,37,CEO of multiple companies | DM for collab,DM for business opportunity,0,1
Investment Pro,33,47,Life Coach | Unlocking your potential,,0,1
John Smith,422,611,HR Manager | Talent Acquisition,Professional with 6 years experience.,105,0
Sundar Pichai,7594,2568634,Nobel Laureate | Professor @Stanford,"Leader, entrepreneur, and visionary. Shaping the future of technology.",1557,0
Profit Guru,16,10,Crypto Expert | Free signals,Helping people earn online,0,1
Anna Lee,131,172,Sales Director | Enterprise Software,Professional with 13 years experience.,190,0
Earn Fast Now,47,5,Life Coach | Unlocking your potential,,0,1
Lisa White,292,577,Consultant | McKinsey & Company,Professional with 12 years experience.,298,0
Investment Pro,39,75,,DM for business opportunity,0,1
Profit Guru,8,135,Forex Trader | 99% win rate,Helping people earn online,0,1
Investment Pro,16,145,CEO of multiple companies | DM for collab,,0,1
Anna Lee,181,460,Sales Director | Enterprise Software,Professional with 10 years experience.,111,0
User 8374,25,125,,Join my team,0,1
John Smith,299,771,Financial Analyst | CFA Level 3,Professional with 9 years experience.,142,0
User 8374,38,105,CEO of multiple companies | DM for collab,Helping people earn online,0,1
Mike Brown,97,197,HR Manager | Talent Acquisition,Professional with 9 years experience.,24,0
Anna Lee,431,366,Data Scientist | NLP | Deep Learning,Professional with 18 years experience.,140,0
Crypto King,19,81,MLM Specialist | 6-figure income,DM for business opportunity,0,1
Lisa White,114,234,Journalist | The New York Times,Professional with 19 years experience.,212,0
David Clark,439,573,Professor | Harvard University | Economics,Professional with 7 years experience.,278,0
MLM Leader,34,41,MLM Specialist | 6-figure income,,0,1
Tim Cook,14979,7975275,Former President | Advocate | Author,"Leader, entrepreneur, and visionary. Shaping the future of technology.",1067,0
David Clark,93,141,UX Designer | Figma | User Research,Professional with 9 years experience.,115,0
User 8374,27,108,CEO of multiple companies | DM for collab,DM for business opportunity,0,1
David Clark,270,694,Data Scientist | NLP | Deep Learning,Professional with 9 years experience.,13,0
User 8374,6,28,Forex Trader | 99% win rate,DM for business opportunity,0,1
Profit Guru,16,193,Network Marketing | Join my team,DM for business opportunity,0,1
Anna Lee,221,470,Data Scientist | NLP | Deep Learning,Professional with 2 years experience.,188,0
MLM Leader,45,112,Forex Trader | 99% win rate,,0,1
Ahmed Hassan,192,333,PhD Candidate | AI Ethics,Professional with 4 years experience.,31,0
Profit Guru,48,161,Investment Advisor | Earn 200% Returns,Helping people earn online,0,1
Investment Pro,42,184,Real Estate Investor | Passive Income,Join my team,0,1
Ahmed Hassan,268,278,Professor | Harvard University | Economics,Professional with 2 years experience.,239,0
John Smith,484,688,Data Scientist | NLP | Deep Learning,Professional with 3 years experience.,159,0
MLM Leader,5,60,CEO of multiple companies | DM for collab,Helping people earn online,0,1
Investment Pro,22,183,Investment Advisor | Earn 200% Returns,Helping people earn online,0,1
Jensen Huang,27230,3542449,Former President | Advocate | Author,"Leader, entrepreneur, and visionary. Shaping the future of technology.",517,0
Crypto King,25,65,,Helping people earn online,0,1
Tim Cook,13218,6644289,Nobel Laureate | Professor @Stanford,"Leader, entrepreneur, and visionary. Shaping the future of technology.",4946,0
MLM Leader,18,2,Forex Trader | 99% win rate,Helping people earn online,0,1
Profit Guru,32,192,Real Estate Investor | Passive Income,Join my team,0,1
Earn Fast Now,35,150,MLM Specialist | 6-figure income,Helping people earn online,0,1
Priya Sharma,132,389,Professor | Harvard University | Economics,Professional with 8 years experience.,141,0
David Clark,313,396,UX Designer | Figma | User Research,Professional with 16 years experience.,272,0
David Clark,433,1016,Product Manager | Agile | SaaS,Professional with 5 years experience.,196,0
Crypto King,28,149,Network Marketing | Join my team,DM for business opportunity,0,1
Crypto King,38,75,Forex Trader | 99% win rate,DM for business opportunity,0,1
Profit Guru,27,143,Life Coach | Unlocking your potential,,0,1
Mike Brown,59,132,Civil Engineer | Infrastructure Projects,Professional with 8 years experience.,187,0
Crypto King,30,111,CEO of multiple companies | DM for collab,Helping people earn online,0,1
Earn Fast Now,8,116,,Helping people earn online,0,1
Earn Fast Now,13,88,MLM Specialist | 6-figure income,Helping people earn online,0,1
Priya Sharma,438,405,Data Scientist | NLP | Deep Learning,Professional with 16 years experience.,260,0
Sarah Jones,66,172,Professor | Harvard University | Economics,Professional with 5 years experience.,193,0
User 8374,19,127,CEO of multiple companies | DM for collab,Helping people earn online,0,1
Lisa White,137,316,Financial Analyst | CFA Level 3,Professional with 5 years experience.,72,0
Earn Fast Now,31,174,Forex Trader | 99% win rate,,0,1
User 8374,1,193,Life Coach | Unlocking your potential,,0,1
John Smith,85,230,UX Designer | Figma | User Research,Professional with 4 years experience.,13,0
Crypto King,20,131,Self-employed | Ask me how,Join my team,0,1
Profit Guru,2,87,CEO of multiple companies | DM for collab,Helping people earn online,0,1
Sundar Pichai,9628,8788312,CEO | Fortune 500 | Author | Speaker,"Leader, entrepreneur, and visionary. Shaping the future of technology.",4214,0
Lisa White,208,505,Professor | Harvard University | Economics,Professional with 7 years experience.,159,0
Profit Guru,41,67,Forex Trader | 99% win rate,DM for business opportunity,0,1
Elon Musk,16340,2396883,Founder & CEO | Unicorn Startup | Forbes 30 Under 30,"Leader, entrepreneur, and visionary. Shaping the future of technology.",2511,0
Sarah Jones,365,546,Professor | Harvard University | Economics,Professional with 3 years experience.,177,0
User 8374,36,41,Self-employed | Ask me how,,0,1
Profit Guru,9,123,Life Coach | Unlocking your potential,Join my team,0,1
User 8374,40,181,Forex Trader | 99% win rate,Helping people earn online,0,1
Earn Fast Now,13,53,,Helping people earn online,0,1
Ahmed Hassan,340,401,Professor | Harvard University | Economics,Professional with 4 years experience.,167,0
David Clark,124,252,Business Development | Startups | VC,Professional with 18 years experience.,68,0
Sheryl Sandberg,9545,7169623,Former President | Advocate | Author,"Leader, entrepreneur, and visionary. Shaping the future of technology.",1420,0
Investment Pro,3,1,,,0,1
Earn Fast Now,20,190,Network Marketing | Join my team,,0,1
Lisa White,367,765,Civil Engineer | Infrastructure Projects,Professional with 14 years experience.,17,0
Anna Lee,377,832,Business Development | Startups | VC,Professional with 19 years experience.,185,0
Jensen Huang,28744,2383711,Former President | Advocate | Author,"Leader, entrepreneur, and visionary. Shaping the future of technology.",690,0
Investment Pro,46,137,CEO of multiple companies | DM for collab,Join my team,0,1
Crypto King,0,31,Self-employed | Ask me how,DM for business opportunity,0,1
Lisa White,93,138,Sales Director | Enterprise Software,Professional with 12 years experience.,117,0
MLM Leader,35,92,,Join my team,0,1
Profit Guru,28,178,MLM Specialist | 6-figure income,,0,1
Investment Pro,13,125,Investment Advisor | Earn 200% Returns,DM for business opportunity,0,1
John Smith,459,489,Financial Analyst | CFA Level 3,Professional with 12 years experience.,47,0
Elon Musk,28319,3187814,CEO | Fortune 500 | Author | Speaker,"Leader, entrepreneur, and visionary. Shaping the future of technology.",3924,0
Investment Pro,34,58,MLM Specialist | 6-figure income,Helping people earn online,0,1
Crypto King,5,143,Life Coach | Unlocking your potential,,0,1
Earn Fast Now,26,108,,DM for business opportunity,0,1
Sarah Jones,438,1280,Sales Director | Enterprise Software,Professional with 14 years experience.,210,0
MLM Leader,37,23,Self-employed | Ask me how,Join my team,0,1
Priya Sharma,498,434,Business Development | Startups | VC,Professional with 7 years experience.,72,0
Earn Fast Now,18,125,Forex Trader | 99% win rate,DM for business opportunity,0,1
Investment Pro,13,12,Crypto Expert | Free signals,,0,1
User 8374,9,198,Crypto Expert | Free signals,Helping people earn online,0,1
User 8374,49,5,Life Coach | Unlocking your potential,Join my team,0,1
Elon Musk,7206,8237176,CEO | Fortune 500 | Author | Speaker,"Leader, entrepreneur, and visionary. Shaping the future of technology.",509,0
Crypto King,25,31,Forex Trader | 99% win rate,Helping people earn online,0,1
Anna Lee,269,412,Marketing Manager at Unilever | Brand Strategy,Professional with 11 years experience.,296,0
Mike Brown,488,1054,Civil Engineer | Infrastructure Projects,Professional with 12 years experience.,97,0
Mike Brown,405,333,Consultant | McKinsey & Company,Professional with 13 years experience.,7,0
Chris Martin,176,319,Consultant | McKinsey & Company,Professional with 4 years experience.,129,0
Investment Pro,3,10,Real Estate Investor | Passive Income,DM for business opportunity,0,1
Lisa White,419,812,Marketing Manager at Unilever | Brand Strategy,Professional with 15 years experience.,92,0
Profit Guru,27,74,Network Marketing | Join my team,Helping people earn online,0,1
Chris Martin,238,470,Data Scientist | NLP | Deep Learning,Professional with 10 years experience.,276,0
Emma Davis,207,554,Professor | Harvard University | Economics,Professional with 18 years experience.,176,0
Lisa White,412,501,Professor | Harvard University | Economics,Professional with 5 years experience.,298,0
Investment Pro,29,119,Crypto Expert | Free signals,Join my team,0,1
Mike Brown,270,787,Journalist | The New York Times,Professional with 18 years experience.,46,0
John Smith,473,557,Financial Analyst | CFA Level 3,Professional with 8 years experience.,11,0
User 8374,27,5,CEO of multiple companies | DM for collab,DM for business opportunity,0,1
Chris Martin,480,668,Product Manager | Agile | SaaS,Professional with 12 years experience.,270,0
Priya Sharma,52,70,Consultant | McKinsey & Company,Professional with 17 years experience.,176,0
User 8374,5,170,CEO of multiple companies | DM for collab,DM for business opportunity,0,1
Investment Pro,14,50,Forex Trader | 99% win rate,Helping people earn online,0,1
Investment Pro,11,118,Self-employed | Ask me how,Join my team,0,1
John Smith,364,856,Software Engineer at Google | Python | ML,Professional with 9 years experience.,29,0
User 8374,10,24,Investment Advisor | Earn 200% Returns,DM for business opportunity,0,1
Ahmed Hassan,486,1336,Civil Engineer | Infrastructure Projects,Professional with 13 years experience.,245,0
Priya Sharma,110,236,HR Manager | Talent Acquisition,Professional with 15 years experience.,231,0
Investment Pro,36,57,Real Estate Investor | Passive Income,Join my team,0,1
Mike Brown,284,551,Sales Director | Enterprise Software,Professional with 13 years experience.,72,0
User 8374,36,174,CEO of multiple companies | DM for collab,,0,1
Profit Guru,13,124,Crypto Expert | Free signals,Helping people earn online,0,1
Sarah Jones,195,163,HR Manager | Talent Acquisition,Professional with 4 years experience.,274,0
Mike Brown,343,637,Software Engineer at Google | Python | ML,Professional with 18 years experience.,239,0
Anna Lee,237,229,Product Manager | Agile | SaaS,Professional with 12 years experience.,117,0
Crypto King,47,80,Real Estate Investor | Passive Income,,0,1
User 8374,40,80,,Helping people earn online,0,1
Satya Nadella,6611,6482563,Former President | Advocate | Author,"Leader, entrepreneur, and visionary. Shaping the future of technology.",3292,0
Chris Martin,458,850,Journalist | The New York Times,Professional with 10 years experience.,294,0
Earn Fast Now,11,143,MLM Specialist | 6-figure income,Helping people earn online,0,1
Investment Pro,29,149,Crypto Expert | Free signals,DM for business opportunity,0,1
Crypto King,13,163,Investment Advisor | Earn 200% Returns,Helping people earn online,0,1
Investment Pro,12,191,Self-employed | Ask me how,Join my team,0,1
Sarah Jones,497,1344,Civil Engineer | Infrastructure Projects,Professional with 13 years experience.,154,0
Ahmed Hassan,438,817,Marketing Manager at Unilever | Brand Strategy,Professional with 16 years experience.,257,0
Ahmed Hassan,227,226,Business Development | Startups | VC,Professional with 9 years experience.,261,0
Lisa White,244,274,Marketing Manager at Unilever | Brand Strategy,Professional with 12 years experience.,24,0
Mike Brown,174,195,Marketing Manager at Unilever | Brand Strategy,Professional with 13 years experience.,40,0
David Clark,336,688,HR Manager | Talent Acquisition,Professional with 4 years experience.,160,0
Investment Pro,0,172,Self-employed | Ask me how,,0,1
Ahmed Hassan,167,146,Marketing Manager at Unilever | Brand Strategy,Professional with 14 years experience.,109,0
Profit Guru,9,187,CEO of multiple companies | DM for collab,Helping people earn online,0,1
Emma Davis,150,246,Professor | Harvard University | Economics,Professional with 16 years experience.,282,0
Crypto King,2,55,Real Estate Investor | Passive Income,Join my team,0,1
Crypto King,34,85,Forex Trader | 99% win rate,Join my team,0,1
Satya Nadella,8109,1000002,Founder & CEO | Unicorn Startup | Forbes 30 Under 30,"Leader, entrepreneur, and visionary. Shaping the future of technology.",2091,0
Earn Fast Now,37,155,Life Coach | Unlocking your potential,Join my team,0,1
MLM Leader,19,19,Crypto Expert | Free signals,Helping people earn online,0,1
Earn Fast Now,35,78,Real Estate Investor | Passive Income,,0,1
Sarah Jones,91,256,Financial Analyst | CFA Level 3,Professional with 12 years experience.,282,0
Investment Pro,25,68,Crypto Expert | Free signals,,0,1
Investment Pro,25,159,Crypto Expert | Free signals,Helping people earn online,0,1
Crypto King,36,106,MLM Specialist | 6-figure income,Join my team,0,1
Earn Fast Now,5,11,Life Coach | Unlocking your potential,DM for business opportunity,0,1
Emma Davis,439,835,Consultant | McKinsey & Company,Professional with 7 years experience.,276,0
Chris Martin,141,186,Marketing Manager at Unilever | Brand Strategy,Professional with 11 years experience.,71,0
Crypto King,17,58,Crypto Expert | Free signals,Join my team,0,1
Profit Guru,8,104,Self-employed | Ask me how,Helping people earn online,0,1
Sarah Jones,284,230,Business Development | Startups | VC,Professional with 11 years experience.,280,0
Chris Martin,474,1351,UX Designer | Figma | User Research,Professional with 10 years experience.,290,0
Profit Guru,33,57,,DM for business opportunity,0,1
Anna Lee,132,372,Consultant | McKinsey & Company,Professional with 6 years experience.,103,0
Crypto King,32,138,Self-employed | Ask me how,,0,1
Crypto King,28,139,Self-employed | Ask me how,Join my team,0,1
MLM Leader,34,194,,DM for business opportunity,0,1
Emma Davis,263,712,Financial Analyst | CFA Level 3,Professional with 13 years experience.,47,0
Ahmed Hassan,249,297,Journalist | The New York Times,Professional with 2 years experience.,41,0
David Clark,218,383,Business Development | Startups | VC,Professional with 6 years experience.,149,0
David Clark,198,297,PhD Candidate | AI Ethics,Professional with 2 years experience.,80,0
Earn Fast Now,22,163,Life Coach | Unlocking your potential,,0,1
MLM Leader,8,108,Real Estate Investor | Passive Income,DM for business opportunity,0,1
Emma Davis,256,250,Product Manager | Agile | SaaS,Professional with 17 years experience.,227,0
David Clark,106,117,Professor | Harvard University | Economics,Professional with 8 years experience.,66,0
Anna Lee,444,975,Professor | Harvard University | Economics,Professional with 3 years experience.,231,0
Chris Martin,425,1022,Civil Engineer | Infrastructure Projects,Professional with 18 years experience.,290,0
Mike Brown,189,276,Sales Director | Enterprise Software,Professional with 5 years experience.,268,0
Chris Martin,293,671,Business Development | Startups | VC,Professional with 19 years experience.,240,0
Anna Lee,231,603,Financial Analyst | CFA Level 3,Professional with 10 years experience.,224,0
MLM Leader,18,1,CEO of multiple companies | DM for collab,Join my team,0,1
Crypto King,41,50,Real Estate Investor | Passive Income,DM for business opportunity,0,1
Chris Martin,465,1198,Professor | Harvard University | Economics,Professional with 3 years experience.,33,0
Crypto King,49,3,,DM for business opportunity,0,1
Crypto King,33,101,Real Estate Investor | Passive Income,DM for business opportunity,0,1
Emma Davis,211,216,Data Scientist | NLP | Deep Learning,Professional with 5 years experience.,41,0
David Clark,451,402,Data Scientist | NLP | Deep Learning,Professional with 15 years experience.,44,0
Profit Guru,17,181,Self-employed | Ask me how,Join my team,0,1
Mike Brown,479,889,Consultant | McKinsey & Company,Professional with 17 years experience.,144,0
Tim Cook,26921,5068299,Founder & CEO | Unicorn Startup | Forbes 30 Under 30,"Leader, entrepreneur, and visionary. Shaping the future of technology.",3291,0
Crypto King,20,75,MLM Specialist | 6-figure income,DM for business opportunity,0,1
Anna Lee,66,195,Financial Analyst | CFA Level 3,Professional with 5 years experience.,33,0
Tim Cook,20049,9916617,Nobel Laureate | Professor @Stanford,"Leader, entrepreneur, and visionary. Shaping the future of technology.",1542,0
Anna Lee,129,206,Software Engineer at Google | Python | ML,Professional with 13 years experience.,22,0
User 8374,8,71,CEO of multiple companies | DM for collab,,0,1
Anna Lee,342,338,Consultant | McKinsey & Company,Professional with 14 years experience.,184,0
Chris Martin,262,678,Consultant | McKinsey & Company,Professional with 11 years experience.,207,0
Earn Fast Now,6,58,Forex Trader | 99% win rate,Helping people earn online,0,1
Lisa White,487,919,Financial Analyst | CFA Level 3,Professional with 18 years experience.,138,0
Crypto King,30,83,Real Estate Investor | Passive Income,Join my team,0,1
Crypto King,38,149,MLM Specialist | 6-figure income,Helping people earn online,0,1
Earn Fast Now,10,183,MLM Specialist | 6-figure income,Join my team,0,1
Crypto King,34,95,MLM Specialist | 6-figure income,Join my team,0,1
Earn Fast Now,36,109,Self-employed | Ask me how,Helping people earn online,0,1
User 8374,28,175,Investment Advisor | Earn 200% Returns,Join my team,0,1
Ahmed Hassan,341,282,Professor | Harvard University | Economics,Professional with 14 years experience.,213,0
Crypto King,43,188,CEO of multiple companies | DM for collab,Helping people earn online,0,1
Earn Fast Now,12,111,Investment Advisor | Earn 200% Returns,,0,1
Chris Martin,361,731,Consultant | McKinsey & Company,Professional with 18 years experience.,201,0
Profit Guru,32,23,CEO of multiple companies | DM for collab,DM for business opportunity,0,1
Profit Guru,14,69,Network Marketing | Join my team,Join my team,0,1
MLM Leader,15,152,CEO of multiple companies | DM for collab,Helping people earn online,0,1
Chris Martin,108,284,HR Manager | Talent Acquisition,Professional with 12 years experience.,23,0
Chris Martin,271,607,Business Development | Startups | VC,Professional with 16 years experience.,94,0
Earn Fast Now,47,66,Network Marketing | Join my team,DM for business opportunity,0,1
Mike Brown,358,824,UX Designer | Figma | User Research,Professional with 10 years experience.,125,0
Lisa White,269,498,Financial Analyst | CFA Level 3,Professional with 14 years experience.,262,0
Profit Guru,1,9,Network Marketing | Join my team,DM for business opportunity,0,1
Priya Sharma,335,717,Data Scientist | NLP | Deep Learning,Professional with 17 years experience.,90,0
Crypto King,36,78,Real Estate Investor | Passive Income,,0,1
Sarah Jones,350,332,Sales Director | Enterprise Software,Professional with 2 years experience.,184,0
Emma Davis,50,127,Consultant | McKinsey & Company,Professional with 6 years experience.,34,0
Earn Fast Now,35,44,Crypto Expert | Free signals,Helping people earn online,0,1
Lisa White,241,312,Business Development | Startups | VC,Professional with 9 years experience.,45,0
MLM Leader,27,23,MLM Specialist | 6-figure income,Helping people earn online,0,1
Mike Brown,115,263,Civil Engineer | Infrastructure Projects,Professional with 16 years experience.,87,0
Earn Fast Now,27,168,MLM Specialist | 6-figure income,Helping people earn online,0,1
Sheryl Sandberg,7324,7879085,CEO | Fortune 500 | Author | Speaker,"Leader, entrepreneur, and visionary. Shaping the future of technology.",1269,0
Crypto King,2,106,,DM for business opportunity,0,1
User 8374,29,35,Real Estate Investor | Passive Income,Helping people earn online,0,1
Profit Guru,13,184,Real Estate Investor | Passive Income,DM for business opportunity,0,1
Ahmed Hassan,136,295,Civil Engineer | Infrastructure Projects,Professional with 6 years experience.,182,0
Earn Fast Now,45,15,Life Coach | Unlocking your potential,Join my team,0,1
Profit Guru,31,158,MLM Specialist | 6-figure income,DM for business opportunity,0,1
Emma Davis,173,406,Consultant | McKinsey & Company,Professional with 9 years experience.,121,0
Emma Davis,239,669,Journalist | The New York Times,Professional with 7 years experience.,264,0
Lisa White,425,890,Marketing Manager at Unilever | Brand Strategy,Professional with 12 years experience.,210,0
Priya Sharma,242,505,UX Designer | Figma | User Research,Professional with 2 years experience.,266,0
User 8374,0,94,Life Coach | Unlocking your potential,,0,1
John Smith,86,72,Sales Director | Enterprise Software,Professional with 13 years experience.,139,0
David Clark,256,431,Business Development | Startups | VC,Professional with 12 years experience.,290,0
Sarah Jones,171,414,Business Development | Startups | VC,Professional with 18 years experience.,62,0
David Clark,80,83,Data Scientist | NLP | Deep Learning,Professional with 7 years experience.,57,0
Emma Davis,426,875,UX Designer | Figma | User Research,Professional with 13 years experience.,171,0
Anna Lee,128,286,Product Manager | Agile | SaaS,Professional with 13 years experience.,238,0
Priya Sharma,479,1134,Data Scientist | NLP | Deep Learning,Professional with 4 years experience.,287,0
Lisa White,453,419,Journalist | The New York Times,Professional with 8 years experience.,254,0
Emma Davis,196,545,Data Scientist | NLP | Deep Learning,Professional with 8 years experience.,154,0
User 8374,31,48,Investment Advisor | Earn 200% Returns,Join my team,0,1
Investment Pro,36,66,Real Estate Investor | Passive Income,,0,1
Ahmed Hassan,119,350,Financial Analyst | CFA Level 3,Professional with 3 years experience.,125,0
Mike Brown,165,278,HR Manager | Talent Acquisition,Professional with 8 years experience.,276,0
Sarah Jones,431,1060,Consultant | McKinsey & Company,Professional with 7 years experience.,51,0
Mike Brown,58,101,Software Engineer at Google | Python | ML,Professional with 11 years experience.,291,0
Earn Fast Now,22,106,CEO of multiple companies | DM for collab,,0,1
MLM Leader,38,168,Investment Advisor | Earn 200% Returns,DM for business opportunity,0,1
User 8374,20,105,Self-employed | Ask me how,,0,1
Priya Sharma,275,685,Consultant | McKinsey & Company,Professional with 3 years experience.,65,0
Sarah Jones,330,441,Product Manager | Agile | SaaS,Professional with 8 years experience.,102,0
Profit Guru,34,132,Network Marketing | Join my team,Join my team,0,1
MLM Leader,21,46,Network Marketing | Join my team,DM for business opportunity,0,1
Chris Martin,152,325,Product Manager | Agile | SaaS,Professional with 11 years experience.,287,0
Ahmed Hassan,334,276,Civil Engineer | Infrastructure Projects,Professional with 16 years experience.,105,0
Mike Brown,471,861,Marketing Manager at Unilever | Brand Strategy,Professional with 8 years experience.,122,0
Emma Davis,392,367,Software Engineer at Google | Python | ML,Professional with 11 years experience.,258,0
Crypto King,15,127,Real Estate Investor | Passive Income,Join my team,0,1
Emma Davis,309,373,Marketing Manager at Unilever | Brand Strategy,Professional with 5 years experience.,175,0
Investment Pro,24,69,Self-employed | Ask me how,DM for business opportunity,0,1
John Smith,252,254,Sales Director | Enterprise Software,Professional with 16 years experience.,73,0
Chris Martin,440,1203,Software Engineer at Google | Python | ML,Professional with 17 years experience.,267,0
Ahmed Hassan,453,1283,Marketing Manager at Unilever | Brand Strategy,Professional with 9 years experience.,165,0
Crypto King,16,84,,Helping people earn online,0,1
David Clark,232,400,Financial Analyst | CFA Level 3,Professional with 12 years experience.,158,0
Investment Pro,11,89,Forex Trader | 99% win rate,DM for business opportunity,0,1
John Smith,64,57,Marketing Manager at Unilever | Brand Strategy,Professional with 11 years experience.,87,0
Profit Guru,18,15,Forex Trader | 99% win rate,,0,1
Lisa White,347,794,Business Development | Startups | VC,Professional with 19 years experience.,81,0
David Clark,165,441,Marketing Manager at Unilever | Brand Strategy,Professional with 14 years experience.,294,0
MLM Leader,34,5,Forex Trader | 99% win rate,Helping people earn online,0,1
Profit Guru,2,176,MLM Specialist | 6-figure income,DM for business opportunity,0,1
Investment Pro,0,126,Forex Trader | 99% win rate,Helping people earn online,0,1
MLM Leader,42,72,MLM Specialist | 6-figure income,DM for business opportunity,0,1
Lisa White,420,1019,PhD Candidate | AI Ethics,Professional with 7 years experience.,97,0
Crypto King,9,111,CEO of multiple companies | DM for collab,Helping people earn online,0,1
Earn Fast Now,11,172,Self-employed | Ask me how,Join my team,0,1
Mike Brown,141,273,Professor | Harvard University | Economics,Professional with 8 years experience.,224,0
John Smith,255,535,Consultant | McKinsey & Company,Professional with 17 years experience.,276,0
Sarah Jones,60,146,UX Designer | Figma | User Research,Professional with 2 years experience.,237,0
Crypto King,5,196,Investment Advisor | Earn 200% Returns,,0,1
User 8374,27,75,MLM Specialist | 6-figure income,DM for business opportunity,0,1
Earn Fast Now,10,172,Network Marketing | Join my team,DM for business opportunity,0,1
Lisa White,272,222,Sales Director | Enterprise Software,Professional with 10 years experience.,108,0
Anna Lee,256,427,Journalist | The New York Times,Professional with 4 years experience.,218,0
Investment Pro,48,52,Self-employed | Ask me how,,0,1
Profit Guru,0,66,Real Estate Investor | Passive Income,Join my team,0,1
Earn Fast Now,20,97,Forex Trader | 99% win rate,Helping people earn online,0,1
Priya Sharma,483,569,Business Development | Startups | VC,Professional with 15 years experience.,167,0
User 8374,30,82,,DM for business opportunity,0,1
Priya Sharma,291,799,Consultant | McKinsey & Company,Professional with 17 years experience.,6,0
Anna Lee,305,721,PhD Candidate | AI Ethics,Professional with 16 years experience.,43,0
Anna Lee,211,630,HR Manager | Talent Acquisition,Professional with 13 years experience.,159,0
Anna Lee,295,789,Business Development | Startups | VC,Professional with 18 years experience.,51,0
Anna Lee,300,822,Financial Analyst | CFA Level 3,Professional with 12 years experience.,199,0
Ahmed Hassan,456,733,PhD Candidate | AI Ethics,Professional with 6 years experience.,46,0
Profit Guru,11,114,Investment Advisor | Earn 200% Returns,Helping people earn online,0,1
Earn Fast Now,24,192,Network Marketing | Join my team,,0,1
Profit Guru,44,112,Self-employed | Ask me how,Helping people earn online,0,1
Sundar Pichai,28604,8315576,Former President | Advocate | Author,"Leader, entrepreneur, and visionary. Shaping the future of technology.",1042,0
John Smith,237,638,UX Designer | Figma | User Research,Professional with 10 years experience.,257,0
Chris Martin,159,358,UX Designer | Figma | User Research,Professional with 7 years experience.,203,0
Profit Guru,7,50,Self-employed | Ask me how,Helping people earn online,0,1
User 8374,29,34,Network Marketing | Join my team,DM for business opportunity,0,1
Anna Lee,239,392,Product Manager | Agile | SaaS,Professional with 12 years experience.,145,0
Chris Martin,321,575,Professor | Harvard University | Economics,Professional with 5 years experience.,62,0
Crypto King,21,22,Investment Advisor | Earn 200% Returns,DM for business opportunity,0,1
Sarah Jones,129,312,Marketing Manager at Unilever | Brand Strategy,Professional with 9 years experience.,212,0
User 8374,23,66,Crypto Expert | Free signals,Join my team,0,1
User 8374,11,68,Self-employed | Ask me how,,0,1
User 8374,25,21,CEO of multiple companies | DM for collab,DM for business opportunity,0,1
Earn Fast Now,48,163,MLM Specialist | 6-figure income,DM for business opportunity,0,1
Emma Davis,413,419,Marketing Manager at Unilever | Brand Strategy,Professional with 3 years experience.,78,0
Anna Lee,337,929,Marketing Manager at Unilever | Brand Strategy,Professional with 8 years experience.,127,0
Profit Guru,10,161,Crypto Expert | Free signals,Helping people earn online,0,1
Crypto King,24,170,MLM Specialist | 6-figure income,Join my team,0,1
Profit Guru,45,168,Real Estate Investor | Passive Income,Helping people earn online,0,1
Emma Davis,489,829,Business Development | Startups | VC,Professional with 15 years experience.,109,0
Tim Cook,4072,3004319,Nobel Laureate | Professor @Stanford,"Leader, entrepreneur, and visionary. Shaping the future of technology.",2076,0
Anna Lee,97,200,Civil Engineer | Infrastructure Projects,Professional with 8 years experience.,51,0
Profit Guru,30,158,CEO of multiple companies | DM for collab,Join my team,0,1
Sheryl Sandberg,14228,6559366,Nobel Laureate | Professor @Stanford,"Leader, entrepreneur, and visionary. Shaping the future of technology.",3975,0
Profit Guru,35,188,CEO of multiple companies | DM for collab,Helping people earn online,0,1
Crypto King,32,2,,Helping people earn online,0,1
Profit Guru,29,29,Real Estate Investor | Passive Income,Helping people earn online,0,1
Jensen Huang,2794,5664278,Nobel Laureate | Professor @Stanford,"Leader, entrepreneur, and visionary. Shaping the future of technology.",531,0
Crypto King,48,42,,DM for business opportunity,0,1
Chris Martin,100,136,Software Engineer at Google | Python | ML,Professional with 14 years experience.,178,0
Investment Pro,33,10,Network Marketing | Join my team,Helping people earn online,0,1
John Smith,483,1404,Journalist | The New York Times,Professional with 12 years experience.,101,0
Anna Lee,274,746,Journalist | The New York Times,Professional with 5 years experience.,56,0
Anna Lee,260,451,Business Development | Startups | VC,Professional with 5 years experience.,239,0
Investment Pro,7,97,Life Coach | Unlocking your potential,Helping people earn online,0,1
MLM Leader,12,8,Network Marketing | Join my team,DM for business opportunity,0,1
Emma Davis,259,342,Software Engineer at Google | Python | ML,Professional with 19 years experience.,76,0
User 8374,8,44,Network Marketing | Join my team,Helping people earn online,0,1
Tim Cook,20943,814830,Founder & CEO | Unicorn Startup | Forbes 30 Under 30,"Leader, entrepreneur, and visionary. Shaping the future of technology.",2464,0
Earn Fast Now,4,75,Self-employed | Ask me how,,0,1
Earn Fast Now,27,187,Investment Advisor | Earn 200% Returns,Join my team,0,1
Profit Guru,40,150,CEO of multiple companies | DM for collab,DM for business opportunity,0,1
Investment Pro,24,47,CEO of multiple companies | DM for collab,Join my team,0,1
Chris Martin,63,66,HR Manager | Talent Acquisition,Professional with 10 years experience.,230,0
Earn Fast Now,10,42,Investment Advisor | Earn 200% Returns,,0,1
Anna Lee,416,534,Data Scientist | NLP | Deep Learning,Professional with 14 years experience.,292,0
Earn Fast Now,17,101,Crypto Expert | Free signals,Helping people earn online,0,1
User 8374,41,107,Crypto Expert | Free signals,Join my team,0,1
Crypto King,10,12,MLM Specialist | 6-figure income,Helping people earn online,0,1
Investment Pro,30,1,Self-employed | Ask me how,DM for business opportunity,0,1
Crypto King,13,170,Crypto Expert | Free signals,DM for business opportunity,0,1
Earn Fast Now,35,193,Life Coach | Unlocking your potential,DM for business opportunity,0,1
Mike Brown,466,1222,Data Scientist | NLP | Deep Learning,Professional with 6 years experience.,238,0
Emma Davis,193,260,Software Engineer at Google | Python | ML,Professional with 10 years experience.,55,0
Lisa White,214,245,Consultant | McKinsey & Company,Professional with 14 years experience.,159,0
Crypto King,39,117,Self-employed | Ask me how,Join my team,0,1
Profit Guru,16,49,Crypto Expert | Free signals,Join my team,0,1
Lisa White,315,640,Professor | Harvard University | Economics,Professional with 9 years experience.,211,0
Ahmed Hassan,135,165,Business Development | Startups | VC,Professional with 7 years experience.,222,0
MLM Leader,29,32,,Join my team,0,1
Anna Lee,453,1021,Product Manager | Agile | SaaS,Professional with 9 years experience.,267,0
Investment Pro,31,111,Investment Advisor | Earn 200% Returns,Join my team,0,1
Crypto King,47,197,CEO of multiple companies | DM for collab,Helping people earn online,0,1
User 8374,37,91,Network Marketing | Join my team,DM for business opportunity,0,1
Sarah Jones,89,174,Journalist | The New York Times,Professional with 9 years experience.,111,0
Earn Fast Now,42,59,Life Coach | Unlocking your potential,,0,1
Profit Guru,14,71,MLM Specialist | 6-figure income,DM for business opportunity,0,1
Mike Brown,51,116,PhD Candidate | AI Ethics,Professional with 14 years experience.,27,0
John Smith,171,143,Business Development | Startups | VC,Professional with 18 years experience.,213,0
Anna Lee,423,758,HR Manager | Talent Acquisition,Professional with 12 years experience.,193,0
David Clark,189,182,Data Scientist | NLP | Deep Learning,Professional with 7 years experience.,78,0
Mike Brown,132,267,Professor | Harvard University | Economics,Professional with 14 years experience.,264,0
Investment Pro,12,23,Forex Trader | 99% win rate,,0,1
Earn Fast Now,21,174,Crypto Expert | Free signals,,0,1
Investment Pro,12,27,Real Estate Investor | Passive Income,Helping people earn online,0,1
Investment Pro,23,9,Self-employed | Ask me how,,0,1
Investment Pro,19,70,Life Coach | Unlocking your potential,Helping people earn online,0,1
Priya Sharma,358,392,Software Engineer at Google | Python | ML,Professional with 2 years experience.,91,0
MLM Leader,33,171,Investment Advisor | Earn 200% Returns,Join my team,0,1
Investment Pro,27,7,Self-employed | Ask me how,,0,1
Sarah Jones,449,1027,UX Designer | Figma | User Research,Professional with 9 years experience.,171,0
Ahmed Hassan,332,552,Professor | Harvard University | Economics,Professional with 10 years experience.,149,0
Investment Pro,45,93,Life Coach | Unlocking your potential,Helping people earn online,0,1
Crypto King,9,116,Investment Advisor | Earn 200% Returns,DM for business opportunity,0,1
Earn Fast Now,40,31,Real Estate Investor | Passive Income,DM for business opportunity,0,1
User 8374,14,38,Life Coach | Unlocking your potential,Join my team,0,1
Profit Guru,30,2,Investment Advisor | Earn 200% Returns,DM for business opportunity,0,1
Chris Martin,59,66,Civil Engineer | Infrastructure Projects,Professional with 11 years experience.,9,0
Anna Lee,334,719,Professor | Harvard University | Economics,Professional with 9 years experience.,221,0
Profit Guru,21,116,Network Marketing | Join my team,DM for business opportunity,0,1
Earn Fast Now,23,143,,Join my team,0,1
Sarah Jones,250,331,Journalist | The New York Times,Professional with 18 years experience.,251,0
Emma Davis,68,100,Professor | Harvard University | Economics,Professional with 18 years experience.,269,0
MLM Leader,40,167,Life Coach | Unlocking your potential,DM for business opportunity,0,1
User 8374,29,144,Real Estate Investor | Passive Income,DM for business opportunity,0,1
User 8374,8,7,CEO of multiple companies | DM for collab,,0,1
MLM Leader,21,33,Forex Trader | 99% win rate,Helping people earn online,0,1
Priya Sharma,488,1430,Product Manager | Agile | SaaS,Professional with 19 years experience.,277,0
User 8374,11,93,MLM Specialist | 6-figure income,Helping people earn online,0,1
David Clark,482,1099,Civil Engineer | Infrastructure Projects,Professional with 9 years experience.,152,0
Crypto King,12,54,Self-employed | Ask me how,,0,1
David Clark,189,474,Journalist | The New York Times,Professional with 16 years experience.,181,0
Investment Pro,47,187,Self-employed | Ask me how,,0,1
Ahmed Hassan,290,363,Software Engineer at Google | Python | ML,Professional with 17 years experience.,23,0
David Clark,197,462,UX Designer | Figma | User Research,Professional with 11 years experience.,243,0
Crypto King,46,40,,,0,1
Earn Fast Now,27,80,MLM Specialist | 6-figure income,,0,1
Emma Davis,409,570,Business Development | Startups | VC,Professional with 14 years experience.,128,0
Profit Guru,1,121,Crypto Expert | Free signals,DM for business opportunity,0,1
MLM Leader,6,179,CEO of multiple companies | DM for collab,,0,1
Sheryl Sandberg,24633,8187452,Nobel Laureate | Professor @Stanford,"Leader, entrepreneur, and visionary. Shaping the future of technology.",3156,0
Lisa White,113,258,Financial Analyst | CFA Level 3,Professional with 7 years experience.,203,0
User 8374,18,5,Self-employed | Ask me how,,0,1
Crypto King,48,153,Network Marketing | Join my team,,0,1
Investment Pro,39,159,CEO of multiple companies | DM for collab,Join my team,0,1
Anna Lee,243,253,Financial Analyst | CFA Level 3,Professional with 4 years experience.,63,0
Ahmed Hassan,248,231,Product Manager | Agile | SaaS,Professional with 6 years experience.,156,0
MLM Leader,36,139,Forex Trader | 99% win rate,,0,1
User 8374,2,156,Investment Advisor | Earn 200% Returns,Helping people earn online,0,1
MLM Leader,3,135,Life Coach | Unlocking your potential,DM for business opportunity,0,1
Investment Pro,7,161,Real Estate Investor | Passive Income,Helping people earn online,0,1
Profit Guru,2,151,,,0,1
User 8374,14,101,,Helping people earn online,0,1
User 8374,40,78,,Join my team,0,1
Satya Nadella,12673,5191967,Former President | Advocate | Author,"Leader, entrepreneur, and visionary. Shaping the future of technology.",735,0
Profit Guru,36,83,Self-employed | Ask me how,Helping people earn online,0,1
Earn Fast Now,6,166,,,0,1
Priya Sharma,337,887,Software Engineer at Google | Python | ML,Professional with 3 years experience.,102,0
Lisa White,445,1204,Marketing Manager at Unilever | Brand Strategy,Professional with 19 years experience.,42,0
Sundar Pichai,21224,8008593,Nobel Laureate | Professor @Stanford,"Leader, entrepreneur, and visionary. Shaping the future of technology.",4716,0
Mike Brown,370,640,Journalist | The New York Times,Professional with 4 years experience.,275,0
MLM Leader,49,143,CEO of multiple companies | DM for collab,Helping people earn online,0,1
Anna Lee,348,693,Product Manager | Agile | SaaS,Professional with 11 years experience.,143,0
Investment Pro,33,106,MLM Specialist | 6-figure income,Helping people earn online,0,1
Investment Pro,13,115,CEO of multiple companies | DM for collab,DM for business opportunity,0,1
Sundar Pichai,6000,4281611,Former President | Advocate | Author,"Leader, entrepreneur, and visionary. Shaping the future of technology.",965,0
Crypto King,19,133,Crypto Expert | Free signals,Helping people earn online,0,1
Chris Martin,147,434,Journalist | The New York Times,Professional with 7 years experience.,281,0
Sheryl Sandberg,12141,9885901,Former President | Advocate | Author,"Leader, entrepreneur, and visionary. Shaping the future of technology.",4459,0
Chris Martin,77,224,PhD Candidate | AI Ethics,Professional with 18 years experience.,74,0
Investment Pro,12,160,,,0,1
Emma Davis,295,397,Data Scientist | NLP | Deep Learning,Professional with 3 years experience.,150,0
David Clark,50,46,Data Scientist | NLP | Deep Learning,Professional with 5 years experience.,105,0
Sarah Jones,224,404,PhD Candidate | AI Ethics,Professional with 12 years experience.,34,0
Emma Davis,114,340,Product Manager | Agile | SaaS,Professional with 17 years experience.,288,0
Investment Pro,27,139,MLM Specialist | 6-figure income,Join my team,0,1
Priya Sharma,132,322,Software Engineer at Google | Python | ML,Professional with 13 years experience.,210,0
Priya Sharma,231,404,Civil Engineer | Infrastructure Projects,Professional with 13 years experience.,70,0
Profit Guru,40,30,Investment Advisor | Earn 200% Returns,,0,1
Profit Guru,21,149,Network Marketing | Join my team,Join my team,0,1
User 8374,18,158,Real Estate Investor | Passive Income,Join my team,0,1
Priya Sharma,99,249,UX Designer | Figma | User Research,Professional with 14 years experience.,213,0
Investment Pro,45,2,Life Coach | Unlocking your potential,,0,1
Crypto King,9,67,Investment Advisor | Earn 200% Returns,DM for business opportunity,0,1
Earn Fast Now,40,32,Forex Trader | 99% win rate,Join my team,0,1
MLM Leader,8,134,Real Estate Investor | Passive Income,Join my team,0,1
Earn Fast Now,43,144,Forex Trader | 99% win rate,Join my team,0,1
Earn Fast Now,15,185,CEO of multiple companies | DM for collab,Helping people earn online,0,1
Earn Fast Now,29,13,CEO of multiple companies | DM for collab,,0,1
Priya Sharma,226,262,Civil Engineer | Infrastructure Projects,Professional with 16 years experience.,292,0
David Clark,95,257,HR Manager | Talent Acquisition,Professional with 7 years experience.,134,0
Mike Brown,328,296,Product Manager | Agile | SaaS,Professional with 3 years experience.,203,0
Earn Fast Now,44,20,Forex Trader | 99% win rate,Helping people earn online,0,1
User 8374,49,196,Crypto Expert | Free signals,Join my team,0,1
User 8374,2,106,Self-employed | Ask me how,DM for business opportunity,0,1
Sarah Jones,358,388,Marketing Manager at Unilever | Brand Strategy,Professional with 16 years experience.,133,0
Investment Pro,46,38,Network Marketing | Join my team,Join my team,0,1
David Clark,317,328,Data Scientist | NLP | Deep Learning,Professional with 12 years experience.,115,0
Sundar Pichai,7448,6761285,Nobel Laureate | Professor @Stanford,"Leader, entrepreneur, and visionary. Shaping the future of technology.",2152,0
Profit Guru,2,164,Forex Trader | 99% win rate,Join my team,0,1
MLM Leader,25,185,Crypto Expert | Free signals,Join my team,0,1
Mike Brown,128,280,HR Manager | Talent Acquisition,Professional with 16 years experience.,24,0
Investment Pro,47,35,Crypto Expert | Free signals,Helping people earn online,0,1
Sundar Pichai,15165,8224268,Nobel Laureate | Professor @Stanford,"Leader, entrepreneur, and visionary. Shaping the future of technology.",500,0
MLM Leader,20,141,Network Marketing | Join my team,Join my team,0,1
Anna Lee,391,380,Financial Analyst | CFA Level 3,Professional with 8 years experience.,66,0
John Smith,365,1073,Data Scientist | NLP | Deep Learning,Professional with 2 years experience.,17,0
Mike Brown,390,948,HR Manager | Talent Acquisition,Professional with 9 years experience.,184,0
Sundar Pichai,4844,2802520,Nobel Laureate | Professor @Stanford,"Leader, entrepreneur, and visionary. Shaping the future of technology.",1588,0
David Clark,147,253,HR Manager | Talent Acquisition,Professional with 6 years experience.,20,0
MLM Leader,20,111,Network Marketing | Join my team,Join my team,0,1
Lisa White,388,376,Professor | Harvard University | Economics,Professional with 2 years experience.,277,0
Emma Davis,316,675,PhD Candidate | AI Ethics,Professional with 11 years experience.,292,0
John Smith,468,1208,PhD Candidate | AI Ethics,Professional with 17 years experience.,12,0
Ahmed Hassan,389,1121,Journalist | The New York Times,Professional with 11 years experience.,15,0
Crypto King,4,36,Real Estate Investor | Passive Income,DM for business opportunity,0,1
Sundar Pichai,10648,3486861,Nobel Laureate | Professor @Stanford,"Leader, entrepreneur, and visionary. Shaping the future of technology.",4969,0
Ahmed Hassan,163,247,PhD Candidate | AI Ethics,Professional with 8 years experience.,55,0
MLM Leader,13,0,Self-employed | Ask me how,,0,1
Sarah Jones,66,103,Sales Director | Enterprise Software,Professional with 18 years experience.,38,0
Investment Pro,48,78,Self-employed | Ask me how,Join my team,0,1
Sarah Jones,278,319,Journalist | The New York Times,Professional with 18 years experience.,144,0
Crypto King,44,125,,,0,1
MLM Leader,29,35,,Join my team,0,1
Ahmed Hassan,224,643,Product Manager | Agile | SaaS,Professional with 18 years experience.,279,0
Sundar Pichai,13096,5692582,Founder & CEO | Unicorn Startup | Forbes 30 Under 30,"Leader, entrepreneur, and visionary. Shaping the future of technology.",3906,0
Ahmed Hassan,413,589,Marketing Manager at Unilever | Brand Strategy,Professional with 19 years experience.,188,0
Anna Lee,495,954,Civil Engineer | Infrastructure Projects,Professional with 11 years experience.,240,0
Anna Lee,454,553,Product Manager | Agile | SaaS,Professional with 17 years experience.,96,0
Emma Davis,160,222,Software Engineer at Google | Python | ML,Professional with 13 years experience.,299,0
Priya Sharma,381,1010,Software Engineer at Google | Python | ML,Professional with 7 years experience.,55,0
Ahmed Hassan,295,437,PhD Candidate | AI Ethics,Professional with 10 years experience.,62,0
Sarah Jones,372,985,UX Designer | Figma | User Research,Professional with 7 years experience.,273,0
Crypto King,23,95,Real Estate Investor | Passive Income,Join my team,0,1
Lisa White,74,172,Journalist | The New York Times,Professional with 6 years experience.,198,0
User 8374,8,186,CEO of multiple companies | DM for collab,DM for business opportunity,0,1
Earn Fast Now,8,184,Self-employed | Ask me how,Join my team,0,1
Sarah Jones,382,641,Sales Director | Enterprise Software,Professional with 17 years experience.,211,0
John Smith,149,189,HR Manager | Talent Acquisition,Professional with 14 years experience.,132,0
Ahmed Hassan,400,898,PhD Candidate | AI Ethics,Professional with 15 years experience.,272,0
Earn Fast Now,5,169,Investment Advisor | Earn 200% Returns,Join my team,0,1
Lisa White,237,240,Business Development | Startups | VC,Professional with 7 years experience.,244,0
Elon Musk,1798,2128421,Former President | Advocate | Author,"Leader, entrepreneur, and visionary. Shaping the future of technology.",1580,0
Satya Nadella,11113,6176830,Nobel Laureate | Professor @Stanford,"Leader, entrepreneur, and visionary. Shaping the future of technology.",2468,0
Emma Davis,161,417,PhD Candidate | AI Ethics,Professional with 8 years experience.,152,0
Priya Sharma,215,593,Business Development | Startups | VC,Professional with 18 years experience.,131,0
Lisa White,65,140,Civil Engineer | Infrastructure Projects,Professional with 3 years experience.,66,0
Profit Guru,38,174,Network Marketing | Join my team,DM for business opportunity,0,1
MLM Leader,13,53,Self-employed | Ask me how,DM for business opportunity,0,1
Crypto King,4,103,Investment Advisor | Earn 200% Returns,Helping people earn online,0,1
Investment Pro,15,75,,Join my team,0,1
User 8374,43,142,Forex Trader | 99% win rate,DM for business opportunity,0,1
Chris Martin,291,431,Professor | Harvard University | Economics,Professional with 5 years experience.,250,0
Earn Fast Now,19,96,Life Coach | Unlocking your potential,DM for business opportunity,0,1
Sarah Jones,256,682,Journalist | The New York Times,Professional with 9 years experience.,26,0
User 8374,1,60,Real Estate Investor | Passive Income,Join my team,0,1
Crypto King,30,131,Real Estate Investor | Passive Income,Helping people earn online,0,1
David Clark,177,282,Product Manager | Agile | SaaS,Professional with 15 years experience.,77,0
Profit Guru,10,182,Investment Advisor | Earn 200% Returns,,0,1
Profit Guru,44,111,Self-employed | Ask me how,,0,1
Lisa White,483,636,HR Manager | Talent Acquisition,Professional with 7 years experience.,56,0
Mike Brown,454,1357,Data Scientist | NLP | Deep Learning,Professional with 17 years experience.,185,0
MLM Leader,46,18,Life Coach | Unlocking your potential,Helping people earn online,0,1
Crypto King,13,70,Crypto Expert | Free signals,DM for business opportunity,0,1
Profit Guru,15,36,Life Coach | Unlocking your potential,Join my team,0,1
Crypto King,47,13,Network Marketing | Join my team,Join my team,0,1
User 8374,35,46,Network Marketing | Join my team,Helping people earn online,0,1
David Clark,207,382,Journalist | The New York Times,Professional with 15 years experience.,65,0
Crypto King,24,80,Crypto Expert | Free signals,Helping people earn online,0,1
Chris Martin,305,602,Financial Analyst | CFA Level 3,Professional with 19 years experience.,162,0
User 8374,46,199,,Helping people earn online,0,1
Crypto King,4,17,Life Coach | Unlocking your potential,DM for business opportunity,0,1
MLM Leader,38,35,Life Coach | Unlocking your potential,,0,1
Ahmed Hassan,192,384,HR Manager | Talent Acquisition,Professional with 2 years experience.,244,0
Emma Davis,211,618,Business Development | Startups | VC,Professional with 17 years experience.,99,0
User 8374,1,152,Investment Advisor | Earn 200% Returns,Helping people earn online,0,1
MLM Leader,39,154,,,0,1
Ahmed Hassan,359,508,Financial Analyst | CFA Level 3,Professional with 7 years experience.,93,0
Lisa White,489,1143,PhD Candidate | AI Ethics,Professional with 4 years experience.,246,0
Priya Sharma,415,779,Consultant | McKinsey & Company,Professional with 17 years experience.,252,0
Chris Martin,436,507,Professor | Harvard University | Economics,Professional with 15 years experience.,73,0
Ahmed Hassan,125,272,Software Engineer at Google | Python | ML,Professional with 11 years experience.,104,0
Mike Brown,360,358,Consultant | McKinsey & Company,Professional with 13 years experience.,73,0
David Clark,356,528,Data Scientist | NLP | Deep Learning,Professional with 6 years experience.,53,0
MLM Leader,28,183,Crypto Expert | Free signals,,0,1
David Clark,301,251,HR Manager | Talent Acquisition,Professional with 17 years experience.,35,0
Emma Davis,173,406,PhD Candidate | AI Ethics,Professional with 3 years experience.,146,0
Investment Pro,37,165,MLM Specialist | 6-figure income,,0,1
Sarah Jones,496,552,PhD Candidate | AI Ethics,Professional with 19 years experience.,249,0
MLM Leader,0,0,MLM Specialist | 6-figure income,Join my team,0,1
Crypto King,19,167,,,0,1
John Smith,209,562,UX Designer | Figma | User Research,Professional with 15 years experience.,193,0
Earn Fast Now,21,135,CEO of multiple companies | DM for collab,Helping people earn online,0,1
Priya Sharma,228,649,Civil Engineer | Infrastructure Projects,Professional with 12 years experience.,249,0
Mike Brown,369,669,Civil Engineer | Infrastructure Projects,Professional with 8 years experience.,270,0
Emma Davis,150,267,UX Designer | Figma | User Research,Professional with 11 years experience.,243,0
Investment Pro,30,84,Self-employed | Ask me how,Helping people earn online,0,1
Earn Fast Now,23,169,Crypto Expert | Free signals,Join my team,0,1
Mike Brown,68,148,UX Designer | Figma | User Research,Professional with 10 years experience.,187,0
Emma Davis,458,728,Product Manager | Agile | SaaS,Professional with 13 years experience.,114,0
Investment Pro,5,194,CEO of multiple companies | DM for collab,Join my team,0,1
Sundar Pichai,16386,2656244,Nobel Laureate | Professor @Stanford,"Leader, entrepreneur, and visionary. Shaping the future of technology.",2072,0
Sarah Jones,307,816,Financial Analyst | CFA Level 3,Professional with 9 years experience.,38,0
User 8374,23,144,Life Coach | Unlocking your potential,DM for business opportunity,0,1
David Clark,126,266,Civil Engineer | Infrastructure Projects,Professional with 2 years experience.,237,0
Sarah Jones,218,558,Professor | Harvard University | Economics,Professional with 10 years experience.,101,0
User 8374,29,73,Real Estate Investor | Passive Income,Join my team,0,1
Anna Lee,218,197,Marketing Manager at Unilever | Brand Strategy,Professional with 14 years experience.,250,0
Mike Brown,145,423,Product Manager | Agile | SaaS,Professional with 14 years experience.,133,0
Earn Fast Now,48,43,Investment Advisor | Earn 200% Returns,,0,1
Anna Lee,490,1175,HR Manager | Talent Acquisition,Professional with 17 years experience.,261,0
Investment Pro,48,131,Self-employed | Ask me how,Join my team,0,1
Lisa White,423,1263,Sales Director | Enterprise Software,Professional with 3 years experience.,202,0
MLM Leader,27,56,MLM Specialist | 6-figure income,Join my team,0,1
User 8374,14,170,Self-employed | Ask me how,Join my team,0,1
Profit Guru,33,165,CEO of multiple companies | DM for collab,Join my team,0,1
Investment Pro,0,198,Network Marketing | Join my team,DM for business opportunity,0,1
Earn Fast Now,36,49,Forex Trader | 99% win rate,Helping people earn online,0,1
Crypto King,33,106,,,0,1
MLM Leader,19,189,Self-employed | Ask me how,DM for business opportunity,0,1
Emma Davis,120,307,Marketing Manager at Unilever | Brand Strategy,Professional with 18 years experience.,130,0
Investment Pro,1,171,,Join my team,0,1
Sarah Jones,120,184,Civil Engineer | Infrastructure Projects,Professional with 11 years experience.,202,0
Ahmed Hassan,456,792,Civil Engineer | Infrastructure Projects,Professional with 3 years experience.,77,0
Satya Nadella,5963,2652791,Nobel Laureate | Professor @Stanford,"Leader, entrepreneur, and visionary. Shaping the future of technology.",4496,0
Earn Fast Now,0,121,,DM for business opportunity,0,1
MLM Leader,0,95,MLM Specialist | 6-figure income,Join my team,0,1
David Clark,80,179,Business Development | Startups | VC,Professional with 7 years experience.,50,0
Priya Sharma,85,157,Sales Director | Enterprise Software,Professional with 14 years experience.,245,0
Investment Pro,31,177,MLM Specialist | 6-figure income,,0,1
Anna Lee,424,793,PhD Candidate | AI Ethics,Professional with 2 years experience.,187,0
Sarah Jones,454,1302,Data Scientist | NLP | Deep Learning,Professional with 11 years experience.,264,0
Mike Brown,234,628,Business Development | Startups | VC,Professional with 13 years experience.,160,0
Emma Davis,197,530,Sales Director | Enterprise Software,Professional with 3 years experience.,95,0
Lisa White,189,238,HR Manager | Talent Acquisition,Professional with 4 years experience.,40,0
Priya Sharma,157,165,Business Development | Startups | VC,Professional with 3 years experience.,102,0
User 8374,28,63,Forex Trader | 99% win rate,Helping people earn online,0,1
Mike Brown,137,149,UX Designer | Figma | User Research,Professional with 4 years experience.,290,0
MLM Leader,36,114,,DM for business opportunity,0,1
Anna Lee,356,990,Financial Analyst | CFA Level 3,Professional with 7 years experience.,14,0
Mike Brown,291,417,Journalist | The New York Times,Professional with 17 years experience.,238,0
Profit Guru,22,103,,,0,1
Lisa White,147,240,Product Manager | Agile | SaaS,Professional with 5 years experience.,244,0
Lisa White,410,832,Consultant | McKinsey & Company,Professional with 18 years experience.,229,0
Sarah Jones,390,385,Consultant | McKinsey & Company,Professional with 4 years experience.,13,0
Chris Martin,268,417,Marketing Manager at Unilever | Brand Strategy,Professional with 14 years experience.,196,0
Investment Pro,7,88,MLM Specialist | 6-figure income,,0,1
Earn Fast Now,0,25,Network Marketing | Join my team,Join my team,0,1
Emma Davis,498,540,Business Development | Startups | VC,Professional with 3 years experience.,214,0
Investment Pro,9,51,Investment Advisor | Earn 200% Returns,Join my team,0,1
John Smith,450,373,Product Manager | Agile | SaaS,Professional with 19 years experience.,66,0
Ahmed Hassan,167,139,Consultant | McKinsey & Company,Professional with 15 years experience.,109,0
Emma Davis,107,265,Data Scientist | NLP | Deep Learning,Professional with 13 years experience.,125,0
Ahmed Hassan,350,780,HR Manager | Talent Acquisition,Professional with 2 years experience.,291,0
Earn Fast Now,1,134,Self-employed | Ask me how,Join my team,0,1
MLM Leader,46,26,,Helping people earn online,0,1
Lisa White,249,208,HR Manager | Talent Acquisition,Professional with 8 years experience.,233,0
Lisa White,70,95,PhD Candidate | AI Ethics,Professional with 3 years experience.,125,0
MLM Leader,15,95,,DM for business opportunity,0,1
Priya Sharma,269,404,Sales Director | Enterprise Software,Professional with 11 years experience.,29,0
David Clark,393,364,Consultant | McKinsey & Company,Professional with 8 years experience.,179,0
Sheryl Sandberg,12207,2353121,CEO | Fortune 500 | Author | Speaker,"Leader, entrepreneur, and visionary. Shaping the future of technology.",4890,0
Profit Guru,23,69,Crypto Expert | Free signals,,0,1
Earn Fast Now,38,144,Forex Trader | 99% win rate,Helping people earn online,0,1
Chris Martin,385,764,Data Scientist | NLP | Deep Learning,Professional with 10 years experience.,186,0
Anna Lee,116,235,Consultant | McKinsey & Company,Professional with 6 years experience.,224,0
Profit Guru,10,25,Life Coach | Unlocking your potential,DM for business opportunity,0,1
Chris Martin,406,694,Marketing Manager at Unilever | Brand Strategy,Professional with 19 years experience.,239,0
Investment Pro,46,8,MLM Specialist | 6-figure income,Join my team,0,1
Mike Brown,396,699,Professor | Harvard University | Economics,Professional with 5 years experience.,115,0
Crypto King,20,179,Forex Trader | 99% win rate,Join my team,0,1
MLM Leader,10,155,CEO of multiple companies | DM for collab,DM for business opportunity,0,1
Earn Fast Now,32,187,Crypto Expert | Free signals,,0,1
Lisa White,433,1202,Sales Director | Enterprise Software,Professional with 2 years experience.,59,0
Lisa White,471,531,Data Scientist | NLP | Deep Learning,Professional with 12 years experience.,20,0
Lisa White,435,785,Product Manager | Agile | SaaS,Professional with 3 years experience.,177,0
Ahmed Hassan,473,1144,Civil Engineer | Infrastructure Projects,Professional with 7 years experience.,275,0
Mike Brown,386,783,Software Engineer at Google | Python | ML,Professional with 16 years experience.,76,0
Profit Guru,23,181,MLM Specialist | 6-figure income,Join my team,0,1
Crypto King,42,79,Investment Advisor | Earn 200% Returns,Helping people earn online,0,1
Earn Fast Now,45,151,Life Coach | Unlocking your potential,,0,1
Profit Guru,41,39,Real Estate Investor | Passive Income,,0,1
Earn Fast Now,11,188,MLM Specialist | 6-figure income,Helping people earn online,0,1
Chris Martin,213,471,Data Scientist | NLP | Deep Learning,Professional with 15 years experience.,268,0
MLM Leader,4,163,CEO of multiple companies | DM for collab,Join my team,0,1
David Clark,413,369,HR Manager | Talent Acquisition,Professional with 9 years experience.,226,0
Profit Guru,37,69,Real Estate Investor | Passive Income,Join my team,0,1
Lisa White,56,52,Journalist | The New York Times,Professional with 9 years experience.,227,0
Mike Brown,338,730,Business Development | Startups | VC,Professional with 3 years experience.,12,0
Profit Guru,30,108,CEO of multiple companies | DM for collab,Join my team,0,1
Profit Guru,10,159,Real Estate Investor | Passive Income,,0,1
Sarah Jones,127,218,Civil Engineer | Infrastructure Projects,Professional with 4 years experience.,95,0
Mike Brown,462,1144,Product Manager | Agile | SaaS,Professional with 3 years experience.,180,0
Chris Martin,410,516,UX Designer | Figma | User Research,Professional with 13 years experience.,190,0
User 8374,23,40,Forex Trader | 99% win rate,DM for business opportunity,0,1
Mike Brown,147,259,Software Engineer at Google | Python | ML,Professional with 11 years experience.,237,0
Earn Fast Now,24,136,MLM Specialist | 6-figure income,Helping people earn online,0,1
Lisa White,260,648,HR Manager | Talent Acquisition,Professional with 17 years experience.,184,0
Ahmed Hassan,128,288,Journalist | The New York Times,Professional with 5 years experience.,273,0
Ahmed Hassan,291,739,HR Manager | Talent Acquisition,Professional with 11 years experience.,122,0
MLM Leader,28,146,,Helping people earn online,0,1
Investment Pro,30,145,MLM Specialist | 6-figure income,Join my team,0,1
Sheryl Sandberg,7991,8179638,Former President | Advocate | Author,"Leader, entrepreneur, and visionary. Shaping the future of technology.",4694,0
Sheryl Sandberg,11223,6136658,Nobel Laureate | Professor @Stanford,"Leader, entrepreneur, and visionary. Shaping the future of technology.",2344,0
Investment Pro,4,157,Crypto Expert | Free signals,Join my team,0,1
Crypto King,25,67,Network Marketing | Join my team,Helping people earn online,0,1
David Clark,405,462,Consultant | McKinsey & Company,Professional with 5 years experience.,151,0
Crypto King,21,94,Real Estate Investor | Passive Income,Join my team,0,1
MLM Leader,31,18,CEO of multiple companies | DM for collab,Join my team,0,1
User 8374,32,99,Forex Trader | 99% win rate,,0,1
MLM Leader,44,100,,Join my team,0,1
Profit Guru,38,6,Real Estate Investor | Passive Income,Join my team,0,1
Crypto King,22,51,Network Marketing | Join my team,,0,1
John Smith,209,178,Marketing Manager at Unilever | Brand Strategy,Professional with 15 years experience.,14,0
Ahmed Hassan,309,693,UX Designer | Figma | User Research,Professional with 12 years experience.,274,0
Priya Sharma,218,494,Data Scientist | NLP | Deep Learning,Professional with 3 years experience.,204,0
User 8374,25,41,Life Coach | Unlocking your potential,Helping people earn online,0,1
Investment Pro,31,125,Self-employed | Ask me how,Helping people earn online,0,1
Crypto King,41,155,,DM for business opportunity,0,1
Crypto King,43,52,Crypto Expert | Free signals,Helping people earn online,0,1
Profit Guru,39,194,Real Estate Investor | Passive Income,DM for business opportunity,0,1
Chris Martin,188,212,Consultant | McKinsey & Company,Professional with 4 years experience.,281,0
Priya Sharma,62,84,Journalist | The New York Times,Professional with 16 years experience.,104,0
Priya Sharma,442,1201,Consultant | McKinsey & Company,Professional with 18 years experience.,87,0
User 8374,25,25,Investment Advisor | Earn 200% Returns,,0,1
David Clark,152,224,Civil Engineer | Infrastructure Projects,Professional with 15 years experience.,172,0
John Smith,459,655,Consultant | McKinsey & Company,Professional with 2 years experience.,42,0
John Smith,257,573,Sales Director | Enterprise Software,Professional with 14 years experience.,232,0
Crypto King,39,23,CEO of multiple companies | DM for collab,,0,1
Profit Guru,11,19,,,0,1
User 8374,33,183,Life Coach | Unlocking your potential,Helping people earn online,0,1
Investment Pro,19,164,Forex Trader | 99% win rate,DM for business opportunity,0,1
MLM Leader,46,152,Forex Trader | 99% win rate,Join my team,0,1
Mike Brown,399,1082,Civil Engineer | Infrastructure Projects,Professional with 5 years experience.,247,0
Chris Martin,299,575,Professor | Harvard University | Economics,Professional with 16 years experience.,84,0
Chris Martin,230,295,Business Development | Startups | VC,Professional with 17 years experience.,127,0
Investment Pro,35,110,Real Estate Investor | Passive Income,,0,1
Lisa White,135,261,HR Manager | Talent Acquisition,Professional with 19 years experience.,202,0
User 8374,42,26,,Helping people earn online,0,1
MLM Leader,33,120,Life Coach | Unlocking your potential,Helping people earn online,0,1
Profit Guru,44,121,Real Estate Investor | Passive Income,DM for business opportunity,0,1
John Smith,96,80,Business Development | Startups | VC,Professional with 4 years experience.,40,0
Earn Fast Now,5,60,Investment Advisor | Earn 200% Returns,Join my team,0,1
Earn Fast Now,36,108,Self-employed | Ask me how,,0,1
User 8374,8,68,,Join my team,0,1
Investment Pro,8,165,Investment Advisor | Earn 200% Returns,,0,1
User 8374,29,40,Real Estate Investor | Passive Income,Helping people earn online,0,1
Emma Davis,389,923,Journalist | The New York Times,Professional with 9 years experience.,204,0
Investment Pro,9,86,Network Marketing | Join my team,Helping people earn online,0,1
Earn Fast Now,15,153,Self-employed | Ask me how,Helping people earn online,0,1
Lisa White,314,468,Financial Analyst | CFA Level 3,Professional with 3 years experience.,114,0
Investment Pro,4,42,Self-employed | Ask me how,,0,1
Emma Davis,495,685,Professor | Harvard University | Economics,Professional with 2 years experience.,135,0
User 8374,1,150,Crypto Expert | Free signals,Join my team,0,1
Crypto King,32,151,Forex Trader | 99% win rate,Helping people earn online,0,1
User 8374,11,148,Life Coach | Unlocking your potential,Join my team,0,1
Emma Davis,220,550,Consultant | McKinsey & Company,Professional with 16 years experience.,90,0
Elon Musk,9178,8100977,Nobel Laureate | Professor @Stanford,"Leader, entrepreneur, and visionary. Shaping the future of technology.",4866,0
Profit Guru,2,105,Life Coach | Unlocking your potential,DM for business opportunity,0,1
Emma Davis,481,733,Sales Director | Enterprise Software,Professional with 8 years experience.,194,0
Emma Davis,167,320,HR Manager | Talent Acquisition,Professional with 16 years experience.,197,0
Investment Pro,19,164,Life Coach | Unlocking your potential,Join my team,0,1
John Smith,406,364,Financial Analyst | CFA Level 3,Professional with 5 years experience.,298,0
User 8374,8,45,CEO of multiple companies | DM for collab,DM for business opportunity,0,1
Profit Guru,40,119,Investment Advisor | Earn 200% Returns,DM for business opportunity,0,1
Anna Lee,243,426,PhD Candidate | AI Ethics,Professional with 9 years experience.,180,0
Ahmed Hassan,75,205,Marketing Manager at Unilever | Brand Strategy,Professional with 8 years experience.,93,0
Lisa White,452,490,Consultant | McKinsey & Company,Professional with 17 years experience.,288,0
Emma Davis,277,499,Professor | Harvard University | Economics,Professional with 12 years experience.,190,0
Priya Sharma,448,813,PhD Candidate | AI Ethics,Professional with 2 years experience.,181,0
Earn Fast Now,19,173,Forex Trader | 99% win rate,Helping people earn online,0,1
Lisa White,326,543,PhD Candidate | AI Ethics,Professional with 7 years experience.,122,0
Mike Brown,93,74,Marketing Manager at Unilever | Brand Strategy,Professional with 15 years experience.,263,0
User 8374,8,14,Network Marketing | Join my team,,0,1
David Clark,383,652,Financial Analyst | CFA Level 3,Professional with 16 years experience.,217,0
Priya Sharma,475,804,PhD Candidate | AI Ethics,Professional with 19 years experience.,183,0
User 8374,2,27,Investment Advisor | Earn 200% Returns,Helping people earn online,0,1
Crypto King,22,145,Forex Trader | 99% win rate,Join my team,0,1
User 8374,44,148,Investment Advisor | Earn 200% Returns,Helping people earn online,0,1
Lisa White,490,980,Marketing Manager at Unilever | Brand Strategy,Professional with 11 years experience.,296,0
Sarah Jones,222,177,Civil Engineer | Infrastructure Projects,Professional with 10 years experience.,212,0
Profit Guru,9,18,Crypto Expert | Free signals,,0,1
Chris Martin,482,1105,HR Manager | Talent Acquisition,Professional with 15 years experience.,77,0
Chris Martin,329,428,UX Designer | Figma | User Research,Professional with 15 years experience.,11,0
Sarah Jones,203,512,Software Engineer at Google | Python | ML,Professional with 16 years experience.,242,0
Anna Lee,339,306,PhD Candidate | AI Ethics,Professional with 10 years experience.,39,0
Crypto King,23,55,Forex Trader | 99% win rate,Join my team,0,1
MLM Leader,20,121,CEO of multiple companies | DM for collab,,0,1
Priya Sharma,127,302,Professor | Harvard University | Economics,Professional with 11 years experience.,175,0
John Smith,328,581,Journalist | The New York Times,Professional with 8 years experience.,137,0
Earn Fast Now,15,31,Forex Trader | 99% win rate,DM for business opportunity,0,1
Priya Sharma,275,233,Marketing Manager at Unilever | Brand Strategy,Professional with 19 years experience.,164,0
Investment Pro,20,90,Life Coach | Unlocking your potential,,0,1
MLM Leader,13,162,Investment Advisor | Earn 200% Returns,DM for business opportunity,0,1
Elon Musk,3585,2261039,Founder & CEO | Unicorn Startup | Forbes 30 Under 30,"Leader, entrepreneur, and visionary. Shaping the future of technology.",1232,0
Profit Guru,47,128,Forex Trader | 99% win rate,DM for business opportunity,0,1
Ahmed Hassan,155,386,UX Designer | Figma | User Research,Professional with 17 years experience.,153,0
User 8374,9,76,CEO of multiple companies | DM for collab,Helping people earn online,0,1
David Clark,419,495,Data Scientist | NLP | Deep Learning,Professional with 17 years experience.,164,0
Sarah Jones,416,354,HR Manager | Talent Acquisition,Professional with 10 years experience.,47,0
Emma Davis,136,332,Financial Analyst | CFA Level 3,Professional with 13 years experience.,226,0
Priya Sharma,158,368,Business Development | Startups | VC,Professional with 13 years experience.,146,0
Chris Martin,361,743,PhD Candidate | AI Ethics,Professional with 5 years experience.,136,0
Sarah Jones,476,660,Product Manager | Agile | SaaS,Professional with 12 years experience.,142,0
Anna Lee,115,195,Product Manager | Agile | SaaS,Professional with 2 years experience.,200,0
Crypto King,2,4,Network Marketing | Join my team,Helping people earn online,0,1
Earn Fast Now,33,190,CEO of multiple companies | DM for collab,Helping people earn online,0,1
MLM Leader,22,101,,DM for business opportunity,0,1
Emma Davis,177,204,Civil Engineer | Infrastructure Projects,Professional with 2 years experience.,53,0
Elon Musk,16792,8598915,Founder & CEO | Unicorn Startup | Forbes 30 Under 30,"Leader, entrepreneur, and visionary. Shaping the future of technology.",4265,0
MLM Leader,9,195,Real Estate Investor | Passive Income,Join my team,0,1
Profit Guru,3,51,,,0,1
Sarah Jones,93,87,PhD Candidate | AI Ethics,Professional with 14 years experience.,64,0
David Clark,292,249,Civil Engineer | Infrastructure Projects,Professional with 6 years experience.,223,0
Tim Cook,23733,1050596,Nobel Laureate | Professor @Stanford,"Leader, entrepreneur, and visionary. Shaping the future of technology.",3711,0
Lisa White,219,635,Sales Director | Enterprise Software,Professional with 14 years experience.,227,0
User 8374,42,66,Investment Advisor | Earn 200% Returns,DM for business opportunity,0,1
Chris Martin,417,446,Product Manager | Agile | SaaS,Professional with 18 years experience.,54,0
Anna Lee,183,230,Civil Engineer | Infrastructure Projects,Professional with 19 years experience.,210,0
Sundar Pichai,6079,9310329,Nobel Laureate | Professor @Stanford,"Leader, entrepreneur, and visionary. Shaping the future of technology.",3290,0
Anna Lee,161,272,Financial Analyst | CFA Level 3,Professional with 17 years experience.,186,0
Anna Lee,328,675,PhD Candidate | AI Ethics,Professional with 8 years experience.,129,0
Chris Martin,382,311,Financial Analyst | CFA Level 3,Professional with 17 years experience.,236,0
Crypto King,38,1,Investment Advisor | Earn 200% Returns,Helping people earn online,0,1
Investment Pro,49,58,Investment Advisor | Earn 200% Returns,DM for business opportunity,0,1
MLM Leader,36,115,Self-employed | Ask me how,Helping people earn online,0,1
Ahmed Hassan,444,616,Professor | Harvard University | Economics,Professional with 12 years experience.,56,0
Earn Fast Now,49,177,Investment Advisor | Earn 200% Returns,DM for business opportunity,0,1
Earn Fast Now,47,149,Forex Trader | 99% win rate,Join my team,0,1
Earn Fast Now,12,186,Forex Trader | 99% win rate,,0,1
Anna Lee,254,297,HR Manager | Talent Acquisition,Professional with 11 years experience.,174,0
Earn Fast Now,3,43,Crypto Expert | Free signals,,0,1
John Smith,377,814,Professor | Harvard University | Economics,Professional with 17 years experience.,149,0
Lisa White,386,1062,Software Engineer at Google | Python | ML,Professional with 12 years experience.,241,0
Crypto King,28,105,Network Marketing | Join my team,,0,1
Priya Sharma,94,120,Software Engineer at Google | Python | ML,Professional with 15 years experience.,44,0
John Smith,426,965,Business Development | Startups | VC,Professional with 2 years experience.,194,0
Profit Guru,30,190,Investment Advisor | Earn 200% Returns,DM for business opportunity,0,1
Mike Brown,288,719,Professor | Harvard University | Economics,Professional with 11 years experience.,268,0
Profit Guru,6,11,Crypto Expert | Free signals,Join my team,0,1
User 8374,49,110,Life Coach | Unlocking your potential,,0,1
Mike Brown,334,403,UX Designer | Figma | User Research,Professional with 5 years experience.,293,0
Crypto King,34,40,Forex Trader | 99% win rate,Join my team,0,1
MLM Leader,35,9,Life Coach | Unlocking your potential,,0,1
User 8374,27,11,CEO of multiple companies | DM for collab,Helping people earn online,0,1
Sheryl Sandberg,15326,3322594,Former President | Advocate | Author,"Leader, entrepreneur, and visionary. Shaping the future of technology.",1648,0
Sundar Pichai,13329,1257495,CEO | Fortune 500 | Author | Speaker,"Leader, entrepreneur, and visionary. Shaping the future of technology.",3969,0
Sarah Jones,451,431,Data Scientist | NLP | Deep Learning,Professional with 14 years experience.,234,0
Mike Brown,50,106,Software Engineer at Google | Python | ML,Professional with 8 years experience.,263,0
Mike Brown,217,581,Consultant | McKinsey & Company,Professional with 19 years experience.,225,0
Earn Fast Now,19,160,Forex Trader | 99% win rate,,0,1
Satya Nadella,25304,3444566,Founder & CEO | Unicorn Startup | Forbes 30 Under 30,"Leader, entrepreneur, and visionary. Shaping the future of technology.",4889,0
Earn Fast Now,36,13,Real Estate Investor | Passive Income,,0,1
MLM Leader,47,82,CEO of multiple companies | DM for collab,,0,1
Earn Fast Now,44,49,,Helping people earn online,0,1
Investment Pro,46,114,Network Marketing | Join my team,,0,1
Earn Fast Now,12,169,Life Coach | Unlocking your potential,Join my team,0,1
Profit Guru,45,117,Forex Trader | 99% win rate,DM for business opportunity,0,1
Emma Davis,163,470,Data Scientist | NLP | Deep Learning,Professional with 9 years experience.,228,0
MLM Leader,1,10,Network Marketing | Join my team,,0,1
Crypto King,14,48,MLM Specialist | 6-figure income,,0,1
Earn Fast Now,48,25,,Join my team,0,1
Earn Fast Now,13,187,,Helping people earn online,0,1
User 8374,46,133,Crypto Expert | Free signals,,0,1
Profit Guru,31,185,Real Estate Investor | Passive Income,,0,1
Profit Guru,1,189,CEO of multiple companies | DM for collab,Join my team,0,1
Mike Brown,490,661,Journalist | The New York Times,Professional with 5 years experience.,112,0
Sarah Jones,369,577,Data Scientist | NLP | Deep Learning,Professional with 4 years experience.,287,0
Elon Musk,12605,815541,Former President | Advocate | Author,"Leader, entrepreneur, and visionary. Shaping the future of technology.",882,0
Jensen Huang,26888,1147772,Former President | Advocate | Author,"Leader, entrepreneur, and visionary. Shaping the future of technology.",3909,0
Profit Guru,49,133,Self-employed | Ask me how,,0,1
Mike Brown,339,526,Business Development | Startups | VC,Professional with 14 years experience.,17,0
Profit Guru,1,159,Self-employed | Ask me how,Helping people earn online,0,1
Jensen Huang,13942,9817382,Nobel Laureate | Professor @Stanford,"Leader, entrepreneur, and visionary. Shaping the future of technology.",1311,0
Sarah Jones,280,404,Sales Director | Enterprise Software,Professional with 15 years experience.,71,0
John Smith,332,312,Business Development | Startups | VC,Professional with 13 years experience.,247,0
Ahmed Hassan,342,667,Marketing Manager at Unilever | Brand Strategy,Professional with 3 years experience.,37,0
Anna Lee,377,678,Civil Engineer | Infrastructure Projects,Professional with 13 years experience.,169,0
Tim Cook,17256,1176831,CEO | Fortune 500 | Author | Speaker,"Leader, entrepreneur, and visionary. Shaping the future of technology.",3487,0
John Smith,76,210,Business Development | Startups | VC,Professional with 3 years experience.,55,0
MLM Leader,38,143,,DM for business opportunity,0,1
Mike Brown,239,640,Data Scientist | NLP | Deep Learning,Professional with 2 years experience.,201,0
Satya Nadella,9088,3551391,Founder & CEO | Unicorn Startup | Forbes 30 Under 30,"Leader, entrepreneur, and visionary. Shaping the future of technology.",3206,0
Investment Pro,11,16,Self-employed | Ask me how,DM for business opportunity,0,1
Tim Cook,5122,5739570,Nobel Laureate | Professor @Stanford,"Leader, entrepreneur, and visionary. Shaping the future of technology.",2836,0
Lisa White,241,399,Product Manager | Agile | SaaS,Professional with 7 years experience.,240,0
User 8374,29,116,Forex Trader | 99% win rate,Join my team,0,1
David Clark,476,618,Professor | Harvard University | Economics,Professional with 18 years experience.,151,0
Sarah Jones,110,140,Financial Analyst | CFA Level 3,Professional with 5 years experience.,130,0
Earn Fast Now,27,53,,DM for business opportunity,0,1
Investment Pro,13,141,,Helping people earn online,0,1
Sarah Jones,71,181,Civil Engineer | Infrastructure Projects,Professional with 18 years experience.,101,0
Earn Fast Now,21,125,Life Coach | Unlocking your potential,,0,1
Crypto King,31,67,Forex Trader | 99% win rate,DM for business opportunity,0,1
User 8374,37,179,Investment Advisor | Earn 200% Returns,Join my team,0,1
David Clark,123,169,PhD Candidate | AI Ethics,Professional with 15 years experience.,272,0
Sarah Jones,162,331,Business Development | Startups | VC,Professional with 6 years experience.,177,0
Anna Lee,396,711,Product Manager | Agile | SaaS,Professional with 16 years experience.,152,0
Crypto King,27,4,Network Marketing | Join my team,Helping people earn online,0,1
Sarah Jones,150,232,HR Manager | Talent Acquisition,Professional with 8 years experience.,227,0
Earn Fast Now,25,147,MLM Specialist | 6-figure income,DM for business opportunity,0,1
Lisa White,215,493,Journalist | The New York Times,Professional with 15 years experience.,35,0
Earn Fast Now,21,181,Network Marketing | Join my team,DM for business opportunity,0,1
Earn Fast Now,15,4,Life Coach | Unlocking your potential,,0,1
Profit Guru,9,18,Network Marketing | Join my team,Join my team,0,1
Elon Musk,24437,2796580,Founder & CEO | Unicorn Startup | Forbes 30 Under 30,"Leader, entrepreneur, and visionary. Shaping the future of technology.",4609,0
Profit Guru,34,92,Self-employed | Ask me how,,0,1
Sundar Pichai,2866,3977740,Founder & CEO | Unicorn Startup | Forbes 30 Under 30,"Leader, entrepreneur, and visionary. Shaping the future of technology.",4425,0
Ahmed Hassan,110,125,Software Engineer at Google | Python | ML,Professional with 9 years experience.,178,0
Chris Martin,324,348,Marketing Manager at Unilever | Brand Strategy,Professional with 5 years experience.,219,0
Profit Guru,40,173,Life Coach | Unlocking your potential,Helping people earn online,0,1
Anna Lee,85,238,Product Manager | Agile | SaaS,Professional with 15 years experience.,95,0
Investment Pro,48,143,MLM Specialist | 6-figure income,Helping people earn online,0,1
Investment Pro,17,150,MLM Specialist | 6-figure income,Helping people earn online,0,1
Mike Brown,460,915,Product Manager | Agile | SaaS,Professional with 17 years experience.,24,0
Profit Guru,32,171,Self-employed | Ask me how,,0,1
Sundar Pichai,3842,2992088,Founder & CEO | Unicorn Startup | Forbes 30 Under 30,"Leader, entrepreneur, and visionary. Shaping the future of technology.",3945,0
Elon Musk,6304,8140852,Nobel Laureate | Professor @Stanford,"Leader, entrepreneur, and visionary. Shaping the future of technology.",2821,0
Lisa White,366,1087,UX Designer | Figma | User Research,Professional with 10 years experience.,160,0
Lisa White,163,299,Journalist | The New York Times,Professional with 18 years experience.,167,0
Tim Cook,21511,6913226,Nobel Laureate | Professor @Stanford,"Leader, entrepreneur, and visionary. Shaping the future of technology.",4178,0
Lisa White,261,311,Financial Analyst | CFA Level 3,Professional with 18 years experience.,180,0
Tim Cook,7310,5415438,CEO | Fortune 500 | Author | Speaker,"Leader, entrepreneur, and visionary. Shaping the future of technology.",1364,0
Crypto King,32,183,MLM Specialist | 6-figure income,Helping people earn online,0,1
MLM Leader,37,193,Investment Advisor | Earn 200% Returns,Helping people earn online,0,1
David Clark,107,253,Business Development | Startups | VC,Professional with 7 years experience.,134,0
Lisa White,205,321,Product Manager | Agile | SaaS,Professional with 8 years experience.,184,0
John Smith,130,235,Sales Director | Enterprise Software,Professional with 17 years experience.,23,0
Priya Sharma,184,490,Professor | Harvard University | Economics,Professional with 3 years experience.,266,0
John Smith,156,385,UX Designer | Figma | User Research,Professional with 15 years experience.,250,0
Elon Musk,1153,4837743,Nobel Laureate | Professor @Stanford,"Leader, entrepreneur, and visionary. Shaping the future of technology.",2408,0
MLM Leader,6,12,Real Estate Investor | Passive Income,,0,1
MLM Leader,20,165,CEO of multiple companies | DM for collab,Join my team,0,1
Anna Lee,411,629,PhD Candidate | AI Ethics,Professional with 14 years experience.,145,0
User 8374,10,166,MLM Specialist | 6-figure income,Helping people earn online,0,1
David Clark,171,344,Product Manager | Agile | SaaS,Professional with 18 years experience.,271,0
David Clark,240,548,Financial Analyst | CFA Level 3,Professional with 16 years experience.,130,0
Priya Sharma,461,1001,Professor | Harvard University | Economics,Professional with 6 years experience.,49,0
Priya Sharma,441,831,Civil Engineer | Infrastructure Projects,Professional with 4 years experience.,80,0
MLM Leader,37,78,Life Coach | Unlocking your potential,Join my team,0,1
Sarah Jones,431,1026,Journalist | The New York Times,Professional with 6 years experience.,142,0
Investment Pro,9,94,Real Estate Investor | Passive Income,Helping people earn online,0,1
Satya Nadella,11134,6850172,Founder & CEO | Unicorn Startup | Forbes 30 Under 30,"Leader, entrepreneur, and visionary. Shaping the future of technology.",3863,0
Crypto King,24,102,Self-employed | Ask me how,Helping people earn online,0,1
Priya Sharma,387,446,Data Scientist | NLP | Deep Learning,Professional with 3 years experience.,247,0
MLM Leader,14,146,CEO of multiple companies | DM for collab,Helping people earn online,0,1
Sheryl Sandberg,27633,8647300,Founder & CEO | Unicorn Startup | Forbes 30 Under 30,"Leader, entrepreneur, and visionary. Shaping the future of technology.",3311,0
John Smith,165,450,PhD Candidate | AI Ethics,Professional with 12 years experience.,206,0
Elon Musk,18648,8069024,Founder & CEO | Unicorn Startup | Forbes 30 Under 30,"Leader, entrepreneur, and visionary. Shaping the future of technology.",2975,0
Profit Guru,3,93,Life Coach | Unlocking your potential,DM for business opportunity,0,1
Earn Fast Now,19,177,Life Coach | Unlocking your potential,Join my team,0,1
Ahmed Hassan,51,99,Software Engineer at Google | Python | ML,Professional with 8 years experience.,31,0
Investment Pro,44,14,,DM for business opportunity,0,1
MLM Leader,2,5,Real Estate Investor | Passive Income,Join my team,0,1
Investment Pro,28,20,Real Estate Investor | Passive Income,DM for business opportunity,0,1
Emma Davis,66,126,UX Designer | Figma | User Research,Professional with 18 years experience.,285,0
Ahmed Hassan,82,103,UX Designer | Figma | User Research,Professional with 14 years experience.,131,0
John Smith,209,534,Marketing Manager at Unilever | Brand Strategy,Professional with 3 years experience.,241,0
Anna Lee,123,119,Professor | Harvard University | Economics,Professional with 13 years experience.,216,0
Crypto King,49,111,Real Estate Investor | Passive Income,DM for business opportunity,0,1
Priya Sharma,476,873,Financial Analyst | CFA Level 3,Professional with 8 years experience.,40,0
Earn Fast Now,39,3,Real Estate Investor | Passive Income,DM for business opportunity,0,1
Tim Cook,25752,3639003,Former President | Advocate | Author,"Leader, entrepreneur, and visionary. Shaping the future of technology.",2346,0
Crypto King,30,43,,Join my team,0,1
Lisa White,68,72,Business Development | Startups | VC,Professional with 5 years experience.,255,0
Sarah Jones,453,833,Sales Director | Enterprise Software,Professional with 15 years experience.,79,0
Profit Guru,40,21,Forex Trader | 99% win rate,Join my team,0,1
Investment Pro,27,137,,,0,1
Elon Musk,8391,4505230,CEO | Fortune 500 | Author | Speaker,"Leader, entrepreneur, and visionary. Shaping the future of technology.",4088,0
Satya Nadella,15443,7415255,Nobel Laureate | Professor @Stanford,"Leader, entrepreneur, and visionary. Shaping the future of technology.",2675,0
Profit Guru,44,157,Life Coach | Unlocking your potential,Join my team,0,1
Investment Pro,15,70,MLM Specialist | 6-figure income,DM for business opportunity,0,1
John Smith,218,358,Professor | Harvard University | Economics,Professional with 14 years experience.,15,0
Ahmed Hassan,359,305,Marketing Manager at Unilever | Brand Strategy,Professional with 5 years experience.,248,0
MLM Leader,36,93,Real Estate Investor | Passive Income,,0,1
Profit Guru,14,32,Crypto Expert | Free signals,Join my team,0,1
Sundar Pichai,23658,2489223,CEO | Fortune 500 | Author | Speaker,"Leader, entrepreneur, and visionary. Shaping the future of technology.",3583,0
MLM Leader,30,168,Self-employed | Ask me how,Helping people earn online,0,1
Crypto King,42,113,Self-employed | Ask me how,DM for business opportunity,0,1
Investment Pro,46,87,Forex Trader | 99% win rate,,0,1
User 8374,31,102,CEO of multiple companies | DM for collab,Helping people earn online,0,1
Elon Musk,21917,5812245,Nobel Laureate | Professor @Stanford,"Leader, entrepreneur, and visionary. Shaping the future of technology.",562,0
User 8374,26,121,Forex Trader | 99% win rate,,0,1
Emma Davis,238,640,Professor | Harvard University | Economics,Professional with 19 years experience.,137,0
MLM Leader,24,154,Forex Trader | 99% win rate,DM for business opportunity,0,1
Investment Pro,41,93,CEO of multiple companies | DM for collab,DM for business opportunity,0,1
Emma Davis,175,336,Data Scientist | NLP | Deep Learning,Professional with 9 years experience.,243,0
Earn Fast Now,15,30,Forex Trader | 99% win rate,Helping people earn online,0,1
Earn Fast Now,3,55,Life Coach | Unlocking your potential,Join my team,0,1
MLM Leader,14,113,Crypto Expert | Free signals,Join my team,0,1
MLM Leader,39,24,Forex Trader | 99% win rate,Join my team,0,1
Ahmed Hassan,336,681,Civil Engineer | Infrastructure Projects,Professional with 10 years experience.,64,0
Investment Pro,7,49,Life Coach | Unlocking your potential,DM for business opportunity,0,1
Investment Pro,24,55,Life Coach | Unlocking your potential,DM for business opportunity,0,1
Investment Pro,24,25,Real Estate Investor | Passive Income,Helping people earn online,0,1
Sheryl Sandberg,20841,7167335,Nobel Laureate | Professor @Stanford,"Leader, entrepreneur, and visionary. Shaping the future of technology.",3197,0
Anna Lee,333,731,UX Designer | Figma | User Research,Professional with 14 years experience.,164,0
User 8374,23,141,CEO of multiple companies | DM for collab,Join my team,0,1
Ahmed Hassan,255,568,HR Manager | Talent Acquisition,Professional with 7 years experience.,78,0
Sheryl Sandberg,19247,9245947,Nobel Laureate | Professor @Stanford,"Leader, entrepreneur, and visionary. Shaping the future of technology.",4456,0
Mike Brown,401,806,Marketing Manager at Unilever | Brand Strategy,Professional with 10 years experience.,124,0
Investment Pro,5,153,Forex Trader | 99% win rate,Helping people earn online,0,1
Emma Davis,397,762,Journalist | The New York Times,Professional with 5 years experience.,96,0
Priya Sharma,209,411,Sales Director | Enterprise Software,Professional with 8 years experience.,284,0
Crypto King,39,95,Real Estate Investor | Passive Income,Join my team,0,1
Chris Martin,366,436,Marketing Manager at Unilever | Brand Strategy,Professional with 9 years experience.,268,0
Profit Guru,43,164,Real Estate Investor | Passive Income,Join my team,0,1
User 8374,48,171,Real Estate Investor | Passive Income,Join my team,0,1
Profit Guru,27,14,Real Estate Investor | Passive Income,,0,1
MLM Leader,44,52,MLM Specialist | 6-figure income,Helping people earn online,0,1
Earn Fast Now,37,126,Self-employed | Ask me how,Helping people earn online,0,1
MLM Leader,41,167,Network Marketing | Join my team,,0,1
Elon Musk,16466,8215825,Former President | Advocate | Author,"Leader, entrepreneur, and visionary. Shaping the future of technology.",3861,0
Sarah Jones,336,779,Financial Analyst | CFA Level 3,Professional with 14 years experience.,97,0
Lisa White,51,69,HR Manager | Talent Acquisition,Professional with 12 years experience.,131,0
David Clark,217,643,Business Development | Startups | VC,Professional with 3 years experience.,148,0
Ahmed Hassan,484,1020,Journalist | The New York Times,Professional with 8 years experience.,144,0
Chris Martin,447,1340,Journalist | The New York Times,Professional with 8 years experience.,145,0
Chris Martin,209,177,Consultant | McKinsey & Company,Professional with 19 years experience.,164,0
Ahmed Hassan,335,362,UX Designer | Figma | User Research,Professional with 5 years experience.,125,0
MLM Leader,33,162,Real Estate Investor | Passive Income,Join my team,0,1
User 8374,11,142,Life Coach | Unlocking your potential,Helping people earn online,0,1
Priya Sharma,404,652,Civil Engineer | Infrastructure Projects,Professional with 10 years experience.,129,0
Profit Guru,20,161,Real Estate Investor | Passive Income,Helping people earn online,0,1
Investment Pro,15,27,Real Estate Investor | Passive Income,Join my team,0,1
Profit Guru,14,160,Self-employed | Ask me how,DM for business opportunity,0,1
Mike Brown,199,337,Consultant | McKinsey & Company,Professional with 13 years experience.,194,0
Priya Sharma,432,592,UX Designer | Figma | User Research,Professional with 15 years experience.,226,0
Priya Sharma,224,652,UX Designer | Figma | User Research,Professional with 7 years experience.,136,0
Investment Pro,18,16,MLM Specialist | 6-figure income,,0,1
Ahmed Hassan,110,217,Professor | Harvard University | Economics,Professional with 12 years experience.,231,0
Anna Lee,206,606,Sales Director | Enterprise Software,Professional with 14 years experience.,197,0
Priya Sharma,231,483,Product Manager | Agile | SaaS,Professional with 5 years experience.,157,0
Investment Pro,31,126,Forex Trader | 99% win rate,Join my team,0,1
John Smith,184,298,Consultant | McKinsey & Company,Professional with 9 years experience.,260,0
Profit Guru,5,33,MLM Specialist | 6-figure income,Helping people earn online,0,1
MLM Leader,19,11,,Join my team,0,1
Profit Guru,48,177,,DM for business opportunity,0,1
Profit Guru,16,57,Crypto Expert | Free signals,Join my team,0,1
Lisa White,88,121,PhD Candidate | AI Ethics,Professional with 2 years experience.,226,0
Chris Martin,364,516,Consultant | McKinsey & Company,Professional with 14 years experience.,203,0
Earn Fast Now,37,103,Real Estate Investor | Passive Income,Helping people earn online,0,1
Priya Sharma,424,1140,Marketing Manager at Unilever | Brand Strategy,Professional with 8 years experience.,230,0
David Clark,374,649,Marketing Manager at Unilever | Brand Strategy,Professional with 2 years experience.,147,0
Ahmed Hassan,183,148,Sales Director | Enterprise Software,Professional with 17 years experience.,41,0
Ahmed Hassan,476,1254,Financial Analyst | CFA Level 3,Professional with 9 years experience.,42,0
User 8374,6,134,Crypto Expert | Free signals,Helping people earn online,0,1
Anna Lee,359,825,HR Manager | Talent Acquisition,Professional with 3 years experience.,155,0
Investment Pro,24,175,MLM Specialist | 6-figure income,DM for business opportunity,0,1
MLM Leader,39,121,MLM Specialist | 6-figure income,DM for business opportunity,0,1
Investment Pro,12,23,Self-employed | Ask me how,DM for business opportunity,0,1
MLM Leader,0,21,MLM Specialist | 6-figure income,,0,1
Profit Guru,9,197,,DM for business opportunity,0,1
Crypto King,22,148,MLM Specialist | 6-figure income,Join my team,0,1
Profit Guru,14,24,CEO of multiple companies | DM for collab,,0,1
Investment Pro,20,161,Investment Advisor | Earn 200% Returns,Join my team,0,1
Profit Guru,45,163,Network Marketing | Join my team,,0,1
John Smith,160,309,UX Designer | Figma | User Research,Professional with 5 years experience.,127,0
Tim Cook,20865,3957612,Founder & CEO | Unicorn Startup | Forbes 30 Under 30,"Leader, entrepreneur, and visionary. Shaping the future of technology.",541,0
Investment Pro,33,65,Self-employed | Ask me how,,0,1
Mike Brown,130,273,UX Designer | Figma | User Research,Professional with 9 years experience.,151,0
User 8374,43,138,Forex Trader | 99% win rate,,0,1
Mike Brown,222,658,Product Manager | Agile | SaaS,Professional with 17 years experience.,33,0
Profit Guru,26,90,,Helping people earn online,0,1
Elon Musk,2498,1708794,CEO | Fortune 500 | Author | Speaker,"Leader, entrepreneur, and visionary. Shaping the future of technology.",3038,0
Anna Lee,416,883,Business Development | Startups | VC,Professional with 7 years experience.,14,0
User 8374,15,17,Network Marketing | Join my team,DM for business opportunity,0,1
Ahmed Hassan,128,138,Journalist | The New York Times,Professional with 19 years experience.,170,0
Earn Fast Now,14,185,CEO of multiple companies | DM for collab,Helping people earn online,0,1
David Clark,355,586,UX Designer | Figma | User Research,Professional with 18 years experience.,37,0
Investment Pro,32,159,Real Estate Investor | Passive Income,Helping people earn online,0,1
Ahmed Hassan,223,564,PhD Candidate | AI Ethics,Professional with 16 years experience.,58,0
MLM Leader,14,62,Self-employed | Ask me how,Join my team,0,1
Ahmed Hassan,88,105,Sales Director | Enterprise Software,Professional with 9 years experience.,260,0
Mike Brown,322,763,Journalist | The New York Times,Professional with 18 years experience.,134,0
MLM Leader,36,125,Crypto Expert | Free signals,,0,1
David Clark,122,160,Product Manager | Agile | SaaS,Professional with 18 years experience.,105,0
Lisa White,465,977,Financial Analyst | CFA Level 3,Professional with 15 years experience.,277,0
Earn Fast Now,48,165,CEO of multiple companies | DM for collab,Helping people earn online,0,1
John Smith,87,80,Financial Analyst | CFA Level 3,Professional with 15 years experience.,57,0
Profit Guru,2,78,Investment Advisor | Earn 200% Returns,DM for business opportunity,0,1
Profit Guru,36,171,Real Estate Investor | Passive Income,Helping people earn online,0,1
User 8374,18,120,Network Marketing | Join my team,Helping people earn online,0,1
Sarah Jones,375,489,Consultant | McKinsey & Company,Professional with 19 years experience.,35,0
David Clark,206,305,Software Engineer at Google | Python | ML,Professional with 12 years experience.,195,0
Profit Guru,29,63,Network Marketing | Join my team,,0,1
Tim Cook,2329,2170132,Founder & CEO | Unicorn Startup | Forbes 30 Under 30,"Leader, entrepreneur, and visionary. Shaping the future of technology.",3974,0
Priya Sharma,147,125,UX Designer | Figma | User Research,Professional with 7 years experience.,193,0
Elon Musk,19108,6862270,Founder & CEO | Unicorn Startup | Forbes 30 Under 30,"Leader, entrepreneur, and visionary. Shaping the future of technology.",640,0
User 8374,11,25,MLM Specialist | 6-figure income,Helping people earn online,0,1
MLM Leader,30,178,Network Marketing | Join my team,DM for business opportunity,0,1
David Clark,478,1425,Sales Director | Enterprise Software,Professional with 14 years experience.,13,0
Earn Fast Now,32,88,MLM Specialist | 6-figure income,,0,1
User 8374,41,197,Real Estate Investor | Passive Income,DM for business opportunity,0,1
Crypto King,6,123,MLM Specialist | 6-figure income,Join my team,0,1
MLM Leader,42,178,Real Estate Investor | Passive Income,Join my team,0,1
Investment Pro,35,0,Network Marketing | Join my team,DM for business opportunity,0,1
Crypto King,0,154,Life Coach | Unlocking your potential,DM for business opportunity,0,1
Mike Brown,328,561,Journalist | The New York Times,Professional with 6 years experience.,238,0
Priya Sharma,210,611,Financial Analyst | CFA Level 3,Professional with 15 years experience.,198,0
Profit Guru,11,49,Crypto Expert | Free signals,Helping people earn online,0,1
Elon Musk,9451,1756444,Founder & CEO | Unicorn Startup | Forbes 30 Under 30,"Leader, entrepreneur, and visionary. Shaping the future of technology.",3844,0
MLM Leader,43,166,CEO of multiple companies | DM for collab,Join my team,0,1
Earn Fast Now,19,76,Network Marketing | Join my team,Join my team,0,1
Earn Fast Now,2,110,Network Marketing | Join my team,DM for business opportunity,0,1
Mike Brown,244,418,Software Engineer at Google | Python | ML,Professional with 8 years experience.,126,0
David Clark,443,1109,HR Manager | Talent Acquisition,Professional with 18 years experience.,276,0
MLM Leader,19,42,Crypto Expert | Free signals,DM for business opportunity,0,1
Profit Guru,28,77,MLM Specialist | 6-figure income,Helping people earn online,0,1
Earn Fast Now,8,19,Forex Trader | 99% win rate,Helping people earn online,0,1
Profit Guru,18,99,Crypto Expert | Free signals,Join my team,0,1
Ahmed Hassan,440,1097,Sales Director | Enterprise Software,Professional with 11 years experience.,163,0
Chris Martin,383,726,Software Engineer at Google | Python | ML,Professional with 4 years experience.,168,0
David Clark,149,283,Professor | Harvard University | Economics,Professional with 6 years experience.,26,0
Crypto King,42,9,MLM Specialist | 6-figure income,Helping people earn online,0,1
Earn Fast Now,26,176,Crypto Expert | Free signals,Join my team,0,1
Anna Lee,96,115,UX Designer | Figma | User Research,Professional with 19 years experience.,185,0
Priya Sharma,372,628,Marketing Manager at Unilever | Brand Strategy,Professional with 15 years experience.,5,0
Anna Lee,492,634,Civil Engineer | Infrastructure Projects,Professional with 13 years experience.,103,0
Mike Brown,390,875,Business Development | Startups | VC,Professional with 11 years experience.,179,0
Priya Sharma,327,473,UX Designer | Figma | User Research,Professional with 6 years experience.,287,0
User 8374,21,141,Self-employed | Ask me how,,0,1
MLM Leader,24,165,Network Marketing | Join my team,Helping people earn online,0,1
MLM Leader,34,19,CEO of multiple companies | DM for collab,DM for business opportunity,0,1
User 8374,25,160,Crypto Expert | Free signals,Join my team,0,1
Crypto King,22,156,Forex Trader | 99% win rate,,0,1
User 8374,43,186,Network Marketing | Join my team,Helping people earn online,0,1
Ahmed Hassan,476,450,Professor | Harvard University | Economics,Professional with 2 years experience.,175,0
Profit Guru,20,179,Crypto Expert | Free signals,DM for business opportunity,0,1
MLM Leader,34,109,,,0,1
Jensen Huang,22632,7696182,Nobel Laureate | Professor @Stanford,"Leader, entrepreneur, and visionary. Shaping the future of technology.",1983,0
Crypto King,23,43,Network Marketing | Join my team,,0,1
David Clark,229,323,Marketing Manager at Unilever | Brand Strategy,Professional with 10 years experience.,174,0
User 8374,22,85,Life Coach | Unlocking your potential,Join my team,0,1
Investment Pro,19,108,Network Marketing | Join my team,,0,1
Emma Davis,329,951,Consultant | McKinsey & Company,Professional with 19 years experience.,53,0
Ahmed Hassan,488,1151,Software Engineer at Google | Python | ML,Professional with 9 years experience.,135,0
Profit Guru,30,143,Self-employed | Ask me how,Helping people earn online,0,1
Earn Fast Now,1,98,Forex Trader | 99% win rate,DM for business opportunity,0,1
Profit Guru,49,46,Real Estate Investor | Passive Income,Helping people earn online,0,1
Profit Guru,36,36,Life Coach | Unlocking your potential,Join my team,0,1
Priya Sharma,419,1220,Professor | Harvard University | Economics,Professional with 3 years experience.,288,0
Earn Fast Now,0,176,Forex Trader | 99% win rate,,0,1
Lisa White,170,491,HR Manager | Talent Acquisition,Professional with 17 years experience.,99,0
Emma Davis,345,494,Product Manager | Agile | SaaS,Professional with 15 years experience.,11,0
Anna Lee,95,138,Marketing Manager at Unilever | Brand Strategy,Professional with 10 years experience.,194,0
Lisa White,491,1059,Professor | Harvard University | Economics,Professional with 6 years experience.,143,0
Sarah Jones,137,220,HR Manager | Talent Acquisition,Professional with 11 years experience.,19,0
Sundar Pichai,28446,3478719,Founder & CEO | Unicorn Startup | Forbes 30 Under 30,"Leader, entrepreneur, and visionary. Shaping the future of technology.",3435,0
Earn Fast Now,5,118,Real Estate Investor | Passive Income,Join my team,0,1
Emma Davis,102,208,Data Scientist | NLP | Deep Learning,Professional with 15 years experience.,105,0
Chris Martin,159,204,Business Development | Startups | VC,Professional with 7 years experience.,282,0
Lisa White,327,932,Civil Engineer | Infrastructure Projects,Professional with 11 years experience.,104,0
Crypto King,2,33,Network Marketing | Join my team,Helping people earn online,0,1
MLM Leader,44,145,Network Marketing | Join my team,,0,1
User 8374,47,143,MLM Specialist | 6-figure income,Join my team,0,1
Earn Fast Now,18,85,Life Coach | Unlocking your potential,Helping people earn online,0,1
John Smith,427,741,Product Manager | Agile | SaaS,Professional with 9 years experience.,268,0
Tim Cook,13445,6206564,CEO | Fortune 500 | Author | Speaker,"Leader, entrepreneur, and visionary. Shaping the future of technology.",3501,0
Crypto King,17,13,Network Marketing | Join my team,DM for business opportunity,0,1
Emma Davis,258,723,Data Scientist | NLP | Deep Learning,Professional with 12 years experience.,74,0
Investment Pro,6,126,Crypto Expert | Free signals,,0,1
Earn Fast Now,38,196,Self-employed | Ask me how,,0,1
John Smith,127,345,Consultant | McKinsey & Company,Professional with 4 years experience.,120,0
Elon Musk,28306,1520007,Founder & CEO | Unicorn Startup | Forbes 30 Under 30,"Leader, entrepreneur, and visionary. Shaping the future of technology.",2932,0
MLM Leader,18,59,Self-employed | Ask me how,,0,1
Mike Brown,190,557,Business Development | Startups | VC,Professional with 2 years experience.,109,0
MLM Leader,15,194,Crypto Expert | Free signals,,0,1
Investment Pro,26,140,,Helping people earn online,0,1
Lisa White,354,854,Business Development | Startups | VC,Professional with 4 years experience.,146,0
Investment Pro,4,26,Forex Trader | 99% win rate,Join my team,0,1
Emma Davis,133,251,UX Designer | Figma | User Research,Professional with 8 years experience.,74,0
Lisa White,478,746,PhD Candidate | AI Ethics,Professional with 16 years experience.,226,0
David Clark,235,454,Business Development | Startups | VC,Professional with 6 years experience.,5,0
Emma Davis,340,896,Marketing Manager at Unilever | Brand Strategy,Professional with 19 years experience.,290,0
Mike Brown,91,115,Marketing Manager at Unilever | Brand Strategy,Professional with 18 years experience.,133,0
David Clark,487,1138,Journalist | The New York Times,Professional with 17 years experience.,94,0
Profit Guru,34,106,Life Coach | Unlocking your potential,Helping people earn online,0,1
MLM Leader,38,73,Crypto Expert | Free signals,DM for business opportunity,0,1
David Clark,221,353,UX Designer | Figma | User Research,Professional with 16 years experience.,124,0
Priya Sharma,406,769,Journalist | The New York Times,Professional with 6 years experience.,29,0
Profit Guru,31,86,Network Marketing | Join my team,Helping people earn online,0,1
Chris Martin,354,352,Professor | Harvard University | Economics,Professional with 13 years experience.,135,0
MLM Leader,47,133,CEO of multiple companies | DM for collab,Join my team,0,1
Priya Sharma,463,501,Product Manager | Agile | SaaS,Professional with 7 years experience.,19,0
Sundar Pichai,11011,1170762,Nobel Laureate | Professor @Stanford,"Leader, entrepreneur, and visionary. Shaping the future of technology.",1643,0
Priya Sharma,387,593,Business Development | Startups | VC,Professional with 5 years experience.,25,0
Earn Fast Now,11,52,,Helping people earn online,0,1
Chris Martin,450,594,Business Development | Startups | VC,Professional with 18 years experience.,183,0
Chris Martin,207,355,Civil Engineer | Infrastructure Projects,Professional with 16 years experience.,120,0
User 8374,25,95,CEO of multiple companies | DM for collab,Helping people earn online,0,1
Elon Musk,10688,7615596,Nobel Laureate | Professor @Stanford,"Leader, entrepreneur, and visionary. Shaping the future of technology.",3414,0
Anna Lee,288,837,Sales Director | Enterprise Software,Professional with 16 years experience.,223,0
Investment Pro,17,197,Investment Advisor | Earn 200% Returns,,0,1
MLM Leader,28,78,MLM Specialist | 6-figure income,DM for business opportunity,0,1
Lisa White,489,516,Civil Engineer | Infrastructure Projects,Professional with 17 years experience.,244,0
Priya Sharma,303,553,Marketing Manager at Unilever | Brand Strategy,Professional with 12 years experience.,276,0
MLM Leader,44,44,Forex Trader | 99% win rate,Join my team,0,1
User 8374,29,180,Forex Trader | 99% win rate,Helping people earn online,0,1
Sheryl Sandberg,26436,7050551,CEO | Fortune 500 | Author | Speaker,"Leader, entrepreneur, and visionary. Shaping the future of technology.",2291,0
Priya Sharma,222,637,Journalist | The New York Times,Professional with 2 years experience.,119,0
Mike Brown,247,265,Sales Director | Enterprise Software,Professional with 6 years experience.,135,0
Profit Guru,44,152,Life Coach | Unlocking your potential,Helping people earn online,0,1
User 8374,21,144,Forex Trader | 99% win rate,,0,1
Investment Pro,41,17,Crypto Expert | Free signals,Helping people earn online,0,1
Mike Brown,260,209,Business Development | Startups | VC,Professional with 13 years experience.,94,0
User 8374,4,101,Forex Trader | 99% win rate,DM for business opportunity,0,1
Investment Pro,18,78,Crypto Expert | Free signals,DM for business opportunity,0,1
John Smith,91,113,HR Manager | Talent Acquisition,Professional with 14 years experience.,79,0
Sarah Jones,158,413,Product Manager | Agile | SaaS,Professional with 19 years experience.,131,0
Emma Davis,185,249,Journalist | The New York Times,Professional with 13 years experience.,83,0
Anna Lee,383,990,Professor | Harvard University | Economics,Professional with 13 years experience.,255,0
Crypto King,49,109,Forex Trader | 99% win rate,Join my team,0,1
Mike Brown,320,861,UX Designer | Figma | User Research,Professional with 13 years experience.,156,0
Chris Martin,197,453,Financial Analyst | CFA Level 3,Professional with 8 years experience.,110,0
Profit Guru,28,199,Self-employed | Ask me how,DM for business opportunity,0,1
Investment Pro,8,85,CEO of multiple companies | DM for collab,,0,1
Sarah Jones,368,537,Consultant | McKinsey & Company,Professional with 8 years experience.,227,0
User 8374,36,70,Investment Advisor | Earn 200% Returns,Join my team,0,1
Crypto King,31,113,Life Coach | Unlocking your potential,Helping people earn online,0,1
Sarah Jones,349,714,Professor | Harvard University | Economics,Professional with 16 years experience.,29,0
Investment Pro,8,89,Crypto Expert | Free signals,Join my team,0,1
Lisa White,371,820,Sales Director | Enterprise Software,Professional with 9 years experience.,253,0
MLM Leader,1,99,Forex Trader | 99% win rate,,0,1
Earn Fast Now,37,84,Crypto Expert | Free signals,DM for business opportunity,0,1
Earn Fast Now,37,24,Network Marketing | Join my team,DM for business opportunity,0,1
User 8374,21,74,MLM Specialist | 6-figure income,,0,1
Chris Martin,475,997,UX Designer | Figma | User Research,Professional with 19 years experience.,182,0
Sheryl Sandberg,12700,3077083,Former President | Advocate | Author,"Leader, entrepreneur, and visionary. Shaping the future of technology.",1937,0
Emma Davis,481,1254,UX Designer | Figma | User Research,Professional with 4 years experience.,15,0
User 8374,18,150,Crypto Expert | Free signals,DM for business opportunity,0,1
MLM Leader,11,154,Investment Advisor | Earn 200% Returns,,0,1
User 8374,26,196,Self-employed | Ask me how,Join my team,0,1
Emma Davis,225,422,Journalist | The New York Times,Professional with 2 years experience.,214,0
David Clark,454,885,Software Engineer at Google | Python | ML,Professional with 15 years experience.,287,0
Mike Brown,200,272,Sales Director | Enterprise Software,Professional with 9 years experience.,101,0
Chris Martin,118,139,Marketing Manager at Unilever | Brand Strategy,Professional with 10 years experience.,19,0
Ahmed Hassan,133,263,PhD Candidate | AI Ethics,Professional with 13 years experience.,168,0
Investment Pro,34,30,Network Marketing | Join my team,DM for business opportunity,0,1
Profit Guru,5,188,MLM Specialist | 6-figure income,,0,1
Earn Fast Now,34,184,,Helping people earn online,0,1
MLM Leader,38,158,CEO of multiple companies | DM for collab,,0,1
Sundar Pichai,10097,4384032,Founder & CEO | Unicorn Startup | Forbes 30 Under 30,"Leader, entrepreneur, and visionary. Shaping the future of technology.",4793,0
Investment Pro,17,84,CEO of multiple companies | DM for collab,Join my team,0,1
Profit Guru,29,27,Forex Trader | 99% win rate,,0,1
Profit Guru,28,63,,Helping people earn online,0,1
User 8374,13,113,Self-employed | Ask me how,,0,1
Earn Fast Now,10,99,Real Estate Investor | Passive Income,DM for business opportunity,0,1
David Clark,67,174,Financial Analyst | CFA Level 3,Professional with 6 years experience.,168,0
Profit Guru,23,183,Network Marketing | Join my team,,0,1
Sarah Jones,274,348,PhD Candidate | AI Ethics,Professional with 5 years experience.,122,0
Ahmed Hassan,467,1190,Professor | Harvard University | Economics,Professional with 17 years experience.,119,0
Earn Fast Now,16,181,Network Marketing | Join my team,Helping people earn online,0,1
User 8374,44,41,Crypto Expert | Free signals,Helping people earn online,0,1
Investment Pro,2,23,MLM Specialist | 6-figure income,Helping people earn online,0,1
John Smith,137,134,Financial Analyst | CFA Level 3,Professional with 16 years experience.,268,0
Mike Brown,317,609,Data Scientist | NLP | Deep Learning,Professional with 3 years experience.,158,0
John Smith,59,54,HR Manager | Talent Acquisition,Professional with 9 years experience.,69,0
Earn Fast Now,26,77,Forex Trader | 99% win rate,Join my team,0,1
User 8374,40,23,MLM Specialist | 6-figure income,DM for business opportunity,0,1
User 8374,1,73,Life Coach | Unlocking your potential,DM for business opportunity,0,1
Crypto King,39,197,,Helping people earn online,0,1
Mike Brown,300,585,Product Manager | Agile | SaaS,Professional with 5 years experience.,89,0
Sarah Jones,357,1049,Product Manager | Agile | SaaS,Professional with 10 years experience.,35,0
Investment Pro,10,32,Network Marketing | Join my team,DM for business opportunity,0,1
Crypto King,1,146,Network Marketing | Join my team,Join my team,0,1
Chris Martin,496,1178,Marketing Manager at Unilever | Brand Strategy,Professional with 16 years experience.,74,0
Ahmed Hassan,183,420,Sales Director | Enterprise Software,Professional with 5 years experience.,141,0
Emma Davis,345,908,HR Manager | Talent Acquisition,Professional with 3 years experience.,209,0
Earn Fast Now,5,72,Forex Trader | 99% win rate,DM for business opportunity,0,1
Crypto King,23,46,Self-employed | Ask me how,Join my team,0,1
Profit Guru,20,40,Investment Advisor | Earn 200% Returns,,0,1
User 8374,26,55,Real Estate Investor | Passive Income,,0,1
Anna Lee,108,169,Consultant | McKinsey & Company,Professional with 11 years experience.,233,0
Satya Nadella,19034,7805058,Founder & CEO | Unicorn Startup | Forbes 30 Under 30,"Leader, entrepreneur, and visionary. Shaping the future of technology.",563,0
Priya Sharma,468,1286,Consultant | McKinsey & Company,Professional with 14 years experience.,22,0
Profit Guru,11,102,Forex Trader | 99% win rate,DM for business opportunity,0,1
MLM Leader,36,177,Forex Trader | 99% win rate,Helping people earn online,0,1
Emma Davis,445,602,Business Development | Startups | VC,Professional with 14 years experience.,159,0
Satya Nadella,18003,1676254,CEO | Fortune 500 | Author | Speaker,"Leader, entrepreneur, and visionary. Shaping the future of technology.",1729,0
John Smith,256,208,UX Designer | Figma | User Research,Professional with 8 years experience.,228,0
Investment Pro,18,139,MLM Specialist | 6-figure income,Join my team,0,1
Lisa White,221,289,Business Development | Startups | VC,Professional with 15 years experience.,167,0
Mike Brown,337,382,Data Scientist | NLP | Deep Learning,Professional with 8 years experience.,216,0
Ahmed Hassan,111,145,Data Scientist | NLP | Deep Learning,Professional with 13 years experience.,143,0
Chris Martin,428,774,Sales Director | Enterprise Software,Professional with 6 years experience.,106,0
Priya Sharma,386,575,Professor | Harvard University | Economics,Professional with 12 years experience.,206,0
Anna Lee,305,840,Sales Director | Enterprise Software,Professional with 12 years experience.,201,0
Chris Martin,267,644,Financial Analyst | CFA Level 3,Professional with 14 years experience.,18,0
Elon Musk,29119,837608,Founder & CEO | Unicorn Startup | Forbes 30 Under 30,"Leader, entrepreneur, and visionary. Shaping the future of technology.",2469,0
User 8374,16,156,Self-employed | Ask me how,DM for business opportunity,0,1
Earn Fast Now,45,50,MLM Specialist | 6-figure income,,0,1
Ahmed Hassan,430,842,Financial Analyst | CFA Level 3,Professional with 3 years experience.,204,0
Mike Brown,336,349,Civil Engineer | Infrastructure Projects,Professional with 10 years experience.,156,0
Anna Lee,108,87,Business Development | Startups | VC,Professional with 7 years experience.,281,0
MLM Leader,7,69,Forex Trader | 99% win rate,Helping people earn online,0,1
User 8374,1,174,Crypto Expert | Free signals,,0,1
Elon Musk,4018,6594362,Former President | Advocate | Author,"Leader, entrepreneur, and visionary. Shaping the future of technology.",4963,0
MLM Leader,19,68,MLM Specialist | 6-figure income,Join my team,0,1
Crypto King,46,157,CEO of multiple companies | DM for collab,,0,1
John Smith,348,807,UX Designer | Figma | User Research,Professional with 14 years experience.,123,0
Profit Guru,22,93,,,0,1
Profit Guru,2,53,Forex Trader | 99% win rate,,0,1
Sarah Jones,466,965,PhD Candidate | AI Ethics,Professional with 18 years experience.,106,0
Investment Pro,6,45,Investment Advisor | Earn 200% Returns,DM for business opportunity,0,1
Earn Fast Now,14,135,Network Marketing | Join my team,,0,1
John Smith,133,338,Civil Engineer | Infrastructure Projects,Professional with 13 years experience.,24,0
Profit Guru,1,42,Life Coach | Unlocking your potential,DM for business opportunity,0,1
John Smith,75,133,Professor | Harvard University | Economics,Professional with 13 years experience.,65,0
User 8374,37,29,MLM Specialist | 6-figure income,Helping people earn online,0,1
Profit Guru,25,196,Forex Trader | 99% win rate,Helping people earn online,0,1
Emma Davis,238,337,UX Designer | Figma | User Research,Professional with 12 years experience.,180,0
Emma Davis,160,231,Professor | Harvard University | Economics,Professional with 4 years experience.,221,0
MLM Leader,8,95,MLM Specialist | 6-figure income,Helping people earn online,0,1
MLM Leader,20,153,Real Estate Investor | Passive Income,Join my team,0,1
John Smith,418,656,HR Manager | Talent Acquisition,Professional with 16 years experience.,24,0
Elon Musk,12853,7156220,CEO | Fortune 500 | Author | Speaker,"Leader, entrepreneur, and visionary. Shaping the future of technology.",1744,0
User 8374,1,144,Life Coach | Unlocking your potential,,0,1
Emma Davis,424,890,PhD Candidate | AI Ethics,Professional with 7 years experience.,30,0
Ahmed Hassan,151,410,UX Designer | Figma | User Research,Professional with 18 years experience.,203,0
Crypto King,1,175,Real Estate Investor | Passive Income,Join my team,0,1
Investment Pro,6,149,Real Estate Investor | Passive Income,Join my team,0,1
Crypto King,4,47,Crypto Expert | Free signals,,0,1
Anna Lee,417,702,Sales Director | Enterprise Software,Professional with 7 years experience.,84,0
John Smith,468,1054,Marketing Manager at Unilever | Brand Strategy,Professional with 2 years experience.,53,0
John Smith,291,334,Product Manager | Agile | SaaS,Professional with 13 years experience.,266,0
Priya Sharma,258,445,Product Manager | Agile | SaaS,Professional with 8 years experience.,140,0
Ahmed Hassan,240,529,Financial Analyst | CFA Level 3,Professional with 13 years experience.,21,0
Emma Davis,140,296,Sales Director | Enterprise Software,Professional with 15 years experience.,107,0
Satya Nadella,13820,6310578,Former President | Advocate | Author,"Leader, entrepreneur, and visionary. Shaping the future of technology.",3198,0
John Smith,55,115,HR Manager | Talent Acquisition,Professional with 6 years experience.,138,0
Tim Cook,2898,8500828,Nobel Laureate | Professor @Stanford,"Leader, entrepreneur, and visionary. Shaping the future of technology.",1562,0
Chris Martin,268,365,Financial Analyst | CFA Level 3,Professional with 8 years experience.,98,0
Profit Guru,12,115,Forex Trader | 99% win rate,Helping people earn online,0,1
Emma Davis,388,721,Software Engineer at Google | Python | ML,Professional with 12 years experience.,195,0
Profit Guru,20,115,Forex Trader | 99% win rate,,0,1
John Smith,228,629,Sales Director | Enterprise Software,Professional with 8 years experience.,83,0
Ahmed Hassan,427,671,HR Manager | Talent Acquisition,Professional with 18 years experience.,172,0
Emma Davis,484,815,Product Manager | Agile | SaaS,Professional with 5 years experience.,158,0
Mike Brown,371,521,PhD Candidate | AI Ethics,Professional with 11 years experience.,107,0
MLM Leader,6,67,Forex Trader | 99% win rate,Helping people earn online,0,1
Earn Fast Now,17,123,CEO of multiple companies | DM for collab,DM for business opportunity,0,1
Investment Pro,3,34,MLM Specialist | 6-figure income,,0,1
Chris Martin,426,395,UX Designer | Figma | User Research,Professional with 14 years experience.,118,0
Profit Guru,28,132,,Join my team,0,1
Investment Pro,26,170,CEO of multiple companies | DM for collab,Helping people earn online,0,1
David Clark,301,464,Professor | Harvard University | Economics,Professional with 18 years experience.,111,0
Profit Guru,8,62,,Join my team,0,1
Lisa White,212,319,Business Development | Startups | VC,Professional with 17 years experience.,181,0
Chris Martin,349,996,UX Designer | Figma | User Research,Professional with 2 years experience.,270,0
Emma Davis,292,705,UX Designer | Figma | User Research,Professional with 9 years experience.,119,0
Lisa White,342,776,Financial Analyst | CFA Level 3,Professional with 16 years experience.,151,0
Crypto King,41,127,,,0,1
Mike Brown,400,675,Consultant | McKinsey & Company,Professional with 4 years experience.,259,0
Priya Sharma,484,1072,Civil Engineer | Infrastructure Projects,Professional with 8 years experience.,112,0
Investment Pro,1,178,Forex Trader | 99% win rate,DM for business opportunity,0,1
Ahmed Hassan,243,270,PhD Candidate | AI Ethics,Professional with 7 years experience.,215,0
Crypto King,2,123,CEO of multiple companies | DM for collab,,0,1
Tim Cook,3247,4122234,Founder & CEO | Unicorn Startup | Forbes 30 Under 30,"Leader, entrepreneur, and visionary. Shaping the future of technology.",1579,0
Chris Martin,433,904,Consultant | McKinsey & Company,Professional with 2 years experience.,111,0
MLM Leader,3,18,Network Marketing | Join my team,,0,1
Crypto King,45,111,Network Marketing | Join my team,Helping people earn online,0,1
Investment Pro,16,104,Crypto Expert | Free signals,Join my team,0,1
Chris Martin,312,331,Professor | Harvard University | Economics,Professional with 10 years experience.,296,0
Lisa White,137,184,HR Manager | Talent Acquisition,Professional with 19 years experience.,53,0
Earn Fast Now,18,110,Investment Advisor | Earn 200% Returns,Join my team,0,1
Anna Lee,222,449,Professor | Harvard University | Economics,Professional with 11 years experience.,297,0
Earn Fast Now,48,157,MLM Specialist | 6-figure income,Helping people earn online,0,1
John Smith,62,173,Consultant | McKinsey & Company,Professional with 12 years experience.,159,0
Investment Pro,24,153,Investment Advisor | Earn 200% Returns,Join my team,0,1
User 8374,2,11,Crypto Expert | Free signals,DM for business opportunity,0,1
Sarah Jones,383,422,Civil Engineer | Infrastructure Projects,Professional with 12 years experience.,82,0
Chris Martin,438,634,Sales Director | Enterprise Software,Professional with 7 years experience.,216,0
Lisa White,270,394,Sales Director | Enterprise Software,Professional with 5 years experience.,34,0
Emma Davis,450,734,UX Designer | Figma | User Research,Professional with 7 years experience.,228,0
MLM Leader,41,158,Self-employed | Ask me how,DM for business opportunity,0,1
Crypto King,44,185,CEO of multiple companies | DM for collab,,0,1
Earn Fast Now,34,122,Network Marketing | Join my team,,0,1
Crypto King,30,156,Life Coach | Unlocking your potential,DM for business opportunity,0,1
John Smith,355,295,PhD Candidate | AI Ethics,Professional with 13 years experience.,53,0
Investment Pro,45,150,MLM Specialist | 6-figure income,,0,1
Investment Pro,17,115,CEO of multiple companies | DM for collab,DM for business opportunity,0,1
Sarah Jones,285,384,HR Manager | Talent Acquisition,Professional with 7 years experience.,161,0
David Clark,413,780,Data Scientist | NLP | Deep Learning,Professional with 11 years experience.,163,0
Profit Guru,12,13,,DM for business opportunity,0,1
Profit Guru,36,115,CEO of multiple companies | DM for collab,Join my team,0,1
Satya Nadella,21310,1960855,CEO | Fortune 500 | Author | Speaker,"Leader, entrepreneur, and visionary. Shaping the future of technology.",3898,0
Earn Fast Now,23,61,CEO of multiple companies | DM for collab,,0,1
MLM Leader,17,183,Crypto Expert | Free signals,,0,1
Earn Fast Now,5,40,Network Marketing | Join my team,DM for business opportunity,0,1
Ahmed Hassan,237,434,PhD Candidate | AI Ethics,Professional with 4 years experience.,221,0
Investment Pro,29,35,Network Marketing | Join my team,Helping people earn online,0,1
Lisa White,251,328,Financial Analyst | CFA Level 3,Professional with 11 years experience.,22,0
MLM Leader,27,49,Investment Advisor | Earn 200% Returns,DM for business opportunity,0,1
Earn Fast Now,41,51,,,0,1
User 8374,29,43,Self-employed | Ask me how,Join my team,0,1
Profit Guru,48,34,,,0,1
Chris Martin,151,408,Consultant | McKinsey & Company,Professional with 4 years experience.,184,0
Earn Fast Now,14,186,Network Marketing | Join my team,DM for business opportunity,0,1
John Smith,121,290,Financial Analyst | CFA Level 3,Professional with 4 years experience.,28,0
Priya Sharma,450,1283,HR Manager | Talent Acquisition,Professional with 3 years experience.,255,0
Profit Guru,9,46,Real Estate Investor | Passive Income,DM for business opportunity,0,1
Ahmed Hassan,103,100,Marketing Manager at Unilever | Brand Strategy,Professional with 7 years experience.,177,0
Tim Cook,17917,5546161,Nobel Laureate | Professor @Stanford,"Leader, entrepreneur, and visionary. Shaping the future of technology.",4519,0
MLM Leader,8,1,Real Estate Investor | Passive Income,Join my team,0,1
Sarah Jones,409,884,Financial Analyst | CFA Level 3,Professional with 14 years experience.,297,0
Earn Fast Now,41,88,Real Estate Investor | Passive Income,Join my team,0,1
Profit Guru,39,170,Real Estate Investor | Passive Income,Join my team,0,1
Anna Lee,158,194,Financial Analyst | CFA Level 3,Professional with 6 years experience.,201,0
Satya Nadella,21453,9197361,Former President | Advocate | Author,"Leader, entrepreneur, and visionary. Shaping the future of technology.",1538,0
Lisa White,239,496,Financial Analyst | CFA Level 3,Professional with 18 years experience.,266,0
Earn Fast Now,3,47,Network Marketing | Join my team,Join my team,0,1
User 8374,25,43,MLM Specialist | 6-figure income,,0,1
Sarah Jones,459,987,UX Designer | Figma | User Research,Professional with 3 years experience.,24,0
Earn Fast Now,14,96,MLM Specialist | 6-figure income,Join my team,0,1
MLM Leader,20,171,Forex Trader | 99% win rate,Helping people earn online,0,1
Lisa White,248,424,Marketing Manager at Unilever | Brand Strategy,Professional with 3 years experience.,133,0
Investment Pro,36,18,CEO of multiple companies | DM for collab,DM for business opportunity,0,1
Lisa White,335,784,Professor | Harvard University | Economics,Professional with 9 years experience.,88,0
Earn Fast Now,34,18,Network Marketing | Join my team,DM for business opportunity,0,1
Investment Pro,25,144,Real Estate Investor | Passive Income,Join my team,0,1
User 8374,15,135,,Join my team,0,1
Crypto King,24,31,CEO of multiple companies | DM for collab,Join my team,0,1
Profit Guru,9,62,CEO of multiple companies | DM for collab,Join my team,0,1
Profit Guru,3,69,MLM Specialist | 6-figure income,Helping people earn online,0,1
Profit Guru,24,91,Self-employed | Ask me how,,0,1
MLM Leader,13,95,Life Coach | Unlocking your potential,,0,1
Mike Brown,116,181,UX Designer | Figma | User Research,Professional with 17 years experience.,204,0
Investment Pro,18,97,Self-employed | Ask me how,Helping people earn online,0,1
Lisa White,479,775,Financial Analyst | CFA Level 3,Professional with 17 years experience.,142,0
Chris Martin,199,475,Consultant | McKinsey & Company,Professional with 15 years experience.,244,0
User 8374,49,40,Network Marketing | Join my team,Join my team,0,1
Mike Brown,498,663,HR Manager | Talent Acquisition,Professional with 18 years experience.,222,0
Profit Guru,26,21,Crypto Expert | Free signals,,0,1
Priya Sharma,71,60,Marketing Manager at Unilever | Brand Strategy,Professional with 4 years experience.,135,0
Chris Martin,473,1053,Marketing Manager at Unilever | Brand Strategy,Professional with 14 years experience.,151,0
Lisa White,244,594,PhD Candidate | AI Ethics,Professional with 19 years experience.,100,0
Profit Guru,30,16,Investment Advisor | Earn 200% Returns,,0,1
Investment Pro,30,36,CEO of multiple companies | DM for collab,Join my team,0,1
Sarah Jones,248,605,Civil Engineer | Infrastructure Projects,Professional with 2 years experience.,48,0
MLM Leader,44,61,MLM Specialist | 6-figure income,,0,1
Profit Guru,31,106,CEO of multiple companies | DM for collab,Helping people earn online,0,1
Investment Pro,8,2,MLM Specialist | 6-figure income,Join my team,0,1
Jensen Huang,24633,1708222,Nobel Laureate | Professor @Stanford,"Leader, entrepreneur, and visionary. Shaping the future of technology.",1472,0
Investment Pro,26,93,,Helping people earn online,0,1
Crypto King,18,145,Crypto Expert | Free signals,Join my team,0,1
Ahmed Hassan,281,686,Financial Analyst | CFA Level 3,Professional with 11 years experience.,256,0
Crypto King,16,92,Self-employed | Ask me how,Join my team,0,1
Investment Pro,38,87,Life Coach | Unlocking your potential,DM for business opportunity,0,1
Sheryl Sandberg,17261,6621849,CEO | Fortune 500 | Author | Speaker,"Leader, entrepreneur, and visionary. Shaping the future of technology.",1276,0
David Clark,301,635,Data Scientist | NLP | Deep Learning,Professional with 4 years experience.,166,0
Emma Davis,495,943,Sales Director | Enterprise Software,Professional with 15 years experience.,293,0
User 8374,40,124,Forex Trader | 99% win rate,Helping people earn online,0,1
John Smith,273,312,Marketing Manager at Unilever | Brand Strategy,Professional with 9 years experience.,282,0
Profit Guru,22,155,CEO of multiple companies | DM for collab,DM for business opportunity,0,1
Investment Pro,9,23,Forex Trader | 99% win rate,Helping people earn online,0,1
Profit Guru,11,38,,,0,1
Tim Cook,4145,2190440,Founder & CEO | Unicorn Startup | Forbes 30 Under 30,"Leader, entrepreneur, and visionary. Shaping the future of technology.",1664,0
User 8374,30,49,Network Marketing | Join my team,,0,1
MLM Leader,47,49,MLM Specialist | 6-figure income,,0,1
User 8374,28,61,Investment Advisor | Earn 200% Returns,DM for business opportunity,0,1
Sarah Jones,72,203,Product Manager | Agile | SaaS,Professional with 16 years experience.,264,0
Priya Sharma,57,154,Business Development | Startups | VC,Professional with 12 years experience.,222,0
Crypto King,46,190,,Join my team,0,1
Ahmed Hassan,115,306,Data Scientist | NLP | Deep Learning,Professional with 10 years experience.,78,0
Investment Pro,49,100,Real Estate Investor | Passive Income,Helping people earn online,0,1
Mike Brown,237,677,Civil Engineer | Infrastructure Projects,Professional with 9 years experience.,82,0
Investment Pro,4,46,,DM for business opportunity,0,1
Earn Fast Now,37,178,Crypto Expert | Free signals,,0,1
David Clark,179,370,PhD Candidate | AI Ethics,Professional with 5 years experience.,261,0
Ahmed Hassan,452,822,Sales Director | Enterprise Software,Professional with 6 years experience.,225,0
MLM Leader,31,82,MLM Specialist | 6-figure income,DM for business opportunity,0,1
Ahmed Hassan,244,723,Civil Engineer | Infrastructure Projects,Professional with 11 years experience.,146,0
Earn Fast Now,48,13,Life Coach | Unlocking your potential,DM for business opportunity,0,1
Investment Pro,4,14,Crypto Expert | Free signals,Helping people earn online,0,1
Profit Guru,15,103,Crypto Expert | Free signals,Helping people earn online,0,1
David Clark,65,123,Product Manager | Agile | SaaS,Professional with 15 years experience.,201,0
Ahmed Hassan,391,1081,Financial Analyst | CFA Level 3,Professional with 18 years experience.,249,0
Chris Martin,249,456,Marketing Manager at Unilever | Brand Strategy,Professional with 19 years experience.,288,0
Earn Fast Now,44,13,Crypto Expert | Free signals,Join my team,0,1
Crypto King,45,112,Crypto Expert | Free signals,Helping people earn online,0,1
Emma Davis,173,483,Consultant | McKinsey & Company,Professional with 13 years experience.,294,0
Profit Guru,34,114,Self-employed | Ask me how,Helping people earn online,0,1
David Clark,345,769,Financial Analyst | CFA Level 3,Professional with 15 years experience.,83,0
Chris Martin,406,1040,Consultant | McKinsey & Company,Professional with 17 years experience.,187,0
User 8374,31,33,MLM Specialist | 6-figure income,Join my team,0,1
Investment Pro,11,84,CEO of multiple companies | DM for collab,,0,1
Ahmed Hassan,243,638,PhD Candidate | AI Ethics,Professional with 2 years experience.,60,0
Investment Pro,9,199,Self-employed | Ask me how,DM for business opportunity,0,1
User 8374,1,5,,,0,1
John Smith,86,143,Data Scientist | NLP | Deep Learning,Professional with 8 years experience.,137,0
Emma Davis,414,711,Marketing Manager at Unilever | Brand Strategy,Professional with 17 years experience.,246,0
Profit Guru,26,188,Forex Trader | 99% win rate,Join my team,0,1
Chris Martin,250,406,Software Engineer at Google | Python | ML,Professional with 2 years experience.,164,0
Profit Guru,25,82,Crypto Expert | Free signals,Helping people earn online,0,1
David Clark,233,663,Software Engineer at Google | Python | ML,Professional with 5 years experience.,86,0
Earn Fast Now,49,105,CEO of multiple companies | DM for collab,Join my team,0,1
David Clark,120,244,Sales Director | Enterprise Software,Professional with 11 years experience.,200,0
Earn Fast Now,14,137,Crypto Expert | Free signals,DM for business opportunity,0,1
Investment Pro,32,92,Self-employed | Ask me how,Join my team,0,1
Lisa White,270,262,Consultant | McKinsey & Company,Professional with 6 years experience.,185,0
Mike Brown,64,73,Professor | Harvard University | Economics,Professional with 9 years experience.,94,0
Mike Brown,134,393,Journalist | The New York Times,Professional with 10 years experience.,5,0
Investment Pro,10,164,MLM Specialist | 6-figure income,DM for business opportunity,0,1
David Clark,130,215,Sales Director | Enterprise Software,Professional with 12 years experience.,123,0
David Clark,140,135,Financial Analyst | CFA Level 3,Professional with 17 years experience.,12,0
Earn Fast Now,38,153,Real Estate Investor | Passive Income,Helping people earn online,0,1
Anna Lee,294,342,Marketing Manager at Unilever | Brand Strategy,Professional with 10 years experience.,66,0
Priya Sharma,165,362,Marketing Manager at Unilever | Brand Strategy,Professional with 11 years experience.,135,0
David Clark,332,833,Professor | Harvard University | Economics,Professional with 10 years experience.,126,0
Investment Pro,23,187,,,0,1
John Smith,465,456,UX Designer | Figma | User Research,Professional with 11 years experience.,50,0
Sundar Pichai,17500,9793736,Nobel Laureate | Professor @Stanford,"Leader, entrepreneur, and visionary. Shaping the future of technology.",4471,0
Crypto King,13,64,Crypto Expert | Free signals,,0,1
Priya Sharma,303,547,Product Manager | Agile | SaaS,Professional with 7 years experience.,63,0
Crypto King,14,3,Self-employed | Ask me how,Join my team,0,1
Ahmed Hassan,385,1149,Civil Engineer | Infrastructure Projects,Professional with 17 years experience.,233,0
Chris Martin,379,1054,Business Development | Startups | VC,Professional with 14 years experience.,295,0
Investment Pro,17,105,Crypto Expert | Free signals,Join my team,0,1
Earn Fast Now,15,192,Investment Advisor | Earn 200% Returns,,0,1
User 8374,0,108,Life Coach | Unlocking your potential,DM for business opportunity,0,1
Crypto King,26,3,Network Marketing | Join my team,Join my team,0,1
Investment Pro,17,77,MLM Specialist | 6-figure income,Helping people earn online,0,1
Investment Pro,39,89,MLM Specialist | 6-figure income,,0,1
Earn Fast Now,6,14,Crypto Expert | Free signals,Join my team,0,1
User 8374,7,4,CEO of multiple companies | DM for collab,DM for business opportunity,0,1
John Smith,477,677,Marketing Manager at Unilever | Brand Strategy,Professional with 8 years experience.,92,0
Crypto King,10,195,Network Marketing | Join my team,Join my team,0,1
Sarah Jones,158,201,Professor | Harvard University | Economics,Professional with 11 years experience.,41,0
MLM Leader,19,102,MLM Specialist | 6-figure income,DM for business opportunity,0,1
Anna Lee,183,175,Business Development | Startups | VC,Professional with 14 years experience.,256,0
Sarah Jones,78,159,Financial Analyst | CFA Level 3,Professional with 2 years experience.,171,0
Jensen Huang,17426,5385476,Founder & CEO | Unicorn Startup | Forbes 30 Under 30,"Leader, entrepreneur, and visionary. Shaping the future of technology.",4707,0
Satya Nadella,26157,4069130,Nobel Laureate | Professor @Stanford,"Leader, entrepreneur, and visionary. Shaping the future of technology.",4091,0
Chris Martin,127,195,UX Designer | Figma | User Research,Professional with 15 years experience.,150,0
User 8374,14,16,Investment Advisor | Earn 200% Returns,Helping people earn online,0,1
David Clark,140,308,Consultant | McKinsey & Company,Professional with 7 years experience.,76,0
User 8374,14,11,,Join my team,0,1
Profit Guru,27,25,MLM Specialist | 6-figure income,Helping people earn online,0,1
User 8374,23,109,,,0,1
Crypto King,38,164,Self-employed | Ask me how,Join my team,0,1
Crypto King,40,67,MLM Specialist | 6-figure income,Helping people earn online,0,1
Crypto King,16,151,Life Coach | Unlocking your potential,Join my team,0,1
MLM Leader,5,131,Crypto Expert | Free signals,DM for business opportunity,0,1
Profit Guru,7,93,Life Coach | Unlocking your potential,DM for business opportunity,0,1
Mike Brown,70,152,Consultant | McKinsey & Company,Professional with 10 years experience.,194,0
User 8374,38,143,Forex Trader | 99% win rate,Helping people earn online,0,1
Crypto King,25,172,,,0,1
Earn Fast Now,13,133,Network Marketing | Join my team,DM for business opportunity,0,1
Investment Pro,0,44,MLM Specialist | 6-figure income,DM for business opportunity,0,1
Investment Pro,12,94,Network Marketing | Join my team,Join my team,0,1
Crypto King,3,29,CEO of multiple companies | DM for collab,DM for business opportunity,0,1
Investment Pro,14,127,Real Estate Investor | Passive Income,,0,1
Crypto King,13,146,Forex Trader | 99% win rate,Helping people earn online,0,1
Mike Brown,284,307,Business Development | Startups | VC,Professional with 17 years experience.,278,0
Profit Guru,15,168,Real Estate Investor | Passive Income,DM for business opportunity,0,1
Earn Fast Now,36,106,Self-employed | Ask me how,Join my team,0,1
Investment Pro,22,85,,Helping people earn online,0,1
Profit Guru,29,183,Self-employed | Ask me how,,0,1
David Clark,328,731,Sales Director | Enterprise Software,Professional with 6 years experience.,34,0
Mike Brown,427,658,Product Manager | Agile | SaaS,Professional with 14 years experience.,219,0
Profit Guru,14,177,MLM Specialist | 6-figure income,Join my team,0,1
MLM Leader,43,91,CEO of multiple companies | DM for collab,,0,1
Lisa White,227,585,Product Manager | Agile | SaaS,Professional with 14 years experience.,171,0
Profit Guru,28,64,Crypto Expert | Free signals,DM for business opportunity,0,1
MLM Leader,12,22,Forex Trader | 99% win rate,Join my team,0,1
Priya Sharma,149,230,Data Scientist | NLP | Deep Learning,Professional with 11 years experience.,272,0
Ahmed Hassan,412,1206,Consultant | McKinsey & Company,Professional with 2 years experience.,10,0
Emma Davis,100,293,Marketing Manager at Unilever | Brand Strategy,Professional with 17 years experience.,204,0
User 8374,18,58,,Join my team,0,1
MLM Leader,1,144,Self-employed | Ask me how,Helping people earn online,0,1
MLM Leader,42,133,CEO of multiple companies | DM for collab,Join my team,0,1
MLM Leader,4,155,Life Coach | Unlocking your potential,Join my team,0,1
User 8374,49,153,Forex Trader | 99% win rate,Helping people earn online,0,1
Earn Fast Now,6,187,Investment Advisor | Earn 200% Returns,,0,1
User 8374,22,171,Forex Trader | 99% win rate,Helping people earn online,0,1
Earn Fast Now,31,152,Crypto Expert | Free signals,Join my team,0,1
Earn Fast Now,9,30,Self-employed | Ask me how,Join my team,0,1
Crypto King,45,86,MLM Specialist | 6-figure income,Join my team,0,1
Earn Fast Now,11,63,Self-employed | Ask me how,DM for business opportunity,0,1
Profit Guru,26,177,CEO of multiple companies | DM for collab,Join my team,0,1
Crypto King,6,33,,DM for business opportunity,0,1
Earn Fast Now,27,40,Forex Trader | 99% win rate,,0,1
Profit Guru,7,26,,Helping people earn online,0,1
Lisa White,281,509,Financial Analyst | CFA Level 3,Professional with 15 years experience.,250,0
Priya Sharma,387,413,Sales Director | Enterprise Software,Professional with 11 years experience.,76,0
Crypto King,37,94,Life Coach | Unlocking your potential,Join my team,0,1
Crypto King,7,93,,DM for business opportunity,0,1
John Smith,326,791,Journalist | The New York Times,Professional with 14 years experience.,66,0
Priya Sharma,339,731,Marketing Manager at Unilever | Brand Strategy,Professional with 19 years experience.,146,0
Sarah Jones,380,937,Journalist | The New York Times,Professional with 15 years experience.,187,0
Crypto King,18,159,Investment Advisor | Earn 200% Returns,DM for business opportunity,0,1
Crypto King,45,192,Real Estate Investor | Passive Income,Helping people earn online,0,1
Profit Guru,21,134,Self-employed | Ask me how,,0,1
Investment Pro,40,32,Self-employed | Ask me how,,0,1
Anna Lee,467,932,Marketing Manager at Unilever | Brand Strategy,Professional with 10 years experience.,164,0
Earn Fast Now,25,63,MLM Specialist | 6-figure income,DM for business opportunity,0,1
David Clark,370,632,Sales Director | Enterprise Software,Professional with 4 years experience.,186,0
MLM Leader,30,130,Self-employed | Ask me how,Join my team,0,1
MLM Leader,32,7,Life Coach | Unlocking your potential,Helping people earn online,0,1
Anna Lee,485,1160,Financial Analyst | CFA Level 3,Professional with 8 years experience.,47,0
Crypto King,22,167,Forex Trader | 99% win rate,Join my team,0,1
MLM Leader,24,41,Crypto Expert | Free signals,Join my team,0,1
Lisa White,55,127,Software Engineer at Google | Python | ML,Professional with 10 years experience.,199,0
User 8374,41,41,CEO of multiple companies | DM for collab,DM for business opportunity,0,1
Tim Cook,26819,8146290,Founder & CEO | Unicorn Startup | Forbes 30 Under 30,"Leader, entrepreneur, and visionary. Shaping the future of technology.",3642,0
Earn Fast Now,45,144,Crypto Expert | Free signals,Helping people earn online,0,1
Mike Brown,425,500,Data Scientist | NLP | Deep Learning,Professional with 6 years experience.,196,0
Investment Pro,46,9,Crypto Expert | Free signals,Join my team,0,1
Mike Brown,389,993,Product Manager | Agile | SaaS,Professional with 3 years experience.,189,0
Lisa White,82,176,Marketing Manager at Unilever | Brand Strategy,Professional with 9 years experience.,199,0
Earn Fast Now,8,63,MLM Specialist | 6-figure income,Helping people earn online,0,1
Crypto King,31,119,MLM Specialist | 6-figure income,DM for business opportunity,0,1
Investment Pro,29,81,Self-employed | Ask me how,DM for business opportunity,0,1
Lisa White,116,203,Data Scientist | NLP | Deep Learning,Professional with 7 years experience.,42,0
Crypto King,49,32,MLM Specialist | 6-figure income,Helping people earn online,0,1
MLM Leader,45,16,Network Marketing | Join my team,Join my team,0,1
Sarah Jones,398,588,Financial Analyst | CFA Level 3,Professional with 19 years experience.,269,0
Chris Martin,292,666,Software Engineer at Google | Python | ML,Professional with 12 years experience.,152,0
Anna Lee,71,179,Marketing Manager at Unilever | Brand Strategy,Professional with 8 years experience.,264,0
Mike Brown,342,589,Consultant | McKinsey & Company,Professional with 17 years experience.,285,0
John Smith,121,256,Civil Engineer | Infrastructure Projects,Professional with 9 years experience.,237,0
Emma Davis,425,818,PhD Candidate | AI Ethics,Professional with 6 years experience.,27,0
MLM Leader,20,161,MLM Specialist | 6-figure income,,0,1
Crypto King,40,42,Self-employed | Ask me how,Join my team,0,1
MLM Leader,28,166,CEO of multiple companies | DM for collab,Helping people earn online,0,1
Earn Fast Now,49,140,Life Coach | Unlocking your potential,DM for business opportunity,0,1
Priya Sharma,196,401,Sales Director | Enterprise Software,Professional with 14 years experience.,28,0
Profit Guru,1,122,Network Marketing | Join my team,DM for business opportunity,0,1
Chris Martin,235,465,Software Engineer at Google | Python | ML,Professional with 19 years experience.,60,0
Profit Guru,37,46,Crypto Expert | Free signals,Helping people earn online,0,1
John Smith,94,249,Civil Engineer | Infrastructure Projects,Professional with 7 years experience.,277,0
Earn Fast Now,6,97,Forex Trader | 99% win rate,,0,1
Sarah Jones,150,222,Data Scientist | NLP | Deep Learning,Professional with 14 years experience.,59,0
Emma Davis,239,643,Marketing Manager at Unilever | Brand Strategy,Professional with 10 years experience.,100,0
Tim Cook,13180,1264118,Nobel Laureate | Professor @Stanford,"Leader, entrepreneur, and visionary. Shaping the future of technology.",1978,0
David Clark,489,1176,Software Engineer at Google | Python | ML,Professional with 13 years experience.,89,0
Investment Pro,41,88,Self-employed | Ask me how,DM for business opportunity,0,1
MLM Leader,47,109,Investment Advisor | Earn 200% Returns,DM for business opportunity,0,1
Chris Martin,253,682,Civil Engineer | Infrastructure Projects,Professional with 4 years experience.,115,0
David Clark,494,1053,Professor | Harvard University | Economics,Professional with 11 years experience.,49,0
Crypto King,12,160,,Helping people earn online,0,1
Crypto King,48,178,Real Estate Investor | Passive Income,Join my team,0,1
Emma Davis,313,875,Financial Analyst | CFA Level 3,Professional with 2 years experience.,78,0
Emma Davis,309,712,HR Manager | Talent Acquisition,Professional with 13 years experience.,216,0
Sarah Jones,53,124,PhD Candidate | AI Ethics,Professional with 10 years experience.,271,0
Anna Lee,264,367,Professor | Harvard University | Economics,Professional with 3 years experience.,237,0
Investment Pro,11,15,Self-employed | Ask me how,Helping people earn online,0,1
Tim Cook,29955,4868566,Nobel Laureate | Professor @Stanford,"Leader, entrepreneur, and visionary. Shaping the future of technology.",2898,0
MLM Leader,1,35,CEO of multiple companies | DM for collab,DM for business opportunity,0,1
Chris Martin,287,553,UX Designer | Figma | User Research,Professional with 16 years experience.,244,0
Profit Guru,22,126,Network Marketing | Join my team,,0,1
MLM Leader,36,157,Forex Trader | 99% win rate,Helping people earn online,0,1
Anna Lee,266,546,HR Manager | Talent Acquisition,Professional with 14 years experience.,214,0
Anna Lee,118,304,Professor | Harvard University | Economics,Professional with 9 years experience.,75,0
John Smith,154,428,Software Engineer at Google | Python | ML,Professional with 5 years experience.,210,0
Earn Fast Now,26,52,Real Estate Investor | Passive Income,Join my team,0,1
Priya Sharma,182,261,Consultant | McKinsey & Company,Professional with 17 years experience.,151,0
David Clark,388,469,PhD Candidate | AI Ethics,Professional with 2 years experience.,94,0
Investment Pro,36,51,,DM for business opportunity,0,1
User 8374,48,185,Life Coach | Unlocking your potential,Helping people earn online,0,1
User 8374,46,142,CEO of multiple companies | DM for collab,Join my team,0,1
MLM Leader,42,148,Self-employed | Ask me how,DM for business opportunity,0,1
John Smith,279,803,Product Manager | Agile | SaaS,Professional with 9 years experience.,236,0
User 8374,13,2,Self-employed | Ask me how,DM for business opportunity,0,1
MLM Leader,41,57,Forex Trader | 99% win rate,Join my team,0,1
Sarah Jones,310,486,Software Engineer at Google | Python | ML,Professional with 3 years experience.,17,0
User 8374,33,122,CEO of multiple companies | DM for collab,Helping people earn online,0,1
Sundar Pichai,20567,6828349,Nobel Laureate | Professor @Stanford,"Leader, entrepreneur, and visionary. Shaping the future of technology.",3149,0
User 8374,21,165,Investment Advisor | Earn 200% Returns,Join my team,0,1
Jensen Huang,20400,7912693,CEO | Fortune 500 | Author | Speaker,"Leader, entrepreneur, and visionary. Shaping the future of technology.",1006,0
User 8374,29,118,Investment Advisor | Earn 200% Returns,Helping people earn online,0,1
Earn Fast Now,22,189,Crypto Expert | Free signals,DM for business opportunity,0,1
Mike Brown,346,516,Software Engineer at Google | Python | ML,Professional with 17 years experience.,128,0
Anna Lee,329,786,Financial Analyst | CFA Level 3,Professional with 10 years experience.,204,0
Ahmed Hassan,282,258,Data Scientist | NLP | Deep Learning,Professional with 4 years experience.,152,0
David Clark,256,265,Business Development | Startups | VC,Professional with 7 years experience.,220,0
Emma Davis,261,523,Software Engineer at Google | Python | ML,Professional with 11 years experience.,94,0
John Smith,68,105,Product Manager | Agile | SaaS,Professional with 10 years experience.,93,0
User 8374,10,180,Real Estate Investor | Passive Income,Helping people earn online,0,1
Mike Brown,320,472,Consultant | McKinsey & Company,Professional with 12 years experience.,262,0
Priya Sharma,417,624,Marketing Manager at Unilever | Brand Strategy,Professional with 19 years experience.,211,0
Investment Pro,5,102,Life Coach | Unlocking your potential,Helping people earn online,0,1
Priya Sharma,189,385,HR Manager | Talent Acquisition,Professional with 16 years experience.,165,0
Earn Fast Now,5,44,Forex Trader | 99% win rate,Helping people earn online,0,1
Lisa White,76,136,Marketing Manager at Unilever | Brand Strategy,Professional with 4 years experience.,116,0
Earn Fast Now,17,70,MLM Specialist | 6-figure income,,0,1
Crypto King,32,42,Real Estate Investor | Passive Income,,0,1
User 8374,47,97,Life Coach | Unlocking your potential,,0,1
User 8374,7,18,Investment Advisor | Earn 200% Returns,DM for business opportunity,0,1
MLM Leader,44,176,Crypto Expert | Free signals,DM for business opportunity,0,1
Sarah Jones,195,383,Data Scientist | NLP | Deep Learning,Professional with 9 years experience.,32,0
MLM Leader,40,63,,Join my team,0,1
David Clark,132,264,Consultant | McKinsey & Company,Professional with 16 years experience.,242,0
Investment Pro,0,119,Life Coach | Unlocking your potential,Helping people earn online,0,1
Emma Davis,97,248,Financial Analyst | CFA Level 3,Professional with 7 years experience.,220,0
John Smith,183,303,PhD Candidate | AI Ethics,Professional with 14 years experience.,108,0
Sarah Jones,106,284,Software Engineer at Google | Python | ML,Professional with 14 years experience.,291,0
Lisa White,66,110,Journalist | The New York Times,Professional with 9 years experience.,82,0
MLM Leader,49,167,MLM Specialist | 6-figure income,DM for business opportunity,0,1
David Clark,178,320,Marketing Manager at Unilever | Brand Strategy,Professional with 12 years experience.,270,0
David Clark,301,613,Sales Director | Enterprise Software,Professional with 11 years experience.,185,0
Chris Martin,371,840,Data Scientist | NLP | Deep Learning,Professional with 13 years experience.,123,0
Earn Fast Now,44,174,Life Coach | Unlocking your potential,Helping people earn online,0,1
Profit Guru,35,142,Network Marketing | Join my team,DM for business opportunity,0,1
Investment Pro,2,113,Investment Advisor | Earn 200% Returns,Helping people earn online,0,1
Crypto King,30,191,Crypto Expert | Free signals,Join my team,0,1
Ahmed Hassan,337,451,PhD Candidate | AI Ethics,Professional with 10 years experience.,203,0
Profit Guru,41,51,Life Coach | Unlocking your potential,Helping people earn online,0,1
Earn Fast Now,46,42,Investment Advisor | Earn 200% Returns,Join my team,0,1
Profit Guru,6,153,Investment Advisor | Earn 200% Returns,,0,1
MLM Leader,15,165,Network Marketing | Join my team,,0,1
Investment Pro,47,168,Forex Trader | 99% win rate,,0,1
Profit Guru,21,139,Investment Advisor | Earn 200% Returns,DM for business opportunity,0,1
Investment Pro,0,3,Investment Advisor | Earn 200% Returns,DM for business opportunity,0,1
Ahmed Hassan,261,327,Marketing Manager at Unilever | Brand Strategy,Professional with 13 years experience.,155,0
Sheryl Sandberg,10378,2888243,CEO | Fortune 500 | Author | Speaker,"Leader, entrepreneur, and visionary. Shaping the future of technology.",3343,0
David Clark,411,1109,Product Manager | Agile | SaaS,Professional with 17 years experience.,92,0
John Smith,164,199,Product Manager | Agile | SaaS,Professional with 2 years experience.,291,0
Profit Guru,23,99,Investment Advisor | Earn 200% Returns,,0,1
Crypto King,19,115,Forex Trader | 99% win rate,Join my team,0,1
Earn Fast Now,48,161,Investment Advisor | Earn 200% Returns,Helping people earn online,0,1
Profit Guru,15,141,Self-employed | Ask me how,Helping people earn online,0,1
Elon Musk,25738,2718376,Founder & CEO | Unicorn Startup | Forbes 30 Under 30,"Leader, entrepreneur, and visionary. Shaping the future of technology.",4022,0
MLM Leader,3,132,MLM Specialist | 6-figure income,Helping people earn online,0,1
Mike Brown,62,50,Journalist | The New York Times,Professional with 15 years experience.,65,0
Chris Martin,108,281,Product Manager | Agile | SaaS,Professional with 11 years experience.,89,0
Investment Pro,43,194,Life Coach | Unlocking your potential,Helping people earn online,0,1
Ahmed Hassan,273,570,UX Designer | Figma | User Research,Professional with 3 years experience.,238,0
Ahmed Hassan,301,575,Consultant | McKinsey & Company,Professional with 4 years experience.,204,0
Jensen Huang,25316,915320,Founder & CEO | Unicorn Startup | Forbes 30 Under 30,"Leader, entrepreneur, and visionary. Shaping the future of technology.",2637,0
Sarah Jones,63,187,Marketing Manager at Unilever | Brand Strategy,Professional with 14 years experience.,199,0
Mike Brown,456,556,UX Designer | Figma | User Research,Professional with 8 years experience.,128,0
Sarah Jones,252,732,Business Development | Startups | VC,Professional with 14 years experience.,228,0
Investment Pro,41,57,Real Estate Investor | Passive Income,DM for business opportunity,0,1
Ahmed Hassan,388,1106,UX Designer | Figma | User Research,Professional with 14 years experience.,263,0
Sarah Jones,131,246,UX Designer | Figma | User Research,Professional with 18 years experience.,242,0
Tim Cook,16153,8864956,CEO | Fortune 500 | Author | Speaker,"Leader, entrepreneur, and visionary. Shaping the future of technology.",4918,0
Ahmed Hassan,63,80,Marketing Manager at Unilever | Brand Strategy,Professional with 9 years experience.,217,0
Investment Pro,19,26,MLM Specialist | 6-figure income,Helping people earn online,0,1
Earn Fast Now,10,78,Life Coach | Unlocking your potential,DM for business opportunity,0,1
Earn Fast Now,20,114,Forex Trader | 99% win rate,Helping people earn online,0,1
Profit Guru,4,44,Investment Advisor | Earn 200% Returns,DM for business opportunity,0,1
Sarah Jones,126,262,Consultant | McKinsey & Company,Professional with 19 years experience.,199,0
Investment Pro,6,171,Crypto Expert | Free signals,,0,1
MLM Leader,45,190,Crypto Expert | Free signals,Join my team,0,1
User 8374,22,188,CEO of multiple companies | DM for collab,Helping people earn online,0,1
Lisa White,174,370,HR Manager | Talent Acquisition,Professional with 17 years experience.,112,0
Profit Guru,27,50,Crypto Expert | Free signals,,0,1
Ahmed Hassan,373,986,Financial Analyst | CFA Level 3,Professional with 2 years experience.,87,0
John Smith,416,1193,Civil Engineer | Infrastructure Projects,Professional with 6 years experience.,298,0
David Clark,382,669,Software Engineer at Google | Python | ML,Professional with 18 years experience.,89,0
User 8374,27,190,Self-employed | Ask me how,Join my team,0,1
David Clark,150,259,Marketing Manager at Unilever | Brand Strategy,Professional with 7 years experience.,27,0
Lisa White,230,426,Software Engineer at Google | Python | ML,Professional with 3 years experience.,181,0
User 8374,25,145,,DM for business opportunity,0,1
Investment Pro,21,14,Real Estate Investor | Passive Income,DM for business opportunity,0,1
Ahmed Hassan,294,275,Software Engineer at Google | Python | ML,Professional with 10 years experience.,72,0
Investment Pro,16,4,Self-employed | Ask me how,DM for business opportunity,0,1
Emma Davis,412,616,Marketing Manager at Unilever | Brand Strategy,Professional with 13 years experience.,199,0
Investment Pro,26,189,Life Coach | Unlocking your potential,,0,1
Emma Davis,193,236,Software Engineer at Google | Python | ML,Professional with 17 years experience.,229,0
Sarah Jones,467,439,Marketing Manager at Unilever | Brand Strategy,Professional with 9 years experience.,97,0
Sarah Jones,469,840,Journalist | The New York Times,Professional with 5 years experience.,176,0
Sheryl Sandberg,26849,5233546,Former President | Advocate | Author,"Leader, entrepreneur, and visionary. Shaping the future of technology.",868,0
Investment Pro,4,135,Investment Advisor | Earn 200% Returns,,0,1
Anna Lee,81,151,PhD Candidate | AI Ethics,Professional with 6 years experience.,9,0
Profit Guru,28,97,Real Estate Investor | Passive Income,,0,1
Priya Sharma,271,284,Product Manager | Agile | SaaS,Professional with 11 years experience.,211,0
Priya Sharma,186,406,Financial Analyst | CFA Level 3,Professional with 2 years experience.,61,0
Profit Guru,40,175,Life Coach | Unlocking your potential,,0,1
John Smith,120,319,Software Engineer at Google | Python | ML,Professional with 18 years experience.,69,0
Ahmed Hassan,363,948,Financial Analyst | CFA Level 3,Professional with 2 years experience.,120,0
Earn Fast Now,22,5,Network Marketing | Join my team,DM for business opportunity,0,1
Profit Guru,15,69,Network Marketing | Join my team,DM for business opportunity,0,1
Sarah Jones,228,601,Sales Director | Enterprise Software,Professional with 10 years experience.,172,0
Anna Lee,273,285,Journalist | The New York Times,Professional with 18 years experience.,32,0
User 8374,39,112,MLM Specialist | 6-figure income,Helping people earn online,0,1
User 8374,15,136,Self-employed | Ask me how,Helping people earn online,0,1
Chris Martin,360,826,HR Manager | Talent Acquisition,Professional with 3 years experience.,173,0
Profit Guru,29,3,CEO of multiple companies | DM for collab,Helping people earn online,0,1
Lisa White,378,1029,Business Development | Startups | VC,Professional with 3 years experience.,182,0
Profit Guru,18,12,Investment Advisor | Earn 200% Returns,,0,1
Investment Pro,38,134,Investment Advisor | Earn 200% Returns,Join my team,0,1
Tim Cook,4372,9054328,Nobel Laureate | Professor @Stanford,"Leader, entrepreneur, and visionary. Shaping the future of technology.",4427,0
User 8374,34,10,CEO of multiple companies | DM for collab,Helping people earn online,0,1
Chris Martin,473,495,Data Scientist | NLP | Deep Learning,Professional with 8 years experience.,161,0
User 8374,36,104,Life Coach | Unlocking your potential,DM for business opportunity,0,1
Sarah Jones,226,447,Software Engineer at Google | Python | ML,Professional with 6 years experience.,84,0
Sheryl Sandberg,29470,7150384,Former President | Advocate | Author,"Leader, entrepreneur, and visionary. Shaping the future of technology.",4119,0
Earn Fast Now,43,141,Real Estate Investor | Passive Income,,0,1
User 8374,30,137,Forex Trader | 99% win rate,,0,1
Profit Guru,33,75,Real Estate Investor | Passive Income,,0,1
Profit Guru,46,49,Crypto Expert | Free signals,DM for business opportunity,0,1
Earn Fast Now,1,183,Forex Trader | 99% win rate,Join my team,0,1
Investment Pro,3,139,CEO of multiple companies | DM for collab,Helping people earn online,0,1
Lisa White,318,712,Marketing Manager at Unilever | Brand Strategy,Professional with 19 years experience.,299,0
Profit Guru,0,145,Life Coach | Unlocking your potential,DM for business opportunity,0,1
MLM Leader,9,102,Investment Advisor | Earn 200% Returns,DM for business opportunity,0,1
