username,karma,comment_karma,post_karma,created_at,about,label
tradebot_fx,40,21,22,2024-04-19,,1
1234567890ab,76,33,21,2024-03-10,,1
fit_jessica,53285,37719,15566,2017-12-14,Science enthusiast. PhD in Biology.,0
a8f7d3k9p2,75,16,5,2024-04-27,Crypto trader. Free signals in bio.,1
crypto_king_9999,12,18,8,2024-04-22,Making money online. DM for info.,1
amy_joy,21796,11002,10794,2020-04-17,PC gamer. r/buildapc helper.,0
bot_account_7,70,22,0,2024-03-04,Earn $500/day from home.,1
nft_dropper_69,20,7,2,2024-05-27,,1
follow_back_101,33,34,12,2024-03-20,,1
paul_runs,412740,295638,117102,2020-09-01,PC gamer. r/buildapc helper.,0
follow_back_101,38,4,25,2024-05-21,Forex expert. 99% win rate.,1
mark_adventure,468065,395602,72463,2013-09-13,Hobbyist photographer. r/photography regular.,0
fit_jessica,320767,271961,48806,2011-12-12,PC gamer. r/buildapc helper.,0
free_follower_bot,29,19,14,2024-04-13,Forex expert. 99% win rate.,1
real_human_01234,77,37,28,2024-03-26,Earn $500/day from home.,1
xXx_profit_xXx,77,46,20,2024-03-25,Earn $500/day from home.,1
lena_captures,27207,19128,8079,2020-06-12,Hobbyist photographer. r/photography regular.,0
acc29471838,7,13,14,2024-05-21,,1
acc29471838,21,23,26,2024-03-08,Crypto trader. Free signals in bio.,1
xXx_profit_xXx,63,23,14,2024-04-19,,1
mindful_maya,1976,991,985,2012-03-09,Science enthusiast. PhD in Biology.,0
nft_dropper_69,12,29,11,2024-04-08,,1
everyday_elena,137824,83318,54506,2015-09-18,Hobbyist photographer. r/photography regular.,0
9182736450,65,21,7,2024-03-09,,1
real_human_01234,66,34,29,2024-05-06,,1
everyday_elena,444245,293844,150401,2019-11-24,Regular reddit user. Gaming and tech.,0
earn_fast_2024,33,28,16,2024-03-31,Forex expert. 99% win rate.,1
9182736450,45,3,10,2024-03-24,,1
crypto_king_9999,69,0,12,2024-05-16,OnlyFans promo. 18+,1
q7w8e9r0t1y2,65,49,10,2024-05-13,,1
real_human_01234,50,29,9,2024-04-23,Making money online. DM for info.,1
botanist_beth,390259,326742,63517,2022-07-18,Board game collector. r/boardgames mod.,0
1234567890ab,36,44,21,2024-03-23,Crypto trader. Free signals in bio.,1
chef_marco,400909,289038,111871,2021-04-25,Finance nerd. Index fund investor.,0
paul_runs,23884,14256,9628,2012-07-29,Science enthusiast. PhD in Biology.,0
free_follower_bot,48,2,28,2024-04-24,OnlyFans promo. 18+,1
mark_adventure,351578,278120,73458,2011-09-08,PC gamer. r/buildapc helper.,0
mike_2023,359790,274649,85141,2016-08-19,I post memes and comment on news.,0
lisa_writes,135014,82985,52029,2013-11-27,Finance nerd. Index fund investor.,0
the_real_sam,253789,153042,100747,2017-07-04,Regular reddit user. Gaming and tech.,0
amy_joy,440512,237888,202624,2012-05-12,Regular reddit user. Gaming and tech.,0
crypto_king_9999,25,10,29,2024-03-10,,1
alex_travel,16919,10281,6638,2015-03-25,Fitness addict. Marathon runner.,0
photo_by_anna,417167,308153,109014,2024-02-11,PC gamer. r/buildapc helper.,0
code_master,148905,136608,12297,2017-11-08,Hobbyist photographer. r/photography regular.,0
lisa_writes,433654,230664,202990,2019-07-17,Science enthusiast. PhD in Biology.,0
free_followers_now,77,33,4,2024-04-21,Crypto trader. Free signals in bio.,1
airdrop_winner99,50,25,16,2024-03-27,,1
a8f7d3k9p2,30,37,8,2024-05-26,Forex expert. 99% win rate.,1
creative_dan,32338,21999,10339,2015-04-01,Hobbyist photographer. r/photography regular.,0
chris_builds,317510,254013,63497,2011-09-30,Astronomy hobbyist. r/space regular.,0
q7w8e9r0t1y2,42,15,7,2024-03-21,OnlyFans promo. 18+,1
dev_pete,258313,189099,69214,2010-11-06,Lurker turned commenter. Python dev.,0
1234567890ab,31,16,5,2024-05-01,Earn $500/day from home.,1
xXx_profit_xXx,64,14,23,2024-03-22,,1
tradebot_fx,14,23,22,2024-03-07,OnlyFans promo. 18+,1
free_followers_now,69,43,16,2024-04-23,,1
9182736450,0,38,25,2024-05-10,OnlyFans promo. 18+,1
nft_dropper_69,42,26,22,2024-04-07,OnlyFans promo. 18+,1
acc29471838,43,47,24,2024-03-18,Earn $500/day from home.,1
follow_back_101,60,25,10,2024-04-15,Making money online. DM for info.,1
dev_pete,158028,120491,37537,2019-03-07,Astronomy hobbyist. r/space regular.,0
bot_account_7,72,13,10,2024-05-31,Making money online. DM for info.,1
mark_adventure,485751,314226,171525,2022-08-03,Astronomy hobbyist. r/space regular.,0
bot_account_7,3,45,19,2024-04-22,,1
mark_adventure,446169,343367,102802,2017-11-06,Book worm. r/books contributor.,0
get_rich_88,77,27,28,2024-05-21,OnlyFans promo. 18+,1
creative_dan,475594,372343,103251,2014-09-27,Fitness addict. Marathon runner.,0
1234567890ab,39,15,13,2024-05-20,,1
alex_travel,24849,15289,9560,2013-12-11,I post memes and comment on news.,0
tradebot_fx,50,33,2,2024-05-13,,1
real_human_01234,28,15,9,2024-05-16,,1
free_followers_now,13,3,26,2024-03-06,,1
follow_back_101,34,30,12,2024-04-30,OnlyFans promo. 18+,1
fit_jessica,83537,64835,18702,2012-03-07,Astronomy hobbyist. r/space regular.,0
sarah_smith,396921,222314,174607,2023-06-04,I post memes and comment on news.,0
follow_back_101,38,33,4,2024-03-07,,1
alex_travel,129062,70660,58402,2012-04-08,Fitness addict. Marathon runner.,0
code_master,3682,3299,383,2015-04-04,Astronomy hobbyist. r/space regular.,0
free_follower_bot,41,18,7,2024-05-29,Earn $500/day from home.,1
chef_marco,200213,163713,36500,2018-05-02,Hobbyist photographer. r/photography regular.,0
creative_dan,349433,286205,63228,2020-11-02,Board game collector. r/boardgames mod.,0
acc29471838,31,28,19,2024-03-04,Earn $500/day from home.,1
botanist_beth,26796,20651,6145,2015-09-20,Finance nerd. Index fund investor.,0
john_doe,284478,190391,94087,2022-08-18,I post memes and comment on news.,0
mindful_maya,118107,95115,22992,2017-02-20,Board game collector. r/boardgames mod.,0
mindful_maya,271920,224747,47173,2018-07-21,PC gamer. r/buildapc helper.,0
lisa_writes,189727,142639,47088,2015-11-01,Science enthusiast. PhD in Biology.,0
creative_dan,229070,145749,83321,2017-08-07,PC gamer. r/buildapc helper.,0
mindful_maya,401915,225024,176891,2020-04-05,Astronomy hobbyist. r/space regular.,0
nft_dropper_69,72,43,14,2024-05-03,Forex expert. 99% win rate.,1
tom_techie,458931,408790,50141,2011-10-16,Regular reddit user. Gaming and tech.,0
b.scott.official,265972,226184,39788,2011-06-10,Lurker turned commenter. Python dev.,0
zz_promo_zz,39,43,16,2024-04-27,OnlyFans promo. 18+,1
99882736450,21,33,1,2024-05-06,Forex expert. 99% win rate.,1
free_followers_now,55,43,18,2024-05-05,Earn $500/day from home.,1
emma.j,65621,54285,11336,2012-03-02,Board game collector. r/boardgames mod.,0
acc29471838,36,0,24,2024-03-25,Forex expert. 99% win rate.,1
xXx_profit_xXx,33,30,23,2024-03-06,,1
free_follower_bot,15,1,2,2024-04-10,Earn $500/day from home.,1
tradebot_fx,76,20,17,2024-04-05,,1
zz_promo_zz,66,46,14,2024-03-08,Crypto trader. Free signals in bio.,1
john_doe,66473,36314,30159,2018-03-10,Astronomy hobbyist. r/space regular.,0
free_follower_bot,68,25,27,2024-04-16,OnlyFans promo. 18+,1
earn_fast_2024,27,25,0,2024-04-22,Earn $500/day from home.,1
follow_back_101,16,26,28,2024-03-31,,1
follow_back_101,40,25,6,2024-03-11,,1
fit_jessica,263345,171503,91842,2017-11-01,Board game collector. r/boardgames mod.,0
free_follower_bot,35,47,9,2024-05-21,OnlyFans promo. 18+,1
a8f7d3k9p2,36,29,17,2024-05-07,Crypto trader. Free signals in bio.,1
b.scott.official,8901,8315,586,2019-07-17,Finance nerd. Index fund investor.,0
zz_promo_zz,73,38,4,2024-04-05,Crypto trader. Free signals in bio.,1
zz_promo_zz,4,43,9,2024-03-31,Forex expert. 99% win rate.,1
airdrop_winner99,64,44,6,2024-03-25,Making money online. DM for info.,1
john_doe,348313,279311,69002,2020-04-16,Regular reddit user. Gaming and tech.,0
everyday_elena,75577,56963,18614,2017-10-04,I post memes and comment on news.,0
zz_promo_zz,26,29,16,2024-05-07,Earn $500/day from home.,1
xXx_profit_xXx,63,48,13,2024-04-05,Forex expert. 99% win rate.,1
photo_by_anna,172074,155509,16565,2023-05-10,Hobbyist photographer. r/photography regular.,0
b.scott.official,297549,149701,147848,2023-04-07,Regular reddit user. Gaming and tech.,0
mark_adventure,420768,255299,165469,2021-01-16,Hobbyist photographer. r/photography regular.,0
1234567890ab,39,29,22,2024-04-04,Earn $500/day from home.,1
mike_2023,8686,6084,2602,2013-11-19,Amateur chef. Love r/cooking.,0
zz_promo_zz,44,4,10,2024-03-26,Crypto trader. Free signals in bio.,1
nft_dropper_69,45,0,25,2024-03-04,OnlyFans promo. 18+,1
chris_builds,315104,242978,72126,2019-11-23,PC gamer. r/buildapc helper.,0
journeys_with_kai,491126,387219,103907,2018-03-22,Board game collector. r/boardgames mod.,0
real_human_01234,58,3,9,2024-05-15,Making money online. DM for info.,1
lisa_writes,154350,93339,61011,2012-12-03,Astronomy hobbyist. r/space regular.,0
lisa_writes,399698,260372,139326,2016-04-21,I post memes and comment on news.,0
get_rich_88,31,46,5,2024-05-25,Making money online. DM for info.,1
journeys_with_kai,147090,77213,69877,2021-10-14,Fitness addict. Marathon runner.,0
user8374629,48,26,22,2024-03-16,Forex expert. 99% win rate.,1
paul_runs,199412,131790,67622,2019-04-15,Book worm. r/books contributor.,0
fit_jessica,98579,69936,28643,2012-02-08,Book worm. r/books contributor.,0
free_follower_bot,23,3,8,2024-04-10,Making money online. DM for info.,1
nft_dropper_69,70,17,15,2024-03-14,Earn $500/day from home.,1
lena_captures,39146,27903,11243,2012-07-13,Hobbyist photographer. r/photography regular.,0
free_followers_now,72,44,10,2024-03-25,Crypto trader. Free signals in bio.,1
grace_beauty,324675,262219,62456,2016-02-15,Lurker turned commenter. Python dev.,0
code_master,468151,292570,175581,2020-02-28,Fitness addict. Marathon runner.,0
user8374629,10,45,20,2024-05-12,Forex expert. 99% win rate.,1
99882736450,60,9,12,2024-05-18,,1
a8f7d3k9p2,1,14,2,2024-05-21,OnlyFans promo. 18+,1
daniel_f,17669,16129,1540,2018-08-03,Regular reddit user. Gaming and tech.,0
xXx_profit_xXx,35,24,13,2024-05-18,,1
bot_account_7,47,18,29,2024-04-25,OnlyFans promo. 18+,1
zz_promo_zz,28,5,19,2024-04-04,OnlyFans promo. 18+,1
follow_back_101,72,18,16,2024-05-16,,1
chris_builds,476616,370669,105947,2017-03-02,Fitness addict. Marathon runner.,0
a8f7d3k9p2,65,18,18,2024-05-26,Forex expert. 99% win rate.,1
follow_back_101,5,16,25,2024-04-26,Making money online. DM for info.,1
lena_captures,5612,4106,1506,2019-10-28,Regular reddit user. Gaming and tech.,0
alex_travel,312010,249842,62168,2020-02-17,Regular reddit user. Gaming and tech.,0
xXx_profit_xXx,9,13,26,2024-05-12,Earn $500/day from home.,1
daniel_f,170565,109727,60838,2013-11-11,Finance nerd. Index fund investor.,0
mark_adventure,446841,326171,120670,2016-03-09,Amateur chef. Love r/cooking.,0
nina_art,175431,99233,76198,2017-05-24,PC gamer. r/buildapc helper.,0
paul_runs,468081,297492,170589,2014-06-27,Regular reddit user. Gaming and tech.,0
xXx_profit_xXx,64,33,16,2024-03-06,,1
9182736450,25,11,19,2024-05-05,,1
the_real_sam,242451,225929,16522,2022-07-11,PC gamer. r/buildapc helper.,0
alex_travel,365163,196115,169048,2020-03-21,Fitness addict. Marathon runner.,0
mindful_maya,444776,326731,118045,2012-05-25,Book worm. r/books contributor.,0
fit_jessica,116895,77857,39038,2018-09-25,Finance nerd. Index fund investor.,0
1234567890ab,36,35,7,2024-05-29,OnlyFans promo. 18+,1
free_followers_now,48,21,29,2024-03-09,Forex expert. 99% win rate.,1
code_master,124031,84329,39702,2011-07-12,Hobbyist photographer. r/photography regular.,0
paul_runs,214587,107485,107102,2020-07-18,Amateur chef. Love r/cooking.,0
dev_pete,255313,194476,60837,2021-06-01,Fitness addict. Marathon runner.,0
chris_builds,101648,86983,14665,2019-04-30,Lurker turned commenter. Python dev.,0
xXx_profit_xXx,49,41,20,2024-04-12,,1
follow_back_101,24,0,6,2024-05-13,OnlyFans promo. 18+,1
chris_builds,122631,101603,21028,2023-12-26,Lurker turned commenter. Python dev.,0
alex_travel,401909,281336,120573,2014-01-06,Astronomy hobbyist. r/space regular.,0
john_doe,146857,121073,25784,2020-03-26,I post memes and comment on news.,0
emma.j,105783,91844,13939,2015-11-07,Finance nerd. Index fund investor.,0
sarah_smith,55195,37557,17638,2015-05-22,Book worm. r/books contributor.,0
zz_promo_zz,43,18,23,2024-03-27,Earn $500/day from home.,1
mark_adventure,8756,6880,1876,2015-03-30,Hobbyist photographer. r/photography regular.,0
zz_promo_zz,78,42,29,2024-03-06,,1
surf_with_evan,289189,175790,113399,2019-11-25,Astronomy hobbyist. r/space regular.,0
lena_captures,342168,284933,57235,2019-05-31,Hobbyist photographer. r/photography regular.,0
free_follower_bot,66,39,24,2024-04-05,,1
free_followers_now,67,39,3,2024-03-31,Making money online. DM for info.,1
daniel_f,2373,1207,1166,2011-08-09,Regular reddit user. Gaming and tech.,0
get_rich_88,73,13,24,2024-04-01,Earn $500/day from home.,1
real_human_01234,3,34,6,2024-04-10,,1
chef_marco,29228,17445,11783,2013-08-18,Board game collector. r/boardgames mod.,0
q7w8e9r0t1y2,25,32,2,2024-03-11,Forex expert. 99% win rate.,1
tradebot_fx,37,42,20,2024-04-26,Making money online. DM for info.,1
john_doe,365300,301433,63867,2020-05-04,Astronomy hobbyist. r/space regular.,0
airdrop_winner99,34,1,25,2024-03-24,,1
code_master,273633,199066,74567,2015-12-11,Hobbyist photographer. r/photography regular.,0
acc29471838,70,10,8,2024-04-06,,1
botanist_beth,160505,137795,22710,2017-05-01,Amateur chef. Love r/cooking.,0
fit_jessica,346857,247838,99019,2018-08-17,Science enthusiast. PhD in Biology.,0
free_followers_now,4,41,9,2024-05-20,OnlyFans promo. 18+,1
99882736450,6,13,16,2024-05-22,,1
follow_back_101,11,48,0,2024-04-24,Earn $500/day from home.,1
get_rich_88,51,39,24,2024-05-11,Forex expert. 99% win rate.,1
tom_techie,171814,131290,40524,2023-08-26,Fitness addict. Marathon runner.,0
sarah_smith,235354,185473,49881,2011-04-09,Finance nerd. Index fund investor.,0
bot_account_7,56,35,25,2024-04-06,,1
xXx_profit_xXx,29,26,22,2024-04-06,Making money online. DM for info.,1
code_master,258827,164975,93852,2022-12-18,Hobbyist photographer. r/photography regular.,0
a8f7d3k9p2,42,42,18,2024-04-03,Earn $500/day from home.,1
tom_techie,166692,109825,56867,2016-06-19,Book worm. r/books contributor.,0
botanist_beth,367436,313485,53951,2013-07-19,PC gamer. r/buildapc helper.,0
paul_runs,397895,375355,22540,2020-05-16,Lurker turned commenter. Python dev.,0
free_follower_bot,46,31,10,2024-04-30,Forex expert. 99% win rate.,1
emma.j,298129,269475,28654,2022-09-20,Hobbyist photographer. r/photography regular.,0
nina_art,153294,112030,41264,2022-07-29,Amateur chef. Love r/cooking.,0
1234567890ab,64,45,14,2024-04-10,Forex expert. 99% win rate.,1
daniel_f,89712,52282,37430,2019-01-30,Science enthusiast. PhD in Biology.,0
acc29471838,34,21,28,2024-03-24,,1
follow_back_101,18,40,3,2024-03-16,,1
bot_account_7,31,49,28,2024-03-07,OnlyFans promo. 18+,1
nft_dropper_69,42,27,17,2024-04-28,,1
mark_adventure,33080,20044,13036,2017-04-12,Astronomy hobbyist. r/space regular.,0
sarah_smith,423918,401707,22211,2011-12-11,Amateur chef. Love r/cooking.,0
b.scott.official,134498,108815,25683,2023-01-24,Science enthusiast. PhD in Biology.,0
earn_fast_2024,61,12,19,2024-04-13,OnlyFans promo. 18+,1
bot_account_7,5,15,24,2024-05-22,Forex expert. 99% win rate.,1
chef_marco,184573,162698,21875,2011-02-02,Board game collector. r/boardgames mod.,0
get_rich_88,47,16,11,2024-03-07,Crypto trader. Free signals in bio.,1
lena_captures,36166,25675,10491,2011-09-16,Lurker turned commenter. Python dev.,0
b.scott.official,218843,161434,57409,2017-02-16,Book worm. r/books contributor.,0
mark_adventure,51900,34639,17261,2020-12-28,Finance nerd. Index fund investor.,0
a8f7d3k9p2,31,18,22,2024-03-14,Forex expert. 99% win rate.,1
xXx_profit_xXx,42,33,25,2024-04-09,Crypto trader. Free signals in bio.,1
free_followers_now,52,8,7,2024-05-18,,1
tom_techie,315343,295581,19762,2013-06-16,Finance nerd. Index fund investor.,0
acc29471838,53,24,14,2024-03-10,,1
lena_captures,253905,132036,121869,2021-06-18,Board game collector. r/boardgames mod.,0
emma.j,450883,359869,91014,2014-12-27,Astronomy hobbyist. r/space regular.,0
real_human_01234,21,9,2,2024-04-09,,1
chef_marco,161100,108662,52438,2014-05-23,Fitness addict. Marathon runner.,0
1234567890ab,69,15,9,2024-04-07,Earn $500/day from home.,1
tom_techie,411870,265375,146495,2013-06-03,Regular reddit user. Gaming and tech.,0
b.scott.official,459680,298979,160701,2020-04-30,Regular reddit user. Gaming and tech.,0
nft_dropper_69,68,32,15,2024-05-13,,1
crypto_king_9999,65,27,2,2024-04-20,Making money online. DM for info.,1
mindful_maya,465288,320606,144682,2020-01-17,Board game collector. r/boardgames mod.,0
journeys_with_kai,244646,195655,48991,2023-02-26,Astronomy hobbyist. r/space regular.,0
airdrop_winner99,22,23,15,2024-03-23,,1
dev_pete,35749,25404,10345,2020-09-08,Finance nerd. Index fund investor.,0
tradebot_fx,74,43,3,2024-03-25,Forex expert. 99% win rate.,1
9182736450,18,46,28,2024-05-10,Making money online. DM for info.,1
daniel_f,246233,126668,119565,2019-06-23,Fitness addict. Marathon runner.,0
alex_travel,372473,291023,81450,2010-10-29,Book worm. r/books contributor.,0
surf_with_evan,433343,331318,102025,2017-11-01,Amateur chef. Love r/cooking.,0
daniel_f,442440,321699,120741,2022-08-23,Amateur chef. Love r/cooking.,0
airdrop_winner99,48,42,21,2024-05-06,Earn $500/day from home.,1
a8f7d3k9p2,21,17,14,2024-05-05,,1
nft_dropper_69,66,44,17,2024-03-19,,1
follow_back_101,31,48,6,2024-04-24,Earn $500/day from home.,1
creative_dan,237833,164658,73175,2010-12-05,Finance nerd. Index fund investor.,0
fit_jessica,151017,119248,31769,2016-01-26,Board game collector. r/boardgames mod.,0
tom_techie,135434,76986,58448,2020-06-11,Book worm. r/books contributor.,0
john_doe,386477,267855,118622,2013-03-29,Amateur chef. Love r/cooking.,0
mark_adventure,490566,300674,189892,2021-03-11,Astronomy hobbyist. r/space regular.,0
mark_adventure,496969,391295,105674,2016-02-10,Book worm. r/books contributor.,0
botanist_beth,452318,423991,28327,2011-02-25,Regular reddit user. Gaming and tech.,0
get_rich_88,39,35,22,2024-05-30,OnlyFans promo. 18+,1
xXx_profit_xXx,43,28,15,2024-03-26,Forex expert. 99% win rate.,1
grace_beauty,322712,193297,129415,2019-06-25,Science enthusiast. PhD in Biology.,0
mark_adventure,271832,165373,106459,2023-06-21,Book worm. r/books contributor.,0
alex_travel,203829,114882,88947,2020-06-20,Board game collector. r/boardgames mod.,0
creative_dan,487042,418265,68777,2023-01-09,I post memes and comment on news.,0
alex_travel,333588,231874,101714,2018-04-13,Hobbyist photographer. r/photography regular.,0
earn_fast_2024,34,29,14,2024-03-16,,1
tom_techie,154328,103231,51097,2015-08-02,Board game collector. r/boardgames mod.,0
crypto_king_9999,20,42,6,2024-04-28,,1
john_doe,183502,141814,41688,2012-11-07,I post memes and comment on news.,0
crypto_king_9999,50,11,10,2024-04-06,OnlyFans promo. 18+,1
b.scott.official,195922,137627,58295,2014-01-28,I post memes and comment on news.,0
photo_by_anna,429841,349769,80072,2014-06-09,Regular reddit user. Gaming and tech.,0
tradebot_fx,39,23,10,2024-05-05,Making money online. DM for info.,1
bot_account_7,31,28,22,2024-05-19,,1
john_doe,78858,55480,23378,2017-11-04,Lurker turned commenter. Python dev.,0
airdrop_winner99,0,25,25,2024-05-17,,1
xXx_profit_xXx,30,20,24,2024-03-19,Forex expert. 99% win rate.,1
everyday_elena,340254,242660,97594,2023-05-17,Finance nerd. Index fund investor.,0
nina_art,463366,395263,68103,2020-07-05,Board game collector. r/boardgames mod.,0
sarah_smith,373892,230420,143472,2019-03-08,PC gamer. r/buildapc helper.,0
nina_art,301743,248376,53367,2021-07-01,Lurker turned commenter. Python dev.,0
b.scott.official,408385,365101,43284,2015-11-24,Regular reddit user. Gaming and tech.,0
chris_builds,494117,378154,115963,2010-11-02,PC gamer. r/buildapc helper.,0
zz_promo_zz,59,40,20,2024-04-14,Crypto trader. Free signals in bio.,1
lisa_writes,121971,110945,11026,2012-08-17,Hobbyist photographer. r/photography regular.,0
chef_marco,399249,317012,82237,2017-06-29,Amateur chef. Love r/cooking.,0
nft_dropper_69,65,26,1,2024-03-05,Crypto trader. Free signals in bio.,1
photo_by_anna,36876,21141,15735,2017-06-11,Finance nerd. Index fund investor.,0
everyday_elena,496784,369021,127763,2014-09-17,PC gamer. r/buildapc helper.,0
journeys_with_kai,263937,171656,92281,2020-05-16,Finance nerd. Index fund investor.,0
amy_joy,472224,250520,221704,2023-11-27,Science enthusiast. PhD in Biology.,0
xXx_profit_xXx,13,49,28,2024-05-25,,1
free_follower_bot,67,30,18,2024-05-24,,1
nina_art,489530,319247,170283,2021-07-25,Book worm. r/books contributor.,0
mike_2023,27789,16977,10812,2020-04-22,Book worm. r/books contributor.,0
fit_jessica,345204,308788,36416,2016-04-15,Amateur chef. Love r/cooking.,0
a8f7d3k9p2,71,23,5,2024-04-01,OnlyFans promo. 18+,1
john_doe,465991,343175,122816,2019-12-26,Lurker turned commenter. Python dev.,0
alex_travel,112597,103900,8697,2021-12-11,Finance nerd. Index fund investor.,0
free_followers_now,0,35,29,2024-03-08,,1
nft_dropper_69,78,35,21,2024-05-15,Earn $500/day from home.,1
the_real_sam,351787,286781,65006,2016-08-31,Amateur chef. Love r/cooking.,0
earn_fast_2024,13,5,6,2024-05-15,OnlyFans promo. 18+,1
fit_jessica,360190,340665,19525,2017-12-26,Book worm. r/books contributor.,0
real_human_01234,27,34,20,2024-05-20,,1
get_rich_88,31,46,1,2024-05-12,,1
mark_adventure,12010,9808,2202,2011-04-23,Finance nerd. Index fund investor.,0
earn_fast_2024,57,36,22,2024-03-26,Making money online. DM for info.,1
free_followers_now,49,47,23,2024-05-31,Making money online. DM for info.,1
journeys_with_kai,403223,369883,33340,2017-10-20,Astronomy hobbyist. r/space regular.,0
9182736450,70,49,26,2024-03-12,OnlyFans promo. 18+,1
everyday_elena,275703,235021,40682,2022-08-07,Amateur chef. Love r/cooking.,0
tradebot_fx,19,31,19,2024-03-19,OnlyFans promo. 18+,1
q7w8e9r0t1y2,74,38,3,2024-04-22,Earn $500/day from home.,1
acc29471838,15,23,6,2024-05-18,OnlyFans promo. 18+,1
surf_with_evan,325785,271962,53823,2012-07-12,Amateur chef. Love r/cooking.,0
user8374629,39,26,17,2024-04-28,,1
botanist_beth,206329,143960,62369,2011-08-16,Amateur chef. Love r/cooking.,0
follow_back_101,61,49,24,2024-03-09,Crypto trader. Free signals in bio.,1
botanist_beth,78995,45637,33358,2014-09-15,Science enthusiast. PhD in Biology.,0
nina_art,437768,326908,110860,2017-10-21,PC gamer. r/buildapc helper.,0
paul_runs,380374,202966,177408,2017-11-28,Amateur chef. Love r/cooking.,0
99882736450,39,30,12,2024-03-28,Earn $500/day from home.,1
earn_fast_2024,68,3,6,2024-06-01,Earn $500/day from home.,1
amy_joy,485654,280737,204917,2023-02-12,Board game collector. r/boardgames mod.,0
earn_fast_2024,4,33,23,2024-05-16,Forex expert. 99% win rate.,1
crypto_king_9999,28,39,19,2024-03-08,,1
xXx_profit_xXx,0,5,0,2024-04-01,Crypto trader. Free signals in bio.,1
acc29471838,35,34,10,2024-04-20,Earn $500/day from home.,1
journeys_with_kai,179978,136759,43219,2012-10-21,Astronomy hobbyist. r/space regular.,0
a8f7d3k9p2,32,35,2,2024-05-05,Forex expert. 99% win rate.,1
bot_account_7,30,40,4,2024-04-24,OnlyFans promo. 18+,1
nft_dropper_69,48,20,9,2024-05-11,Forex expert. 99% win rate.,1
code_master,398012,348148,49864,2018-08-31,Board game collector. r/boardgames mod.,0
mark_adventure,141654,100237,41417,2022-12-23,Hobbyist photographer. r/photography regular.,0
mark_adventure,219253,167811,51442,2013-04-29,Science enthusiast. PhD in Biology.,0
alex_travel,110678,77046,33632,2023-10-06,Finance nerd. Index fund investor.,0
q7w8e9r0t1y2,27,35,22,2024-04-06,OnlyFans promo. 18+,1
acc29471838,35,1,11,2024-05-27,,1
bot_account_7,64,48,4,2024-04-04,Forex expert. 99% win rate.,1
the_real_sam,351965,302824,49141,2021-04-09,Book worm. r/books contributor.,0
lena_captures,358517,202758,155759,2012-12-21,Fitness addict. Marathon runner.,0
alex_travel,65651,56153,9498,2011-10-05,Board game collector. r/boardgames mod.,0
airdrop_winner99,58,34,16,2024-05-03,OnlyFans promo. 18+,1
acc29471838,44,31,11,2024-05-30,Earn $500/day from home.,1
journeys_with_kai,94272,68584,25688,2022-03-10,Board game collector. r/boardgames mod.,0
grace_beauty,127376,81718,45658,2011-03-21,Hobbyist photographer. r/photography regular.,0
mike_2023,274211,226635,47576,2011-12-31,Board game collector. r/boardgames mod.,0
free_followers_now,18,33,25,2024-05-13,,1
sarah_smith,174402,126791,47611,2016-11-19,Book worm. r/books contributor.,0
surf_with_evan,222976,148265,74711,2017-03-23,Amateur chef. Love r/cooking.,0
99882736450,18,23,3,2024-05-05,,1
mark_adventure,230047,116158,113889,2013-03-17,Board game collector. r/boardgames mod.,0
crypto_king_9999,18,27,0,2024-04-04,Making money online. DM for info.,1
nft_dropper_69,40,5,28,2024-03-22,,1
journeys_with_kai,460800,425444,35356,2011-03-18,Astronomy hobbyist. r/space regular.,0
surf_with_evan,169493,108037,61456,2022-10-02,Book worm. r/books contributor.,0
99882736450,43,37,3,2024-05-12,Earn $500/day from home.,1
xXx_profit_xXx,28,0,24,2024-04-04,Earn $500/day from home.,1
lena_captures,162079,94663,67416,2014-07-15,PC gamer. r/buildapc helper.,0
sarah_smith,143398,100090,43308,2011-01-09,Book worm. r/books contributor.,0
q7w8e9r0t1y2,54,23,28,2024-05-24,,1
b.scott.official,339848,312140,27708,2013-11-17,Fitness addict. Marathon runner.,0
mike_2023,496404,364047,132357,2021-07-20,PC gamer. r/buildapc helper.,0
nft_dropper_69,47,34,12,2024-04-05,Earn $500/day from home.,1
get_rich_88,3,43,2,2024-05-14,Crypto trader. Free signals in bio.,1
follow_back_101,54,23,8,2024-04-05,Forex expert. 99% win rate.,1
dev_pete,497309,375113,122196,2016-07-11,I post memes and comment on news.,0
alex_travel,321761,238379,83382,2021-06-26,I post memes and comment on news.,0
xXx_profit_xXx,16,18,8,2024-04-29,Forex expert. 99% win rate.,1
sarah_smith,378817,202318,176499,2011-09-30,Hobbyist photographer. r/photography regular.,0
tradebot_fx,36,38,1,2024-04-16,,1
free_followers_now,23,17,3,2024-03-09,,1
daniel_f,33676,28189,5487,2011-12-23,PC gamer. r/buildapc helper.,0
creative_dan,68170,58255,9915,2010-11-26,Regular reddit user. Gaming and tech.,0
real_human_01234,69,36,28,2024-04-12,Earn $500/day from home.,1
earn_fast_2024,50,37,4,2024-03-28,Forex expert. 99% win rate.,1
b.scott.official,431523,406485,25038,2015-03-05,Amateur chef. Love r/cooking.,0
free_follower_bot,42,11,11,2024-04-18,Forex expert. 99% win rate.,1
get_rich_88,18,37,9,2024-03-15,Making money online. DM for info.,1
journeys_with_kai,398735,336206,62529,2011-08-22,Amateur chef. Love r/cooking.,0
earn_fast_2024,79,34,17,2024-04-30,Earn $500/day from home.,1
xXx_profit_xXx,14,15,28,2024-03-13,Forex expert. 99% win rate.,1
a8f7d3k9p2,60,3,19,2024-04-16,Earn $500/day from home.,1
the_real_sam,28380,14377,14003,2013-01-02,Science enthusiast. PhD in Biology.,0
john_doe,81122,43869,37253,2017-12-28,Book worm. r/books contributor.,0
journeys_with_kai,418390,364907,53483,2023-07-06,Book worm. r/books contributor.,0
free_follower_bot,54,5,15,2024-03-06,Making money online. DM for info.,1
mark_adventure,330450,304419,26031,2011-02-14,Book worm. r/books contributor.,0
amy_joy,44750,30030,14720,2011-01-18,Book worm. r/books contributor.,0
acc29471838,15,41,27,2024-04-07,Forex expert. 99% win rate.,1
chris_builds,180717,93386,87331,2023-07-24,Finance nerd. Index fund investor.,0
the_real_sam,122418,79347,43071,2022-04-07,Lurker turned commenter. Python dev.,0
everyday_elena,149335,134976,14359,2018-06-22,Astronomy hobbyist. r/space regular.,0
bot_account_7,17,27,19,2024-05-30,Earn $500/day from home.,1
emma.j,48020,36214,11806,2014-12-08,Fitness addict. Marathon runner.,0
real_human_01234,15,4,18,2024-05-04,Crypto trader. Free signals in bio.,1
paul_runs,182970,97296,85674,2019-10-23,Fitness addict. Marathon runner.,0
nina_art,416744,271504,145240,2013-11-03,Amateur chef. Love r/cooking.,0
the_real_sam,63932,33909,30023,2014-03-19,Astronomy hobbyist. r/space regular.,0
journeys_with_kai,294600,194304,100296,2020-09-29,Hobbyist photographer. r/photography regular.,0
xXx_profit_xXx,57,15,23,2024-03-15,,1
xXx_profit_xXx,63,45,26,2024-04-25,Forex expert. 99% win rate.,1
airdrop_winner99,44,44,4,2024-03-05,OnlyFans promo. 18+,1
daniel_f,383577,238543,145034,2023-11-06,Finance nerd. Index fund investor.,0
sarah_smith,389062,272551,116511,2011-03-01,I post memes and comment on news.,0
sarah_smith,18051,16428,1623,2020-06-10,Book worm. r/books contributor.,0
mindful_maya,408329,208050,200279,2012-09-25,Lurker turned commenter. Python dev.,0
q7w8e9r0t1y2,38,33,11,2024-03-22,Earn $500/day from home.,1
acc29471838,33,7,4,2024-04-09,OnlyFans promo. 18+,1
nina_art,423005,311396,111609,2022-01-06,I post memes and comment on news.,0
tradebot_fx,77,30,10,2024-05-18,,1
code_master,416354,346145,70209,2018-07-28,Book worm. r/books contributor.,0
paul_runs,465402,396940,68462,2016-08-09,Regular reddit user. Gaming and tech.,0
mindful_maya,171039,97288,73751,2011-03-16,Astronomy hobbyist. r/space regular.,0
grace_beauty,34539,31744,2795,2010-11-13,Finance nerd. Index fund investor.,0
user8374629,47,43,15,2024-04-04,Forex expert. 99% win rate.,1
chef_marco,490750,441356,49394,2014-04-25,Astronomy hobbyist. r/space regular.,0
q7w8e9r0t1y2,73,44,21,2024-03-19,Earn $500/day from home.,1
lisa_writes,397860,364176,33684,2018-10-20,Science enthusiast. PhD in Biology.,0
user8374629,70,5,23,2024-05-30,,1
surf_with_evan,410986,312092,98894,2021-10-08,Hobbyist photographer. r/photography regular.,0
mike_2023,43620,27155,16465,2011-04-06,Board game collector. r/boardgames mod.,0
sarah_smith,13462,11030,2432,2022-05-25,Astronomy hobbyist. r/space regular.,0
tradebot_fx,79,26,24,2024-03-13,,1
fit_jessica,331950,171483,160467,2015-12-12,I post memes and comment on news.,0
bot_account_7,48,42,7,2024-05-01,Making money online. DM for info.,1
alex_travel,149123,139092,10031,2016-06-01,PC gamer. r/buildapc helper.,0
user8374629,68,40,25,2024-03-15,,1
earn_fast_2024,16,32,6,2024-03-29,Forex expert. 99% win rate.,1
zz_promo_zz,56,30,28,2024-03-29,,1
follow_back_101,37,36,0,2024-05-05,Making money online. DM for info.,1
the_real_sam,4192,3593,599,2010-12-10,Finance nerd. Index fund investor.,0
chris_builds,169854,157379,12475,2022-07-05,Amateur chef. Love r/cooking.,0
photo_by_anna,6392,4789,1603,2023-03-26,Astronomy hobbyist. r/space regular.,0
surf_with_evan,133121,71995,61126,2018-03-17,PC gamer. r/buildapc helper.,0
real_human_01234,57,29,22,2024-05-11,Forex expert. 99% win rate.,1
real_human_01234,50,25,5,2024-05-08,,1
fit_jessica,308772,287103,21669,2017-03-26,Board game collector. r/boardgames mod.,0
free_followers_now,79,11,28,2024-04-13,,1
tom_techie,219893,199886,20007,2019-11-26,Fitness addict. Marathon runner.,0
user8374629,54,12,2,2024-03-31,Making money online. DM for info.,1
mark_adventure,307335,164414,142921,2017-05-16,Board game collector. r/boardgames mod.,0
lisa_writes,487856,255618,232238,2022-05-22,Regular reddit user. Gaming and tech.,0
1234567890ab,62,7,16,2024-04-03,Forex expert. 99% win rate.,1
zz_promo_zz,66,17,2,2024-04-19,,1
photo_by_anna,429828,384959,44869,2021-01-04,Board game collector. r/boardgames mod.,0
grace_beauty,487945,367876,120069,2019-07-29,Science enthusiast. PhD in Biology.,0
mike_2023,481503,258648,222855,2011-07-08,Science enthusiast. PhD in Biology.,0
tradebot_fx,71,49,20,2024-05-03,Forex expert. 99% win rate.,1
code_master,22474,17818,4656,2023-09-05,PC gamer. r/buildapc helper.,0
9182736450,78,12,7,2024-04-16,,1
amy_joy,278288,152924,125364,2022-12-18,I post memes and comment on news.,0
nft_dropper_69,26,15,12,2024-03-29,OnlyFans promo. 18+,1
john_doe,435130,232424,202706,2013-09-23,Regular reddit user. Gaming and tech.,0
mindful_maya,255272,221457,33815,2012-11-14,Regular reddit user. Gaming and tech.,0
user8374629,13,5,0,2024-03-30,,1
99882736450,22,36,27,2024-04-12,OnlyFans promo. 18+,1
nft_dropper_69,49,9,28,2024-04-10,Earn $500/day from home.,1
real_human_01234,51,23,9,2024-05-30,Crypto trader. Free signals in bio.,1
lena_captures,16606,11817,4789,2019-04-26,Lurker turned commenter. Python dev.,0
paul_runs,450667,383376,67291,2019-03-10,Astronomy hobbyist. r/space regular.,0
a8f7d3k9p2,52,8,17,2024-05-21,Earn $500/day from home.,1
mindful_maya,146655,87024,59631,2013-04-13,Amateur chef. Love r/cooking.,0
crypto_king_9999,3,3,28,2024-05-03,Making money online. DM for info.,1
get_rich_88,46,30,4,2024-05-19,Crypto trader. Free signals in bio.,1
alex_travel,333475,273851,59624,2020-07-30,Fitness addict. Marathon runner.,0
emma.j,119133,84952,34181,2016-05-30,Lurker turned commenter. Python dev.,0
real_human_01234,54,36,6,2024-05-21,Earn $500/day from home.,1
free_follower_bot,44,32,1,2024-05-05,Crypto trader. Free signals in bio.,1
photo_by_anna,382298,292920,89378,2011-08-17,Amateur chef. Love r/cooking.,0
journeys_with_kai,160406,94013,66393,2022-08-08,Hobbyist photographer. r/photography regular.,0
nina_art,441912,403507,38405,2013-02-09,Board game collector. r/boardgames mod.,0
nina_art,223906,143302,80604,2011-08-17,PC gamer. r/buildapc helper.,0
dev_pete,305967,210397,95570,2018-06-16,I post memes and comment on news.,0
john_doe,75030,45107,29923,2019-03-04,Astronomy hobbyist. r/space regular.,0
real_human_01234,32,3,17,2024-04-24,,1
real_human_01234,56,25,3,2024-04-01,,1
b.scott.official,237751,140519,97232,2019-04-10,I post memes and comment on news.,0
surf_with_evan,235709,136612,99097,2022-05-11,Lurker turned commenter. Python dev.,0
free_follower_bot,68,19,6,2024-03-15,OnlyFans promo. 18+,1
acc29471838,75,20,14,2024-03-28,,1
earn_fast_2024,56,39,28,2024-04-08,Earn $500/day from home.,1
everyday_elena,277886,149952,127934,2011-08-09,Finance nerd. Index fund investor.,0
chris_builds,142971,130493,12478,2023-06-09,Book worm. r/books contributor.,0
nft_dropper_69,68,17,18,2024-05-16,Earn $500/day from home.,1
mike_2023,253118,238095,15023,2015-07-30,Hobbyist photographer. r/photography regular.,0
chris_builds,243112,184373,58739,2023-10-25,Hobbyist photographer. r/photography regular.,0
xXx_profit_xXx,35,7,0,2024-03-10,Crypto trader. Free signals in bio.,1
real_human_01234,47,29,2,2024-05-21,Earn $500/day from home.,1
sarah_smith,338382,305978,32404,2021-09-20,Book worm. r/books contributor.,0
real_human_01234,42,27,4,2024-05-30,Forex expert. 99% win rate.,1
tom_techie,419660,291147,128513,2020-04-24,Fitness addict. Marathon runner.,0
free_follower_bot,32,12,5,2024-03-11,OnlyFans promo. 18+,1
b.scott.official,330159,290852,39307,2022-11-05,Amateur chef. Love r/cooking.,0
bot_account_7,63,23,22,2024-05-02,OnlyFans promo. 18+,1
tradebot_fx,44,10,27,2024-04-01,Making money online. DM for info.,1
earn_fast_2024,46,26,29,2024-04-03,Making money online. DM for info.,1
nft_dropper_69,56,9,9,2024-03-06,Making money online. DM for info.,1
lena_captures,183701,165984,17717,2023-12-28,Hobbyist photographer. r/photography regular.,0
tradebot_fx,12,47,9,2024-04-23,OnlyFans promo. 18+,1
journeys_with_kai,183350,130541,52809,2024-01-17,Amateur chef. Love r/cooking.,0
1234567890ab,63,4,15,2024-05-21,Earn $500/day from home.,1
sarah_smith,166197,98406,67791,2015-10-21,Lurker turned commenter. Python dev.,0
surf_with_evan,49327,39470,9857,2017-04-02,Astronomy hobbyist. r/space regular.,0
airdrop_winner99,6,33,14,2024-04-20,,1
daniel_f,164061,95120,68941,2016-05-09,Fitness addict. Marathon runner.,0
a8f7d3k9p2,39,27,5,2024-05-07,Forex expert. 99% win rate.,1
1234567890ab,57,31,16,2024-05-15,,1
user8374629,44,13,26,2024-04-18,,1
free_follower_bot,9,41,23,2024-04-29,OnlyFans promo. 18+,1
dev_pete,401331,315262,86069,2019-08-31,Fitness addict. Marathon runner.,0
xXx_profit_xXx,73,47,25,2024-04-21,Forex expert. 99% win rate.,1
earn_fast_2024,0,16,0,2024-04-26,Making money online. DM for info.,1
free_followers_now,56,23,8,2024-03-26,Crypto trader. Free signals in bio.,1
earn_fast_2024,13,5,15,2024-05-23,,1
nina_art,123042,111286,11756,2012-08-03,I post memes and comment on news.,0
99882736450,74,14,19,2024-05-05,Crypto trader. Free signals in bio.,1
creative_dan,275169,216222,58947,2019-02-25,Amateur chef. Love r/cooking.,0
airdrop_winner99,41,43,21,2024-04-18,Making money online. DM for info.,1
user8374629,19,45,4,2024-03-29,,1
dev_pete,477691,246566,231125,2013-01-11,I post memes and comment on news.,0
photo_by_anna,248210,190205,58005,2022-06-04,Finance nerd. Index fund investor.,0
mike_2023,339042,296984,42058,2022-11-12,PC gamer. r/buildapc helper.,0
sarah_smith,94032,58744,35288,2013-06-26,I post memes and comment on news.,0
real_human_01234,36,42,9,2024-04-09,,1
q7w8e9r0t1y2,2,23,6,2024-03-25,OnlyFans promo. 18+,1
mike_2023,252803,191447,61356,2017-03-28,Book worm. r/books contributor.,0
bot_account_7,75,34,2,2024-04-19,,1
creative_dan,200378,153363,47015,2023-07-11,PC gamer. r/buildapc helper.,0
fit_jessica,439756,271277,168479,2023-01-01,Book worm. r/books contributor.,0
tom_techie,175713,159650,16063,2019-02-09,Astronomy hobbyist. r/space regular.,0
b.scott.official,44205,33712,10493,2016-09-13,Board game collector. r/boardgames mod.,0
crypto_king_9999,2,4,20,2024-04-06,Crypto trader. Free signals in bio.,1
tradebot_fx,71,30,6,2024-05-20,Forex expert. 99% win rate.,1
nft_dropper_69,41,37,8,2024-04-07,Crypto trader. Free signals in bio.,1
chef_marco,101947,61355,40592,2023-10-22,Book worm. r/books contributor.,0
bot_account_7,23,1,20,2024-05-20,,1
mindful_maya,311153,222500,88653,2020-02-15,Hobbyist photographer. r/photography regular.,0
zz_promo_zz,59,23,28,2024-04-30,Crypto trader. Free signals in bio.,1
tradebot_fx,53,47,12,2024-04-10,,1
paul_runs,349113,329021,20092,2017-06-29,I post memes and comment on news.,0
zz_promo_zz,11,25,13,2024-05-24,,1
lena_captures,456200,336050,120150,2020-11-08,Science enthusiast. PhD in Biology.,0
acc29471838,62,25,12,2024-03-10,Crypto trader. Free signals in bio.,1
chris_builds,10426,6307,4119,2012-10-25,Book worm. r/books contributor.,0
acc29471838,31,29,11,2024-05-12,Earn $500/day from home.,1
b.scott.official,202799,174877,27922,2023-07-16,Finance nerd. Index fund investor.,0
airdrop_winner99,39,8,9,2024-05-11,OnlyFans promo. 18+,1
creative_dan,260887,233537,27350,2020-06-09,Book worm. r/books contributor.,0
xXx_profit_xXx,66,37,16,2024-05-31,Crypto trader. Free signals in bio.,1
dev_pete,56779,44577,12202,2012-06-08,Astronomy hobbyist. r/space regular.,0
paul_runs,110954,80307,30647,2015-02-10,Hobbyist photographer. r/photography regular.,0
bot_account_7,35,19,23,2024-03-09,Earn $500/day from home.,1
mike_2023,70492,50005,20487,2022-08-25,Astronomy hobbyist. r/space regular.,0
earn_fast_2024,5,39,15,2024-03-10,,1
nft_dropper_69,12,24,29,2024-03-31,,1
get_rich_88,45,31,6,2024-05-08,OnlyFans promo. 18+,1
real_human_01234,61,18,4,2024-05-24,,1
xXx_profit_xXx,79,35,0,2024-03-27,Forex expert. 99% win rate.,1
paul_runs,63034,54811,8223,2020-02-20,Board game collector. r/boardgames mod.,0
mark_adventure,450522,376875,73647,2011-12-14,Amateur chef. Love r/cooking.,0
emma.j,40143,20712,19431,2017-12-16,Astronomy hobbyist. r/space regular.,0
tom_techie,172775,94105,78670,2016-12-26,Book worm. r/books contributor.,0
sarah_smith,181229,148976,32253,2016-11-01,I post memes and comment on news.,0
get_rich_88,27,35,0,2024-05-05,OnlyFans promo. 18+,1
lena_captures,361359,228478,132881,2020-08-19,Lurker turned commenter. Python dev.,0
tradebot_fx,2,39,0,2024-04-11,OnlyFans promo. 18+,1
free_followers_now,16,21,1,2024-06-01,Crypto trader. Free signals in bio.,1
a8f7d3k9p2,72,49,13,2024-05-26,OnlyFans promo. 18+,1
crypto_king_9999,31,45,3,2024-05-31,Earn $500/day from home.,1
grace_beauty,459375,401746,57629,2017-01-25,Science enthusiast. PhD in Biology.,0
get_rich_88,58,8,6,2024-04-14,Forex expert. 99% win rate.,1
q7w8e9r0t1y2,58,34,12,2024-04-20,Crypto trader. Free signals in bio.,1
earn_fast_2024,61,45,2,2024-03-10,Making money online. DM for info.,1
tom_techie,230111,127656,102455,2013-12-03,Board game collector. r/boardgames mod.,0
alex_travel,109077,96312,12765,2014-01-06,Hobbyist photographer. r/photography regular.,0
xXx_profit_xXx,22,32,20,2024-05-17,OnlyFans promo. 18+,1
amy_joy,321662,197137,124525,2017-05-02,Lurker turned commenter. Python dev.,0
nina_art,354624,211939,142685,2019-03-27,Finance nerd. Index fund investor.,0
acc29471838,16,21,18,2024-03-04,OnlyFans promo. 18+,1
b.scott.official,361646,312313,49333,2018-02-12,Science enthusiast. PhD in Biology.,0
crypto_king_9999,71,35,27,2024-05-06,Forex expert. 99% win rate.,1
code_master,230956,147056,83900,2010-10-24,Board game collector. r/boardgames mod.,0
99882736450,38,37,9,2024-05-31,,1
get_rich_88,68,42,7,2024-05-14,Crypto trader. Free signals in bio.,1
zz_promo_zz,73,16,1,2024-05-05,,1
journeys_with_kai,128317,114094,14223,2010-10-25,Hobbyist photographer. r/photography regular.,0
dev_pete,488344,330116,158228,2020-04-03,Amateur chef. Love r/cooking.,0
follow_back_101,63,22,22,2024-05-26,Forex expert. 99% win rate.,1
the_real_sam,184632,139706,44926,2016-04-16,Finance nerd. Index fund investor.,0
bot_account_7,27,36,2,2024-04-20,Making money online. DM for info.,1
free_follower_bot,42,11,11,2024-04-13,Crypto trader. Free signals in bio.,1
everyday_elena,53461,44948,8513,2016-09-28,Lurker turned commenter. Python dev.,0
9182736450,42,13,2,2024-04-10,Making money online. DM for info.,1
journeys_with_kai,280272,255445,24827,2017-12-22,I post memes and comment on news.,0
paul_runs,121265,107725,13540,2017-06-19,Hobbyist photographer. r/photography regular.,0
get_rich_88,11,46,5,2024-04-04,Earn $500/day from home.,1
free_follower_bot,64,46,23,2024-05-31,,1
crypto_king_9999,17,21,14,2024-03-15,Earn $500/day from home.,1
tom_techie,260522,220256,40266,2023-05-27,Lurker turned commenter. Python dev.,0
mindful_maya,85077,54225,30852,2017-11-25,Lurker turned commenter. Python dev.,0
botanist_beth,236285,126477,109808,2013-10-14,Astronomy hobbyist. r/space regular.,0
mark_adventure,117961,109064,8897,2011-01-09,Fitness addict. Marathon runner.,0
amy_joy,431851,250308,181543,2017-12-15,PC gamer. r/buildapc helper.,0
bot_account_7,45,24,10,2024-03-24,OnlyFans promo. 18+,1
lisa_writes,317066,217696,99370,2011-02-07,Amateur chef. Love r/cooking.,0
airdrop_winner99,3,11,29,2024-04-28,Making money online. DM for info.,1
nft_dropper_69,16,22,28,2024-04-23,OnlyFans promo. 18+,1
amy_joy,418744,364869,53875,2023-08-20,Fitness addict. Marathon runner.,0
free_follower_bot,49,45,8,2024-04-18,Forex expert. 99% win rate.,1
tom_techie,243933,214576,29357,2018-11-27,Regular reddit user. Gaming and tech.,0
fit_jessica,139803,121132,18671,2019-10-04,Book worm. r/books contributor.,0
q7w8e9r0t1y2,2,46,19,2024-03-31,Earn $500/day from home.,1
real_human_01234,20,2,12,2024-04-19,Earn $500/day from home.,1
dev_pete,75460,49465,25995,2022-01-01,I post memes and comment on news.,0
tom_techie,48666,42787,5879,2019-07-13,Regular reddit user. Gaming and tech.,0
nft_dropper_69,17,34,14,2024-03-11,OnlyFans promo. 18+,1
acc29471838,44,38,24,2024-04-18,,1
journeys_with_kai,197896,143251,54645,2021-04-17,Board game collector. r/boardgames mod.,0
paul_runs,192220,137565,54655,2022-11-12,Book worm. r/books contributor.,0
user8374629,51,9,0,2024-05-06,Forex expert. 99% win rate.,1
photo_by_anna,113828,66767,47061,2022-10-28,PC gamer. r/buildapc helper.,0
earn_fast_2024,56,36,28,2024-05-27,Earn $500/day from home.,1
alex_travel,389552,259686,129866,2015-10-30,Regular reddit user. Gaming and tech.,0
fit_jessica,433478,252913,180565,2022-08-20,Hobbyist photographer. r/photography regular.,0
zz_promo_zz,78,22,27,2024-04-22,Making money online. DM for info.,1
acc29471838,42,19,0,2024-05-17,Crypto trader. Free signals in bio.,1
earn_fast_2024,72,31,5,2024-05-07,Earn $500/day from home.,1
zz_promo_zz,61,0,26,2024-04-22,Making money online. DM for info.,1
1234567890ab,62,30,28,2024-03-14,Making money online. DM for info.,1
99882736450,44,20,4,2024-04-04,Earn $500/day from home.,1
lisa_writes,34223,20338,13885,2016-02-20,Amateur chef. Love r/cooking.,0
xXx_profit_xXx,26,22,16,2024-03-18,OnlyFans promo. 18+,1
9182736450,49,22,3,2024-03-26,,1
john_doe,146840,116407,30433,2020-08-18,Lurker turned commenter. Python dev.,0
free_followers_now,18,49,11,2024-04-02,OnlyFans promo. 18+,1
free_followers_now,67,27,28,2024-04-18,Earn $500/day from home.,1
xXx_profit_xXx,1,18,26,2024-04-25,OnlyFans promo. 18+,1
mark_adventure,374482,315125,59357,2012-04-22,Regular reddit user. Gaming and tech.,0
lena_captures,438072,306725,131347,2021-12-25,I post memes and comment on news.,0
botanist_beth,205264,170453,34811,2011-11-27,Finance nerd. Index fund investor.,0
chris_builds,103976,94577,9399,2018-10-02,I post memes and comment on news.,0
airdrop_winner99,72,14,5,2024-03-12,Forex expert. 99% win rate.,1
free_followers_now,17,36,1,2024-04-01,OnlyFans promo. 18+,1
a8f7d3k9p2,25,12,16,2024-05-27,,1
1234567890ab,46,40,0,2024-05-08,Earn $500/day from home.,1
amy_joy,67739,59794,7945,2023-02-19,Astronomy hobbyist. r/space regular.,0
follow_back_101,78,36,9,2024-03-29,Making money online. DM for info.,1
9182736450,44,26,11,2024-05-22,Crypto trader. Free signals in bio.,1
get_rich_88,45,0,4,2024-06-01,,1
mindful_maya,70042,61734,8308,2023-05-21,Lurker turned commenter. Python dev.,0
nina_art,95661,69482,26179,2016-04-13,Amateur chef. Love r/cooking.,0
everyday_elena,85663,66443,19220,2019-01-09,Regular reddit user. Gaming and tech.,0
xXx_profit_xXx,38,27,21,2024-03-21,OnlyFans promo. 18+,1
alex_travel,223086,181187,41899,2012-02-25,I post memes and comment on news.,0
chef_marco,181688,164953,16735,2021-01-22,Board game collector. r/boardgames mod.,0
botanist_beth,295316,181730,113586,2022-09-03,PC gamer. r/buildapc helper.,0
free_followers_now,35,7,2,2024-03-20,Making money online. DM for info.,1
the_real_sam,350337,188091,162246,2014-11-26,I post memes and comment on news.,0
everyday_elena,334157,235812,98345,2023-12-10,Hobbyist photographer. r/photography regular.,0
mike_2023,212940,157154,55786,2022-04-22,Regular reddit user. Gaming and tech.,0
surf_with_evan,74942,56374,18568,2020-10-28,I post memes and comment on news.,0
lisa_writes,46478,35019,11459,2019-05-28,Board game collector. r/boardgames mod.,0
journeys_with_kai,263827,158735,105092,2020-01-29,Fitness addict. Marathon runner.,0
photo_by_anna,243342,198371,44971,2013-08-13,Hobbyist photographer. r/photography regular.,0
crypto_king_9999,25,24,3,2024-03-04,,1
99882736450,32,24,12,2024-05-03,Making money online. DM for info.,1
surf_with_evan,404332,305838,98494,2018-12-07,Hobbyist photographer. r/photography regular.,0
code_master,375371,342646,32725,2016-06-14,Board game collector. r/boardgames mod.,0
john_doe,387219,339449,47770,2015-03-29,Board game collector. r/boardgames mod.,0
emma.j,287568,207024,80544,2017-11-20,Fitness addict. Marathon runner.,0
b.scott.official,474839,294640,180199,2011-06-29,Lurker turned commenter. Python dev.,0
nft_dropper_69,43,1,25,2024-04-15,,1
code_master,196475,143394,53081,2021-10-05,Regular reddit user. Gaming and tech.,0
crypto_king_9999,17,33,3,2024-03-19,Forex expert. 99% win rate.,1
dev_pete,415900,289202,126698,2019-12-11,Fitness addict. Marathon runner.,0
code_master,183451,151511,31940,2020-02-14,Board game collector. r/boardgames mod.,0
zz_promo_zz,9,20,12,2024-04-07,Crypto trader. Free signals in bio.,1
9182736450,74,8,8,2024-04-13,Making money online. DM for info.,1
chef_marco,420401,306696,113705,2018-03-21,Hobbyist photographer. r/photography regular.,0
nina_art,217434,202829,14605,2010-11-18,I post memes and comment on news.,0
acc29471838,58,19,8,2024-04-04,Making money online. DM for info.,1
q7w8e9r0t1y2,26,7,22,2024-04-26,Earn $500/day from home.,1
tradebot_fx,2,38,29,2024-04-01,Earn $500/day from home.,1
everyday_elena,164921,133074,31847,2018-08-08,Regular reddit user. Gaming and tech.,0
follow_back_101,32,8,27,2024-04-07,Making money online. DM for info.,1
alex_travel,442552,223557,218995,2012-06-11,Lurker turned commenter. Python dev.,0
1234567890ab,26,33,18,2024-04-17,Forex expert. 99% win rate.,1
b.scott.official,314740,238191,76549,2023-10-12,Fitness addict. Marathon runner.,0
mark_adventure,342157,176199,165958,2016-04-01,Astronomy hobbyist. r/space regular.,0
journeys_with_kai,460223,269936,190287,2016-12-17,Board game collector. r/boardgames mod.,0
1234567890ab,10,16,7,2024-05-07,,1
mike_2023,225238,184668,40570,2011-06-15,Board game collector. r/boardgames mod.,0
daniel_f,241992,205362,36630,2013-07-23,Amateur chef. Love r/cooking.,0
crypto_king_9999,12,26,22,2024-04-20,,1
chef_marco,424575,329534,95041,2018-03-19,Fitness addict. Marathon runner.,0
xXx_profit_xXx,71,27,26,2024-04-03,Crypto trader. Free signals in bio.,1
real_human_01234,52,48,19,2024-05-16,Earn $500/day from home.,1
mark_adventure,382708,298431,84277,2024-02-17,Board game collector. r/boardgames mod.,0
bot_account_7,65,42,5,2024-04-20,,1
tradebot_fx,68,32,5,2024-05-14,Earn $500/day from home.,1
nft_dropper_69,2,25,6,2024-05-10,Earn $500/day from home.,1
acc29471838,28,26,10,2024-05-01,Crypto trader. Free signals in bio.,1
chris_builds,225647,203837,21810,2012-02-03,Astronomy hobbyist. r/space regular.,0
lena_captures,436794,329256,107538,2015-08-11,Hobbyist photographer. r/photography regular.,0
the_real_sam,330853,242091,88762,2023-03-18,Board game collector. r/boardgames mod.,0
acc29471838,16,1,22,2024-03-07,Making money online. DM for info.,1
get_rich_88,58,21,20,2024-05-25,Crypto trader. Free signals in bio.,1
bot_account_7,68,7,10,2024-05-14,,1
chef_marco,196,152,44,2017-01-19,Fitness addict. Marathon runner.,0
b.scott.official,256606,218234,38372,2024-02-14,Science enthusiast. PhD in Biology.,0
q7w8e9r0t1y2,6,6,9,2024-04-24,Earn $500/day from home.,1
paul_runs,287146,251022,36124,2016-12-22,Amateur chef. Love r/cooking.,0
dev_pete,92593,65462,27131,2020-01-16,Hobbyist photographer. r/photography regular.,0
mark_adventure,240928,167887,73041,2023-04-15,Fitness addict. Marathon runner.,0
free_followers_now,73,25,3,2024-03-19,,1
botanist_beth,454556,242731,211825,2019-04-14,Finance nerd. Index fund investor.,0
mark_adventure,182993,107245,75748,2017-11-27,Lurker turned commenter. Python dev.,0
tradebot_fx,28,27,27,2024-03-29,,1
chef_marco,277989,191101,86888,2015-07-29,Regular reddit user. Gaming and tech.,0
free_follower_bot,45,36,20,2024-03-31,Making money online. DM for info.,1
nina_art,83285,63456,19829,2023-10-26,Astronomy hobbyist. r/space regular.,0
acc29471838,33,21,3,2024-03-16,Earn $500/day from home.,1
free_follower_bot,45,17,7,2024-03-12,Making money online. DM for info.,1
creative_dan,71730,56151,15579,2020-02-24,Book worm. r/books contributor.,0
dev_pete,143957,75375,68582,2021-06-27,Amateur chef. Love r/cooking.,0
mike_2023,315686,217475,98211,2014-04-10,I post memes and comment on news.,0
get_rich_88,62,11,18,2024-04-14,OnlyFans promo. 18+,1
follow_back_101,73,5,19,2024-05-07,Crypto trader. Free signals in bio.,1
follow_back_101,20,23,3,2024-03-06,Making money online. DM for info.,1
everyday_elena,438203,348656,89547,2017-08-20,Lurker turned commenter. Python dev.,0
9182736450,60,26,18,2024-05-13,Making money online. DM for info.,1
botanist_beth,65266,48934,16332,2012-07-19,Hobbyist photographer. r/photography regular.,0
follow_back_101,21,12,8,2024-04-29,,1
q7w8e9r0t1y2,76,48,12,2024-03-22,Earn $500/day from home.,1
journeys_with_kai,245377,189925,55452,2021-05-06,Board game collector. r/boardgames mod.,0
crypto_king_9999,55,6,3,2024-04-24,OnlyFans promo. 18+,1
dev_pete,104376,57558,46818,2014-09-10,Astronomy hobbyist. r/space regular.,0
xXx_profit_xXx,56,34,20,2024-04-01,Forex expert. 99% win rate.,1
amy_joy,145483,83351,62132,2015-10-22,Finance nerd. Index fund investor.,0
john_doe,384488,319613,64875,2012-02-03,Hobbyist photographer. r/photography regular.,0
lisa_writes,29525,23957,5568,2012-01-02,Book worm. r/books contributor.,0
lisa_writes,158002,149139,8863,2016-07-21,Finance nerd. Index fund investor.,0
lisa_writes,286851,168213,118638,2018-12-10,I post memes and comment on news.,0
nina_art,66723,35498,31225,2012-07-24,Science enthusiast. PhD in Biology.,0
chris_builds,408835,270349,138486,2022-08-16,Astronomy hobbyist. r/space regular.,0
free_follower_bot,78,44,0,2024-03-28,Earn $500/day from home.,1
journeys_with_kai,313295,188763,124532,2011-06-03,Book worm. r/books contributor.,0
acc29471838,72,1,15,2024-03-04,Crypto trader. Free signals in bio.,1
xXx_profit_xXx,0,9,25,2024-03-30,Making money online. DM for info.,1
q7w8e9r0t1y2,38,32,0,2024-03-28,,1
a8f7d3k9p2,33,38,14,2024-04-29,OnlyFans promo. 18+,1
sarah_smith,261704,241376,20328,2014-01-08,PC gamer. r/buildapc helper.,0
bot_account_7,53,41,15,2024-03-12,,1
alex_travel,48810,43875,4935,2019-05-12,Board game collector. r/boardgames mod.,0
chris_builds,143440,104677,38763,2020-01-15,Fitness addict. Marathon runner.,0
free_follower_bot,18,41,5,2024-05-14,OnlyFans promo. 18+,1
get_rich_88,53,13,16,2024-05-14,Crypto trader. Free signals in bio.,1
a8f7d3k9p2,65,28,27,2024-05-29,Earn $500/day from home.,1
real_human_01234,56,42,9,2024-03-25,,1
free_followers_now,36,4,29,2024-03-21,Earn $500/day from home.,1
alex_travel,347467,284514,62953,2020-01-11,Regular reddit user. Gaming and tech.,0
mark_adventure,194274,155423,38851,2019-10-28,I post memes and comment on news.,0
xXx_profit_xXx,21,29,17,2024-05-26,Earn $500/day from home.,1
9182736450,20,28,4,2024-05-27,Making money online. DM for info.,1
nina_art,283915,176504,107411,2018-07-24,Lurker turned commenter. Python dev.,0
xXx_profit_xXx,14,40,14,2024-04-12,,1
daniel_f,252942,205000,47942,2022-08-13,Amateur chef. Love r/cooking.,0
crypto_king_9999,22,29,16,2024-04-23,Making money online. DM for info.,1
9182736450,51,41,11,2024-04-11,Earn $500/day from home.,1
real_human_01234,79,0,21,2024-05-16,Earn $500/day from home.,1
acc29471838,73,42,3,2024-05-27,Crypto trader. Free signals in bio.,1
a8f7d3k9p2,52,41,20,2024-05-03,OnlyFans promo. 18+,1
real_human_01234,18,21,6,2024-04-27,,1
daniel_f,257975,210268,47707,2016-05-30,Finance nerd. Index fund investor.,0
nina_art,152008,99290,52718,2014-06-29,Astronomy hobbyist. r/space regular.,0
free_follower_bot,72,6,17,2024-04-27,Earn $500/day from home.,1
emma.j,230499,154670,75829,2021-04-14,I post memes and comment on news.,0
get_rich_88,53,20,12,2024-03-07,Making money online. DM for info.,1
botanist_beth,362637,215813,146824,2018-07-22,Hobbyist photographer. r/photography regular.,0
daniel_f,51288,46659,4629,2019-08-02,Astronomy hobbyist. r/space regular.,0
grace_beauty,371961,326927,45034,2020-04-24,Lurker turned commenter. Python dev.,0
acc29471838,34,13,27,2024-05-20,,1
journeys_with_kai,486624,381180,105444,2013-06-04,Astronomy hobbyist. r/space regular.,0
get_rich_88,53,38,15,2024-05-06,,1
crypto_king_9999,30,38,0,2024-04-16,,1
chris_builds,81687,62886,18801,2011-11-08,I post memes and comment on news.,0
real_human_01234,19,9,11,2024-03-04,Forex expert. 99% win rate.,1
acc29471838,2,16,1,2024-05-26,Crypto trader. Free signals in bio.,1
q7w8e9r0t1y2,25,41,23,2024-04-10,Making money online. DM for info.,1
acc29471838,47,12,28,2024-03-10,,1
bot_account_7,57,15,29,2024-04-08,OnlyFans promo. 18+,1
alex_travel,54026,30101,23925,2020-04-27,Board game collector. r/boardgames mod.,0
sarah_smith,186540,112578,73962,2015-08-13,Fitness addict. Marathon runner.,0
nina_art,444440,287582,156858,2023-03-28,Book worm. r/books contributor.,0
nft_dropper_69,28,0,13,2024-05-31,Making money online. DM for info.,1
crypto_king_9999,5,26,29,2024-05-12,Forex expert. 99% win rate.,1
chris_builds,226536,201132,25404,2012-05-13,Book worm. r/books contributor.,0
daniel_f,386054,217115,168939,2013-10-13,Amateur chef. Love r/cooking.,0
photo_by_anna,195687,150327,45360,2023-03-20,Regular reddit user. Gaming and tech.,0
surf_with_evan,392688,308162,84526,2023-04-07,Finance nerd. Index fund investor.,0
grace_beauty,194800,148179,46621,2018-03-09,Astronomy hobbyist. r/space regular.,0
tradebot_fx,56,11,22,2024-04-15,Making money online. DM for info.,1
1234567890ab,35,24,18,2024-05-19,Earn $500/day from home.,1
free_followers_now,2,11,27,2024-03-17,Earn $500/day from home.,1
lena_captures,428815,380436,48379,2021-12-01,Fitness addict. Marathon runner.,0
botanist_beth,164424,138570,25854,2019-07-23,Astronomy hobbyist. r/space regular.,0
nft_dropper_69,11,4,12,2024-05-13,OnlyFans promo. 18+,1
fit_jessica,94540,69089,25451,2021-06-08,Astronomy hobbyist. r/space regular.,0
journeys_with_kai,240789,198406,42383,2022-03-19,Hobbyist photographer. r/photography regular.,0
real_human_01234,33,17,0,2024-03-08,,1
botanist_beth,283884,267937,15947,2017-03-17,Hobbyist photographer. r/photography regular.,0
1234567890ab,33,36,3,2024-04-12,Forex expert. 99% win rate.,1
99882736450,78,3,0,2024-05-13,,1
tradebot_fx,30,2,14,2024-04-25,,1
99882736450,0,35,16,2024-04-21,Forex expert. 99% win rate.,1
bot_account_7,7,49,12,2024-05-27,,1
get_rich_88,66,42,15,2024-05-08,Earn $500/day from home.,1
lisa_writes,425539,344466,81073,2022-08-23,Hobbyist photographer. r/photography regular.,0
acc29471838,24,4,29,2024-03-14,OnlyFans promo. 18+,1
bot_account_7,25,20,23,2024-05-25,,1
earn_fast_2024,72,6,12,2024-03-20,Crypto trader. Free signals in bio.,1
follow_back_101,29,23,21,2024-04-20,Forex expert. 99% win rate.,1
code_master,453736,301454,152282,2023-10-11,Science enthusiast. PhD in Biology.,0
sarah_smith,359917,180113,179804,2014-11-01,Science enthusiast. PhD in Biology.,0
tradebot_fx,35,18,9,2024-04-06,Crypto trader. Free signals in bio.,1
sarah_smith,269874,235838,34036,2018-05-13,Fitness addict. Marathon runner.,0
alex_travel,166356,101776,64580,2010-12-05,I post memes and comment on news.,0
lisa_writes,347314,276511,70803,2017-06-24,I post memes and comment on news.,0
free_follower_bot,3,41,2,2024-04-04,,1
john_doe,327642,295622,32020,2021-08-18,Science enthusiast. PhD in Biology.,0
emma.j,138482,77526,60956,2016-06-22,Fitness addict. Marathon runner.,0
daniel_f,380122,264046,116076,2024-01-06,Finance nerd. Index fund investor.,0
mindful_maya,120158,78559,41599,2013-07-30,Finance nerd. Index fund investor.,0
sarah_smith,48306,24623,23683,2012-10-05,Regular reddit user. Gaming and tech.,0
botanist_beth,82598,75290,7308,2014-01-03,Board game collector. r/boardgames mod.,0
zz_promo_zz,57,4,7,2024-03-06,OnlyFans promo. 18+,1
creative_dan,286099,177378,108721,2023-02-08,Lurker turned commenter. Python dev.,0
paul_runs,53147,41713,11434,2014-12-20,Science enthusiast. PhD in Biology.,0
airdrop_winner99,48,26,9,2024-03-12,Earn $500/day from home.,1
xXx_profit_xXx,54,1,13,2024-04-25,,1
creative_dan,254543,161950,92593,2012-09-06,Finance nerd. Index fund investor.,0
free_follower_bot,79,31,21,2024-04-28,,1
mark_adventure,224483,149351,75132,2018-06-03,I post memes and comment on news.,0
tradebot_fx,52,24,3,2024-03-13,Forex expert. 99% win rate.,1
a8f7d3k9p2,40,39,3,2024-04-30,,1
daniel_f,405558,263623,141935,2012-01-19,Science enthusiast. PhD in Biology.,0
fit_jessica,92602,46734,45868,2017-07-12,I post memes and comment on news.,0
get_rich_88,5,7,20,2024-03-31,,1
botanist_beth,95582,74713,20869,2016-09-21,Board game collector. r/boardgames mod.,0
free_followers_now,31,40,7,2024-03-20,Crypto trader. Free signals in bio.,1
99882736450,20,7,27,2024-05-13,,1
daniel_f,460505,314729,145776,2023-09-30,Regular reddit user. Gaming and tech.,0
q7w8e9r0t1y2,73,35,15,2024-04-15,,1
free_follower_bot,43,41,2,2024-06-01,,1
1234567890ab,71,8,21,2024-05-27,Earn $500/day from home.,1
zz_promo_zz,37,42,25,2024-03-15,,1
code_master,197865,119845,78020,2011-01-22,Lurker turned commenter. Python dev.,0
real_human_01234,31,2,15,2024-05-11,,1
mark_adventure,388781,320202,68579,2012-01-16,Science enthusiast. PhD in Biology.,0
free_follower_bot,57,22,22,2024-05-19,Making money online. DM for info.,1
real_human_01234,4,20,6,2024-03-07,,1
q7w8e9r0t1y2,65,47,8,2024-03-10,Crypto trader. Free signals in bio.,1
journeys_with_kai,20544,14124,6420,2012-02-02,Lurker turned commenter. Python dev.,0
a8f7d3k9p2,41,26,11,2024-05-22,,1
get_rich_88,2,19,7,2024-05-31,,1
mike_2023,357808,211115,146693,2013-06-16,Lurker turned commenter. Python dev.,0
daniel_f,218010,137648,80362,2011-10-20,Regular reddit user. Gaming and tech.,0
daniel_f,438274,379407,58867,2016-09-20,Hobbyist photographer. r/photography regular.,0
zz_promo_zz,74,44,16,2024-04-27,Making money online. DM for info.,1
1234567890ab,3,3,7,2024-03-15,,1
creative_dan,182056,121503,60553,2014-07-06,Fitness addict. Marathon runner.,0
surf_with_evan,7614,6368,1246,2013-07-28,Astronomy hobbyist. r/space regular.,0
airdrop_winner99,35,49,10,2024-04-02,OnlyFans promo. 18+,1
everyday_elena,459856,308017,151839,2020-04-27,I post memes and comment on news.,0
the_real_sam,179378,160238,19140,2014-12-01,Finance nerd. Index fund investor.,0
tom_techie,75331,64948,10383,2019-04-22,Fitness addict. Marathon runner.,0
earn_fast_2024,65,30,15,2024-03-15,Crypto trader. Free signals in bio.,1
xXx_profit_xXx,36,32,26,2024-03-11,,1
nft_dropper_69,60,41,3,2024-03-15,Forex expert. 99% win rate.,1
amy_joy,447150,291310,155840,2015-05-03,Board game collector. r/boardgames mod.,0
amy_joy,266215,166286,99929,2020-02-28,Hobbyist photographer. r/photography regular.,0
q7w8e9r0t1y2,27,15,28,2024-03-05,Making money online. DM for info.,1
nft_dropper_69,71,16,15,2024-03-24,,1
real_human_01234,32,40,5,2024-05-14,,1
99882736450,46,15,6,2024-05-12,,1
daniel_f,262793,232503,30290,2017-03-01,Fitness addict. Marathon runner.,0
grace_beauty,196840,183001,13839,2018-01-01,Lurker turned commenter. Python dev.,0
journeys_with_kai,395214,373046,22168,2023-02-17,I post memes and comment on news.,0
free_follower_bot,55,4,20,2024-05-18,,1
bot_account_7,60,27,2,2024-04-22,Making money online. DM for info.,1
chris_builds,74157,38228,35929,2011-06-20,Science enthusiast. PhD in Biology.,0
follow_back_101,50,4,20,2024-05-29,,1
99882736450,55,9,6,2024-04-25,OnlyFans promo. 18+,1
free_follower_bot,43,19,5,2024-05-24,,1
mike_2023,485288,284482,200806,2015-08-25,Regular reddit user. Gaming and tech.,0
mike_2023,243489,127398,116091,2020-05-10,I post memes and comment on news.,0
amy_joy,115548,79080,36468,2020-01-15,Astronomy hobbyist. r/space regular.,0
nft_dropper_69,17,24,11,2024-05-21,Forex expert. 99% win rate.,1
xXx_profit_xXx,68,24,9,2024-04-07,Earn $500/day from home.,1
fit_jessica,328958,288575,40383,2014-03-07,Board game collector. r/boardgames mod.,0
99882736450,4,2,4,2024-04-05,Crypto trader. Free signals in bio.,1
earn_fast_2024,35,19,7,2024-05-05,,1
follow_back_101,36,24,28,2024-03-31,Forex expert. 99% win rate.,1
dev_pete,296496,152703,143793,2011-05-22,Book worm. r/books contributor.,0
sarah_smith,53272,34321,18951,2017-04-28,Finance nerd. Index fund investor.,0
99882736450,41,1,27,2024-05-15,Crypto trader. Free signals in bio.,1
mindful_maya,208704,160574,48130,2021-12-20,I post memes and comment on news.,0
q7w8e9r0t1y2,45,14,5,2024-05-30,OnlyFans promo. 18+,1
99882736450,67,35,28,2024-03-09,Making money online. DM for info.,1
chef_marco,448207,292805,155402,2022-05-03,Amateur chef. Love r/cooking.,0
free_follower_bot,57,49,27,2024-04-29,,1
journeys_with_kai,38078,21035,17043,2018-09-28,I post memes and comment on news.,0
grace_beauty,203863,172214,31649,2014-11-21,Regular reddit user. Gaming and tech.,0
mindful_maya,406082,270117,135965,2019-07-10,Fitness addict. Marathon runner.,0
99882736450,53,35,15,2024-04-26,Making money online. DM for info.,1
nina_art,286407,214717,71690,2022-03-20,Amateur chef. Love r/cooking.,0
amy_joy,21939,12817,9122,2017-01-14,PC gamer. r/buildapc helper.,0
emma.j,55206,33968,21238,2020-02-09,Science enthusiast. PhD in Biology.,0
chris_builds,142221,132319,9902,2018-01-20,Lurker turned commenter. Python dev.,0
mike_2023,186436,121974,64462,2024-03-03,Lurker turned commenter. Python dev.,0
paul_runs,497374,420755,76619,2016-01-05,Astronomy hobbyist. r/space regular.,0
q7w8e9r0t1y2,0,36,4,2024-05-09,OnlyFans promo. 18+,1
xXx_profit_xXx,49,49,4,2024-04-30,Making money online. DM for info.,1
chris_builds,454499,254017,200482,2022-02-05,Lurker turned commenter. Python dev.,0
zz_promo_zz,78,12,2,2024-04-06,OnlyFans promo. 18+,1
a8f7d3k9p2,57,23,20,2024-03-22,Forex expert. 99% win rate.,1
bot_account_7,72,23,24,2024-04-03,Making money online. DM for info.,1
tradebot_fx,24,17,25,2024-04-02,,1
code_master,140535,97164,43371,2024-02-10,Regular reddit user. Gaming and tech.,0
acc29471838,57,35,22,2024-05-21,OnlyFans promo. 18+,1
grace_beauty,445607,373021,72586,2015-06-15,PC gamer. r/buildapc helper.,0
airdrop_winner99,20,29,6,2024-04-17,Forex expert. 99% win rate.,1
the_real_sam,241585,222341,19244,2012-12-05,PC gamer. r/buildapc helper.,0
crypto_king_9999,9,21,19,2024-04-25,Making money online. DM for info.,1
mindful_maya,282945,180736,102209,2014-03-01,Fitness addict. Marathon runner.,0
botanist_beth,207066,123434,83632,2022-03-19,I post memes and comment on news.,0
follow_back_101,17,10,2,2024-04-23,Forex expert. 99% win rate.,1
john_doe,266700,158753,107947,2019-10-23,Astronomy hobbyist. r/space regular.,0
lisa_writes,39801,34235,5566,2019-03-09,Regular reddit user. Gaming and tech.,0
journeys_with_kai,230168,213283,16885,2015-04-03,I post memes and comment on news.,0
real_human_01234,26,4,5,2024-04-21,Earn $500/day from home.,1
get_rich_88,26,2,15,2024-04-01,Making money online. DM for info.,1
amy_joy,430609,244422,186187,2016-10-25,PC gamer. r/buildapc helper.,0
creative_dan,49065,44859,4206,2012-09-07,Board game collector. r/boardgames mod.,0
free_followers_now,14,43,27,2024-03-05,OnlyFans promo. 18+,1
follow_back_101,10,16,17,2024-04-29,,1
tom_techie,229793,124362,105431,2011-02-17,Regular reddit user. Gaming and tech.,0
q7w8e9r0t1y2,61,45,4,2024-05-16,Earn $500/day from home.,1
lena_captures,289431,149797,139634,2014-10-04,PC gamer. r/buildapc helper.,0
q7w8e9r0t1y2,73,35,2,2024-04-05,Forex expert. 99% win rate.,1
journeys_with_kai,25448,13730,11718,2015-05-13,Finance nerd. Index fund investor.,0
photo_by_anna,74077,65507,8570,2019-01-03,Science enthusiast. PhD in Biology.,0
bot_account_7,44,20,11,2024-05-06,Crypto trader. Free signals in bio.,1
acc29471838,10,20,0,2024-05-08,Making money online. DM for info.,1
grace_beauty,482770,310292,172478,2021-07-07,Amateur chef. Love r/cooking.,0
fit_jessica,152667,137821,14846,2018-09-16,Science enthusiast. PhD in Biology.,0
fit_jessica,399070,325263,73807,2021-09-30,Fitness addict. Marathon runner.,0
acc29471838,2,3,6,2024-05-23,Crypto trader. Free signals in bio.,1
chef_marco,487061,367672,119389,2022-05-20,Regular reddit user. Gaming and tech.,0
creative_dan,495156,409820,85336,2023-03-04,Science enthusiast. PhD in Biology.,0
code_master,73839,42780,31059,2018-07-10,Book worm. r/books contributor.,0
daniel_f,381043,338083,42960,2020-02-15,PC gamer. r/buildapc helper.,0
airdrop_winner99,61,33,10,2024-03-04,,1
q7w8e9r0t1y2,14,20,23,2024-04-09,Making money online. DM for info.,1
tradebot_fx,55,33,24,2024-03-28,Forex expert. 99% win rate.,1
botanist_beth,25187,23815,1372,2023-12-15,Lurker turned commenter. Python dev.,0
acc29471838,34,19,8,2024-05-21,Crypto trader. Free signals in bio.,1
mindful_maya,483622,435294,48328,2015-10-18,I post memes and comment on news.,0
botanist_beth,417001,238059,178942,2015-11-05,Astronomy hobbyist. r/space regular.,0
amy_joy,447726,224797,222929,2016-12-31,Astronomy hobbyist. r/space regular.,0
user8374629,59,4,3,2024-04-04,,1
daniel_f,127984,71214,56770,2020-04-09,Astronomy hobbyist. r/space regular.,0
9182736450,40,46,19,2024-04-14,Earn $500/day from home.,1
journeys_with_kai,210073,106515,103558,2018-08-13,Board game collector. r/boardgames mod.,0
q7w8e9r0t1y2,67,15,4,2024-04-06,,1
real_human_01234,32,3,24,2024-05-22,,1
daniel_f,353064,302323,50741,2017-10-14,Hobbyist photographer. r/photography regular.,0
mindful_maya,471886,304991,166895,2020-03-20,PC gamer. r/buildapc helper.,0
airdrop_winner99,59,15,1,2024-03-30,Earn $500/day from home.,1
user8374629,36,14,2,2024-05-11,Making money online. DM for info.,1
follow_back_101,10,39,4,2024-05-04,Forex expert. 99% win rate.,1
b.scott.official,276340,160509,115831,2016-07-31,Amateur chef. Love r/cooking.,0
1234567890ab,46,36,22,2024-05-26,Earn $500/day from home.,1
amy_joy,200264,166080,34184,2012-12-23,Astronomy hobbyist. r/space regular.,0
acc29471838,63,20,6,2024-04-13,Forex expert. 99% win rate.,1
mike_2023,475951,422958,52993,2011-07-20,PC gamer. r/buildapc helper.,0
chris_builds,194067,123978,70089,2015-05-14,Finance nerd. Index fund investor.,0
tradebot_fx,7,46,1,2024-04-28,Earn $500/day from home.,1
mindful_maya,286848,246322,40526,2012-05-19,Board game collector. r/boardgames mod.,0
creative_dan,334127,206367,127760,2015-04-04,Amateur chef. Love r/cooking.,0
chris_builds,474635,368418,106217,2010-11-22,Lurker turned commenter. Python dev.,0
lisa_writes,223611,156020,67591,2016-05-08,Fitness addict. Marathon runner.,0
mindful_maya,336820,254461,82359,2016-11-25,Science enthusiast. PhD in Biology.,0
lisa_writes,278567,212030,66537,2019-09-24,Book worm. r/books contributor.,0
b.scott.official,347454,210126,137328,2016-01-02,Board game collector. r/boardgames mod.,0
xXx_profit_xXx,47,46,15,2024-04-28,Forex expert. 99% win rate.,1
amy_joy,60052,54550,5502,2023-06-05,PC gamer. r/buildapc helper.,0
everyday_elena,36739,26638,10101,2012-11-15,Finance nerd. Index fund investor.,0
nft_dropper_69,37,24,15,2024-05-11,Earn $500/day from home.,1
john_doe,423852,379944,43908,2014-03-16,I post memes and comment on news.,0
lena_captures,234019,207753,26266,2013-05-22,Astronomy hobbyist. r/space regular.,0
john_doe,192639,109534,83105,2021-03-31,Hobbyist photographer. r/photography regular.,0
bot_account_7,58,23,7,2024-05-20,Crypto trader. Free signals in bio.,1
99882736450,70,2,18,2024-03-18,,1
b.scott.official,164082,89190,74892,2018-03-27,Finance nerd. Index fund investor.,0
get_rich_88,28,44,19,2024-03-14,Earn $500/day from home.,1
mike_2023,16962,9606,7356,2023-08-18,Finance nerd. Index fund investor.,0
crypto_king_9999,13,34,22,2024-05-09,OnlyFans promo. 18+,1
amy_joy,227916,149290,78626,2018-11-07,Lurker turned commenter. Python dev.,0
b.scott.official,183197,119522,63675,2014-12-05,Regular reddit user. Gaming and tech.,0
chris_builds,300466,269413,31053,2015-07-06,Book worm. r/books contributor.,0
free_follower_bot,31,36,29,2024-04-13,,1
airdrop_winner99,17,22,6,2024-03-23,Crypto trader. Free signals in bio.,1
creative_dan,366300,291523,74777,2023-02-13,I post memes and comment on news.,0
journeys_with_kai,123521,106515,17006,2016-06-13,Finance nerd. Index fund investor.,0
fit_jessica,448957,369605,79352,2011-01-06,Hobbyist photographer. r/photography regular.,0
tradebot_fx,53,12,27,2024-05-26,Forex expert. 99% win rate.,1
botanist_beth,235063,178297,56766,2013-01-12,Finance nerd. Index fund investor.,0
fit_jessica,464646,378648,85998,2020-03-16,PC gamer. r/buildapc helper.,0
nina_art,100056,81693,18363,2016-08-18,Amateur chef. Love r/cooking.,0
earn_fast_2024,36,2,26,2024-04-25,Forex expert. 99% win rate.,1
xXx_profit_xXx,66,4,8,2024-03-07,,1
mark_adventure,109849,90418,19431,2018-04-21,I post memes and comment on news.,0
a8f7d3k9p2,13,36,21,2024-05-02,Crypto trader. Free signals in bio.,1
code_master,139968,92108,47860,2018-11-22,Astronomy hobbyist. r/space regular.,0
follow_back_101,71,0,5,2024-03-15,Making money online. DM for info.,1
bot_account_7,58,7,10,2024-03-07,Crypto trader. Free signals in bio.,1
user8374629,17,6,26,2024-04-18,,1
b.scott.official,300269,156894,143375,2012-01-08,Hobbyist photographer. r/photography regular.,0
zz_promo_zz,17,10,29,2024-03-05,Crypto trader. Free signals in bio.,1
xXx_profit_xXx,38,10,27,2024-04-13,Crypto trader. Free signals in bio.,1
1234567890ab,64,10,4,2024-03-31,,1
airdrop_winner99,61,27,16,2024-03-14,OnlyFans promo. 18+,1
follow_back_101,45,1,5,2024-05-07,,1
get_rich_88,65,13,28,2024-03-17,Crypto trader. Free signals in bio.,1
user8374629,11,48,20,2024-05-07,Earn $500/day from home.,1
zz_promo_zz,36,21,14,2024-05-28,,1
get_rich_88,4,46,2,2024-05-24,Crypto trader. Free signals in bio.,1
free_followers_now,16,13,20,2024-05-24,Forex expert. 99% win rate.,1
tom_techie,252377,185001,67376,2017-06-24,Finance nerd. Index fund investor.,0
mike_2023,191285,118346,72939,2014-10-23,Book worm. r/books contributor.,0
airdrop_winner99,46,17,7,2024-05-31,Forex expert. 99% win rate.,1
emma.j,313006,170129,142877,2017-07-08,Science enthusiast. PhD in Biology.,0
fit_jessica,333687,212720,120967,2021-03-10,Hobbyist photographer. r/photography regular.,0
crypto_king_9999,62,36,19,2024-03-09,OnlyFans promo. 18+,1
mark_adventure,416186,218746,197440,2010-10-12,Board game collector. r/boardgames mod.,0
acc29471838,63,8,1,2024-05-25,,1
airdrop_winner99,59,20,20,2024-05-26,Making money online. DM for info.,1
zz_promo_zz,7,30,23,2024-04-04,OnlyFans promo. 18+,1
earn_fast_2024,32,20,10,2024-03-19,OnlyFans promo. 18+,1
bot_account_7,30,12,20,2024-05-08,Making money online. DM for info.,1
fit_jessica,196860,119920,76940,2017-05-07,Hobbyist photographer. r/photography regular.,0
airdrop_winner99,59,26,10,2024-03-10,,1
john_doe,96626,54624,42002,2019-12-24,Fitness addict. Marathon runner.,0
botanist_beth,309775,281632,28143,2022-10-26,Amateur chef. Love r/cooking.,0
crypto_king_9999,23,10,6,2024-03-04,OnlyFans promo. 18+,1
1234567890ab,39,24,10,2024-03-21,Making money online. DM for info.,1
fit_jessica,204171,167881,36290,2022-10-24,Science enthusiast. PhD in Biology.,0
free_followers_now,18,12,1,2024-03-19,Forex expert. 99% win rate.,1
follow_back_101,66,39,3,2024-03-15,Crypto trader. Free signals in bio.,1
airdrop_winner99,55,22,21,2024-05-05,Making money online. DM for info.,1
9182736450,57,42,28,2024-03-22,Crypto trader. Free signals in bio.,1
lena_captures,13108,6575,6533,2022-02-04,Book worm. r/books contributor.,0
emma.j,83669,69227,14442,2020-02-08,Lurker turned commenter. Python dev.,0
free_followers_now,17,31,22,2024-03-25,OnlyFans promo. 18+,1
99882736450,65,38,18,2024-03-18,Earn $500/day from home.,1
sarah_smith,409194,279052,130142,2021-07-18,Regular reddit user. Gaming and tech.,0
earn_fast_2024,38,10,18,2024-05-09,OnlyFans promo. 18+,1
emma.j,431275,285986,145289,2012-04-09,I post memes and comment on news.,0
amy_joy,173887,151583,22304,2020-08-07,Book worm. r/books contributor.,0
nft_dropper_69,26,49,0,2024-04-30,,1
crypto_king_9999,2,1,27,2024-04-13,OnlyFans promo. 18+,1
1234567890ab,17,32,12,2024-04-19,,1
mike_2023,42556,35350,7206,2020-12-19,Regular reddit user. Gaming and tech.,0
tom_techie,363326,342700,20626,2015-01-27,Book worm. r/books contributor.,0
zz_promo_zz,44,7,1,2024-03-06,Crypto trader. Free signals in bio.,1
everyday_elena,217510,135583,81927,2016-09-07,Lurker turned commenter. Python dev.,0
mindful_maya,244115,213482,30633,2012-07-25,Hobbyist photographer. r/photography regular.,0
crypto_king_9999,41,15,1,2024-04-26,Forex expert. 99% win rate.,1
99882736450,59,25,17,2024-04-02,Making money online. DM for info.,1
get_rich_88,42,24,20,2024-04-25,Making money online. DM for info.,1
mindful_maya,179324,95624,83700,2019-05-23,I post memes and comment on news.,0
9182736450,17,3,5,2024-05-02,,1
b.scott.official,124190,94084,30106,2022-04-15,Book worm. r/books contributor.,0
paul_runs,137540,95397,42143,2017-07-18,I post memes and comment on news.,0
acc29471838,61,31,15,2024-03-26,,1
follow_back_101,43,34,13,2024-05-19,OnlyFans promo. 18+,1
bot_account_7,24,10,5,2024-04-15,,1
emma.j,284983,270453,14530,2020-03-16,Lurker turned commenter. Python dev.,0
emma.j,469343,422582,46761,2022-12-28,Science enthusiast. PhD in Biology.,0
mark_adventure,287960,158377,129583,2015-03-13,I post memes and comment on news.,0
get_rich_88,43,40,17,2024-03-07,,1
everyday_elena,278886,221272,57614,2023-03-12,Fitness addict. Marathon runner.,0
get_rich_88,58,22,29,2024-04-13,,1
user8374629,40,16,6,2024-03-31,OnlyFans promo. 18+,1
dev_pete,230383,130113,100270,2013-02-11,Science enthusiast. PhD in Biology.,0
daniel_f,410855,255059,155796,2020-10-26,PC gamer. r/buildapc helper.,0
zz_promo_zz,33,15,9,2024-03-14,OnlyFans promo. 18+,1
photo_by_anna,381245,352029,29216,2021-07-14,I post memes and comment on news.,0
q7w8e9r0t1y2,1,0,0,2024-04-23,,1
surf_with_evan,220835,131502,89333,2012-02-18,Amateur chef. Love r/cooking.,0
alex_travel,72084,59808,12276,2022-08-23,Astronomy hobbyist. r/space regular.,0
free_followers_now,6,39,26,2024-03-16,OnlyFans promo. 18+,1
1234567890ab,77,45,20,2024-05-13,Crypto trader. Free signals in bio.,1
fit_jessica,279337,238016,41321,2013-10-29,Board game collector. r/boardgames mod.,0
emma.j,169493,110844,58649,2020-05-17,Science enthusiast. PhD in Biology.,0
user8374629,55,36,11,2024-05-30,,1
acc29471838,71,20,7,2024-04-29,Making money online. DM for info.,1
user8374629,14,27,16,2024-03-29,Forex expert. 99% win rate.,1
real_human_01234,23,1,19,2024-04-26,,1
grace_beauty,57183,47449,9734,2016-10-14,Astronomy hobbyist. r/space regular.,0
journeys_with_kai,282440,238271,44169,2019-11-09,Amateur chef. Love r/cooking.,0
chef_marco,332366,233081,99285,2012-04-02,Fitness addict. Marathon runner.,0
the_real_sam,280281,148657,131624,2013-12-06,Finance nerd. Index fund investor.,0
xXx_profit_xXx,41,21,12,2024-04-23,Earn $500/day from home.,1
photo_by_anna,401104,346054,55050,2015-10-07,Board game collector. r/boardgames mod.,0
xXx_profit_xXx,56,4,8,2024-03-14,,1
acc29471838,12,45,2,2024-04-24,Earn $500/day from home.,1
emma.j,168151,141939,26212,2022-01-03,Book worm. r/books contributor.,0
paul_runs,232590,189273,43317,2015-09-29,Fitness addict. Marathon runner.,0
get_rich_88,59,29,17,2024-05-27,,1
journeys_with_kai,213473,160732,52741,2012-09-23,Lurker turned commenter. Python dev.,0
99882736450,26,21,4,2024-05-20,,1
fit_jessica,213806,200380,13426,2018-11-29,Science enthusiast. PhD in Biology.,0
nft_dropper_69,41,8,2,2024-04-21,OnlyFans promo. 18+,1
daniel_f,86652,67528,19124,2013-10-05,PC gamer. r/buildapc helper.,0
99882736450,63,17,8,2024-04-27,Making money online. DM for info.,1
get_rich_88,50,38,26,2024-03-30,Crypto trader. Free signals in bio.,1
free_followers_now,2,14,1,2024-05-16,Crypto trader. Free signals in bio.,1
tradebot_fx,48,37,7,2024-05-08,Earn $500/day from home.,1
99882736450,16,29,28,2024-04-26,Forex expert. 99% win rate.,1
code_master,133977,85415,48562,2014-05-23,Amateur chef. Love r/cooking.,0
daniel_f,245069,167298,77771,2022-02-12,Book worm. r/books contributor.,0
grace_beauty,309019,276760,32259,2011-05-29,Board game collector. r/boardgames mod.,0
crypto_king_9999,47,13,9,2024-04-21,OnlyFans promo. 18+,1
q7w8e9r0t1y2,45,9,12,2024-03-15,Earn $500/day from home.,1
lisa_writes,362903,320631,42272,2012-05-04,Lurker turned commenter. Python dev.,0
creative_dan,33592,25145,8447,2018-11-08,Regular reddit user. Gaming and tech.,0
xXx_profit_xXx,60,8,18,2024-05-05,OnlyFans promo. 18+,1
emma.j,332912,177376,155536,2015-05-22,Finance nerd. Index fund investor.,0
bot_account_7,60,34,1,2024-04-20,OnlyFans promo. 18+,1
xXx_profit_xXx,78,36,1,2024-04-17,Making money online. DM for info.,1
tom_techie,277312,164083,113229,2021-03-28,Astronomy hobbyist. r/space regular.,0
paul_runs,144567,111522,33045,2014-06-21,Astronomy hobbyist. r/space regular.,0
john_doe,357485,326475,31010,2014-03-08,Hobbyist photographer. r/photography regular.,0
tom_techie,44961,40705,4256,2021-04-09,Science enthusiast. PhD in Biology.,0
chef_marco,280970,219307,61663,2012-01-08,Finance nerd. Index fund investor.,0
acc29471838,66,26,21,2024-03-08,OnlyFans promo. 18+,1
free_followers_now,5,21,16,2024-03-05,OnlyFans promo. 18+,1
dev_pete,323210,199365,123845,2017-07-06,Amateur chef. Love r/cooking.,0
mike_2023,25880,17822,8058,2022-01-08,I post memes and comment on news.,0
chris_builds,364878,278635,86243,2015-09-26,Finance nerd. Index fund investor.,0
emma.j,282978,203999,78979,2014-03-06,Fitness addict. Marathon runner.,0
b.scott.official,468464,362621,105843,2013-07-19,I post memes and comment on news.,0
the_real_sam,34658,19619,15039,2011-02-27,Finance nerd. Index fund investor.,0
get_rich_88,69,42,15,2024-04-29,Earn $500/day from home.,1
amy_joy,103775,83375,20400,2021-03-30,Astronomy hobbyist. r/space regular.,0
xXx_profit_xXx,34,37,25,2024-04-29,OnlyFans promo. 18+,1
code_master,25509,21735,3774,2023-06-20,I post memes and comment on news.,0
1234567890ab,15,49,28,2024-03-05,Making money online. DM for info.,1
xXx_profit_xXx,53,30,3,2024-03-06,,1
bot_account_7,50,11,6,2024-03-19,,1
user8374629,53,14,0,2024-05-12,,1
acc29471838,39,39,13,2024-03-27,,1
earn_fast_2024,63,28,20,2024-04-02,Forex expert. 99% win rate.,1
tom_techie,462416,398755,63661,2020-06-30,I post memes and comment on news.,0
creative_dan,160509,111745,48764,2021-01-04,Board game collector. r/boardgames mod.,0
real_human_01234,7,43,20,2024-05-07,Forex expert. 99% win rate.,1
q7w8e9r0t1y2,65,47,16,2024-05-10,,1
code_master,227621,138383,89238,2015-08-30,Astronomy hobbyist. r/space regular.,0
q7w8e9r0t1y2,68,31,6,2024-04-30,Making money online. DM for info.,1
crypto_king_9999,22,19,22,2024-04-08,,1
chef_marco,81391,48461,32930,2015-11-18,Fitness addict. Marathon runner.,0
1234567890ab,18,32,23,2024-06-01,Making money online. DM for info.,1
dev_pete,52630,44298,8332,2019-11-17,Fitness addict. Marathon runner.,0
free_followers_now,36,26,8,2024-04-02,Making money online. DM for info.,1
mark_adventure,119513,88862,30651,2022-10-12,Fitness addict. Marathon runner.,0
acc29471838,57,15,22,2024-03-22,Forex expert. 99% win rate.,1
get_rich_88,64,36,1,2024-04-22,Making money online. DM for info.,1
real_human_01234,2,47,11,2024-04-20,Making money online. DM for info.,1
sarah_smith,242797,217544,25253,2014-01-31,Finance nerd. Index fund investor.,0
xXx_profit_xXx,25,49,18,2024-04-04,,1
creative_dan,234118,125968,108150,2021-04-30,Lurker turned commenter. Python dev.,0
tradebot_fx,51,34,9,2024-05-20,Forex expert. 99% win rate.,1
q7w8e9r0t1y2,74,20,28,2024-05-14,Forex expert. 99% win rate.,1
creative_dan,73701,39900,33801,2021-07-13,Amateur chef. Love r/cooking.,0
nina_art,315099,253946,61153,2012-07-24,Hobbyist photographer. r/photography regular.,0
airdrop_winner99,68,36,11,2024-04-17,,1
everyday_elena,40552,25604,14948,2017-08-24,I post memes and comment on news.,0
q7w8e9r0t1y2,74,28,8,2024-03-07,Crypto trader. Free signals in bio.,1
crypto_king_9999,33,44,25,2024-05-02,Crypto trader. Free signals in bio.,1
lisa_writes,219101,143010,76091,2017-11-07,Regular reddit user. Gaming and tech.,0
photo_by_anna,491894,290117,201777,2017-10-18,I post memes and comment on news.,0
acc29471838,79,29,21,2024-03-12,Forex expert. 99% win rate.,1
lena_captures,177146,148446,28700,2019-07-30,Regular reddit user. Gaming and tech.,0
amy_joy,195351,115101,80250,2011-01-23,Board game collector. r/boardgames mod.,0
tom_techie,255385,176329,79056,2013-10-28,Fitness addict. Marathon runner.,0
mark_adventure,53610,40779,12831,2015-12-28,Lurker turned commenter. Python dev.,0
user8374629,55,36,21,2024-05-09,,1
dev_pete,297650,166069,131581,2022-03-05,Regular reddit user. Gaming and tech.,0
earn_fast_2024,25,21,27,2024-05-12,,1
nina_art,312233,168021,144212,2012-12-28,Regular reddit user. Gaming and tech.,0
chris_builds,284007,164349,119658,2020-03-07,Book worm. r/books contributor.,0
amy_joy,361054,221851,139203,2018-09-25,Finance nerd. Index fund investor.,0
everyday_elena,419891,210858,209033,2016-04-20,PC gamer. r/buildapc helper.,0
a8f7d3k9p2,59,23,22,2024-05-15,Crypto trader. Free signals in bio.,1
creative_dan,11944,9871,2073,2021-02-11,Finance nerd. Index fund investor.,0
lisa_writes,318184,253510,64674,2019-07-24,Regular reddit user. Gaming and tech.,0
free_followers_now,26,39,2,2024-05-30,OnlyFans promo. 18+,1
lisa_writes,342552,280033,62519,2021-03-13,Fitness addict. Marathon runner.,0
real_human_01234,79,10,22,2024-05-29,,1
alex_travel,85891,73707,12184,2013-01-16,Hobbyist photographer. r/photography regular.,0
dev_pete,473285,272053,201232,2016-05-18,Regular reddit user. Gaming and tech.,0
mike_2023,240104,151042,89062,2013-04-13,Astronomy hobbyist. r/space regular.,0
real_human_01234,76,12,9,2024-05-13,Earn $500/day from home.,1
free_followers_now,13,36,17,2024-05-02,OnlyFans promo. 18+,1
botanist_beth,753,666,87,2022-09-11,PC gamer. r/buildapc helper.,0
99882736450,63,38,6,2024-05-18,Making money online. DM for info.,1
airdrop_winner99,29,44,3,2024-03-21,OnlyFans promo. 18+,1
bot_account_7,15,17,5,2024-04-11,,1
nft_dropper_69,78,3,18,2024-04-23,,1
user8374629,6,46,5,2024-03-13,Crypto trader. Free signals in bio.,1
xXx_profit_xXx,56,16,19,2024-04-07,OnlyFans promo. 18+,1
get_rich_88,6,18,27,2024-03-17,Forex expert. 99% win rate.,1
earn_fast_2024,51,8,21,2024-05-28,Making money online. DM for info.,1
user8374629,48,5,8,2024-04-05,Crypto trader. Free signals in bio.,1
follow_back_101,65,5,25,2024-05-04,Forex expert. 99% win rate.,1
acc29471838,57,16,17,2024-04-27,Making money online. DM for info.,1
xXx_profit_xXx,73,10,18,2024-05-19,Crypto trader. Free signals in bio.,1
follow_back_101,59,5,10,2024-05-09,Earn $500/day from home.,1
creative_dan,355062,260045,95017,2017-09-10,Book worm. r/books contributor.,0
free_follower_bot,71,21,16,2024-04-16,,1
botanist_beth,162961,93296,69665,2012-04-15,Regular reddit user. Gaming and tech.,0
real_human_01234,78,21,29,2024-03-09,Forex expert. 99% win rate.,1
earn_fast_2024,64,4,29,2024-03-15,Earn $500/day from home.,1
free_followers_now,34,10,20,2024-04-22,OnlyFans promo. 18+,1
amy_joy,293609,182127,111482,2012-10-31,Hobbyist photographer. r/photography regular.,0
get_rich_88,45,2,20,2024-04-18,Making money online. DM for info.,1
bot_account_7,49,40,19,2024-04-28,Earn $500/day from home.,1
code_master,435752,287547,148205,2010-09-29,Science enthusiast. PhD in Biology.,0
earn_fast_2024,20,13,3,2024-03-05,,1
photo_by_anna,172794,108407,64387,2014-05-14,Astronomy hobbyist. r/space regular.,0
zz_promo_zz,16,39,11,2024-05-19,Earn $500/day from home.,1
nina_art,498351,303884,194467,2011-02-10,Regular reddit user. Gaming and tech.,0
user8374629,25,32,8,2024-04-20,OnlyFans promo. 18+,1
bot_account_7,12,6,11,2024-05-19,OnlyFans promo. 18+,1
mindful_maya,88519,76555,11964,2016-04-24,Regular reddit user. Gaming and tech.,0
botanist_beth,184197,98426,85771,2012-08-11,Lurker turned commenter. Python dev.,0
fit_jessica,110030,58968,51062,2017-03-27,Science enthusiast. PhD in Biology.,0
mindful_maya,346914,191347,155567,2022-05-15,I post memes and comment on news.,0
sarah_smith,178209,147213,30996,2017-09-29,Book worm. r/books contributor.,0
a8f7d3k9p2,18,48,2,2024-03-04,,1
mark_adventure,36904,34698,2206,2018-06-03,Lurker turned commenter. Python dev.,0
code_master,336929,281097,55832,2021-12-09,Fitness addict. Marathon runner.,0
9182736450,17,40,3,2024-03-11,OnlyFans promo. 18+,1
free_follower_bot,71,17,1,2024-05-08,Earn $500/day from home.,1
b.scott.official,286139,185027,101112,2012-02-25,Fitness addict. Marathon runner.,0
john_doe,364042,270025,94017,2013-11-23,Regular reddit user. Gaming and tech.,0
code_master,210577,178271,32306,2016-07-11,Hobbyist photographer. r/photography regular.,0
real_human_01234,47,31,26,2024-04-03,Earn $500/day from home.,1
creative_dan,24380,21368,3012,2023-09-13,Lurker turned commenter. Python dev.,0
airdrop_winner99,67,33,6,2024-05-15,Earn $500/day from home.,1
xXx_profit_xXx,5,45,16,2024-04-29,Crypto trader. Free signals in bio.,1
real_human_01234,4,32,5,2024-05-08,,1
nina_art,208123,136830,71293,2013-03-08,Book worm. r/books contributor.,0
chef_marco,469823,304848,164975,2017-04-30,Finance nerd. Index fund investor.,0
free_followers_now,55,10,20,2024-05-12,Forex expert. 99% win rate.,1
lisa_writes,272960,231734,41226,2013-01-13,I post memes and comment on news.,0
dev_pete,257569,237499,20070,2014-06-18,Finance nerd. Index fund investor.,0
mindful_maya,274516,172512,102004,2016-03-15,PC gamer. r/buildapc helper.,0
mark_adventure,175051,134503,40548,2023-02-11,Amateur chef. Love r/cooking.,0
journeys_with_kai,77215,41631,35584,2016-02-06,PC gamer. r/buildapc helper.,0
99882736450,36,20,14,2024-03-26,Crypto trader. Free signals in bio.,1
botanist_beth,432858,398684,34174,2013-06-12,PC gamer. r/buildapc helper.,0
free_follower_bot,31,2,5,2024-04-06,OnlyFans promo. 18+,1
bot_account_7,32,18,8,2024-05-06,,1
mike_2023,262912,246254,16658,2012-04-02,Science enthusiast. PhD in Biology.,0
tradebot_fx,65,2,11,2024-04-21,OnlyFans promo. 18+,1
1234567890ab,61,36,19,2024-03-11,Forex expert. 99% win rate.,1
user8374629,74,6,3,2024-03-20,Crypto trader. Free signals in bio.,1
zz_promo_zz,15,5,3,2024-04-06,,1
zz_promo_zz,7,21,25,2024-04-20,Earn $500/day from home.,1
follow_back_101,74,46,18,2024-04-22,Making money online. DM for info.,1
99882736450,13,27,4,2024-03-10,Earn $500/day from home.,1
sarah_smith,438606,394780,43826,2021-07-18,Finance nerd. Index fund investor.,0
everyday_elena,362312,200005,162307,2021-02-10,I post memes and comment on news.,0
free_follower_bot,32,23,17,2024-04-24,,1
sarah_smith,485674,293440,192234,2023-10-14,Lurker turned commenter. Python dev.,0
nft_dropper_69,68,23,1,2024-04-27,,1
nina_art,421,341,80,2014-02-19,I post memes and comment on news.,0
real_human_01234,3,28,12,2024-05-28,,1
9182736450,17,2,29,2024-03-19,Crypto trader. Free signals in bio.,1
sarah_smith,146109,123393,22716,2019-03-27,I post memes and comment on news.,0
tom_techie,437969,297208,140761,2011-02-06,Fitness addict. Marathon runner.,0
99882736450,37,49,20,2024-05-25,OnlyFans promo. 18+,1
nina_art,87084,56891,30193,2011-03-12,Astronomy hobbyist. r/space regular.,0
the_real_sam,317410,283088,34322,2018-04-13,Regular reddit user. Gaming and tech.,0
surf_with_evan,62425,45904,16521,2021-09-10,Amateur chef. Love r/cooking.,0
99882736450,4,25,13,2024-05-17,Making money online. DM for info.,1
get_rich_88,73,1,0,2024-04-01,,1
follow_back_101,9,9,27,2024-04-12,,1
crypto_king_9999,6,29,12,2024-05-24,,1
creative_dan,305549,227594,77955,2012-12-21,Board game collector. r/boardgames mod.,0
1234567890ab,75,1,21,2024-05-25,Crypto trader. Free signals in bio.,1
emma.j,465889,279691,186198,2021-02-17,Board game collector. r/boardgames mod.,0
bot_account_7,48,34,1,2024-05-08,Crypto trader. Free signals in bio.,1
9182736450,28,3,7,2024-05-25,,1
paul_runs,234518,179570,54948,2022-06-25,Board game collector. r/boardgames mod.,0
crypto_king_9999,76,43,5,2024-05-05,OnlyFans promo. 18+,1
acc29471838,49,2,13,2024-03-17,Earn $500/day from home.,1
code_master,221348,122857,98491,2014-07-11,Astronomy hobbyist. r/space regular.,0
john_doe,215295,127020,88275,2015-10-10,Fitness addict. Marathon runner.,0
everyday_elena,423537,232271,191266,2020-05-06,Lurker turned commenter. Python dev.,0
surf_with_evan,5923,4597,1326,2015-08-19,Finance nerd. Index fund investor.,0
xXx_profit_xXx,19,24,5,2024-03-24,,1
the_real_sam,420627,313533,107094,2012-07-30,Finance nerd. Index fund investor.,0
nina_art,114283,59950,54333,2013-06-11,PC gamer. r/buildapc helper.,0
earn_fast_2024,58,47,28,2024-03-04,Earn $500/day from home.,1
xXx_profit_xXx,22,35,24,2024-04-27,Forex expert. 99% win rate.,1
chris_builds,411785,286953,124832,2024-01-07,Book worm. r/books contributor.,0
creative_dan,164517,105515,59002,2011-07-07,Board game collector. r/boardgames mod.,0
chris_builds,45355,36557,8798,2013-12-14,Regular reddit user. Gaming and tech.,0
journeys_with_kai,428555,293817,134738,2018-12-04,Astronomy hobbyist. r/space regular.,0
chef_marco,349582,305056,44526,2015-10-17,Regular reddit user. Gaming and tech.,0
zz_promo_zz,14,35,21,2024-05-27,Crypto trader. Free signals in bio.,1
mark_adventure,186034,126657,59377,2022-06-09,Astronomy hobbyist. r/space regular.,0
free_followers_now,27,20,26,2024-03-24,Crypto trader. Free signals in bio.,1
user8374629,78,24,4,2024-03-14,Making money online. DM for info.,1
amy_joy,179283,168865,10418,2017-08-04,Regular reddit user. Gaming and tech.,0
99882736450,54,35,25,2024-04-12,OnlyFans promo. 18+,1
lisa_writes,195920,162666,33254,2015-05-16,Board game collector. r/boardgames mod.,0
nina_art,78908,46941,31967,2021-06-30,Astronomy hobbyist. r/space regular.,0
99882736450,52,10,26,2024-03-11,OnlyFans promo. 18+,1
1234567890ab,69,38,20,2024-05-01,Making money online. DM for info.,1
nft_dropper_69,78,15,4,2024-03-11,OnlyFans promo. 18+,1
lena_captures,115303,90477,24826,2020-11-04,Regular reddit user. Gaming and tech.,0
1234567890ab,16,37,6,2024-04-23,Forex expert. 99% win rate.,1
creative_dan,397536,363003,34533,2011-09-04,Astronomy hobbyist. r/space regular.,0
follow_back_101,42,17,1,2024-04-01,Making money online. DM for info.,1
follow_back_101,19,38,16,2024-05-02,,1
alex_travel,23320,15223,8097,2015-05-31,Hobbyist photographer. r/photography regular.,0
xXx_profit_xXx,52,4,29,2024-04-19,,1
fit_jessica,228189,208641,19548,2019-01-18,Lurker turned commenter. Python dev.,0
bot_account_7,76,2,0,2024-04-20,OnlyFans promo. 18+,1
airdrop_winner99,16,23,28,2024-05-05,,1
sarah_smith,376717,274897,101820,2020-07-20,Finance nerd. Index fund investor.,0
emma.j,259857,188206,71651,2018-02-22,I post memes and comment on news.,0
creative_dan,448996,413417,35579,2018-04-07,Lurker turned commenter. Python dev.,0
9182736450,1,16,15,2024-05-06,Making money online. DM for info.,1
alex_travel,261094,154180,106914,2011-03-08,Regular reddit user. Gaming and tech.,0
tom_techie,479001,426548,52453,2017-06-26,PC gamer. r/buildapc helper.,0
photo_by_anna,38745,27393,11352,2023-06-29,Finance nerd. Index fund investor.,0
crypto_king_9999,34,11,17,2024-03-13,OnlyFans promo. 18+,1
1234567890ab,2,30,17,2024-03-11,,1
grace_beauty,118271,83793,34478,2015-10-17,Astronomy hobbyist. r/space regular.,0
acc29471838,30,24,29,2024-03-23,Forex expert. 99% win rate.,1
q7w8e9r0t1y2,1,21,19,2024-03-22,Crypto trader. Free signals in bio.,1
zz_promo_zz,3,42,27,2024-03-06,Making money online. DM for info.,1
nft_dropper_69,53,6,12,2024-04-16,Forex expert. 99% win rate.,1
9182736450,19,21,28,2024-05-10,Forex expert. 99% win rate.,1
b.scott.official,478892,387845,91047,2022-08-23,Book worm. r/books contributor.,0
get_rich_88,17,44,5,2024-06-01,Making money online. DM for info.,1
crypto_king_9999,43,41,15,2024-05-17,,1
creative_dan,463803,391460,72343,2018-01-01,I post memes and comment on news.,0
q7w8e9r0t1y2,63,17,6,2024-03-21,Earn $500/day from home.,1
99882736450,11,40,5,2024-04-08,,1
free_followers_now,29,43,10,2024-05-30,Crypto trader. Free signals in bio.,1
emma.j,419773,219810,199963,2015-12-31,Hobbyist photographer. r/photography regular.,0
free_follower_bot,75,31,12,2024-03-27,Making money online. DM for info.,1
earn_fast_2024,76,21,10,2024-05-24,OnlyFans promo. 18+,1
bot_account_7,15,44,14,2024-04-02,Earn $500/day from home.,1
free_follower_bot,2,42,25,2024-03-20,,1
99882736450,16,5,5,2024-04-09,Forex expert. 99% win rate.,1
daniel_f,228459,165947,62512,2010-09-30,Finance nerd. Index fund investor.,0
alex_travel,44928,42357,2571,2011-07-28,Hobbyist photographer. r/photography regular.,0
airdrop_winner99,37,29,6,2024-05-02,Crypto trader. Free signals in bio.,1
tradebot_fx,60,43,11,2024-04-15,,1
fit_jessica,274055,179199,94856,2013-08-18,Science enthusiast. PhD in Biology.,0
nina_art,32638,21205,11433,2012-11-28,Amateur chef. Love r/cooking.,0
botanist_beth,370538,348219,22319,2018-11-20,Science enthusiast. PhD in Biology.,0
9182736450,58,21,16,2024-04-15,Forex expert. 99% win rate.,1
daniel_f,165605,141664,23941,2018-04-01,Lurker turned commenter. Python dev.,0
get_rich_88,2,42,11,2024-04-01,,1
creative_dan,451035,319459,131576,2020-01-31,Fitness addict. Marathon runner.,0
follow_back_101,60,48,9,2024-04-09,,1
mike_2023,157157,142982,14175,2011-05-03,Finance nerd. Index fund investor.,0
the_real_sam,138519,81790,56729,2021-05-02,I post memes and comment on news.,0
daniel_f,136031,84263,51768,2014-11-17,Book worm. r/books contributor.,0
nina_art,88963,70569,18394,2019-04-09,Astronomy hobbyist. r/space regular.,0
free_followers_now,28,17,7,2024-03-24,Earn $500/day from home.,1
zz_promo_zz,0,15,19,2024-03-30,Crypto trader. Free signals in bio.,1
dev_pete,382665,300315,82350,2016-08-20,PC gamer. r/buildapc helper.,0
mark_adventure,333138,265439,67699,2015-10-12,I post memes and comment on news.,0
john_doe,395370,355265,40105,2017-04-15,Hobbyist photographer. r/photography regular.,0
lena_captures,498065,381477,116588,2011-03-08,Amateur chef. Love r/cooking.,0
john_doe,180439,106091,74348,2015-12-21,Finance nerd. Index fund investor.,0
everyday_elena,404567,208966,195601,2013-02-09,Board game collector. r/boardgames mod.,0
q7w8e9r0t1y2,52,22,8,2024-04-30,OnlyFans promo. 18+,1
9182736450,48,49,17,2024-05-28,,1
botanist_beth,172337,130290,42047,2015-09-07,Fitness addict. Marathon runner.,0
surf_with_evan,180762,134203,46559,2010-11-03,Amateur chef. Love r/cooking.,0
nina_art,429239,219557,209682,2019-02-13,Board game collector. r/boardgames mod.,0
journeys_with_kai,72590,37287,35303,2023-12-03,Amateur chef. Love r/cooking.,0
paul_runs,253927,185778,68149,2016-07-02,Finance nerd. Index fund investor.,0
mindful_maya,144287,75591,68696,2022-04-03,Lurker turned commenter. Python dev.,0
bot_account_7,78,27,16,2024-05-29,Earn $500/day from home.,1
zz_promo_zz,36,43,26,2024-04-16,,1
the_real_sam,54552,44054,10498,2021-04-07,Fitness addict. Marathon runner.,0
user8374629,75,21,12,2024-04-20,Crypto trader. Free signals in bio.,1
get_rich_88,18,26,19,2024-05-24,Making money online. DM for info.,1
1234567890ab,69,27,11,2024-03-24,Making money online. DM for info.,1
free_follower_bot,54,31,22,2024-05-11,Forex expert. 99% win rate.,1
the_real_sam,348230,226363,121867,2013-09-03,Finance nerd. Index fund investor.,0
emma.j,333845,266700,67145,2011-03-29,Astronomy hobbyist. r/space regular.,0
tom_techie,396494,234007,162487,2011-08-14,Finance nerd. Index fund investor.,0
tom_techie,341767,239367,102400,2012-12-13,Regular reddit user. Gaming and tech.,0
mindful_maya,436406,343608,92798,2020-04-15,Hobbyist photographer. r/photography regular.,0
the_real_sam,268008,145684,122324,2016-06-27,Science enthusiast. PhD in Biology.,0
q7w8e9r0t1y2,61,28,20,2024-04-07,Making money online. DM for info.,1
follow_back_101,30,32,13,2024-03-12,Making money online. DM for info.,1
amy_joy,435552,321516,114036,2020-09-07,Amateur chef. Love r/cooking.,0
emma.j,482820,252386,230434,2016-04-28,I post memes and comment on news.,0
free_follower_bot,36,3,24,2024-03-05,Making money online. DM for info.,1
amy_joy,253493,140725,112768,2011-09-01,PC gamer. r/buildapc helper.,0
bot_account_7,17,38,21,2024-05-28,Making money online. DM for info.,1
surf_with_evan,4780,2595,2185,2021-06-23,PC gamer. r/buildapc helper.,0
a8f7d3k9p2,48,17,28,2024-03-12,Earn $500/day from home.,1
free_follower_bot,47,20,21,2024-05-02,Forex expert. 99% win rate.,1
chef_marco,339603,260246,79357,2012-07-26,Hobbyist photographer. r/photography regular.,0
creative_dan,465708,355695,110013,2020-10-10,Book worm. r/books contributor.,0
alex_travel,212647,189794,22853,2015-11-09,Amateur chef. Love r/cooking.,0
grace_beauty,377624,262295,115329,2013-02-06,Hobbyist photographer. r/photography regular.,0
chris_builds,478156,394110,84046,2022-09-16,Astronomy hobbyist. r/space regular.,0
lena_captures,61025,34729,26296,2013-08-21,PC gamer. r/buildapc helper.,0
get_rich_88,70,18,7,2024-04-12,,1
b.scott.official,397314,222497,174817,2014-08-06,Science enthusiast. PhD in Biology.,0
follow_back_101,39,47,18,2024-04-06,Crypto trader. Free signals in bio.,1
get_rich_88,7,35,0,2024-03-19,,1
journeys_with_kai,115971,73222,42749,2014-06-16,PC gamer. r/buildapc helper.,0
acc29471838,50,36,11,2024-05-20,OnlyFans promo. 18+,1
earn_fast_2024,63,1,11,2024-04-21,Making money online. DM for info.,1
free_followers_now,22,38,8,2024-04-22,,1
alex_travel,179500,91465,88035,2017-01-12,I post memes and comment on news.,0
creative_dan,14966,9649,5317,2017-08-17,Lurker turned commenter. Python dev.,0
tradebot_fx,79,6,29,2024-05-04,,1
9182736450,71,48,27,2024-04-09,Forex expert. 99% win rate.,1
1234567890ab,55,27,13,2024-05-13,Making money online. DM for info.,1
code_master,467952,396501,71451,2020-01-13,Science enthusiast. PhD in Biology.,0
airdrop_winner99,5,37,5,2024-05-06,Forex expert. 99% win rate.,1
free_followers_now,15,41,11,2024-04-18,Earn $500/day from home.,1
mark_adventure,201719,160012,41707,2020-08-08,Hobbyist photographer. r/photography regular.,0
chef_marco,65962,61840,4122,2016-03-14,Fitness addict. Marathon runner.,0
botanist_beth,210269,128149,82120,2012-03-01,Board game collector. r/boardgames mod.,0
lena_captures,456999,234912,222087,2014-05-16,Regular reddit user. Gaming and tech.,0
airdrop_winner99,67,36,7,2024-05-20,,1
get_rich_88,22,15,27,2024-04-11,Making money online. DM for info.,1
alex_travel,81914,56633,25281,2020-08-22,Astronomy hobbyist. r/space regular.,0
xXx_profit_xXx,28,49,4,2024-05-27,Crypto trader. Free signals in bio.,1
zz_promo_zz,64,7,28,2024-05-12,Making money online. DM for info.,1
surf_with_evan,402980,288171,114809,2019-05-07,Hobbyist photographer. r/photography regular.,0
user8374629,54,0,20,2024-03-07,Earn $500/day from home.,1
journeys_with_kai,163137,88635,74502,2021-10-07,Lurker turned commenter. Python dev.,0
xXx_profit_xXx,61,33,28,2024-04-20,,1
99882736450,65,1,16,2024-03-12,,1
mike_2023,465541,377253,88288,2014-12-31,Fitness addict. Marathon runner.,0
a8f7d3k9p2,23,18,11,2024-03-11,,1
photo_by_anna,288413,273520,14893,2022-04-12,Astronomy hobbyist. r/space regular.,0
99882736450,12,47,19,2024-03-05,Forex expert. 99% win rate.,1
sarah_smith,382569,306858,75711,2019-07-19,Book worm. r/books contributor.,0
lisa_writes,105811,100105,5706,2023-10-16,Astronomy hobbyist. r/space regular.,0
alex_travel,476773,416906,59867,2012-09-29,Fitness addict. Marathon runner.,0
9182736450,59,33,23,2024-05-28,OnlyFans promo. 18+,1
daniel_f,433366,269453,163913,2021-01-12,PC gamer. r/buildapc helper.,0
9182736450,25,28,7,2024-03-18,Crypto trader. Free signals in bio.,1
a8f7d3k9p2,40,3,4,2024-03-05,,1
user8374629,19,5,5,2024-05-14,Crypto trader. Free signals in bio.,1
get_rich_88,58,16,24,2024-05-12,Crypto trader. Free signals in bio.,1
earn_fast_2024,17,47,2,2024-05-11,,1
daniel_f,165343,132090,33253,2020-12-04,Finance nerd. Index fund investor.,0
get_rich_88,46,4,10,2024-03-18,Earn $500/day from home.,1
follow_back_101,12,45,28,2024-05-30,Forex expert. 99% win rate.,1
9182736450,34,4,0,2024-04-22,OnlyFans promo. 18+,1
free_follower_bot,17,8,14,2024-03-21,,1
1234567890ab,27,7,3,2024-03-31,,1
code_master,224911,178252,46659,2012-12-15,Fitness addict. Marathon runner.,0
journeys_with_kai,243073,228013,15060,2018-06-29,Lurker turned commenter. Python dev.,0
nft_dropper_69,44,37,22,2024-05-06,Crypto trader. Free signals in bio.,1
lena_captures,270269,252666,17603,2019-10-20,Book worm. r/books contributor.,0
code_master,424889,244078,180811,2012-03-16,Board game collector. r/boardgames mod.,0
a8f7d3k9p2,33,15,27,2024-05-22,,1
99882736450,8,6,11,2024-05-19,Forex expert. 99% win rate.,1
xXx_profit_xXx,47,44,29,2024-04-13,Earn $500/day from home.,1
free_follower_bot,9,29,14,2024-04-24,,1
lena_captures,278039,141429,136610,2016-07-11,Amateur chef. Love r/cooking.,0
b.scott.official,384270,326152,58118,2012-05-09,Fitness addict. Marathon runner.,0
bot_account_7,44,44,28,2024-05-20,,1
get_rich_88,4,47,13,2024-05-18,,1
nina_art,377296,237799,139497,2016-09-25,Regular reddit user. Gaming and tech.,0
alex_travel,264878,147041,117837,2022-12-09,Hobbyist photographer. r/photography regular.,0
user8374629,52,34,23,2024-05-13,Forex expert. 99% win rate.,1
fit_jessica,319035,294393,24642,2014-08-16,Regular reddit user. Gaming and tech.,0
botanist_beth,460398,300666,159732,2012-10-29,I post memes and comment on news.,0
nina_art,154429,137851,16578,2020-12-12,Regular reddit user. Gaming and tech.,0
everyday_elena,232570,152530,80040,2014-08-07,Fitness addict. Marathon runner.,0
b.scott.official,303483,239258,64225,2014-10-20,Hobbyist photographer. r/photography regular.,0
nina_art,20102,12023,8079,2013-11-04,Astronomy hobbyist. r/space regular.,0
earn_fast_2024,3,6,2,2024-03-08,Crypto trader. Free signals in bio.,1
daniel_f,370588,325540,45048,2017-08-23,I post memes and comment on news.,0
chris_builds,465242,274026,191216,2018-02-06,PC gamer. r/buildapc helper.,0
earn_fast_2024,5,9,20,2024-05-11,Crypto trader. Free signals in bio.,1
chef_marco,272258,213209,59049,2014-12-08,Fitness addict. Marathon runner.,0
chris_builds,62353,40569,21784,2021-10-20,Science enthusiast. PhD in Biology.,0
botanist_beth,117354,95811,21543,2018-05-21,Finance nerd. Index fund investor.,0
mindful_maya,232680,126237,106443,2016-07-01,I post memes and comment on news.,0
9182736450,61,49,16,2024-05-15,Earn $500/day from home.,1
tom_techie,355624,214615,141009,2016-09-05,PC gamer. r/buildapc helper.,0
chef_marco,188126,139781,48345,2018-08-26,Book worm. r/books contributor.,0
photo_by_anna,297898,261052,36846,2012-12-18,Lurker turned commenter. Python dev.,0
mindful_maya,299998,150179,149819,2014-07-11,Astronomy hobbyist. r/space regular.,0
nina_art,221055,167916,53139,2020-11-16,Finance nerd. Index fund investor.,0
photo_by_anna,369238,287963,81275,2018-01-07,Science enthusiast. PhD in Biology.,0
airdrop_winner99,69,38,21,2024-04-26,,1
user8374629,4,14,8,2024-04-11,Crypto trader. Free signals in bio.,1
chris_builds,125923,95908,30015,2023-07-18,Board game collector. r/boardgames mod.,0
alex_travel,306900,252991,53909,2019-01-14,Finance nerd. Index fund investor.,0
airdrop_winner99,31,24,19,2024-05-02,,1
user8374629,32,0,3,2024-03-18,,1
bot_account_7,4,10,8,2024-04-21,Earn $500/day from home.,1
sarah_smith,351886,281550,70336,2016-02-15,PC gamer. r/buildapc helper.,0
b.scott.official,158102,136954,21148,2020-07-17,Lurker turned commenter. Python dev.,0
sarah_smith,157936,93348,64588,2020-07-27,Regular reddit user. Gaming and tech.,0
amy_joy,5354,3489,1865,2017-05-25,Fitness addict. Marathon runner.,0
real_human_01234,0,6,10,2024-04-26,,1
get_rich_88,4,32,13,2024-03-12,OnlyFans promo. 18+,1
xXx_profit_xXx,43,9,9,2024-03-14,Earn $500/day from home.,1
journeys_with_kai,123090,109489,13601,2022-01-27,Amateur chef. Love r/cooking.,0
xXx_profit_xXx,77,9,21,2024-04-27,Crypto trader. Free signals in bio.,1
paul_runs,312433,202799,109634,2010-11-19,Book worm. r/books contributor.,0
crypto_king_9999,26,48,17,2024-05-01,,1
earn_fast_2024,37,15,17,2024-05-30,OnlyFans promo. 18+,1
acc29471838,68,27,4,2024-03-20,Earn $500/day from home.,1
everyday_elena,240728,160764,79964,2021-08-02,Finance nerd. Index fund investor.,0
xXx_profit_xXx,45,23,17,2024-05-28,Making money online. DM for info.,1
amy_joy,75757,68799,6958,2021-10-31,Science enthusiast. PhD in Biology.,0
zz_promo_zz,72,47,3,2024-04-19,OnlyFans promo. 18+,1
john_doe,19764,12854,6910,2016-03-03,Astronomy hobbyist. r/space regular.,0
nina_art,170569,142447,28122,2014-05-27,PC gamer. r/buildapc helper.,0
q7w8e9r0t1y2,17,22,28,2024-05-05,Earn $500/day from home.,1
xXx_profit_xXx,77,21,26,2024-04-18,Crypto trader. Free signals in bio.,1
john_doe,158042,129023,29019,2018-09-17,Fitness addict. Marathon runner.,0
tradebot_fx,21,20,17,2024-04-08,,1
john_doe,258501,180914,77587,2013-05-19,Finance nerd. Index fund investor.,0
crypto_king_9999,54,16,27,2024-05-05,,1
acc29471838,47,29,8,2024-06-01,Forex expert. 99% win rate.,1
get_rich_88,44,47,17,2024-03-07,Earn $500/day from home.,1
follow_back_101,42,2,13,2024-05-18,Making money online. DM for info.,1
mark_adventure,15777,10845,4932,2019-12-28,PC gamer. r/buildapc helper.,0
zz_promo_zz,16,25,17,2024-03-04,,1
zz_promo_zz,25,3,19,2024-03-29,Crypto trader. Free signals in bio.,1
mark_adventure,29465,23556,5909,2015-01-04,Astronomy hobbyist. r/space regular.,0
alex_travel,19697,14816,4881,2019-12-14,Finance nerd. Index fund investor.,0
mark_adventure,187382,98263,89119,2017-02-17,PC gamer. r/buildapc helper.,0
lisa_writes,486709,305776,180933,2017-06-18,Amateur chef. Love r/cooking.,0
99882736450,7,49,16,2024-04-25,Earn $500/day from home.,1
sarah_smith,34374,24651,9723,2010-12-18,Finance nerd. Index fund investor.,0
amy_joy,25485,18033,7452,2014-05-19,Book worm. r/books contributor.,0
photo_by_anna,489462,368010,121452,2014-07-01,Science enthusiast. PhD in Biology.,0
nft_dropper_69,30,25,29,2024-04-10,OnlyFans promo. 18+,1
q7w8e9r0t1y2,3,34,3,2024-05-21,Crypto trader. Free signals in bio.,1
get_rich_88,45,16,24,2024-04-24,Forex expert. 99% win rate.,1
free_follower_bot,29,30,19,2024-03-11,,1
99882736450,17,7,24,2024-04-10,Forex expert. 99% win rate.,1
b.scott.official,411133,270449,140684,2022-03-01,Lurker turned commenter. Python dev.,0
dev_pete,50101,41926,8175,2023-07-01,Science enthusiast. PhD in Biology.,0
chris_builds,358362,265468,92894,2016-10-25,Amateur chef. Love r/cooking.,0
everyday_elena,479155,338631,140524,2023-08-03,Amateur chef. Love r/cooking.,0
mike_2023,349220,236094,113126,2019-09-20,Hobbyist photographer. r/photography regular.,0
paul_runs,171261,138247,33014,2016-06-30,Finance nerd. Index fund investor.,0
bot_account_7,49,23,29,2024-05-28,Earn $500/day from home.,1
99882736450,45,11,27,2024-03-10,Earn $500/day from home.,1
botanist_beth,353256,314969,38287,2018-06-15,Science enthusiast. PhD in Biology.,0
everyday_elena,80577,61685,18892,2017-04-25,Hobbyist photographer. r/photography regular.,0
creative_dan,387951,299300,88651,2014-01-07,Book worm. r/books contributor.,0
crypto_king_9999,67,2,25,2024-05-19,Earn $500/day from home.,1
b.scott.official,389223,364328,24895,2012-03-09,Regular reddit user. Gaming and tech.,0
user8374629,4,36,6,2024-05-03,Making money online. DM for info.,1
fit_jessica,424135,219098,205037,2015-03-13,Board game collector. r/boardgames mod.,0
chef_marco,285930,173794,112136,2013-09-12,PC gamer. r/buildapc helper.,0
nft_dropper_69,67,31,24,2024-04-09,,1
everyday_elena,87072,69859,17213,2016-01-16,Hobbyist photographer. r/photography regular.,0
a8f7d3k9p2,22,49,13,2024-04-24,Earn $500/day from home.,1
everyday_elena,93523,52921,40602,2022-03-06,Amateur chef. Love r/cooking.,0
tradebot_fx,65,18,4,2024-04-14,Earn $500/day from home.,1
xXx_profit_xXx,44,12,25,2024-05-05,Making money online. DM for info.,1
chef_marco,161241,128194,33047,2023-08-01,PC gamer. r/buildapc helper.,0
earn_fast_2024,66,17,13,2024-04-10,Crypto trader. Free signals in bio.,1
lena_captures,456334,243148,213186,2019-12-02,PC gamer. r/buildapc helper.,0
lena_captures,203164,145226,57938,2024-02-23,Finance nerd. Index fund investor.,0
airdrop_winner99,16,1,9,2024-03-07,Crypto trader. Free signals in bio.,1
free_follower_bot,22,48,9,2024-03-17,,1
nina_art,302434,200640,101794,2018-04-23,Board game collector. r/boardgames mod.,0
grace_beauty,375228,232796,142432,2011-11-06,Board game collector. r/boardgames mod.,0
surf_with_evan,213604,150419,63185,2017-09-17,Amateur chef. Love r/cooking.,0
lena_captures,260826,143877,116949,2020-08-31,PC gamer. r/buildapc helper.,0
99882736450,78,26,18,2024-04-27,OnlyFans promo. 18+,1
a8f7d3k9p2,58,40,28,2024-03-27,Earn $500/day from home.,1
9182736450,33,11,5,2024-04-18,,1
mike_2023,162652,132969,29683,2019-08-06,Lurker turned commenter. Python dev.,0
9182736450,65,35,6,2024-05-15,OnlyFans promo. 18+,1
user8374629,35,40,11,2024-05-21,Making money online. DM for info.,1
airdrop_winner99,20,39,21,2024-04-09,OnlyFans promo. 18+,1
get_rich_88,63,30,6,2024-05-19,Crypto trader. Free signals in bio.,1
amy_joy,75991,52023,23968,2020-08-03,Regular reddit user. Gaming and tech.,0
john_doe,213219,199651,13568,2018-04-16,Board game collector. r/boardgames mod.,0
mindful_maya,435844,229317,206527,2018-03-21,Finance nerd. Index fund investor.,0
lisa_writes,395402,216037,179365,2023-01-18,PC gamer. r/buildapc helper.,0
xXx_profit_xXx,32,9,20,2024-04-29,,1
creative_dan,227871,160304,67567,2012-05-03,PC gamer. r/buildapc helper.,0
free_follower_bot,39,19,19,2024-05-22,Earn $500/day from home.,1
zz_promo_zz,50,34,27,2024-04-30,,1
botanist_beth,80127,56094,24033,2011-11-18,Science enthusiast. PhD in Biology.,0
photo_by_anna,80099,73258,6841,2023-03-03,Regular reddit user. Gaming and tech.,0
journeys_with_kai,57344,53660,3684,2021-08-16,Finance nerd. Index fund investor.,0
lisa_writes,462154,298868,163286,2018-09-07,I post memes and comment on news.,0
tradebot_fx,22,18,7,2024-03-08,OnlyFans promo. 18+,1
9182736450,17,23,21,2024-03-22,,1
free_followers_now,38,21,2,2024-04-28,,1
journeys_with_kai,232437,218528,13909,2022-07-13,Fitness addict. Marathon runner.,0
9182736450,78,21,9,2024-05-05,,1
lisa_writes,445648,366445,79203,2019-01-24,Science enthusiast. PhD in Biology.,0
user8374629,11,19,3,2024-04-16,,1
follow_back_101,12,44,1,2024-03-13,Earn $500/day from home.,1
paul_runs,442207,243366,198841,2011-10-20,Hobbyist photographer. r/photography regular.,0
free_follower_bot,57,42,20,2024-03-24,Earn $500/day from home.,1
grace_beauty,324385,230588,93797,2012-12-31,Book worm. r/books contributor.,0
tradebot_fx,47,21,22,2024-04-01,OnlyFans promo. 18+,1
tradebot_fx,19,42,12,2024-04-09,Crypto trader. Free signals in bio.,1
tom_techie,399884,201193,198691,2021-07-13,I post memes and comment on news.,0
99882736450,78,22,17,2024-04-27,Crypto trader. Free signals in bio.,1
surf_with_evan,153676,132788,20888,2023-07-05,Hobbyist photographer. r/photography regular.,0
mark_adventure,40357,32071,8286,2014-11-18,Amateur chef. Love r/cooking.,0
get_rich_88,39,15,3,2024-05-08,Earn $500/day from home.,1
grace_beauty,273586,250993,22593,2017-04-24,I post memes and comment on news.,0
a8f7d3k9p2,35,27,9,2024-05-25,Crypto trader. Free signals in bio.,1
bot_account_7,32,17,6,2024-05-19,Making money online. DM for info.,1
john_doe,122302,102901,19401,2024-02-14,Book worm. r/books contributor.,0
earn_fast_2024,73,24,27,2024-04-21,OnlyFans promo. 18+,1
user8374629,15,19,7,2024-05-17,Crypto trader. Free signals in bio.,1
lisa_writes,22103,15791,6312,2017-09-21,Astronomy hobbyist. r/space regular.,0
a8f7d3k9p2,55,43,23,2024-03-24,Crypto trader. Free signals in bio.,1
surf_with_evan,46770,26518,20252,2017-11-25,Board game collector. r/boardgames mod.,0
earn_fast_2024,7,35,4,2024-04-23,,1
acc29471838,31,9,0,2024-03-18,,1
alex_travel,338158,187082,151076,2020-06-21,Hobbyist photographer. r/photography regular.,0
sarah_smith,118425,81816,36609,2014-12-15,Amateur chef. Love r/cooking.,0
code_master,204035,172893,31142,2019-01-11,Regular reddit user. Gaming and tech.,0
the_real_sam,343756,233982,109774,2021-10-13,Amateur chef. Love r/cooking.,0
a8f7d3k9p2,61,39,17,2024-04-30,,1
crypto_king_9999,66,14,23,2024-04-09,Making money online. DM for info.,1
photo_by_anna,436944,236417,200527,2011-03-31,Book worm. r/books contributor.,0
9182736450,32,41,20,2024-03-09,,1
user8374629,8,33,19,2024-03-29,,1
mark_adventure,62994,34919,28075,2011-05-06,PC gamer. r/buildapc helper.,0
9182736450,58,45,3,2024-04-13,OnlyFans promo. 18+,1
dev_pete,267879,188089,79790,2023-03-11,Hobbyist photographer. r/photography regular.,0
1234567890ab,73,36,26,2024-03-06,OnlyFans promo. 18+,1
lena_captures,344951,276322,68629,2016-06-07,Astronomy hobbyist. r/space regular.,0
a8f7d3k9p2,76,8,26,2024-04-19,Crypto trader. Free signals in bio.,1
alex_travel,186623,116109,70514,2018-04-11,I post memes and comment on news.,0
bot_account_7,7,12,7,2024-05-03,Earn $500/day from home.,1
q7w8e9r0t1y2,26,41,20,2024-05-23,,1
code_master,174768,95200,79568,2013-07-02,Hobbyist photographer. r/photography regular.,0
lena_captures,408433,361073,47360,2012-01-25,Science enthusiast. PhD in Biology.,0
tom_techie,397017,303217,93800,2022-03-30,Finance nerd. Index fund investor.,0
creative_dan,188327,167834,20493,2013-04-26,Astronomy hobbyist. r/space regular.,0
9182736450,66,36,19,2024-03-17,Crypto trader. Free signals in bio.,1
mindful_maya,29108,14864,14244,2021-12-19,Amateur chef. Love r/cooking.,0
nft_dropper_69,20,49,25,2024-05-20,Crypto trader. Free signals in bio.,1
free_followers_now,17,23,12,2024-04-13,,1
q7w8e9r0t1y2,11,41,27,2024-05-02,Earn $500/day from home.,1
zz_promo_zz,22,40,20,2024-04-21,OnlyFans promo. 18+,1
free_followers_now,24,19,23,2024-04-15,Crypto trader. Free signals in bio.,1
follow_back_101,2,22,29,2024-05-07,Forex expert. 99% win rate.,1
botanist_beth,66602,40289,26313,2015-12-22,Fitness addict. Marathon runner.,0
daniel_f,312601,167401,145200,2019-06-29,PC gamer. r/buildapc helper.,0
chef_marco,339055,236220,102835,2013-05-11,Fitness addict. Marathon runner.,0
tom_techie,91103,52331,38772,2021-12-30,Regular reddit user. Gaming and tech.,0
lena_captures,130387,94345,36042,2016-10-09,PC gamer. r/buildapc helper.,0
airdrop_winner99,16,22,17,2024-04-04,,1
fit_jessica,30343,16673,13670,2012-03-26,Amateur chef. Love r/cooking.,0
get_rich_88,55,14,20,2024-03-19,,1
tradebot_fx,75,18,18,2024-04-05,OnlyFans promo. 18+,1
user8374629,45,22,20,2024-05-26,,1
alex_travel,275074,152757,122317,2021-02-28,Amateur chef. Love r/cooking.,0
code_master,279253,154027,125226,2018-01-24,Lurker turned commenter. Python dev.,0
photo_by_anna,364000,239224,124776,2023-03-03,Amateur chef. Love r/cooking.,0
zz_promo_zz,62,3,11,2024-03-25,,1
the_real_sam,431979,231720,200259,2012-04-16,Lurker turned commenter. Python dev.,0
earn_fast_2024,74,30,19,2024-05-09,Making money online. DM for info.,1
nft_dropper_69,71,25,0,2024-03-15,Crypto trader. Free signals in bio.,1
b.scott.official,72237,55926,16311,2020-10-22,Regular reddit user. Gaming and tech.,0
emma.j,424454,302834,121620,2011-09-06,Finance nerd. Index fund investor.,0
daniel_f,224346,161265,63081,2022-03-05,PC gamer. r/buildapc helper.,0
code_master,225252,113680,111572,2021-01-28,PC gamer. r/buildapc helper.,0
fit_jessica,261742,185134,76608,2017-04-14,Science enthusiast. PhD in Biology.,0
sarah_smith,24590,13094,11496,2012-11-03,Hobbyist photographer. r/photography regular.,0
b.scott.official,483799,265821,217978,2016-01-03,Regular reddit user. Gaming and tech.,0
the_real_sam,57298,29200,28098,2022-12-13,PC gamer. r/buildapc helper.,0
earn_fast_2024,54,37,12,2024-05-05,,1
earn_fast_2024,76,3,18,2024-03-15,Earn $500/day from home.,1
fit_jessica,351849,222284,129565,2014-03-05,Amateur chef. Love r/cooking.,0
airdrop_winner99,66,30,3,2024-05-15,Earn $500/day from home.,1
1234567890ab,63,14,25,2024-03-30,Crypto trader. Free signals in bio.,1
real_human_01234,61,3,24,2024-03-15,OnlyFans promo. 18+,1
earn_fast_2024,64,31,8,2024-04-23,Making money online. DM for info.,1
daniel_f,465572,270118,195454,2010-11-04,Book worm. r/books contributor.,0
nina_art,264085,226290,37795,2011-11-10,Regular reddit user. Gaming and tech.,0
lisa_writes,222809,180976,41833,2021-05-18,Astronomy hobbyist. r/space regular.,0
grace_beauty,223892,154439,69453,2022-08-18,Regular reddit user. Gaming and tech.,0
airdrop_winner99,71,11,1,2024-05-11,Forex expert. 99% win rate.,1
real_human_01234,34,31,13,2024-04-12,,1
john_doe,168817,133452,35365,2018-02-01,PC gamer. r/buildapc helper.,0
chris_builds,93649,87268,6381,2021-02-23,Fitness addict. Marathon runner.,0
mindful_maya,483862,259629,224233,2019-09-25,PC gamer. r/buildapc helper.,0
b.scott.official,460765,259171,201594,2015-06-13,Amateur chef. Love r/cooking.,0
get_rich_88,79,14,5,2024-04-06,Earn $500/day from home.,1
photo_by_anna,465756,371894,93862,2022-04-02,Hobbyist photographer. r/photography regular.,0
chris_builds,197371,147307,50064,2011-12-27,Amateur chef. Love r/cooking.,0
dev_pete,232539,189635,42904,2020-01-17,Regular reddit user. Gaming and tech.,0
lisa_writes,370701,238975,131726,2013-12-06,I post memes and comment on news.,0
q7w8e9r0t1y2,63,32,28,2024-04-14,OnlyFans promo. 18+,1
a8f7d3k9p2,30,19,28,2024-04-13,,1
acc29471838,38,47,12,2024-03-22,,1
xXx_profit_xXx,24,38,18,2024-05-07,,1
free_followers_now,24,37,12,2024-04-30,Forex expert. 99% win rate.,1
nft_dropper_69,62,41,19,2024-05-24,Forex expert. 99% win rate.,1
free_follower_bot,52,23,28,2024-04-04,,1
earn_fast_2024,67,7,9,2024-05-04,Crypto trader. Free signals in bio.,1
nft_dropper_69,73,33,4,2024-04-23,,1
airdrop_winner99,20,36,3,2024-05-06,Crypto trader. Free signals in bio.,1
crypto_king_9999,4,7,23,2024-04-19,OnlyFans promo. 18+,1
acc29471838,19,27,9,2024-03-08,OnlyFans promo. 18+,1
q7w8e9r0t1y2,7,3,1,2024-04-14,Making money online. DM for info.,1
1234567890ab,6,0,25,2024-05-25,OnlyFans promo. 18+,1
9182736450,59,49,16,2024-03-11,Crypto trader. Free signals in bio.,1
tradebot_fx,36,19,4,2024-04-27,OnlyFans promo. 18+,1
nft_dropper_69,15,30,13,2024-04-13,Forex expert. 99% win rate.,1
follow_back_101,14,45,1,2024-05-12,Forex expert. 99% win rate.,1
acc29471838,75,21,20,2024-04-23,Forex expert. 99% win rate.,1
acc29471838,27,10,10,2024-04-30,Crypto trader. Free signals in bio.,1
journeys_with_kai,453060,393804,59256,2021-03-08,Regular reddit user. Gaming and tech.,0
creative_dan,407193,317268,89925,2016-11-21,Hobbyist photographer. r/photography regular.,0
john_doe,285438,154880,130558,2012-07-14,Hobbyist photographer. r/photography regular.,0
tom_techie,114276,84654,29622,2015-07-11,Fitness addict. Marathon runner.,0
99882736450,3,10,11,2024-05-07,Forex expert. 99% win rate.,1
grace_beauty,138193,91420,46773,2014-12-23,I post memes and comment on news.,0
nft_dropper_69,55,17,29,2024-05-19,OnlyFans promo. 18+,1
airdrop_winner99,10,27,17,2024-03-14,OnlyFans promo. 18+,1
lena_captures,38017,19778,18239,2017-10-14,Board game collector. r/boardgames mod.,0
mark_adventure,257835,154993,102842,2013-07-05,I post memes and comment on news.,0
surf_with_evan,267652,147714,119938,2015-12-04,Finance nerd. Index fund investor.,0
photo_by_anna,392259,324654,67605,2023-06-07,Lurker turned commenter. Python dev.,0
paul_runs,73829,45675,28154,2015-10-27,PC gamer. r/buildapc helper.,0
everyday_elena,303837,178096,125741,2011-01-22,I post memes and comment on news.,0
crypto_king_9999,9,3,12,2024-05-10,OnlyFans promo. 18+,1
tradebot_fx,62,12,29,2024-04-12,,1
xXx_profit_xXx,15,34,27,2024-04-30,Earn $500/day from home.,1
nft_dropper_69,28,24,17,2024-03-11,Crypto trader. Free signals in bio.,1
daniel_f,358422,199051,159371,2021-06-19,Astronomy hobbyist. r/space regular.,0
nft_dropper_69,71,34,23,2024-04-05,OnlyFans promo. 18+,1
mark_adventure,66577,41228,25349,2013-02-03,Regular reddit user. Gaming and tech.,0
sarah_smith,242732,179134,63598,2014-02-10,Board game collector. r/boardgames mod.,0
alex_travel,305939,154280,151659,2021-01-31,Lurker turned commenter. Python dev.,0
zz_promo_zz,59,42,4,2024-03-07,,1
alex_travel,231276,162241,69035,2020-11-27,Regular reddit user. Gaming and tech.,0
daniel_f,482447,340983,141464,2020-05-23,Board game collector. r/boardgames mod.,0
free_followers_now,72,29,13,2024-05-29,OnlyFans promo. 18+,1
lisa_writes,10495,9384,1111,2016-01-07,Finance nerd. Index fund investor.,0
earn_fast_2024,65,47,25,2024-05-26,OnlyFans promo. 18+,1
zz_promo_zz,77,2,28,2024-04-17,Earn $500/day from home.,1
9182736450,39,38,3,2024-05-23,Crypto trader. Free signals in bio.,1
tradebot_fx,8,38,20,2024-04-20,,1
follow_back_101,37,15,3,2024-04-12,,1
dev_pete,433627,295126,138501,2022-08-26,I post memes and comment on news.,0
code_master,189487,176599,12888,2013-06-21,Book worm. r/books contributor.,0
real_human_01234,28,33,22,2024-03-30,Forex expert. 99% win rate.,1
journeys_with_kai,127194,73402,53792,2021-12-16,Fitness addict. Marathon runner.,0
nina_art,298741,276585,22156,2015-12-04,Fitness addict. Marathon runner.,0
follow_back_101,53,40,6,2024-03-04,Forex expert. 99% win rate.,1
sarah_smith,125274,101649,23625,2011-07-03,Science enthusiast. PhD in Biology.,0
everyday_elena,377576,207444,170132,2020-04-17,Regular reddit user. Gaming and tech.,0
surf_with_evan,430045,352601,77444,2022-10-19,Fitness addict. Marathon runner.,0
get_rich_88,73,40,7,2024-04-29,Crypto trader. Free signals in bio.,1
nina_art,164726,135778,28948,2017-12-25,Fitness addict. Marathon runner.,0
bot_account_7,8,4,0,2024-03-14,,1
tradebot_fx,65,43,13,2024-05-09,Forex expert. 99% win rate.,1
free_followers_now,5,33,7,2024-05-04,OnlyFans promo. 18+,1
nina_art,77633,65458,12175,2017-03-31,Science enthusiast. PhD in Biology.,0
journeys_with_kai,122305,83834,38471,2012-10-30,Science enthusiast. PhD in Biology.,0
earn_fast_2024,56,27,12,2024-03-05,,1
zz_promo_zz,2,40,3,2024-05-11,,1
follow_back_101,13,19,11,2024-03-06,Crypto trader. Free signals in bio.,1
creative_dan,99034,86239,12795,2016-05-01,Astronomy hobbyist. r/space regular.,0
crypto_king_9999,44,45,2,2024-05-08,,1
b.scott.official,406940,324941,81999,2015-08-12,Finance nerd. Index fund investor.,0
follow_back_101,61,10,1,2024-04-18,Making money online. DM for info.,1
nft_dropper_69,42,22,9,2024-03-14,Forex expert. 99% win rate.,1
xXx_profit_xXx,35,10,22,2024-04-15,Earn $500/day from home.,1
bot_account_7,24,37,11,2024-03-12,Making money online. DM for info.,1
lena_captures,487387,293424,193963,2015-07-03,Regular reddit user. Gaming and tech.,0
zz_promo_zz,41,18,22,2024-03-31,Forex expert. 99% win rate.,1
chris_builds,477658,326029,151629,2010-10-25,I post memes and comment on news.,0
alex_travel,234217,145498,88719,2014-01-15,Regular reddit user. Gaming and tech.,0
follow_back_101,11,18,18,2024-04-28,Forex expert. 99% win rate.,1
a8f7d3k9p2,31,38,21,2024-04-01,Earn $500/day from home.,1
nft_dropper_69,67,35,15,2024-03-29,OnlyFans promo. 18+,1
chef_marco,50671,31919,18752,2019-12-20,Astronomy hobbyist. r/space regular.,0
chris_builds,175408,126491,48917,2022-11-02,Fitness addict. Marathon runner.,0
xXx_profit_xXx,46,39,28,2024-05-07,Earn $500/day from home.,1
john_doe,115114,83710,31404,2010-12-19,Amateur chef. Love r/cooking.,0
earn_fast_2024,30,44,2,2024-04-01,,1
real_human_01234,0,16,17,2024-05-25,Forex expert. 99% win rate.,1
mark_adventure,237371,142741,94630,2013-05-18,Amateur chef. Love r/cooking.,0
free_followers_now,2,0,2,2024-04-26,OnlyFans promo. 18+,1
zz_promo_zz,23,47,14,2024-04-30,Earn $500/day from home.,1
free_followers_now,38,35,17,2024-05-11,,1
mindful_maya,262067,198092,63975,2023-08-25,PC gamer. r/buildapc helper.,0
mindful_maya,341539,280445,61094,2019-12-31,Book worm. r/books contributor.,0
everyday_elena,453026,263526,189500,2014-01-09,Fitness addict. Marathon runner.,0
chef_marco,226990,208728,18262,2023-09-01,Regular reddit user. Gaming and tech.,0
emma.j,302362,237384,64978,2019-12-07,Science enthusiast. PhD in Biology.,0
botanist_beth,63024,58571,4453,2017-02-19,Astronomy hobbyist. r/space regular.,0
john_doe,295594,250800,44794,2022-09-26,Fitness addict. Marathon runner.,0
mike_2023,53826,30895,22931,2015-02-28,Fitness addict. Marathon runner.,0
tom_techie,366581,322104,44477,2017-02-28,Hobbyist photographer. r/photography regular.,0
mike_2023,357356,233175,124181,2020-04-07,I post memes and comment on news.,0
bot_account_7,68,45,3,2024-04-07,Forex expert. 99% win rate.,1
emma.j,186247,141836,44411,2010-12-22,PC gamer. r/buildapc helper.,0
grace_beauty,151190,120725,30465,2013-11-01,I post memes and comment on news.,0
q7w8e9r0t1y2,23,14,23,2024-05-17,,1
free_follower_bot,52,22,11,2024-04-18,,1
airdrop_winner99,34,21,1,2024-03-07,Earn $500/day from home.,1
amy_joy,34332,27170,7162,2020-04-17,Regular reddit user. Gaming and tech.,0
1234567890ab,61,48,15,2024-03-13,Crypto trader. Free signals in bio.,1
everyday_elena,26977,22912,4065,2011-12-28,Hobbyist photographer. r/photography regular.,0
nft_dropper_69,27,21,8,2024-04-23,Making money online. DM for info.,1
b.scott.official,288405,259671,28734,2011-07-13,Book worm. r/books contributor.,0
b.scott.official,71906,39396,32510,2023-05-28,Lurker turned commenter. Python dev.,0
fit_jessica,314490,173130,141360,2013-08-17,Book worm. r/books contributor.,0
botanist_beth,451709,394491,57218,2024-01-11,Fitness addict. Marathon runner.,0
lena_captures,391599,249711,141888,2023-04-12,Finance nerd. Index fund investor.,0
tradebot_fx,72,5,27,2024-04-08,Making money online. DM for info.,1
1234567890ab,24,47,19,2024-06-01,,1
user8374629,7,8,27,2024-05-14,Making money online. DM for info.,1
fit_jessica,1973,1729,244,2015-03-02,I post memes and comment on news.,0
sarah_smith,247297,210898,36399,2011-11-25,Finance nerd. Index fund investor.,0
mike_2023,442294,299010,143284,2014-11-09,Finance nerd. Index fund investor.,0
nft_dropper_69,6,49,20,2024-03-11,Crypto trader. Free signals in bio.,1
get_rich_88,56,32,7,2024-03-10,,1
nft_dropper_69,71,5,4,2024-03-15,Earn $500/day from home.,1
lisa_writes,417247,291787,125460,2020-04-19,Regular reddit user. Gaming and tech.,0
mike_2023,44700,22671,22029,2023-06-09,Book worm. r/books contributor.,0
crypto_king_9999,5,10,22,2024-03-31,Earn $500/day from home.,1
tradebot_fx,72,32,20,2024-04-04,Making money online. DM for info.,1
fit_jessica,18388,12054,6334,2023-05-06,Book worm. r/books contributor.,0
nft_dropper_69,49,16,21,2024-05-01,,1
follow_back_101,69,37,11,2024-04-11,Earn $500/day from home.,1
b.scott.official,35822,28803,7019,2023-12-28,Hobbyist photographer. r/photography regular.,0
the_real_sam,324911,298441,26470,2014-12-08,Finance nerd. Index fund investor.,0
99882736450,78,48,23,2024-06-01,OnlyFans promo. 18+,1
amy_joy,407511,252474,155037,2019-03-11,Fitness addict. Marathon runner.,0
chris_builds,103188,82033,21155,2017-02-25,Finance nerd. Index fund investor.,0
nina_art,131919,94986,36933,2017-09-05,Fitness addict. Marathon runner.,0
xXx_profit_xXx,6,10,22,2024-04-01,Earn $500/day from home.,1
nina_art,93860,70086,23774,2021-08-15,Amateur chef. Love r/cooking.,0
the_real_sam,401,206,195,2011-10-05,Amateur chef. Love r/cooking.,0
crypto_king_9999,16,23,23,2024-04-23,,1
john_doe,332447,258463,73984,2018-03-27,Board game collector. r/boardgames mod.,0
lisa_writes,372209,352402,19807,2013-08-06,Fitness addict. Marathon runner.,0
9182736450,22,35,29,2024-04-17,Forex expert. 99% win rate.,1
free_follower_bot,45,45,21,2024-04-09,Making money online. DM for info.,1
free_followers_now,42,48,16,2024-03-14,OnlyFans promo. 18+,1
user8374629,74,14,26,2024-04-17,Crypto trader. Free signals in bio.,1
alex_travel,135708,91393,44315,2017-06-17,Regular reddit user. Gaming and tech.,0
lisa_writes,402275,295505,106770,2018-08-01,Lurker turned commenter. Python dev.,0
99882736450,56,8,27,2024-03-23,Making money online. DM for info.,1
real_human_01234,4,36,27,2024-03-25,OnlyFans promo. 18+,1
emma.j,62855,32930,29925,2024-01-19,Finance nerd. Index fund investor.,0
daniel_f,479138,353982,125156,2014-04-29,Lurker turned commenter. Python dev.,0
everyday_elena,33120,26633,6487,2016-05-17,Book worm. r/books contributor.,0
tom_techie,360637,323781,36856,2016-12-13,Book worm. r/books contributor.,0
free_follower_bot,56,48,25,2024-04-14,,1
zz_promo_zz,20,16,14,2024-03-12,Making money online. DM for info.,1
q7w8e9r0t1y2,29,48,8,2024-05-08,,1
zz_promo_zz,28,19,2,2024-03-15,Forex expert. 99% win rate.,1
lena_captures,122909,79331,43578,2013-03-16,Finance nerd. Index fund investor.,0
real_human_01234,35,21,23,2024-04-21,Forex expert. 99% win rate.,1
q7w8e9r0t1y2,73,14,3,2024-05-27,,1
the_real_sam,138417,105988,32429,2017-06-18,Board game collector. r/boardgames mod.,0
nft_dropper_69,1,39,7,2024-05-28,Forex expert. 99% win rate.,1
a8f7d3k9p2,77,14,0,2024-04-11,Forex expert. 99% win rate.,1
99882736450,8,8,11,2024-03-22,Crypto trader. Free signals in bio.,1
mike_2023,112871,102705,10166,2023-09-26,Fitness addict. Marathon runner.,0
crypto_king_9999,28,47,3,2024-05-23,Crypto trader. Free signals in bio.,1
chef_marco,112530,75650,36880,2011-12-26,Board game collector. r/boardgames mod.,0
9182736450,24,26,5,2024-05-16,Forex expert. 99% win rate.,1
mark_adventure,9405,8728,677,2020-06-30,Hobbyist photographer. r/photography regular.,0
paul_runs,183899,143871,40028,2021-04-18,Amateur chef. Love r/cooking.,0
chris_builds,186787,169672,17115,2016-01-13,Fitness addict. Marathon runner.,0
dev_pete,167780,136455,31325,2016-04-08,Regular reddit user. Gaming and tech.,0
bot_account_7,24,28,5,2024-05-22,OnlyFans promo. 18+,1
q7w8e9r0t1y2,3,3,29,2024-04-13,,1
chef_marco,431299,365439,65860,2018-01-27,Regular reddit user. Gaming and tech.,0
photo_by_anna,117934,88191,29743,2022-02-13,Amateur chef. Love r/cooking.,0
get_rich_88,8,47,20,2024-05-19,Earn $500/day from home.,1
real_human_01234,60,43,7,2024-04-05,,1
surf_with_evan,498492,317064,181428,2015-09-09,Board game collector. r/boardgames mod.,0
99882736450,2,33,3,2024-05-13,,1
free_followers_now,77,3,27,2024-05-07,Earn $500/day from home.,1
paul_runs,109229,61946,47283,2019-12-05,Hobbyist photographer. r/photography regular.,0
code_master,293324,163127,130197,2019-03-23,Astronomy hobbyist. r/space regular.,0
tradebot_fx,9,15,21,2024-05-18,Earn $500/day from home.,1
a8f7d3k9p2,79,32,14,2024-04-24,Crypto trader. Free signals in bio.,1
free_followers_now,66,33,19,2024-05-09,Making money online. DM for info.,1
mike_2023,121153,75033,46120,2011-05-18,Hobbyist photographer. r/photography regular.,0
acc29471838,34,48,15,2024-04-15,Earn $500/day from home.,1
q7w8e9r0t1y2,36,4,5,2024-05-23,Forex expert. 99% win rate.,1
paul_runs,26705,14507,12198,2018-09-08,Astronomy hobbyist. r/space regular.,0
dev_pete,211451,186092,25359,2012-05-18,Hobbyist photographer. r/photography regular.,0
tom_techie,16108,9874,6234,2017-10-27,Amateur chef. Love r/cooking.,0
zz_promo_zz,12,18,24,2024-04-29,,1
nft_dropper_69,73,7,7,2024-04-26,Making money online. DM for info.,1
mike_2023,387633,198024,189609,2014-09-30,Finance nerd. Index fund investor.,0
everyday_elena,39287,36090,3197,2021-09-04,Fitness addict. Marathon runner.,0
crypto_king_9999,28,45,7,2024-03-17,,1
b.scott.official,295303,172541,122762,2020-11-14,Hobbyist photographer. r/photography regular.,0
mindful_maya,134029,110524,23505,2019-06-27,I post memes and comment on news.,0
sarah_smith,209419,190626,18793,2013-04-18,Astronomy hobbyist. r/space regular.,0
free_followers_now,12,24,2,2024-03-16,,1
chris_builds,128717,65616,63101,2016-01-04,Book worm. r/books contributor.,0
everyday_elena,418137,231347,186790,2017-02-01,PC gamer. r/buildapc helper.,0
1234567890ab,73,31,26,2024-03-21,,1
q7w8e9r0t1y2,45,6,15,2024-05-27,Forex expert. 99% win rate.,1
zz_promo_zz,75,6,25,2024-04-01,OnlyFans promo. 18+,1
q7w8e9r0t1y2,55,48,15,2024-03-31,,1
grace_beauty,331444,210786,120658,2017-02-09,Astronomy hobbyist. r/space regular.,0
mike_2023,337812,232548,105264,2020-11-15,Hobbyist photographer. r/photography regular.,0
creative_dan,195189,111856,83333,2014-10-12,Science enthusiast. PhD in Biology.,0
nft_dropper_69,23,20,1,2024-03-13,Making money online. DM for info.,1
sarah_smith,194417,128325,66092,2014-09-29,I post memes and comment on news.,0
9182736450,13,47,3,2024-05-31,,1
sarah_smith,256648,167713,88935,2022-05-17,Board game collector. r/boardgames mod.,0
earn_fast_2024,30,41,20,2024-03-12,OnlyFans promo. 18+,1
a8f7d3k9p2,16,49,13,2024-04-17,OnlyFans promo. 18+,1
xXx_profit_xXx,43,9,2,2024-03-11,OnlyFans promo. 18+,1
1234567890ab,22,25,2,2024-04-08,,1
a8f7d3k9p2,9,17,18,2024-05-23,Earn $500/day from home.,1
9182736450,55,14,18,2024-05-01,Making money online. DM for info.,1
nina_art,173982,129060,44922,2019-12-01,Amateur chef. Love r/cooking.,0
a8f7d3k9p2,48,18,11,2024-05-29,,1
nft_dropper_69,66,19,21,2024-03-12,Crypto trader. Free signals in bio.,1
user8374629,5,11,10,2024-04-16,Earn $500/day from home.,1
free_followers_now,57,16,18,2024-04-11,Forex expert. 99% win rate.,1
follow_back_101,16,38,1,2024-05-28,Forex expert. 99% win rate.,1
creative_dan,126481,81711,44770,2022-07-08,Finance nerd. Index fund investor.,0
user8374629,39,6,5,2024-03-29,Forex expert. 99% win rate.,1
get_rich_88,26,38,17,2024-04-01,,1
alex_travel,351881,179582,172299,2022-10-20,PC gamer. r/buildapc helper.,0
9182736450,24,46,3,2024-03-25,,1
code_master,421819,221556,200263,2020-04-06,I post memes and comment on news.,0
botanist_beth,268287,167441,100846,2011-07-22,Book worm. r/books contributor.,0
grace_beauty,401822,315929,85893,2015-12-18,Astronomy hobbyist. r/space regular.,0
botanist_beth,104768,60615,44153,2019-10-07,I post memes and comment on news.,0
airdrop_winner99,20,39,15,2024-04-16,Making money online. DM for info.,1
daniel_f,478951,250888,228063,2015-02-27,Amateur chef. Love r/cooking.,0
crypto_king_9999,79,20,11,2024-05-25,Earn $500/day from home.,1
fit_jessica,35411,21001,14410,2010-12-13,Book worm. r/books contributor.,0
tom_techie,240348,135672,104676,2021-07-22,Amateur chef. Love r/cooking.,0
free_followers_now,70,10,16,2024-05-13,Crypto trader. Free signals in bio.,1
everyday_elena,440537,312158,128379,2012-11-25,PC gamer. r/buildapc helper.,0
lena_captures,452238,427326,24912,2011-01-08,Regular reddit user. Gaming and tech.,0
crypto_king_9999,24,49,0,2024-04-14,Making money online. DM for info.,1
tom_techie,189623,162446,27177,2015-05-11,PC gamer. r/buildapc helper.,0
q7w8e9r0t1y2,66,12,24,2024-05-28,Forex expert. 99% win rate.,1
mindful_maya,197610,184858,12752,2022-04-07,Regular reddit user. Gaming and tech.,0
99882736450,3,17,0,2024-05-04,Forex expert. 99% win rate.,1
airdrop_winner99,10,10,23,2024-04-08,Earn $500/day from home.,1
airdrop_winner99,56,22,8,2024-04-18,Making money online. DM for info.,1
the_real_sam,74432,59372,15060,2016-08-06,PC gamer. r/buildapc helper.,0
dev_pete,2849,1684,1165,2019-06-02,Board game collector. r/boardgames mod.,0
acc29471838,77,39,9,2024-05-03,OnlyFans promo. 18+,1
earn_fast_2024,32,17,24,2024-04-10,,1
tom_techie,240961,211412,29549,2011-12-29,Amateur chef. Love r/cooking.,0
free_follower_bot,63,13,7,2024-05-08,OnlyFans promo. 18+,1
chris_builds,103163,90049,13114,2018-10-14,Science enthusiast. PhD in Biology.,0
chef_marco,494919,430111,64808,2023-04-08,Amateur chef. Love r/cooking.,0
nft_dropper_69,16,6,5,2024-03-12,Forex expert. 99% win rate.,1
free_followers_now,7,11,24,2024-04-25,Earn $500/day from home.,1
1234567890ab,40,8,20,2024-05-01,OnlyFans promo. 18+,1
real_human_01234,40,27,14,2024-03-24,,1
john_doe,266683,220207,46476,2023-01-11,Amateur chef. Love r/cooking.,0
daniel_f,384121,224767,159354,2016-07-21,Amateur chef. Love r/cooking.,0
the_real_sam,332983,213275,119708,2020-06-29,Finance nerd. Index fund investor.,0
journeys_with_kai,117974,68879,49095,2018-12-20,Finance nerd. Index fund investor.,0
botanist_beth,231375,154602,76773,2016-07-26,Astronomy hobbyist. r/space regular.,0
mark_adventure,81797,50597,31200,2021-09-05,Finance nerd. Index fund investor.,0
a8f7d3k9p2,5,29,8,2024-05-08,OnlyFans promo. 18+,1
zz_promo_zz,74,21,8,2024-04-10,Forex expert. 99% win rate.,1
surf_with_evan,191410,95961,95449,2022-10-31,Board game collector. r/boardgames mod.,0
code_master,203983,164612,39371,2016-10-19,Regular reddit user. Gaming and tech.,0
xXx_profit_xXx,36,40,1,2024-03-28,,1
code_master,356495,279804,76691,2013-11-12,Regular reddit user. Gaming and tech.,0
paul_runs,221217,116834,104383,2022-08-18,Finance nerd. Index fund investor.,0
grace_beauty,367604,337647,29957,2011-01-04,Science enthusiast. PhD in Biology.,0
chris_builds,494496,367496,127000,2014-11-01,Hobbyist photographer. r/photography regular.,0
free_follower_bot,53,47,13,2024-04-03,Earn $500/day from home.,1
zz_promo_zz,70,21,13,2024-05-18,Earn $500/day from home.,1
user8374629,3,33,5,2024-04-11,Crypto trader. Free signals in bio.,1
mike_2023,430357,237721,192636,2018-06-19,I post memes and comment on news.,0
mike_2023,439222,334896,104326,2015-10-23,PC gamer. r/buildapc helper.,0
paul_runs,318096,286444,31652,2023-04-21,Science enthusiast. PhD in Biology.,0
follow_back_101,58,14,23,2024-05-30,Making money online. DM for info.,1
zz_promo_zz,46,14,12,2024-05-07,,1
creative_dan,226859,125895,100964,2024-02-13,Regular reddit user. Gaming and tech.,0
code_master,120018,75110,44908,2020-10-19,Hobbyist photographer. r/photography regular.,0
xXx_profit_xXx,12,31,11,2024-04-20,OnlyFans promo. 18+,1
mindful_maya,38963,22592,16371,2018-11-01,Fitness addict. Marathon runner.,0
zz_promo_zz,52,35,18,2024-03-09,Forex expert. 99% win rate.,1
john_doe,441113,311866,129247,2016-02-04,Finance nerd. Index fund investor.,0
botanist_beth,352643,323196,29447,2011-10-08,Board game collector. r/boardgames mod.,0
tradebot_fx,44,12,20,2024-05-26,Crypto trader. Free signals in bio.,1
grace_beauty,397988,247967,150021,2018-09-05,Fitness addict. Marathon runner.,0
xXx_profit_xXx,16,19,24,2024-04-30,,1
acc29471838,9,6,13,2024-03-31,,1
q7w8e9r0t1y2,40,8,17,2024-04-23,Making money online. DM for info.,1
chris_builds,250060,151111,98949,2023-04-08,PC gamer. r/buildapc helper.,0
bot_account_7,57,2,7,2024-03-30,Crypto trader. Free signals in bio.,1
bot_account_7,29,47,28,2024-05-29,Forex expert. 99% win rate.,1
journeys_with_kai,144218,129125,15093,2017-07-16,PC gamer. r/buildapc helper.,0
earn_fast_2024,46,8,13,2024-05-31,OnlyFans promo. 18+,1
code_master,27682,14740,12942,2013-04-27,Amateur chef. Love r/cooking.,0
dev_pete,203545,160664,42881,2014-08-13,Amateur chef. Love r/cooking.,0
paul_runs,45941,27241,18700,2017-03-23,Finance nerd. Index fund investor.,0
surf_with_evan,90183,51977,38206,2012-03-14,Regular reddit user. Gaming and tech.,0
lena_captures,232,157,75,2013-11-11,Astronomy hobbyist. r/space regular.,0
q7w8e9r0t1y2,72,17,23,2024-03-13,Making money online. DM for info.,1
nft_dropper_69,15,3,1,2024-04-02,Crypto trader. Free signals in bio.,1
grace_beauty,321066,240636,80430,2011-04-25,Lurker turned commenter. Python dev.,0
airdrop_winner99,15,2,25,2024-04-13,,1
the_real_sam,426485,361039,65446,2011-04-27,Science enthusiast. PhD in Biology.,0
real_human_01234,43,3,1,2024-05-28,,1
journeys_with_kai,175036,153113,21923,2012-09-06,Astronomy hobbyist. r/space regular.,0
mindful_maya,331877,237526,94351,2021-03-22,Book worm. r/books contributor.,0
1234567890ab,24,0,23,2024-05-04,OnlyFans promo. 18+,1
nft_dropper_69,78,38,16,2024-04-17,Forex expert. 99% win rate.,1
grace_beauty,369230,225258,143972,2013-02-05,Board game collector. r/boardgames mod.,0
a8f7d3k9p2,14,22,5,2024-03-07,Crypto trader. Free signals in bio.,1
chris_builds,244474,223087,21387,2021-01-05,Fitness addict. Marathon runner.,0
paul_runs,436117,357058,79059,2013-02-14,Fitness addict. Marathon runner.,0
paul_runs,448458,346634,101824,2019-02-15,Book worm. r/books contributor.,0
zz_promo_zz,38,20,23,2024-03-04,OnlyFans promo. 18+,1
follow_back_101,72,27,28,2024-04-06,Forex expert. 99% win rate.,1
acc29471838,13,49,5,2024-04-19,Making money online. DM for info.,1
sarah_smith,321251,286360,34891,2010-12-14,Amateur chef. Love r/cooking.,0
paul_runs,293654,274311,19343,2015-02-04,PC gamer. r/buildapc helper.,0
tom_techie,151383,113042,38341,2019-05-17,Book worm. r/books contributor.,0
the_real_sam,112247,103140,9107,2015-06-03,I post memes and comment on news.,0
alex_travel,202965,144535,58430,2021-05-28,Hobbyist photographer. r/photography regular.,0
paul_runs,161162,89096,72066,2019-11-10,Finance nerd. Index fund investor.,0
john_doe,268964,229124,39840,2018-05-08,Astronomy hobbyist. r/space regular.,0
tradebot_fx,25,35,3,2024-04-18,OnlyFans promo. 18+,1
code_master,176322,107596,68726,2015-09-16,Book worm. r/books contributor.,0
paul_runs,403003,371033,31970,2017-01-08,Fitness addict. Marathon runner.,0
1234567890ab,70,41,16,2024-04-10,,1
grace_beauty,339656,276036,63620,2010-12-15,Astronomy hobbyist. r/space regular.,0
b.scott.official,481132,422723,58409,2020-10-07,Hobbyist photographer. r/photography regular.,0
everyday_elena,444665,414649,30016,2018-12-23,Hobbyist photographer. r/photography regular.,0
nft_dropper_69,21,37,22,2024-03-05,Making money online. DM for info.,1
code_master,480989,380764,100225,2016-03-01,Finance nerd. Index fund investor.,0
creative_dan,402038,346288,55750,2014-01-26,Regular reddit user. Gaming and tech.,0
journeys_with_kai,124700,77560,47140,2010-12-25,Amateur chef. Love r/cooking.,0
alex_travel,73428,38876,34552,2017-09-16,Board game collector. r/boardgames mod.,0
follow_back_101,55,1,16,2024-03-28,,1
xXx_profit_xXx,4,29,3,2024-05-21,Forex expert. 99% win rate.,1
code_master,308207,265892,42315,2013-08-04,Book worm. r/books contributor.,0
mindful_maya,132516,119401,13115,2019-03-09,Fitness addict. Marathon runner.,0
fit_jessica,221165,149832,71333,2021-09-26,Board game collector. r/boardgames mod.,0
99882736450,18,29,5,2024-05-04,Crypto trader. Free signals in bio.,1
emma.j,419551,340009,79542,2024-02-19,Board game collector. r/boardgames mod.,0
the_real_sam,481746,378122,103624,2020-09-21,Hobbyist photographer. r/photography regular.,0
the_real_sam,182427,130584,51843,2021-01-22,Astronomy hobbyist. r/space regular.,0
botanist_beth,55597,48031,7566,2021-05-05,Amateur chef. Love r/cooking.,0
creative_dan,199872,137562,62310,2013-05-20,Fitness addict. Marathon runner.,0
bot_account_7,14,38,24,2024-03-22,Crypto trader. Free signals in bio.,1
mindful_maya,426958,255558,171400,2015-03-02,Science enthusiast. PhD in Biology.,0
tom_techie,244176,163190,80986,2019-04-16,Hobbyist photographer. r/photography regular.,0
zz_promo_zz,18,40,22,2024-04-29,Crypto trader. Free signals in bio.,1
9182736450,75,25,23,2024-04-24,Forex expert. 99% win rate.,1
mike_2023,14640,9690,4950,2012-11-14,I post memes and comment on news.,0
bot_account_7,22,21,1,2024-04-30,Earn $500/day from home.,1
tradebot_fx,60,22,2,2024-03-20,Forex expert. 99% win rate.,1
amy_joy,1314,969,345,2015-01-01,Finance nerd. Index fund investor.,0
sarah_smith,117052,63897,53155,2022-11-11,Hobbyist photographer. r/photography regular.,0
a8f7d3k9p2,6,12,17,2024-05-22,OnlyFans promo. 18+,1
mark_adventure,51989,37997,13992,2017-11-22,Regular reddit user. Gaming and tech.,0
crypto_king_9999,69,44,4,2024-05-29,OnlyFans promo. 18+,1
mike_2023,311183,202980,108203,2011-02-01,Regular reddit user. Gaming and tech.,0
q7w8e9r0t1y2,52,5,4,2024-04-18,,1
99882736450,35,32,19,2024-05-12,OnlyFans promo. 18+,1
chris_builds,310462,174006,136456,2022-01-24,I post memes and comment on news.,0
airdrop_winner99,19,20,7,2024-04-12,Earn $500/day from home.,1
zz_promo_zz,63,46,3,2024-06-01,OnlyFans promo. 18+,1
9182736450,42,23,25,2024-04-30,,1
lisa_writes,226843,213188,13655,2016-09-26,Regular reddit user. Gaming and tech.,0
real_human_01234,70,5,24,2024-03-07,Forex expert. 99% win rate.,1
user8374629,28,14,0,2024-05-19,OnlyFans promo. 18+,1
creative_dan,307127,221336,85791,2022-01-03,Astronomy hobbyist. r/space regular.,0
daniel_f,134424,119662,14762,2015-04-15,Fitness addict. Marathon runner.,0
creative_dan,440550,248530,192020,2019-12-10,Lurker turned commenter. Python dev.,0
mindful_maya,295430,280150,15280,2018-01-03,Finance nerd. Index fund investor.,0
creative_dan,43900,35985,7915,2021-10-17,Regular reddit user. Gaming and tech.,0
surf_with_evan,412828,247180,165648,2010-11-09,Science enthusiast. PhD in Biology.,0
daniel_f,380483,215907,164576,2021-03-15,Astronomy hobbyist. r/space regular.,0
everyday_elena,6367,4262,2105,2020-10-30,Lurker turned commenter. Python dev.,0
amy_joy,269282,146529,122753,2016-12-28,Finance nerd. Index fund investor.,0
earn_fast_2024,1,19,20,2024-05-22,Earn $500/day from home.,1
emma.j,461607,352728,108879,2024-01-24,Lurker turned commenter. Python dev.,0
99882736450,46,40,29,2024-03-18,Earn $500/day from home.,1
paul_runs,156195,121810,34385,2014-07-15,Astronomy hobbyist. r/space regular.,0
real_human_01234,36,29,23,2024-03-08,,1
dev_pete,148091,75076,73015,2018-09-12,Astronomy hobbyist. r/space regular.,0
mindful_maya,182722,154072,28650,2018-05-03,Book worm. r/books contributor.,0
nft_dropper_69,69,8,21,2024-03-29,,1
follow_back_101,20,15,24,2024-03-15,Earn $500/day from home.,1
real_human_01234,29,42,16,2024-05-01,Earn $500/day from home.,1
surf_with_evan,13419,9672,3747,2011-07-02,Hobbyist photographer. r/photography regular.,0
paul_runs,53870,48722,5148,2013-04-07,Science enthusiast. PhD in Biology.,0
daniel_f,363600,200880,162720,2016-12-27,Astronomy hobbyist. r/space regular.,0
xXx_profit_xXx,63,4,6,2024-03-13,Earn $500/day from home.,1
earn_fast_2024,64,46,13,2024-04-05,OnlyFans promo. 18+,1
1234567890ab,56,7,22,2024-03-28,Forex expert. 99% win rate.,1
zz_promo_zz,40,44,18,2024-03-08,Crypto trader. Free signals in bio.,1
xXx_profit_xXx,48,36,29,2024-03-04,Forex expert. 99% win rate.,1
surf_with_evan,354839,290709,64130,2013-04-07,I post memes and comment on news.,0
john_doe,440423,322640,117783,2021-12-21,Lurker turned commenter. Python dev.,0
everyday_elena,103267,80593,22674,2017-04-16,Astronomy hobbyist. r/space regular.,0
xXx_profit_xXx,69,17,26,2024-04-11,Making money online. DM for info.,1
b.scott.official,112649,83486,29163,2020-02-04,PC gamer. r/buildapc helper.,0
earn_fast_2024,53,36,22,2024-03-16,,1
bot_account_7,20,35,0,2024-03-23,,1
code_master,125740,105943,19797,2021-07-21,Regular reddit user. Gaming and tech.,0
follow_back_101,19,1,23,2024-04-17,Earn $500/day from home.,1
a8f7d3k9p2,29,43,4,2024-04-08,Crypto trader. Free signals in bio.,1
99882736450,63,31,9,2024-05-09,Making money online. DM for info.,1
airdrop_winner99,49,25,1,2024-03-07,,1
zz_promo_zz,51,14,2,2024-04-10,OnlyFans promo. 18+,1
crypto_king_9999,11,15,14,2024-05-26,Earn $500/day from home.,1
99882736450,17,18,28,2024-04-23,,1
lisa_writes,490099,352512,137587,2020-01-09,Fitness addict. Marathon runner.,0
user8374629,49,4,29,2024-04-15,,1
john_doe,268770,187128,81642,2023-08-24,Hobbyist photographer. r/photography regular.,0
get_rich_88,8,6,12,2024-05-02,,1
code_master,191453,111117,80336,2013-08-15,I post memes and comment on news.,0
earn_fast_2024,59,3,15,2024-04-14,Crypto trader. Free signals in bio.,1
xXx_profit_xXx,32,48,29,2024-04-19,OnlyFans promo. 18+,1
dev_pete,215233,123505,91728,2022-06-14,Book worm. r/books contributor.,0
a8f7d3k9p2,43,6,3,2024-05-15,Making money online. DM for info.,1
photo_by_anna,37822,19995,17827,2019-12-12,I post memes and comment on news.,0
mindful_maya,96601,56591,40010,2024-01-14,Lurker turned commenter. Python dev.,0
tradebot_fx,2,25,29,2024-04-14,OnlyFans promo. 18+,1
q7w8e9r0t1y2,23,6,3,2024-05-05,,1
xXx_profit_xXx,69,30,29,2024-05-09,,1
botanist_beth,266077,219271,46806,2022-08-11,Regular reddit user. Gaming and tech.,0
b.scott.official,271091,240914,30177,2018-04-29,PC gamer. r/buildapc helper.,0
q7w8e9r0t1y2,49,43,19,2024-05-26,,1
q7w8e9r0t1y2,32,19,16,2024-04-19,Earn $500/day from home.,1
the_real_sam,125220,81606,43614,2018-09-02,Hobbyist photographer. r/photography regular.,0
journeys_with_kai,375837,296585,79252,2018-02-11,I post memes and comment on news.,0
free_follower_bot,15,35,4,2024-03-21,Forex expert. 99% win rate.,1
nft_dropper_69,72,18,13,2024-03-09,,1
free_followers_now,4,42,1,2024-04-23,Forex expert. 99% win rate.,1
lena_captures,63318,40133,23185,2011-08-25,Board game collector. r/boardgames mod.,0
follow_back_101,32,3,17,2024-05-24,,1
user8374629,11,34,4,2024-05-17,Earn $500/day from home.,1
john_doe,257559,166698,90861,2016-08-05,Board game collector. r/boardgames mod.,0
earn_fast_2024,12,30,20,2024-04-17,,1
mike_2023,342345,245310,97035,2019-10-02,Finance nerd. Index fund investor.,0
xXx_profit_xXx,15,20,11,2024-04-18,Forex expert. 99% win rate.,1
bot_account_7,1,5,4,2024-03-12,Earn $500/day from home.,1
dev_pete,173868,159244,14624,2023-12-02,Science enthusiast. PhD in Biology.,0
q7w8e9r0t1y2,45,0,10,2024-04-20,Earn $500/day from home.,1
q7w8e9r0t1y2,5,32,19,2024-05-14,Crypto trader. Free signals in bio.,1
99882736450,62,32,15,2024-03-21,Making money online. DM for info.,1
nft_dropper_69,42,13,24,2024-04-10,,1
q7w8e9r0t1y2,31,47,9,2024-05-22,OnlyFans promo. 18+,1
mindful_maya,2594,1874,720,2021-03-04,Astronomy hobbyist. r/space regular.,0
real_human_01234,42,39,23,2024-03-04,OnlyFans promo. 18+,1
follow_back_101,62,27,26,2024-04-24,Making money online. DM for info.,1
photo_by_anna,495434,416905,78529,2014-05-09,Science enthusiast. PhD in Biology.,0
airdrop_winner99,0,9,15,2024-03-31,,1
q7w8e9r0t1y2,12,11,5,2024-04-12,,1
botanist_beth,289845,230751,59094,2020-09-26,Science enthusiast. PhD in Biology.,0
q7w8e9r0t1y2,38,17,5,2024-04-27,Crypto trader. Free signals in bio.,1
earn_fast_2024,30,36,24,2024-03-28,OnlyFans promo. 18+,1
user8374629,8,21,8,2024-05-28,Making money online. DM for info.,1
tradebot_fx,45,33,5,2024-04-08,Forex expert. 99% win rate.,1
fit_jessica,184942,123983,60959,2021-08-30,Finance nerd. Index fund investor.,0
a8f7d3k9p2,36,10,26,2024-05-18,Forex expert. 99% win rate.,1
code_master,276793,208696,68097,2023-05-12,Astronomy hobbyist. r/space regular.,0
fit_jessica,220293,157486,62807,2021-10-16,Book worm. r/books contributor.,0
dev_pete,448270,386766,61504,2014-07-08,Board game collector. r/boardgames mod.,0
1234567890ab,2,26,23,2024-03-16,,1
acc29471838,43,11,23,2024-04-05,,1
the_real_sam,231712,120231,111481,2020-12-13,Hobbyist photographer. r/photography regular.,0
b.scott.official,129340,82417,46923,2023-02-07,PC gamer. r/buildapc helper.,0
paul_runs,114924,82026,32898,2021-05-20,Finance nerd. Index fund investor.,0
fit_jessica,99654,60216,39438,2011-10-19,Book worm. r/books contributor.,0
nina_art,461991,380899,81092,2018-03-05,Board game collector. r/boardgames mod.,0
dev_pete,138511,82317,56194,2014-09-27,Book worm. r/books contributor.,0
surf_with_evan,333914,241134,92780,2012-01-26,Book worm. r/books contributor.,0
get_rich_88,47,40,26,2024-04-17,,1
zz_promo_zz,71,5,10,2024-05-16,,1
99882736450,9,49,4,2024-03-31,,1
earn_fast_2024,74,12,16,2024-03-13,Earn $500/day from home.,1
q7w8e9r0t1y2,48,34,0,2024-06-01,Forex expert. 99% win rate.,1
chris_builds,135000,115405,19595,2016-08-26,Lurker turned commenter. Python dev.,0
free_followers_now,12,44,1,2024-03-16,Earn $500/day from home.,1
99882736450,6,22,22,2024-05-25,Crypto trader. Free signals in bio.,1
mindful_maya,338034,220375,117659,2013-11-16,Amateur chef. Love r/cooking.,0
9182736450,33,22,4,2024-03-15,OnlyFans promo. 18+,1
alex_travel,180436,162562,17874,2012-06-12,Finance nerd. Index fund investor.,0
dev_pete,208845,151998,56847,2014-09-01,Finance nerd. Index fund investor.,0
crypto_king_9999,48,30,9,2024-04-06,Earn $500/day from home.,1
lena_captures,467674,298113,169561,2021-01-25,Lurker turned commenter. Python dev.,0
free_followers_now,75,17,24,2024-04-12,Making money online. DM for info.,1
free_follower_bot,75,18,14,2024-05-08,,1
a8f7d3k9p2,62,42,3,2024-05-04,Crypto trader. Free signals in bio.,1
a8f7d3k9p2,71,47,29,2024-05-31,,1
free_followers_now,44,14,12,2024-03-17,Making money online. DM for info.,1
everyday_elena,428116,289209,138907,2011-10-20,Science enthusiast. PhD in Biology.,0
nft_dropper_69,55,8,28,2024-04-16,,1
zz_promo_zz,13,47,21,2024-04-17,Making money online. DM for info.,1
99882736450,25,8,21,2024-04-08,,1
the_real_sam,83576,57263,26313,2018-06-20,Fitness addict. Marathon runner.,0
paul_runs,248696,216386,32310,2016-04-19,Book worm. r/books contributor.,0
tradebot_fx,37,14,25,2024-03-13,Making money online. DM for info.,1
fit_jessica,357541,312157,45384,2015-04-07,Lurker turned commenter. Python dev.,0
mike_2023,52150,36642,15508,2018-05-19,Science enthusiast. PhD in Biology.,0
get_rich_88,3,47,14,2024-04-26,,1
9182736450,21,1,25,2024-03-07,,1
everyday_elena,465604,415930,49674,2017-03-08,Amateur chef. Love r/cooking.,0
9182736450,71,27,2,2024-05-01,,1
zz_promo_zz,22,49,3,2024-04-28,,1
code_master,339845,296745,43100,2021-01-06,Finance nerd. Index fund investor.,0
zz_promo_zz,64,11,23,2024-03-10,,1
xXx_profit_xXx,27,9,19,2024-03-06,,1
nft_dropper_69,33,40,26,2024-05-29,Forex expert. 99% win rate.,1
nft_dropper_69,58,12,13,2024-03-21,Forex expert. 99% win rate.,1
q7w8e9r0t1y2,20,49,1,2024-04-26,,1
1234567890ab,18,5,18,2024-03-23,,1
9182736450,78,8,28,2024-04-15,Forex expert. 99% win rate.,1
bot_account_7,66,42,13,2024-05-11,Crypto trader. Free signals in bio.,1
get_rich_88,47,7,3,2024-04-06,Making money online. DM for info.,1
bot_account_7,73,29,7,2024-03-18,Crypto trader. Free signals in bio.,1
9182736450,75,22,7,2024-03-05,Earn $500/day from home.,1
1234567890ab,10,16,20,2024-05-09,Earn $500/day from home.,1
grace_beauty,99449,93346,6103,2020-02-28,Lurker turned commenter. Python dev.,0
lena_captures,228417,120390,108027,2022-08-24,Hobbyist photographer. r/photography regular.,0
xXx_profit_xXx,51,8,2,2024-05-28,Crypto trader. Free signals in bio.,1
user8374629,9,19,19,2024-03-28,,1
a8f7d3k9p2,9,49,21,2024-03-18,OnlyFans promo. 18+,1
tom_techie,257361,178938,78423,2017-02-27,PC gamer. r/buildapc helper.,0
code_master,79799,75651,4148,2022-10-11,Amateur chef. Love r/cooking.,0
chris_builds,391906,313578,78328,2017-03-29,Fitness addict. Marathon runner.,0
nft_dropper_69,35,16,18,2024-03-24,,1
get_rich_88,17,1,0,2024-04-11,Earn $500/day from home.,1
xXx_profit_xXx,70,25,21,2024-04-19,OnlyFans promo. 18+,1
a8f7d3k9p2,45,35,14,2024-05-06,OnlyFans promo. 18+,1
chris_builds,407693,298062,109631,2018-09-07,Science enthusiast. PhD in Biology.,0
fit_jessica,193359,150320,43039,2021-01-01,Hobbyist photographer. r/photography regular.,0
botanist_beth,200812,100460,100352,2011-07-26,Fitness addict. Marathon runner.,0
lisa_writes,137864,103840,34024,2023-01-15,Book worm. r/books contributor.,0
a8f7d3k9p2,18,23,16,2024-03-21,OnlyFans promo. 18+,1
get_rich_88,79,4,7,2024-04-06,OnlyFans promo. 18+,1
amy_joy,282464,263793,18671,2016-04-13,Amateur chef. Love r/cooking.,0
photo_by_anna,385842,272274,113568,2011-10-25,I post memes and comment on news.,0
dev_pete,11779,6897,4882,2010-12-10,Hobbyist photographer. r/photography regular.,0
surf_with_evan,23773,18339,5434,2014-08-19,Book worm. r/books contributor.,0
tom_techie,307789,241476,66313,2023-11-30,Fitness addict. Marathon runner.,0
free_followers_now,29,8,3,2024-05-27,Crypto trader. Free signals in bio.,1
fit_jessica,283752,208958,74794,2023-05-22,I post memes and comment on news.,0
9182736450,36,11,18,2024-05-06,Making money online. DM for info.,1
dev_pete,19887,17146,2741,2013-10-24,Amateur chef. Love r/cooking.,0
99882736450,39,24,27,2024-05-30,Forex expert. 99% win rate.,1
get_rich_88,41,16,21,2024-04-05,Forex expert. 99% win rate.,1
follow_back_101,54,4,3,2024-03-25,Earn $500/day from home.,1
tom_techie,433171,356749,76422,2022-12-12,Finance nerd. Index fund investor.,0
zz_promo_zz,75,10,21,2024-05-14,Forex expert. 99% win rate.,1
mark_adventure,418150,288647,129503,2021-02-25,Science enthusiast. PhD in Biology.,0
sarah_smith,142080,98552,43528,2020-05-10,Finance nerd. Index fund investor.,0
airdrop_winner99,32,34,25,2024-03-05,,1
b.scott.official,139740,129757,9983,2022-02-07,Hobbyist photographer. r/photography regular.,0
zz_promo_zz,8,10,21,2024-04-29,Forex expert. 99% win rate.,1
free_follower_bot,5,46,1,2024-05-24,Earn $500/day from home.,1
user8374629,8,33,1,2024-03-08,Making money online. DM for info.,1
free_follower_bot,3,3,16,2024-04-11,OnlyFans promo. 18+,1
daniel_f,144239,115189,29050,2012-01-08,Regular reddit user. Gaming and tech.,0
b.scott.official,398745,329559,69186,2015-12-19,Regular reddit user. Gaming and tech.,0
a8f7d3k9p2,50,38,17,2024-03-21,Making money online. DM for info.,1
fit_jessica,395038,300572,94466,2022-08-13,Regular reddit user. Gaming and tech.,0
earn_fast_2024,38,5,29,2024-03-27,,1
creative_dan,11369,10343,1026,2014-05-12,Science enthusiast. PhD in Biology.,0
bot_account_7,72,34,16,2024-03-27,Forex expert. 99% win rate.,1
bot_account_7,39,11,21,2024-05-06,OnlyFans promo. 18+,1
grace_beauty,134372,90448,43924,2012-12-15,Board game collector. r/boardgames mod.,0
free_followers_now,72,22,7,2024-05-04,OnlyFans promo. 18+,1
mike_2023,275192,180077,95115,2012-10-29,Science enthusiast. PhD in Biology.,0
1234567890ab,45,9,28,2024-04-28,OnlyFans promo. 18+,1
b.scott.official,66294,40193,26101,2016-05-20,Fitness addict. Marathon runner.,0
botanist_beth,225367,171714,53653,2020-11-23,Book worm. r/books contributor.,0
everyday_elena,266385,243288,23097,2016-10-12,Book worm. r/books contributor.,0
get_rich_88,79,9,13,2024-04-27,Crypto trader. Free signals in bio.,1
everyday_elena,93478,72362,21116,2017-02-19,Lurker turned commenter. Python dev.,0
airdrop_winner99,75,33,22,2024-04-14,OnlyFans promo. 18+,1
journeys_with_kai,401454,229293,172161,2015-06-05,I post memes and comment on news.,0
grace_beauty,267487,161623,105864,2018-06-12,Fitness addict. Marathon runner.,0
mike_2023,247706,229968,17738,2014-03-19,Science enthusiast. PhD in Biology.,0
chris_builds,119123,87708,31415,2021-05-16,Board game collector. r/boardgames mod.,0
mindful_maya,77577,72359,5218,2012-12-12,Amateur chef. Love r/cooking.,0
tradebot_fx,18,29,27,2024-06-01,OnlyFans promo. 18+,1
daniel_f,38822,31459,7363,2024-02-05,Amateur chef. Love r/cooking.,0
john_doe,194753,127385,67368,2022-09-11,Lurker turned commenter. Python dev.,0
free_follower_bot,52,47,4,2024-05-25,OnlyFans promo. 18+,1
dev_pete,394582,211949,182633,2022-01-06,PC gamer. r/buildapc helper.,0
9182736450,78,0,1,2024-05-13,Crypto trader. Free signals in bio.,1
surf_with_evan,181279,104913,76366,2016-03-23,Book worm. r/books contributor.,0
journeys_with_kai,145909,114326,31583,2018-12-21,Amateur chef. Love r/cooking.,0
zz_promo_zz,15,32,18,2024-03-14,,1
paul_runs,180419,116234,64185,2014-04-16,I post memes and comment on news.,0
nft_dropper_69,79,15,29,2024-04-14,Earn $500/day from home.,1
mindful_maya,77246,59796,17450,2015-03-15,PC gamer. r/buildapc helper.,0
fit_jessica,181391,93622,87769,2019-03-21,Book worm. r/books contributor.,0
bot_account_7,39,8,12,2024-04-08,OnlyFans promo. 18+,1
q7w8e9r0t1y2,18,24,27,2024-04-06,Crypto trader. Free signals in bio.,1
q7w8e9r0t1y2,29,5,6,2024-03-26,Making money online. DM for info.,1
botanist_beth,377451,243349,134102,2018-04-16,Amateur chef. Love r/cooking.,0
mike_2023,398114,341888,56226,2019-03-22,Board game collector. r/boardgames mod.,0
free_followers_now,1,15,27,2024-04-25,,1
real_human_01234,34,0,22,2024-05-20,Forex expert. 99% win rate.,1
a8f7d3k9p2,66,18,14,2024-03-21,OnlyFans promo. 18+,1
earn_fast_2024,62,20,6,2024-03-09,Earn $500/day from home.,1
q7w8e9r0t1y2,19,36,25,2024-05-13,,1
sarah_smith,219653,113246,106407,2023-04-08,Board game collector. r/boardgames mod.,0
crypto_king_9999,27,36,29,2024-04-21,,1
tom_techie,380083,355553,24530,2012-09-01,PC gamer. r/buildapc helper.,0
q7w8e9r0t1y2,45,38,12,2024-04-20,OnlyFans promo. 18+,1
real_human_01234,76,30,3,2024-05-29,,1
free_follower_bot,1,15,5,2024-04-24,Making money online. DM for info.,1
amy_joy,449960,281043,168917,2022-04-04,Lurker turned commenter. Python dev.,0
bot_account_7,30,19,9,2024-05-04,Making money online. DM for info.,1
earn_fast_2024,10,10,10,2024-04-02,Crypto trader. Free signals in bio.,1
earn_fast_2024,24,33,4,2024-05-15,,1
everyday_elena,385226,303357,81869,2019-09-02,PC gamer. r/buildapc helper.,0
b.scott.official,457649,420781,36868,2019-11-19,Fitness addict. Marathon runner.,0
zz_promo_zz,15,13,0,2024-03-31,Forex expert. 99% win rate.,1
grace_beauty,296648,257201,39447,2016-05-18,Astronomy hobbyist. r/space regular.,0
nft_dropper_69,21,31,14,2024-04-03,OnlyFans promo. 18+,1
botanist_beth,416749,385008,31741,2016-12-21,Board game collector. r/boardgames mod.,0
alex_travel,149069,104052,45017,2010-11-26,Hobbyist photographer. r/photography regular.,0
lisa_writes,74327,65038,9289,2023-03-25,Hobbyist photographer. r/photography regular.,0
9182736450,65,27,4,2024-04-15,,1
mike_2023,204218,171093,33125,2013-09-18,Science enthusiast. PhD in Biology.,0
lena_captures,92035,78315,13720,2021-02-05,Regular reddit user. Gaming and tech.,0
mark_adventure,86890,76167,10723,2010-12-01,Book worm. r/books contributor.,0
tradebot_fx,49,25,28,2024-05-13,Making money online. DM for info.,1
code_master,446113,356027,90086,2017-03-19,Science enthusiast. PhD in Biology.,0
earn_fast_2024,66,24,21,2024-03-30,,1
bot_account_7,75,29,20,2024-05-25,OnlyFans promo. 18+,1
chef_marco,149810,126480,23330,2022-04-27,I post memes and comment on news.,0
nft_dropper_69,31,14,19,2024-03-06,Crypto trader. Free signals in bio.,1
b.scott.official,122005,89279,32726,2023-08-07,Amateur chef. Love r/cooking.,0
user8374629,49,15,3,2024-05-17,Making money online. DM for info.,1
crypto_king_9999,44,31,3,2024-05-18,OnlyFans promo. 18+,1
journeys_with_kai,47185,33364,13821,2020-04-09,Hobbyist photographer. r/photography regular.,0
zz_promo_zz,28,31,14,2024-03-31,Earn $500/day from home.,1
b.scott.official,110342,93746,16596,2012-01-30,PC gamer. r/buildapc helper.,0
user8374629,26,44,16,2024-03-09,Crypto trader. Free signals in bio.,1
1234567890ab,19,30,22,2024-03-11,,1
tom_techie,88068,68513,19555,2015-08-12,Book worm. r/books contributor.,0
mark_adventure,213872,189746,24126,2023-07-08,Regular reddit user. Gaming and tech.,0
q7w8e9r0t1y2,50,34,29,2024-03-15,Earn $500/day from home.,1
amy_joy,481313,434516,46797,2011-05-21,Finance nerd. Index fund investor.,0
