username,score,bio,friends_count,streaks,label
xXx_profit_xXx,36,follow for follow back,12,0,1
creative_dan,3313,Dance teacher | choreographer,351,1501,0
follow_back_101,107,DM me to grow your account fast,2,0,1
creative_dan,500,Data scientist | ML researcher,310,314,0
9182736450,117,Click link below 💰,10,0,1
a8f7d3k9p2,185,Real estate investor | DM for passive income secrets,1,0,1
grace_beauty,500,Medical student | future doctor 🩺,889,675,0
xXx_profit_xXx,53,,12,0,1
everyday_elena,2343,Wildlife photographer based in Kenya,677,1049,0
get_rich_88,163,,12,0,1
fit_jessica,999,Dog lover 🐾 | Hiking | Books,922,688,0
earn_fast_2024,23,crypto signals ✅ 99% win rate,0,0,1
earn_fast_2024,207,,2,0,1
botanist_beth,1204,Artist | Digital creator ✨,839,1741,0
amy_joy,7187,Data scientist | ML researcher,55,843,0
amy_joy,500,Retired engineer | amateur astronomer 🔭,744,287,0
code_master,1023,Data scientist | ML researcher,403,2436,0
mark_adventure,500,Musician. Coffee addict. ☕,252,221,0
free_follower_bot,253,,2,0,1
follow_back_101,267,NFT investor | crypto tips,0,0,1
b.scott.official,500,Environmental activist 🌱,634,121,0
xXx_profit_xXx,248,,6,0,1
a8f7d3k9p2,220,Real estate investor | DM for passive income secrets,3,0,1
follow_back_101,31,DM me to grow your account fast,0,0,1
99882736450,172,📈 passive income daily,0,0,1
photo_by_anna,837,mom of 3 | foodie 🍕,634,1258,0
acc29471838,187,follow for follow back,7,0,1
photo_by_anna,500,Musician. Coffee addict. ☕,459,1118,0
amy_joy,500,High school teacher | making STEM fun,421,1885,0
daniel_f,500,Traveler | 50+ countries visited ✈️,381,747,0
mark_adventure,722,Teacher & lifelong learner 📚,110,1184,0
sarah_smith,500,Musician. Coffee addict. ☕,60,951,0
emma.j,500,mom of 3 | foodie 🍕,258,2306,0
amy_joy,500,Retired engineer | amateur astronomer 🔭,545,386,0
99882736450,178,btc eth airdrop free coins,9,0,1
the_real_sam,624,mom of 3 | foodie 🍕,942,385,0
99882736450,218,,13,0,1
acc29471838,168,🔞 link in bio,3,0,1
airdrop_winner99,289,♻️ repost to win $1000,4,0,1
emma.j,775,Blogger | Lifestyle & wellness,487,520,0
lisa_writes,500,News journalist @NYT,397,944,0
airdrop_winner99,147,♻️ repost to win $1000,2,0,1
emma.j,1689,Data scientist | ML researcher,369,1346,0
everyday_elena,500,Architect | sustainable design,347,81,0
1234567890ab,110,btc eth airdrop free coins,12,0,1
sarah_smith,500,Nurse practitioner | women's health advocate,388,1842,0
grace_beauty,1175,Data scientist | ML researcher,540,9,0
amy_joy,500,Nurse practitioner | women's health advocate,149,25,0
photo_by_anna,500,Chef | Recipe creator 🍳,819,2215,0
acc29471838,294,📈 passive income daily,10,0,1
crypto_king_9999,63,Get free followers — click bio link,8,0,1
amy_joy,923,Freelance illustrator | art prints available,277,1907,0
9182736450,200,investment advisor DM me,11,0,1
lena_captures,500,Architect | sustainable design,350,1995,0
grace_beauty,937,Fashion designer | PR welcome,723,1171,0
9182736450,66,DM me to grow your account fast,0,0,1
9182736450,10,crypto signals ✅ 99% win rate,1,0,1
q7w8e9r0t1y2,3,🔞 link in bio,13,0,1
9182736450,237,crypto signals ✅ 99% win rate,10,0,1
botanist_beth,500,Nurse practitioner | women's health advocate,854,1991,0
a8f7d3k9p2,259,crypto signals ✅ 99% win rate,7,0,1
mark_adventure,500,Gaming streamer | Twitch partner 🎮,510,1385,0
a8f7d3k9p2,128,,14,0,1
acc29471838,114,♻️ repost to win $1000,9,0,1
crypto_king_9999,2,Real estate investor | DM for passive income secrets,2,0,1
free_follower_bot,233,,10,0,1
tom_techie,1211,News journalist @NYT,919,981,0
real_human_01234,260,crypto signals ✅ 99% win rate,9,0,1
sarah_smith,500,Blogger | Lifestyle & wellness,10,1380,0
nft_dropper_69,291,📈 passive income daily,14,0,1
free_followers_now,240,earn $500/day 👇,4,0,1
creative_dan,500,Nurse practitioner | women's health advocate,602,1966,0
1234567890ab,225,NFT investor | crypto tips,4,0,1
acc29471838,222,Click link below 💰,8,0,1
journeys_with_kai,1296,Wildlife photographer based in Kenya,629,647,0
photo_by_anna,520,Data scientist | ML researcher,525,1021,0
acc29471838,284,investment advisor DM me,12,0,1
creative_dan,500,Entrepreneur | Founder @startup,509,1153,0
dev_pete,500,Chef | Recipe creator 🍳,420,1416,0
user8374629,211,Real estate investor | DM for passive income secrets,8,0,1
alex_travel,2106,Environmental activist 🌱,578,1303,0
photo_by_anna,500,Yoga instructor | wellness coach 🧘,603,2401,0
earn_fast_2024,177,follow for follow back,13,0,1
nft_dropper_69,68,Get free followers — click bio link,13,0,1
a8f7d3k9p2,65,📈 passive income daily,3,0,1
crypto_king_9999,17,Real estate investor | DM for passive income secrets,4,0,1
get_rich_88,293,,11,0,1
journeys_with_kai,500,Entrepreneur | Founder @startup,126,1372,0
b.scott.official,2229,Chef | Recipe creator 🍳,441,2352,0
a8f7d3k9p2,92,,1,0,1
q7w8e9r0t1y2,282,NFT investor | crypto tips,13,0,1
nft_dropper_69,38,,9,0,1
lisa_writes,530,Artist | Digital creator ✨,594,1703,0
code_master,1124,software engineer @ Google,802,1058,0
a8f7d3k9p2,155,btc eth airdrop free coins,9,0,1
1234567890ab,193,DM me to grow your account fast,11,0,1
lena_captures,500,Environmental activist 🌱,301,528,0
1234567890ab,208,,2,0,1
99882736450,117,FREE BTC airdrop → link in bio,14,0,1
earn_fast_2024,16,earn $500/day 👇,4,0,1
daniel_f,500,Yoga instructor | wellness coach 🧘,663,1756,0
photo_by_anna,500,Medical student | future doctor 🩺,862,1617,0
paul_runs,786,Marketing professional | keynote speaker,217,392,0
free_followers_now,126,🔞 link in bio,11,0,1
grace_beauty,500,News journalist @NYT,600,1294,0
grace_beauty,2561,Chef | Recipe creator 🍳,386,124,0
dev_pete,902,Gaming streamer | Twitch partner 🎮,811,788,0
lena_captures,1648,Fashion designer | PR welcome,515,1603,0
emma.j,16347,Marketing professional | keynote speaker,785,695,0
everyday_elena,1084,Freelance illustrator | art prints available,441,663,0
lisa_writes,2692,fitness coach 💪 DM for plans,266,505,0
99882736450,226,,3,0,1
xXx_profit_xXx,116,promo available 📩,10,0,1
a8f7d3k9p2,24,FREE BTC airdrop → link in bio,4,0,1
fit_jessica,602,News journalist @NYT,741,372,0
chris_builds,552,News journalist @NYT,807,1557,0
earn_fast_2024,183,Real estate investor | DM for passive income secrets,0,0,1
everyday_elena,500,Entrepreneur | Founder @startup,742,1162,0
grace_beauty,500,Blogger | Lifestyle & wellness,862,1627,0
xXx_profit_xXx,86,DM me to grow your account fast,11,0,1
real_human_01234,274,🔞 link in bio,3,0,1
bot_account_7,145,NFT investor | crypto tips,3,0,1
99882736450,42,,10,0,1
tom_techie,500,Dance teacher | choreographer,504,349,0
b.scott.official,1226,Artist | Digital creator ✨,225,2387,0
tradebot_fx,267,Real estate investor | DM for passive income secrets,8,0,1
lisa_writes,789,Fashion designer | PR welcome,621,1963,0
lena_captures,2121,Freelance illustrator | art prints available,612,770,0
earn_fast_2024,282,crypto signals ✅ 99% win rate,3,0,1
chef_marco,715,Artist | Digital creator ✨,276,680,0
acc29471838,39,btc eth airdrop free coins,14,0,1
follow_back_101,13,DM me to grow your account fast,10,0,1
tom_techie,500,mom of 3 | foodie 🍕,10,1670,0
sarah_smith,500,software engineer @ Google,903,2403,0
mindful_maya,500,Gaming streamer | Twitch partner 🎮,268,2197,0
free_followers_now,53,promo available 📩,4,0,1
follow_back_101,51,crypto signals ✅ 99% win rate,11,0,1
real_human_01234,148,follow for follow back,3,0,1
9182736450,91,Get free followers — click bio link,2,0,1
free_followers_now,280,,8,0,1
acc29471838,52,DM me to grow your account fast,0,0,1
the_real_sam,1917,Fashion designer | PR welcome,96,1674,0
99882736450,94,investment advisor DM me,11,0,1
tom_techie,1355,Traveler | 50+ countries visited ✈️,380,727,0
crypto_king_9999,196,📈 passive income daily,10,0,1
emma.j,1105,Dance teacher | choreographer,137,60,0
surf_with_evan,500,mom of 3 | foodie 🍕,540,2375,0
a8f7d3k9p2,144,btc eth airdrop free coins,9,0,1
nina_art,4287,mom of 3 | foodie 🍕,670,2201,0
lisa_writes,5385,UX designer @Meta,186,1691,0
9182736450,166,btc eth airdrop free coins,5,0,1
chris_builds,500,Dance teacher | choreographer,466,327,0
photo_by_anna,7657,photographer | travel 📷,110,2057,0
free_follower_bot,220,,5,0,1
grace_beauty,500,mom of 3 | foodie 🍕,903,1758,0
dev_pete,675,Environmental activist 🌱,992,1231,0
journeys_with_kai,2528,Teacher & lifelong learner 📚,580,1422,0
airdrop_winner99,137,earn $500/day 👇,4,0,1
mark_adventure,643,Gaming streamer | Twitch partner 🎮,193,1650,0
1234567890ab,291,Click link below 💰,1,0,1
amy_joy,500,Chef | Recipe creator 🍳,85,2090,0
chef_marco,500,Teacher & lifelong learner 📚,296,791,0
creative_dan,4351,Environmental activist 🌱,834,726,0
99882736450,7,Get free followers — click bio link,5,0,1
99882736450,62,investment advisor DM me,8,0,1
q7w8e9r0t1y2,174,,9,0,1
nft_dropper_69,82,FREE BTC airdrop → link in bio,5,0,1
nft_dropper_69,95,Click link below 💰,1,0,1
nina_art,500,Dog lover 🐾 | Hiking | Books,229,648,0
user8374629,68,DM me to grow your account fast,11,0,1
1234567890ab,9,earn $500/day 👇,1,0,1
journeys_with_kai,1421,Fashion designer | PR welcome,359,2237,0
99882736450,243,investment advisor DM me,6,0,1
q7w8e9r0t1y2,165,Real estate investor | DM for passive income secrets,0,0,1
journeys_with_kai,787,Musician. Coffee addict. ☕,204,2196,0
tradebot_fx,162,btc eth airdrop free coins,4,0,1
fit_jessica,553,Dog lover 🐾 | Hiking | Books,780,2438,0
crypto_king_9999,20,Get free followers — click bio link,13,0,1
sarah_smith,500,Marketing professional | keynote speaker,524,1077,0
user8374629,4,♻️ repost to win $1000,1,0,1
q7w8e9r0t1y2,254,,14,0,1
grace_beauty,500,fitness coach 💪 DM for plans,286,1430,0
earn_fast_2024,85,DM me to grow your account fast,12,0,1
nft_dropper_69,135,DM me to grow your account fast,0,0,1
chris_builds,500,Entrepreneur | Founder @startup,658,1998,0
mark_adventure,500,UX designer @Meta,700,2060,0
nft_dropper_69,210,investment advisor DM me,3,0,1
follow_back_101,205,NFT investor | crypto tips,11,0,1
earn_fast_2024,83,follow for follow back,1,0,1
acc29471838,44,Real estate investor | DM for passive income secrets,6,0,1
mike_2023,500,Podcaster | interviewing founders,354,769,0
mindful_maya,1757,Freelance illustrator | art prints available,138,1223,0
airdrop_winner99,210,,8,0,1
sarah_smith,500,Dog lover 🐾 | Hiking | Books,102,567,0
journeys_with_kai,527,Environmental activist 🌱,921,198,0
lisa_writes,500,Musician. Coffee addict. ☕,455,1003,0
bot_account_7,66,,0,0,1
mindful_maya,808,Architect | sustainable design,765,1707,0
paul_runs,1061,Nurse practitioner | women's health advocate,765,2036,0
q7w8e9r0t1y2,296,Get free followers — click bio link,14,0,1
get_rich_88,160,DM me to grow your account fast,0,0,1
chef_marco,791,Blogger | Lifestyle & wellness,662,531,0
chef_marco,1745,High school teacher | making STEM fun,734,733,0
dev_pete,500,Artist | Digital creator ✨,228,499,0
surf_with_evan,1139,Blogger | Lifestyle & wellness,258,652,0
chris_builds,754,Artist | Digital creator ✨,445,808,0
xXx_profit_xXx,167,,8,0,1
free_follower_bot,130,FREE BTC airdrop → link in bio,7,0,1
earn_fast_2024,40,DM me to grow your account fast,14,0,1
dev_pete,2292,Freelance illustrator | art prints available,611,2301,0
follow_back_101,46,promo available 📩,13,0,1
everyday_elena,500,News journalist @NYT,809,1553,0
daniel_f,500,Nurse practitioner | women's health advocate,766,763,0
lisa_writes,500,Data scientist | ML researcher,877,2254,0
daniel_f,500,Fashion designer | PR welcome,66,950,0
1234567890ab,34,🔞 link in bio,10,0,1
1234567890ab,284,,10,0,1
chris_builds,500,Fashion designer | PR welcome,342,1133,0
code_master,500,Musician. Coffee addict. ☕,735,1246,0
a8f7d3k9p2,144,,9,0,1
mike_2023,500,Dog lover 🐾 | Hiking | Books,904,639,0
everyday_elena,747,News journalist @NYT,596,1715,0
sarah_smith,1169,Chef | Recipe creator 🍳,700,532,0
airdrop_winner99,68,DM me to grow your account fast,12,0,1
zz_promo_zz,281,🔞 link in bio,8,0,1
xXx_profit_xXx,211,btc eth airdrop free coins,13,0,1
mark_adventure,500,fitness coach 💪 DM for plans,215,1834,0
paul_runs,500,Yoga instructor | wellness coach 🧘,587,1642,0
zz_promo_zz,55,crypto signals ✅ 99% win rate,9,0,1
nina_art,2737,Musician. Coffee addict. ☕,823,1747,0
nft_dropper_69,78,,0,0,1
daniel_f,500,Podcaster | interviewing founders,583,496,0
earn_fast_2024,27,btc eth airdrop free coins,2,0,1
nft_dropper_69,7,investment advisor DM me,10,0,1
nft_dropper_69,243,📈 passive income daily,5,0,1
lisa_writes,500,Freelance illustrator | art prints available,486,1046,0
earn_fast_2024,14,promo available 📩,9,0,1
sarah_smith,870,Yoga instructor | wellness coach 🧘,278,1516,0
q7w8e9r0t1y2,257,,5,0,1
john_doe,818,Developer | Open source enthusiast,734,2222,0
mike_2023,2873,Architect | sustainable design,312,1329,0
real_human_01234,175,Get free followers — click bio link,12,0,1
chef_marco,500,Blogger | Lifestyle & wellness,123,1779,0
daniel_f,500,Medical student | future doctor 🩺,319,348,0
9182736450,199,,3,0,1
code_master,1121,Artist | Digital creator ✨,945,1732,0
code_master,500,Podcaster | interviewing founders,479,2207,0
9182736450,101,earn $500/day 👇,11,0,1
b.scott.official,500,Blogger | Lifestyle & wellness,325,527,0
follow_back_101,102,🔞 link in bio,6,0,1
bot_account_7,26,FREE BTC airdrop → link in bio,6,0,1
grace_beauty,500,photographer | travel 📷,319,260,0
earn_fast_2024,192,🔞 link in bio,4,0,1
john_doe,500,Nurse practitioner | women's health advocate,106,1273,0
bot_account_7,200,🔞 link in bio,7,0,1
q7w8e9r0t1y2,111,📈 passive income daily,3,0,1
daniel_f,1372,Fashion designer | PR welcome,165,1271,0
sarah_smith,4566,Dance teacher | choreographer,331,1453,0
real_human_01234,255,promo available 📩,11,0,1
99882736450,212,,9,0,1
lisa_writes,669,Environmental activist 🌱,648,669,0
crypto_king_9999,91,NFT investor | crypto tips,13,0,1
john_doe,1030,Fashion designer | PR welcome,424,2346,0
airdrop_winner99,180,investment advisor DM me,13,0,1
earn_fast_2024,247,📈 passive income daily,2,0,1
free_follower_bot,292,Get free followers — click bio link,0,0,1
amy_joy,500,High school teacher | making STEM fun,385,1487,0
journeys_with_kai,9608,Nurse practitioner | women's health advocate,953,1927,0
botanist_beth,1033,Artist | Digital creator ✨,459,1163,0
9182736450,113,earn $500/day 👇,5,0,1
a8f7d3k9p2,18,NFT investor | crypto tips,9,0,1
acc29471838,60,Real estate investor | DM for passive income secrets,5,0,1
amy_joy,500,Musician. Coffee addict. ☕,645,2410,0
q7w8e9r0t1y2,239,Click link below 💰,3,0,1
user8374629,63,Click link below 💰,10,0,1
real_human_01234,146,NFT investor | crypto tips,11,0,1
botanist_beth,500,Data scientist | ML researcher,397,1688,0
code_master,1211,Podcaster | interviewing founders,146,1392,0
real_human_01234,96,Get free followers — click bio link,10,0,1
fit_jessica,500,Dog lover 🐾 | Hiking | Books,684,801,0
get_rich_88,287,crypto signals ✅ 99% win rate,7,0,1
airdrop_winner99,286,,0,0,1
amy_joy,778,Podcaster | interviewing founders,148,522,0
user8374629,99,,0,0,1
free_follower_bot,253,,10,0,1
daniel_f,500,Blogger | Lifestyle & wellness,90,3,0
fit_jessica,2838,mom of 3 | foodie 🍕,231,831,0
earn_fast_2024,29,earn $500/day 👇,5,0,1
everyday_elena,2037,Dance teacher | choreographer,263,1930,0
paul_runs,500,Data scientist | ML researcher,471,310,0
free_follower_bot,152,,5,0,1
a8f7d3k9p2,205,earn $500/day 👇,0,0,1
xXx_profit_xXx,158,,7,0,1
free_follower_bot,279,investment advisor DM me,5,0,1
code_master,1923,Marketing professional | keynote speaker,843,1657,0
lisa_writes,500,UX designer @Meta,194,1814,0
tom_techie,500,Fashion designer | PR welcome,884,1213,0
free_follower_bot,288,Click link below 💰,0,0,1
99882736450,184,Get free followers — click bio link,14,0,1
tom_techie,1405,High school teacher | making STEM fun,169,1623,0
paul_runs,500,Retired engineer | amateur astronomer 🔭,32,2276,0
grace_beauty,500,Entrepreneur | Founder @startup,602,2431,0
airdrop_winner99,7,crypto signals ✅ 99% win rate,10,0,1
crypto_king_9999,66,Click link below 💰,7,0,1
mark_adventure,1579,UX designer @Meta,566,1163,0
zz_promo_zz,269,promo available 📩,7,0,1
earn_fast_2024,128,earn $500/day 👇,9,0,1
free_followers_now,131,Get free followers — click bio link,4,0,1
john_doe,500,Dog lover 🐾 | Hiking | Books,868,1956,0
creative_dan,500,Marketing professional | keynote speaker,948,292,0
airdrop_winner99,62,crypto signals ✅ 99% win rate,1,0,1
free_follower_bot,175,crypto signals ✅ 99% win rate,7,0,1
1234567890ab,144,Get free followers — click bio link,12,0,1
mike_2023,500,Wildlife photographer based in Kenya,58,1034,0
real_human_01234,248,follow for follow back,1,0,1
john_doe,500,photographer | travel 📷,81,1975,0
q7w8e9r0t1y2,54,,7,0,1
crypto_king_9999,272,Get free followers — click bio link,9,0,1
tradebot_fx,23,,2,0,1
free_followers_now,71,Click link below 💰,0,0,1
mindful_maya,500,Wildlife photographer based in Kenya,568,621,0
xXx_profit_xXx,147,,4,0,1
dev_pete,500,Environmental activist 🌱,492,917,0
chef_marco,569,mom of 3 | foodie 🍕,905,2459,0
mindful_maya,10618,Yoga instructor | wellness coach 🧘,667,13,0
grace_beauty,2621,Developer | Open source enthusiast,223,238,0
airdrop_winner99,142,,11,0,1
tom_techie,500,UX designer @Meta,235,2302,0
get_rich_88,39,btc eth airdrop free coins,0,0,1
mark_adventure,500,Artist | Digital creator ✨,74,665,0
journeys_with_kai,1120,Traveler | 50+ countries visited ✈️,631,781,0
paul_runs,500,Architect | sustainable design,238,1282,0
real_human_01234,119,Real estate investor | DM for passive income secrets,6,0,1
code_master,500,Medical student | future doctor 🩺,865,1778,0
the_real_sam,1859,Nurse practitioner | women's health advocate,356,1107,0
real_human_01234,153,DM me to grow your account fast,0,0,1
creative_dan,5871,Nurse practitioner | women's health advocate,341,686,0
fit_jessica,38832,Wildlife photographer based in Kenya,25,376,0
bot_account_7,235,Click link below 💰,1,0,1
airdrop_winner99,125,♻️ repost to win $1000,6,0,1
1234567890ab,48,crypto signals ✅ 99% win rate,1,0,1
the_real_sam,3069,photographer | travel 📷,942,752,0
zz_promo_zz,67,NFT investor | crypto tips,7,0,1
fit_jessica,500,Architect | sustainable design,188,2461,0
b.scott.official,500,Traveler | 50+ countries visited ✈️,230,1633,0
9182736450,97,🔞 link in bio,0,0,1
emma.j,500,photographer | travel 📷,268,1867,0
earn_fast_2024,46,,5,0,1
follow_back_101,115,NFT investor | crypto tips,9,0,1
mark_adventure,500,mom of 3 | foodie 🍕,491,2011,0
emma.j,500,Medical student | future doctor 🩺,23,931,0
amy_joy,500,Musician. Coffee addict. ☕,949,1174,0
99882736450,141,♻️ repost to win $1000,5,0,1
zz_promo_zz,256,🔞 link in bio,0,0,1
alex_travel,500,Dance teacher | choreographer,945,2058,0
nina_art,500,Blogger | Lifestyle & wellness,634,326,0
acc29471838,263,,7,0,1
earn_fast_2024,81,,10,0,1
free_follower_bot,45,Get free followers — click bio link,5,0,1
99882736450,275,🔞 link in bio,2,0,1
lena_captures,500,Fashion designer | PR welcome,316,1422,0
paul_runs,500,Yoga instructor | wellness coach 🧘,532,1596,0
chef_marco,500,Nurse practitioner | women's health advocate,54,1483,0
dev_pete,500,Marketing professional | keynote speaker,878,401,0
surf_with_evan,500,Teacher & lifelong learner 📚,819,2288,0
dev_pete,500,Dance teacher | choreographer,762,2341,0
acc29471838,193,FREE BTC airdrop → link in bio,8,0,1
lisa_writes,1008,Environmental activist 🌱,464,1620,0
free_follower_bot,8,Get free followers — click bio link,5,0,1
lena_captures,500,Marketing professional | keynote speaker,305,1187,0
real_human_01234,221,,13,0,1
zz_promo_zz,146,,5,0,1
mindful_maya,500,Entrepreneur | Founder @startup,347,269,0
bot_account_7,158,,7,0,1
free_follower_bot,109,investment advisor DM me,3,0,1
user8374629,266,♻️ repost to win $1000,10,0,1
journeys_with_kai,1495,Retired engineer | amateur astronomer 🔭,443,2143,0
zz_promo_zz,115,,3,0,1
tradebot_fx,176,FREE BTC airdrop → link in bio,6,0,1
q7w8e9r0t1y2,95,FREE BTC airdrop → link in bio,8,0,1
free_followers_now,89,follow for follow back,4,0,1
tom_techie,765,Dog lover 🐾 | Hiking | Books,732,1797,0
amy_joy,620,Retired engineer | amateur astronomer 🔭,372,1116,0
free_followers_now,242,🔞 link in bio,5,0,1
free_follower_bot,117,,8,0,1
nina_art,500,Wildlife photographer based in Kenya,73,817,0
botanist_beth,1000,Traveler | 50+ countries visited ✈️,705,970,0
free_follower_bot,220,investment advisor DM me,0,0,1
daniel_f,3917,Chef | Recipe creator 🍳,152,2252,0
tradebot_fx,110,🔞 link in bio,12,0,1
q7w8e9r0t1y2,58,,11,0,1
acc29471838,59,,3,0,1
photo_by_anna,529,Architect | sustainable design,568,1033,0
daniel_f,500,Traveler | 50+ countries visited ✈️,842,332,0
mark_adventure,500,UX designer @Meta,235,1380,0
lena_captures,500,Podcaster | interviewing founders,319,43,0
tradebot_fx,76,promo available 📩,2,0,1
1234567890ab,43,,5,0,1
creative_dan,4627,Dance teacher | choreographer,316,2121,0
sarah_smith,920,Podcaster | interviewing founders,376,550,0
everyday_elena,500,Environmental activist 🌱,29,496,0
nina_art,500,photographer | travel 📷,165,425,0
chris_builds,1749,Chef | Recipe creator 🍳,771,1911,0
lisa_writes,500,software engineer @ Google,626,1420,0
journeys_with_kai,500,Environmental activist 🌱,517,1563,0
99882736450,68,Get free followers — click bio link,9,0,1
nft_dropper_69,54,🔞 link in bio,11,0,1
alex_travel,3865,Traveler | 50+ countries visited ✈️,906,691,0
free_followers_now,298,Real estate investor | DM for passive income secrets,8,0,1
free_follower_bot,26,,5,0,1
chef_marco,500,mom of 3 | foodie 🍕,440,1837,0
tom_techie,3191,Retired engineer | amateur astronomer 🔭,705,2110,0
q7w8e9r0t1y2,239,investment advisor DM me,12,0,1
lena_captures,754,Dance teacher | choreographer,106,2175,0
dev_pete,1892,Yoga instructor | wellness coach 🧘,513,1014,0
nft_dropper_69,24,,11,0,1
daniel_f,500,mom of 3 | foodie 🍕,306,1205,0
nina_art,6927,Artist | Digital creator ✨,799,2234,0
code_master,500,Podcaster | interviewing founders,854,129,0
xXx_profit_xXx,20,investment advisor DM me,1,0,1
lisa_writes,643,Marketing professional | keynote speaker,444,1865,0
tom_techie,714,Artist | Digital creator ✨,660,2243,0
bot_account_7,58,,4,0,1
nina_art,500,Nurse practitioner | women's health advocate,182,313,0
bot_account_7,98,btc eth airdrop free coins,0,0,1
99882736450,244,♻️ repost to win $1000,9,0,1
user8374629,26,🔞 link in bio,0,0,1
99882736450,124,Real estate investor | DM for passive income secrets,3,0,1
9182736450,42,,9,0,1
1234567890ab,67,follow for follow back,10,0,1
alex_travel,1320,Developer | Open source enthusiast,649,2047,0
1234567890ab,296,Real estate investor | DM for passive income secrets,7,0,1
free_followers_now,290,,9,0,1
b.scott.official,500,Dance teacher | choreographer,937,836,0
get_rich_88,269,,13,0,1
xXx_profit_xXx,211,Real estate investor | DM for passive income secrets,10,0,1
zz_promo_zz,295,,6,0,1
lena_captures,500,News journalist @NYT,230,1874,0
chris_builds,500,fitness coach 💪 DM for plans,878,1707,0
9182736450,179,♻️ repost to win $1000,9,0,1
botanist_beth,740,Chef | Recipe creator 🍳,741,2328,0
journeys_with_kai,500,Artist | Digital creator ✨,398,1372,0
airdrop_winner99,144,NFT investor | crypto tips,1,0,1
tom_techie,1335,Dog lover 🐾 | Hiking | Books,462,358,0
nft_dropper_69,73,NFT investor | crypto tips,6,0,1
daniel_f,1896,Data scientist | ML researcher,758,256,0
emma.j,2684,Fashion designer | PR welcome,626,2052,0
zz_promo_zz,163,,4,0,1
code_master,500,photographer | travel 📷,968,1898,0
airdrop_winner99,185,📈 passive income daily,2,0,1
tom_techie,812,Teacher & lifelong learner 📚,912,1870,0
real_human_01234,138,FREE BTC airdrop → link in bio,10,0,1
mike_2023,500,Dance teacher | choreographer,483,915,0
airdrop_winner99,103,,11,0,1
nft_dropper_69,273,promo available 📩,13,0,1
crypto_king_9999,66,promo available 📩,9,0,1
daniel_f,1545,Environmental activist 🌱,336,574,0
real_human_01234,245,,14,0,1
xXx_profit_xXx,200,DM me to grow your account fast,6,0,1
botanist_beth,1061,Gaming streamer | Twitch partner 🎮,354,857,0
fit_jessica,1786,Retired engineer | amateur astronomer 🔭,922,2456,0
the_real_sam,500,Retired engineer | amateur astronomer 🔭,793,1009,0
john_doe,500,UX designer @Meta,313,1277,0
real_human_01234,77,promo available 📩,9,0,1
nina_art,500,Retired engineer | amateur astronomer 🔭,43,504,0
lena_captures,500,mom of 3 | foodie 🍕,573,67,0
mike_2023,1286,Blogger | Lifestyle & wellness,607,246,0
surf_with_evan,5980,Freelance illustrator | art prints available,963,904,0
alex_travel,500,Dance teacher | choreographer,635,2456,0
daniel_f,591,Entrepreneur | Founder @startup,219,591,0
nina_art,1090,Blogger | Lifestyle & wellness,907,1848,0
nina_art,500,Data scientist | ML researcher,915,2213,0
botanist_beth,500,Gaming streamer | Twitch partner 🎮,606,1486,0
user8374629,34,crypto signals ✅ 99% win rate,8,0,1
q7w8e9r0t1y2,260,promo available 📩,12,0,1
lena_captures,928,Teacher & lifelong learner 📚,501,2212,0
daniel_f,500,Yoga instructor | wellness coach 🧘,457,656,0
lisa_writes,633,Podcaster | interviewing founders,13,580,0
amy_joy,952,Traveler | 50+ countries visited ✈️,71,2257,0
free_follower_bot,117,crypto signals ✅ 99% win rate,1,0,1
nft_dropper_69,218,crypto signals ✅ 99% win rate,11,0,1
a8f7d3k9p2,89,📈 passive income daily,10,0,1
code_master,1396,Developer | Open source enthusiast,786,96,0
nina_art,708,Nurse practitioner | women's health advocate,199,1471,0
a8f7d3k9p2,219,crypto signals ✅ 99% win rate,0,0,1
1234567890ab,6,📈 passive income daily,0,0,1
chef_marco,1319,Dog lover 🐾 | Hiking | Books,385,2372,0
journeys_with_kai,772,Architect | sustainable design,860,311,0
dev_pete,500,software engineer @ Google,645,103,0
john_doe,500,Blogger | Lifestyle & wellness,596,1660,0
free_follower_bot,102,promo available 📩,8,0,1
emma.j,1097,Podcaster | interviewing founders,949,1026,0
earn_fast_2024,126,Real estate investor | DM for passive income secrets,7,0,1
sarah_smith,1244,Wildlife photographer based in Kenya,59,418,0
the_real_sam,500,UX designer @Meta,730,1646,0
nina_art,500,Wildlife photographer based in Kenya,125,2068,0
zz_promo_zz,234,Real estate investor | DM for passive income secrets,6,0,1
dev_pete,551,Musician. Coffee addict. ☕,808,2155,0
follow_back_101,180,investment advisor DM me,12,0,1
daniel_f,500,News journalist @NYT,284,619,0
q7w8e9r0t1y2,175,promo available 📩,6,0,1
creative_dan,500,mom of 3 | foodie 🍕,571,1521,0
the_real_sam,1472,mom of 3 | foodie 🍕,141,417,0
a8f7d3k9p2,8,promo available 📩,5,0,1
free_follower_bot,46,follow for follow back,3,0,1
bot_account_7,148,,7,0,1
99882736450,60,promo available 📩,11,0,1
lisa_writes,500,Freelance illustrator | art prints available,775,1643,0
q7w8e9r0t1y2,139,,6,0,1
q7w8e9r0t1y2,70,investment advisor DM me,7,0,1
lena_captures,500,Freelance illustrator | art prints available,573,1590,0
mark_adventure,4183,Architect | sustainable design,69,154,0
journeys_with_kai,671,Environmental activist 🌱,735,689,0
a8f7d3k9p2,70,crypto signals ✅ 99% win rate,9,0,1
free_followers_now,193,,6,0,1
crypto_king_9999,97,NFT investor | crypto tips,5,0,1
botanist_beth,1552,Yoga instructor | wellness coach 🧘,283,2407,0
nina_art,500,software engineer @ Google,378,863,0
acc29471838,296,Click link below 💰,8,0,1
a8f7d3k9p2,66,,2,0,1
airdrop_winner99,272,,11,0,1
dev_pete,2184,Developer | Open source enthusiast,919,228,0
user8374629,173,Real estate investor | DM for passive income secrets,3,0,1
creative_dan,991,mom of 3 | foodie 🍕,241,993,0
john_doe,500,Yoga instructor | wellness coach 🧘,851,417,0
creative_dan,500,Gaming streamer | Twitch partner 🎮,842,841,0
mike_2023,2181,Freelance illustrator | art prints available,51,160,0
the_real_sam,500,Blogger | Lifestyle & wellness,298,2062,0
journeys_with_kai,500,Medical student | future doctor 🩺,280,1939,0
user8374629,78,follow for follow back,9,0,1
airdrop_winner99,218,Get free followers — click bio link,6,0,1
real_human_01234,288,Get free followers — click bio link,0,0,1
alex_travel,500,Musician. Coffee addict. ☕,658,148,0
lisa_writes,1462,Traveler | 50+ countries visited ✈️,720,2049,0
nina_art,500,Yoga instructor | wellness coach 🧘,936,2025,0
zz_promo_zz,251,🔞 link in bio,4,0,1
99882736450,283,NFT investor | crypto tips,0,0,1
paul_runs,500,Fashion designer | PR welcome,911,2459,0
creative_dan,725,Freelance illustrator | art prints available,326,2393,0
get_rich_88,298,DM me to grow your account fast,12,0,1
journeys_with_kai,1217,Wildlife photographer based in Kenya,17,591,0
free_follower_bot,241,📈 passive income daily,9,0,1
tradebot_fx,126,Real estate investor | DM for passive income secrets,0,0,1
99882736450,168,🔞 link in bio,12,0,1
airdrop_winner99,131,DM me to grow your account fast,5,0,1
journeys_with_kai,744,Medical student | future doctor 🩺,937,1595,0
emma.j,500,Data scientist | ML researcher,587,1579,0
user8374629,68,🔞 link in bio,1,0,1
99882736450,118,NFT investor | crypto tips,2,0,1
free_followers_now,238,investment advisor DM me,9,0,1
fit_jessica,789,Traveler | 50+ countries visited ✈️,101,636,0
emma.j,1190,Yoga instructor | wellness coach 🧘,329,2277,0
everyday_elena,500,Gaming streamer | Twitch partner 🎮,875,776,0
real_human_01234,211,Click link below 💰,7,0,1
paul_runs,585,Environmental activist 🌱,862,1755,0
9182736450,156,earn $500/day 👇,13,0,1
airdrop_winner99,41,,11,0,1
airdrop_winner99,229,📈 passive income daily,5,0,1
lisa_writes,500,software engineer @ Google,265,556,0
xXx_profit_xXx,283,crypto signals ✅ 99% win rate,5,0,1
b.scott.official,885,Architect | sustainable design,360,218,0
zz_promo_zz,225,FREE BTC airdrop → link in bio,0,0,1
fit_jessica,500,Artist | Digital creator ✨,615,1950,0
lena_captures,500,Dog lover 🐾 | Hiking | Books,810,1210,0
journeys_with_kai,945,Podcaster | interviewing founders,678,1705,0
get_rich_88,83,♻️ repost to win $1000,6,0,1
9182736450,120,,6,0,1
journeys_with_kai,500,Fashion designer | PR welcome,959,925,0
9182736450,67,Get free followers — click bio link,6,0,1
surf_with_evan,500,Yoga instructor | wellness coach 🧘,719,827,0
bot_account_7,4,investment advisor DM me,0,0,1
acc29471838,124,♻️ repost to win $1000,4,0,1
free_followers_now,2,,4,0,1
real_human_01234,100,📈 passive income daily,7,0,1
tom_techie,500,Retired engineer | amateur astronomer 🔭,164,646,0
q7w8e9r0t1y2,143,btc eth airdrop free coins,8,0,1
journeys_with_kai,1833,Blogger | Lifestyle & wellness,927,646,0
acc29471838,235,📈 passive income daily,4,0,1
bot_account_7,119,,2,0,1
follow_back_101,298,follow for follow back,2,0,1
9182736450,32,FREE BTC airdrop → link in bio,4,0,1
free_follower_bot,90,📈 passive income daily,4,0,1
q7w8e9r0t1y2,255,♻️ repost to win $1000,10,0,1
john_doe,500,Dance teacher | choreographer,310,1141,0
tom_techie,500,Chef | Recipe creator 🍳,555,1480,0
tom_techie,2258,Freelance illustrator | art prints available,62,44,0
acc29471838,274,,2,0,1
1234567890ab,250,,1,0,1
tom_techie,1543,Teacher & lifelong learner 📚,461,33,0
everyday_elena,594,Dog lover 🐾 | Hiking | Books,747,606,0
xXx_profit_xXx,270,🔞 link in bio,0,0,1
creative_dan,500,Artist | Digital creator ✨,860,154,0
airdrop_winner99,179,earn $500/day 👇,2,0,1
zz_promo_zz,89,Get free followers — click bio link,7,0,1
bot_account_7,141,investment advisor DM me,1,0,1
amy_joy,500,Fashion designer | PR welcome,37,292,0
acc29471838,160,,6,0,1
tradebot_fx,265,earn $500/day 👇,2,0,1
journeys_with_kai,500,Yoga instructor | wellness coach 🧘,551,1042,0
chris_builds,1866,mom of 3 | foodie 🍕,548,1918,0
grace_beauty,990,High school teacher | making STEM fun,239,2181,0
everyday_elena,752,mom of 3 | foodie 🍕,708,555,0
amy_joy,500,News journalist @NYT,968,516,0
airdrop_winner99,267,DM me to grow your account fast,3,0,1
real_human_01234,276,,6,0,1
real_human_01234,75,btc eth airdrop free coins,2,0,1
xXx_profit_xXx,49,,13,0,1
user8374629,118,FREE BTC airdrop → link in bio,14,0,1
botanist_beth,614,Chef | Recipe creator 🍳,809,1475,0
user8374629,138,investment advisor DM me,0,0,1
1234567890ab,247,follow for follow back,3,0,1
emma.j,500,Podcaster | interviewing founders,674,695,0
code_master,500,Fashion designer | PR welcome,320,390,0
nft_dropper_69,263,Click link below 💰,2,0,1
free_followers_now,230,,2,0,1
airdrop_winner99,240,,2,0,1
tradebot_fx,159,investment advisor DM me,7,0,1
earn_fast_2024,142,📈 passive income daily,12,0,1
john_doe,500,Nurse practitioner | women's health advocate,661,1426,0
nina_art,500,UX designer @Meta,455,783,0
a8f7d3k9p2,122,promo available 📩,10,0,1
a8f7d3k9p2,95,📈 passive income daily,11,0,1
daniel_f,964,software engineer @ Google,738,705,0
chef_marco,515,Wildlife photographer based in Kenya,359,670,0
crypto_king_9999,247,btc eth airdrop free coins,1,0,1
a8f7d3k9p2,23,investment advisor DM me,11,0,1
9182736450,55,♻️ repost to win $1000,4,0,1
q7w8e9r0t1y2,241,,13,0,1
lena_captures,500,Yoga instructor | wellness coach 🧘,513,2344,0
xXx_profit_xXx,59,,13,0,1
nina_art,500,Environmental activist 🌱,830,2199,0
zz_promo_zz,37,NFT investor | crypto tips,6,0,1
paul_runs,5106,fitness coach 💪 DM for plans,682,549,0
free_followers_now,67,,8,0,1
everyday_elena,500,UX designer @Meta,105,1567,0
nina_art,500,Marketing professional | keynote speaker,710,2333,0
a8f7d3k9p2,30,NFT investor | crypto tips,7,0,1
bot_account_7,55,btc eth airdrop free coins,9,0,1
dev_pete,1417,mom of 3 | foodie 🍕,42,2419,0
zz_promo_zz,253,btc eth airdrop free coins,3,0,1
bot_account_7,37,,5,0,1
alex_travel,500,Dog lover 🐾 | Hiking | Books,483,1235,0
chris_builds,500,Gaming streamer | Twitch partner 🎮,615,2129,0
q7w8e9r0t1y2,174,earn $500/day 👇,13,0,1
99882736450,166,DM me to grow your account fast,0,0,1
1234567890ab,92,,4,0,1
paul_runs,3835,software engineer @ Google,418,1473,0
alex_travel,2151,Architect | sustainable design,89,222,0
free_followers_now,180,,14,0,1
tradebot_fx,150,📈 passive income daily,9,0,1
1234567890ab,85,follow for follow back,2,0,1
9182736450,231,,9,0,1
free_follower_bot,110,,12,0,1
get_rich_88,28,,11,0,1
get_rich_88,7,📈 passive income daily,3,0,1
mindful_maya,933,Dance teacher | choreographer,117,1798,0
get_rich_88,60,♻️ repost to win $1000,0,0,1
a8f7d3k9p2,252,FREE BTC airdrop → link in bio,5,0,1
the_real_sam,500,fitness coach 💪 DM for plans,998,493,0
surf_with_evan,500,mom of 3 | foodie 🍕,632,491,0
amy_joy,827,Freelance illustrator | art prints available,661,2017,0
chef_marco,2148,Traveler | 50+ countries visited ✈️,366,62,0
xXx_profit_xXx,171,♻️ repost to win $1000,2,0,1
dev_pete,500,UX designer @Meta,86,1806,0
crypto_king_9999,262,,13,0,1
follow_back_101,277,,2,0,1
journeys_with_kai,2063,Entrepreneur | Founder @startup,732,600,0
q7w8e9r0t1y2,285,📈 passive income daily,9,0,1
chris_builds,1114,News journalist @NYT,580,229,0
daniel_f,839,Chef | Recipe creator 🍳,516,38,0
tom_techie,5588,software engineer @ Google,763,717,0
xXx_profit_xXx,216,investment advisor DM me,14,0,1
everyday_elena,554,photographer | travel 📷,780,2048,0
surf_with_evan,1573,Wildlife photographer based in Kenya,210,1778,0
john_doe,878,Wildlife photographer based in Kenya,469,525,0
sarah_smith,500,Blogger | Lifestyle & wellness,68,658,0
tradebot_fx,50,,11,0,1
alex_travel,500,Entrepreneur | Founder @startup,902,2046,0
chef_marco,2900,Yoga instructor | wellness coach 🧘,217,1049,0
xXx_profit_xXx,79,,6,0,1
zz_promo_zz,183,promo available 📩,11,0,1
get_rich_88,141,,3,0,1
mindful_maya,500,Gaming streamer | Twitch partner 🎮,271,1666,0
earn_fast_2024,284,♻️ repost to win $1000,11,0,1
nft_dropper_69,51,follow for follow back,10,0,1
airdrop_winner99,174,earn $500/day 👇,9,0,1
earn_fast_2024,121,crypto signals ✅ 99% win rate,3,0,1
real_human_01234,28,🔞 link in bio,14,0,1
follow_back_101,73,FREE BTC airdrop → link in bio,12,0,1
q7w8e9r0t1y2,15,Real estate investor | DM for passive income secrets,6,0,1
mark_adventure,2464,Teacher & lifelong learner 📚,394,897,0
b.scott.official,500,Artist | Digital creator ✨,596,92,0
mike_2023,500,Yoga instructor | wellness coach 🧘,490,258,0
acc29471838,135,Get free followers — click bio link,14,0,1
nft_dropper_69,189,🔞 link in bio,6,0,1
1234567890ab,154,FREE BTC airdrop → link in bio,8,0,1
the_real_sam,1067,News journalist @NYT,347,592,0
airdrop_winner99,47,Real estate investor | DM for passive income secrets,7,0,1
john_doe,960,Yoga instructor | wellness coach 🧘,349,798,0
fit_jessica,500,Marketing professional | keynote speaker,642,2288,0
1234567890ab,147,FREE BTC airdrop → link in bio,8,0,1
crypto_king_9999,151,,3,0,1
paul_runs,825,Gaming streamer | Twitch partner 🎮,119,1488,0
real_human_01234,64,,5,0,1
creative_dan,2721,Data scientist | ML researcher,155,1142,0
acc29471838,46,investment advisor DM me,13,0,1
dev_pete,1429,photographer | travel 📷,527,778,0
chris_builds,3885,Teacher & lifelong learner 📚,732,630,0
lisa_writes,527,Chef | Recipe creator 🍳,563,1093,0
lisa_writes,3006,Artist | Digital creator ✨,463,48,0
botanist_beth,500,fitness coach 💪 DM for plans,609,1396,0
q7w8e9r0t1y2,290,,3,0,1
grace_beauty,919,Medical student | future doctor 🩺,551,2357,0
mindful_maya,500,News journalist @NYT,309,1012,0
photo_by_anna,1156,Yoga instructor | wellness coach 🧘,95,2486,0
mark_adventure,1227,Fashion designer | PR welcome,650,165,0
free_followers_now,21,Click link below 💰,5,0,1
amy_joy,500,Yoga instructor | wellness coach 🧘,816,1764,0
paul_runs,700,Gaming streamer | Twitch partner 🎮,854,1179,0
free_followers_now,73,,6,0,1
botanist_beth,500,Wildlife photographer based in Kenya,756,2475,0
zz_promo_zz,195,investment advisor DM me,8,0,1
alex_travel,891,Nurse practitioner | women's health advocate,913,2195,0
airdrop_winner99,76,earn $500/day 👇,1,0,1
nft_dropper_69,282,crypto signals ✅ 99% win rate,6,0,1
the_real_sam,3753,Podcaster | interviewing founders,400,263,0
botanist_beth,500,Dance teacher | choreographer,280,1220,0
grace_beauty,3590,News journalist @NYT,55,210,0
amy_joy,2089,Chef | Recipe creator 🍳,542,1195,0
chris_builds,500,mom of 3 | foodie 🍕,245,2473,0
sarah_smith,500,Traveler | 50+ countries visited ✈️,958,1719,0
photo_by_anna,745,Freelance illustrator | art prints available,745,635,0
grace_beauty,591,Artist | Digital creator ✨,767,1194,0
mike_2023,500,Podcaster | interviewing founders,643,1010,0
get_rich_88,34,,13,0,1
dev_pete,1640,News journalist @NYT,471,1014,0
1234567890ab,239,,6,0,1
bot_account_7,293,,14,0,1
grace_beauty,727,Chef | Recipe creator 🍳,191,955,0
amy_joy,925,Freelance illustrator | art prints available,961,375,0
chef_marco,3273,Yoga instructor | wellness coach 🧘,63,682,0
earn_fast_2024,292,📈 passive income daily,2,0,1
mark_adventure,1082,Data scientist | ML researcher,124,1194,0
lena_captures,500,fitness coach 💪 DM for plans,703,1314,0
alex_travel,1473,Gaming streamer | Twitch partner 🎮,438,1796,0
mindful_maya,817,Data scientist | ML researcher,277,342,0
surf_with_evan,525,Teacher & lifelong learner 📚,25,156,0
photo_by_anna,500,Entrepreneur | Founder @startup,705,1268,0
real_human_01234,179,,12,0,1
airdrop_winner99,73,,3,0,1
bot_account_7,222,crypto signals ✅ 99% win rate,6,0,1
9182736450,281,btc eth airdrop free coins,9,0,1
q7w8e9r0t1y2,266,DM me to grow your account fast,2,0,1
john_doe,1073,Artist | Digital creator ✨,54,116,0
9182736450,85,NFT investor | crypto tips,5,0,1
amy_joy,1004,UX designer @Meta,163,762,0
get_rich_88,56,,5,0,1
free_followers_now,30,DM me to grow your account fast,8,0,1
everyday_elena,2077,News journalist @NYT,88,1708,0
acc29471838,57,,4,0,1
user8374629,79,,7,0,1
creative_dan,500,Dance teacher | choreographer,285,977,0
sarah_smith,500,Fashion designer | PR welcome,966,186,0
earn_fast_2024,194,promo available 📩,4,0,1
free_follower_bot,37,📈 passive income daily,12,0,1
user8374629,203,Get free followers — click bio link,7,0,1
bot_account_7,3,📈 passive income daily,5,0,1
nft_dropper_69,57,NFT investor | crypto tips,14,0,1
lena_captures,500,High school teacher | making STEM fun,899,2157,0
earn_fast_2024,199,Get free followers — click bio link,10,0,1
emma.j,500,Nurse practitioner | women's health advocate,554,20,0
airdrop_winner99,64,,0,0,1
acc29471838,126,🔞 link in bio,12,0,1
follow_back_101,26,DM me to grow your account fast,5,0,1
chef_marco,921,Environmental activist 🌱,420,1800,0
everyday_elena,500,Artist | Digital creator ✨,144,832,0
user8374629,79,earn $500/day 👇,9,0,1
real_human_01234,124,follow for follow back,2,0,1
john_doe,871,High school teacher | making STEM fun,856,935,0
mindful_maya,1723,Dog lover 🐾 | Hiking | Books,713,88,0
creative_dan,1028,Blogger | Lifestyle & wellness,163,433,0
b.scott.official,501,fitness coach 💪 DM for plans,619,453,0
journeys_with_kai,500,Chef | Recipe creator 🍳,630,764,0
b.scott.official,500,Blogger | Lifestyle & wellness,212,1351,0
everyday_elena,500,Entrepreneur | Founder @startup,28,2484,0
free_followers_now,47,🔞 link in bio,8,0,1
mike_2023,500,Gaming streamer | Twitch partner 🎮,162,1502,0
surf_with_evan,500,Blogger | Lifestyle & wellness,506,526,0
q7w8e9r0t1y2,180,btc eth airdrop free coins,10,0,1
tom_techie,2138,News journalist @NYT,291,2108,0
zz_promo_zz,235,FREE BTC airdrop → link in bio,14,0,1
a8f7d3k9p2,268,crypto signals ✅ 99% win rate,12,0,1
creative_dan,500,Yoga instructor | wellness coach 🧘,602,1614,0
1234567890ab,58,NFT investor | crypto tips,11,0,1
surf_with_evan,500,Artist | Digital creator ✨,136,2416,0
fit_jessica,500,Musician. Coffee addict. ☕,438,81,0
tom_techie,871,Marketing professional | keynote speaker,743,2236,0
get_rich_88,161,,5,0,1
free_followers_now,61,investment advisor DM me,2,0,1
b.scott.official,2794,Gaming streamer | Twitch partner 🎮,933,492,0
mike_2023,2214,Medical student | future doctor 🩺,67,2177,0
q7w8e9r0t1y2,279,Click link below 💰,14,0,1
sarah_smith,500,Yoga instructor | wellness coach 🧘,86,535,0
chef_marco,10631,Freelance illustrator | art prints available,986,516,0
tradebot_fx,71,,7,0,1
mark_adventure,500,Freelance illustrator | art prints available,896,200,0
nina_art,2016,Marketing professional | keynote speaker,527,1072,0
q7w8e9r0t1y2,110,FREE BTC airdrop → link in bio,4,0,1
alex_travel,1116,Marketing professional | keynote speaker,847,44,0
creative_dan,500,Fashion designer | PR welcome,288,520,0
acc29471838,113,,12,0,1
paul_runs,500,Marketing professional | keynote speaker,648,195,0
real_human_01234,241,Real estate investor | DM for passive income secrets,10,0,1
dev_pete,1533,Freelance illustrator | art prints available,468,1176,0
99882736450,95,Click link below 💰,8,0,1
q7w8e9r0t1y2,6,FREE BTC airdrop → link in bio,9,0,1
q7w8e9r0t1y2,250,,14,0,1
user8374629,277,,8,0,1
get_rich_88,272,NFT investor | crypto tips,13,0,1
nft_dropper_69,92,,11,0,1
9182736450,28,investment advisor DM me,14,0,1
alex_travel,557,High school teacher | making STEM fun,117,1595,0
1234567890ab,21,,10,0,1
daniel_f,500,Nurse practitioner | women's health advocate,328,1660,0
nina_art,500,mom of 3 | foodie 🍕,47,157,0
mindful_maya,500,Wildlife photographer based in Kenya,257,1381,0
crypto_king_9999,141,,1,0,1
bot_account_7,254,FREE BTC airdrop → link in bio,4,0,1
everyday_elena,720,Freelance illustrator | art prints available,496,900,0
the_real_sam,500,News journalist @NYT,908,855,0
1234567890ab,67,Get free followers — click bio link,10,0,1
amy_joy,774,Architect | sustainable design,998,1050,0
chris_builds,500,Teacher & lifelong learner 📚,952,631,0
mindful_maya,799,Marketing professional | keynote speaker,327,1597,0
botanist_beth,836,photographer | travel 📷,34,474,0
b.scott.official,500,fitness coach 💪 DM for plans,869,438,0
mindful_maya,500,Medical student | future doctor 🩺,696,519,0
tradebot_fx,52,,3,0,1
chris_builds,500,Yoga instructor | wellness coach 🧘,707,2389,0
a8f7d3k9p2,276,,8,0,1
tom_techie,1495,Wildlife photographer based in Kenya,739,640,0
paul_runs,3888,Freelance illustrator | art prints available,22,2090,0
1234567890ab,97,promo available 📩,12,0,1
chris_builds,686,Medical student | future doctor 🩺,157,400,0
daniel_f,649,Environmental activist 🌱,436,1692,0
paul_runs,1119,Blogger | Lifestyle & wellness,857,364,0
mike_2023,500,Dog lover 🐾 | Hiking | Books,279,992,0
get_rich_88,288,crypto signals ✅ 99% win rate,4,0,1
follow_back_101,128,follow for follow back,4,0,1
surf_with_evan,500,Developer | Open source enthusiast,28,2126,0
zz_promo_zz,192,Real estate investor | DM for passive income secrets,0,0,1
emma.j,1844,Marketing professional | keynote speaker,169,1057,0
amy_joy,813,Developer | Open source enthusiast,721,1133,0
everyday_elena,1041,UX designer @Meta,615,693,0
mindful_maya,500,Freelance illustrator | art prints available,485,845,0
free_follower_bot,88,follow for follow back,5,0,1
99882736450,196,follow for follow back,4,0,1
alex_travel,500,fitness coach 💪 DM for plans,37,1900,0
paul_runs,1680,Developer | Open source enthusiast,190,990,0
99882736450,26,📈 passive income daily,6,0,1
chris_builds,500,fitness coach 💪 DM for plans,34,2144,0
journeys_with_kai,500,photographer | travel 📷,496,1474,0
fit_jessica,500,Yoga instructor | wellness coach 🧘,636,1697,0
a8f7d3k9p2,202,btc eth airdrop free coins,10,0,1
zz_promo_zz,150,follow for follow back,9,0,1
emma.j,500,mom of 3 | foodie 🍕,358,1205,0
tom_techie,832,Retired engineer | amateur astronomer 🔭,582,680,0
9182736450,296,,7,0,1
tom_techie,500,Gaming streamer | Twitch partner 🎮,434,2305,0
get_rich_88,156,,9,0,1
photo_by_anna,500,Dog lover 🐾 | Hiking | Books,20,1600,0
xXx_profit_xXx,53,Click link below 💰,12,0,1
a8f7d3k9p2,290,,7,0,1
tradebot_fx,61,DM me to grow your account fast,7,0,1
grace_beauty,558,Dance teacher | choreographer,556,2307,0
everyday_elena,711,Entrepreneur | Founder @startup,299,1980,0
mark_adventure,567,Wildlife photographer based in Kenya,306,1035,0
amy_joy,1191,Fashion designer | PR welcome,402,156,0
photo_by_anna,566,Freelance illustrator | art prints available,607,505,0
airdrop_winner99,213,,12,0,1
follow_back_101,140,follow for follow back,10,0,1
follow_back_101,241,Click link below 💰,10,0,1
crypto_king_9999,184,btc eth airdrop free coins,3,0,1
airdrop_winner99,129,🔞 link in bio,2,0,1
surf_with_evan,1552,Gaming streamer | Twitch partner 🎮,226,2348,0
bot_account_7,208,🔞 link in bio,12,0,1
mindful_maya,500,Traveler | 50+ countries visited ✈️,199,2111,0
9182736450,155,,4,0,1
creative_dan,500,Yoga instructor | wellness coach 🧘,531,1461,0
daniel_f,795,Architect | sustainable design,175,2494,0
q7w8e9r0t1y2,263,FREE BTC airdrop → link in bio,7,0,1
q7w8e9r0t1y2,133,NFT investor | crypto tips,12,0,1
everyday_elena,2121,Artist | Digital creator ✨,921,52,0
chef_marco,686,News journalist @NYT,775,822,0
nina_art,500,Environmental activist 🌱,26,1680,0
free_followers_now,267,investment advisor DM me,2,0,1
john_doe,742,News journalist @NYT,445,2304,0
9182736450,165,,1,0,1
botanist_beth,836,Gaming streamer | Twitch partner 🎮,507,152,0
mark_adventure,500,Medical student | future doctor 🩺,844,867,0
alex_travel,500,fitness coach 💪 DM for plans,697,404,0
real_human_01234,209,,1,0,1
1234567890ab,205,NFT investor | crypto tips,4,0,1
daniel_f,765,Environmental activist 🌱,388,521,0
code_master,560,Gaming streamer | Twitch partner 🎮,600,67,0
9182736450,257,Click link below 💰,14,0,1
user8374629,211,Get free followers — click bio link,10,0,1
b.scott.official,3511,Retired engineer | amateur astronomer 🔭,422,1155,0
xXx_profit_xXx,247,NFT investor | crypto tips,7,0,1
99882736450,89,Click link below 💰,1,0,1
free_followers_now,257,,2,0,1
real_human_01234,95,📈 passive income daily,6,0,1
user8374629,29,promo available 📩,12,0,1
acc29471838,59,FREE BTC airdrop → link in bio,13,0,1
dev_pete,500,Dance teacher | choreographer,238,2297,0
daniel_f,500,Data scientist | ML researcher,754,1099,0
everyday_elena,521,Wildlife photographer based in Kenya,703,1992,0
bot_account_7,52,Real estate investor | DM for passive income secrets,14,0,1
zz_promo_zz,35,FREE BTC airdrop → link in bio,7,0,1
a8f7d3k9p2,26,,11,0,1
crypto_king_9999,29,📈 passive income daily,12,0,1
1234567890ab,257,earn $500/day 👇,1,0,1
creative_dan,500,software engineer @ Google,144,1328,0
sarah_smith,500,Architect | sustainable design,312,1473,0
john_doe,7120,Marketing professional | keynote speaker,547,963,0
crypto_king_9999,46,🔞 link in bio,7,0,1
the_real_sam,500,Teacher & lifelong learner 📚,974,2465,0
paul_runs,500,Fashion designer | PR welcome,682,2282,0
mindful_maya,500,Dance teacher | choreographer,172,1122,0
q7w8e9r0t1y2,272,follow for follow back,6,0,1
user8374629,273,Click link below 💰,8,0,1
crypto_king_9999,278,Click link below 💰,3,0,1
nft_dropper_69,165,NFT investor | crypto tips,3,0,1
nft_dropper_69,230,DM me to grow your account fast,8,0,1
chris_builds,2288,Wildlife photographer based in Kenya,204,2094,0
tom_techie,500,Artist | Digital creator ✨,179,327,0
the_real_sam,885,Fashion designer | PR welcome,360,1006,0
get_rich_88,151,,8,0,1
sarah_smith,892,photographer | travel 📷,526,2295,0
bot_account_7,19,crypto signals ✅ 99% win rate,1,0,1
9182736450,77,Real estate investor | DM for passive income secrets,4,0,1
acc29471838,141,,3,0,1
nina_art,500,Architect | sustainable design,229,961,0
nft_dropper_69,297,investment advisor DM me,6,0,1
a8f7d3k9p2,228,earn $500/day 👇,5,0,1
nft_dropper_69,235,📈 passive income daily,1,0,1
free_follower_bot,285,📈 passive income daily,8,0,1
acc29471838,263,♻️ repost to win $1000,6,0,1
daniel_f,2685,fitness coach 💪 DM for plans,437,1739,0
user8374629,142,,8,0,1
crypto_king_9999,15,,1,0,1
surf_with_evan,500,Data scientist | ML researcher,355,916,0
1234567890ab,196,NFT investor | crypto tips,0,0,1
the_real_sam,500,Teacher & lifelong learner 📚,759,1969,0
user8374629,267,earn $500/day 👇,6,0,1
free_followers_now,93,FREE BTC airdrop → link in bio,6,0,1
q7w8e9r0t1y2,257,,3,0,1
john_doe,673,photographer | travel 📷,583,1280,0
dev_pete,816,Developer | Open source enthusiast,583,2488,0
1234567890ab,128,♻️ repost to win $1000,0,0,1
code_master,500,Gaming streamer | Twitch partner 🎮,701,699,0
the_real_sam,2812,Blogger | Lifestyle & wellness,271,1929,0
get_rich_88,144,📈 passive income daily,10,0,1
surf_with_evan,500,Freelance illustrator | art prints available,989,1336,0
zz_promo_zz,284,,5,0,1
9182736450,70,NFT investor | crypto tips,5,0,1
paul_runs,500,Gaming streamer | Twitch partner 🎮,851,2161,0
b.scott.official,500,Retired engineer | amateur astronomer 🔭,999,807,0
mike_2023,500,Blogger | Lifestyle & wellness,46,1933,0
everyday_elena,500,Architect | sustainable design,962,2194,0
botanist_beth,500,Data scientist | ML researcher,48,2234,0
9182736450,237,,7,0,1
mark_adventure,500,Environmental activist 🌱,649,1523,0
everyday_elena,500,UX designer @Meta,261,1578,0
user8374629,239,crypto signals ✅ 99% win rate,7,0,1
botanist_beth,4036,Dance teacher | choreographer,571,523,0
creative_dan,3484,Artist | Digital creator ✨,325,309,0
crypto_king_9999,116,promo available 📩,4,0,1
9182736450,298,,3,0,1
zz_promo_zz,128,btc eth airdrop free coins,1,0,1
lena_captures,1436,Chef | Recipe creator 🍳,912,1448,0
surf_with_evan,500,Architect | sustainable design,135,207,0
get_rich_88,254,promo available 📩,4,0,1
sarah_smith,500,Developer | Open source enthusiast,824,993,0
everyday_elena,500,Dance teacher | choreographer,623,1622,0
chef_marco,986,Developer | Open source enthusiast,917,2068,0
journeys_with_kai,1557,Blogger | Lifestyle & wellness,781,1881,0
a8f7d3k9p2,222,,1,0,1
free_followers_now,198,btc eth airdrop free coins,2,0,1
the_real_sam,500,Musician. Coffee addict. ☕,830,2246,0
mike_2023,500,UX designer @Meta,585,1498,0
free_followers_now,48,NFT investor | crypto tips,4,0,1
creative_dan,532,UX designer @Meta,905,451,0
free_follower_bot,151,,3,0,1
99882736450,267,Click link below 💰,1,0,1
john_doe,1159,Data scientist | ML researcher,775,960,0
earn_fast_2024,246,,14,0,1
mark_adventure,2591,Dance teacher | choreographer,330,1079,0
a8f7d3k9p2,7,📈 passive income daily,14,0,1
sarah_smith,500,Fashion designer | PR welcome,447,1529,0
mindful_maya,500,Blogger | Lifestyle & wellness,999,1131,0
lisa_writes,1140,Entrepreneur | Founder @startup,484,1508,0
b.scott.official,4304,photographer | travel 📷,485,1764,0
tom_techie,500,High school teacher | making STEM fun,486,990,0
the_real_sam,500,Traveler | 50+ countries visited ✈️,229,1051,0
john_doe,500,software engineer @ Google,608,1706,0
1234567890ab,75,earn $500/day 👇,13,0,1
99882736450,113,,11,0,1
user8374629,204,,6,0,1
lisa_writes,500,mom of 3 | foodie 🍕,245,1111,0
nina_art,1713,Fashion designer | PR welcome,685,2068,0
crypto_king_9999,242,promo available 📩,7,0,1
acc29471838,126,,7,0,1
sarah_smith,824,Musician. Coffee addict. ☕,193,582,0
paul_runs,3846,Gaming streamer | Twitch partner 🎮,736,2000,0
b.scott.official,500,Musician. Coffee addict. ☕,811,1085,0
chef_marco,2310,Architect | sustainable design,601,2292,0
tradebot_fx,140,Click link below 💰,7,0,1
lena_captures,500,Gaming streamer | Twitch partner 🎮,369,456,0
paul_runs,1476,Data scientist | ML researcher,220,26,0
botanist_beth,500,Traveler | 50+ countries visited ✈️,917,1997,0
grace_beauty,500,software engineer @ Google,591,870,0
lisa_writes,500,Teacher & lifelong learner 📚,87,2406,0
alex_travel,500,mom of 3 | foodie 🍕,802,1478,0
earn_fast_2024,249,promo available 📩,1,0,1
crypto_king_9999,123,,10,0,1
acc29471838,74,DM me to grow your account fast,5,0,1
mark_adventure,586,High school teacher | making STEM fun,890,2362,0
xXx_profit_xXx,59,,0,0,1
earn_fast_2024,291,♻️ repost to win $1000,11,0,1
nft_dropper_69,133,🔞 link in bio,0,0,1
surf_with_evan,500,Podcaster | interviewing founders,277,185,0
a8f7d3k9p2,292,follow for follow back,11,0,1
botanist_beth,500,Yoga instructor | wellness coach 🧘,468,2124,0
amy_joy,582,Marketing professional | keynote speaker,663,1399,0
nft_dropper_69,170,,5,0,1
daniel_f,681,Fashion designer | PR welcome,635,2282,0
mark_adventure,1757,Podcaster | interviewing founders,248,1976,0
free_follower_bot,169,,5,0,1
mike_2023,1063,Freelance illustrator | art prints available,316,1971,0
follow_back_101,179,crypto signals ✅ 99% win rate,0,0,1
q7w8e9r0t1y2,211,🔞 link in bio,13,0,1
paul_runs,1363,Yoga instructor | wellness coach 🧘,252,1295,0
zz_promo_zz,195,earn $500/day 👇,9,0,1
free_follower_bot,6,,11,0,1
tradebot_fx,179,Click link below 💰,13,0,1
nina_art,2750,Architect | sustainable design,665,2382,0
chef_marco,500,Blogger | Lifestyle & wellness,421,15,0
amy_joy,500,photographer | travel 📷,247,1965,0
dev_pete,500,Data scientist | ML researcher,73,498,0
everyday_elena,1452,Nurse practitioner | women's health advocate,463,1684,0
a8f7d3k9p2,210,Real estate investor | DM for passive income secrets,9,0,1
nina_art,1156,Retired engineer | amateur astronomer 🔭,715,1298,0
9182736450,91,,1,0,1
earn_fast_2024,182,promo available 📩,3,0,1
99882736450,37,Click link below 💰,9,0,1
xXx_profit_xXx,233,FREE BTC airdrop → link in bio,10,0,1
1234567890ab,208,♻️ repost to win $1000,3,0,1
zz_promo_zz,210,Click link below 💰,11,0,1
nina_art,500,mom of 3 | foodie 🍕,335,209,0
99882736450,23,promo available 📩,9,0,1
bot_account_7,247,,11,0,1
bot_account_7,236,📈 passive income daily,8,0,1
bot_account_7,236,,11,0,1
get_rich_88,256,follow for follow back,7,0,1
crypto_king_9999,176,FREE BTC airdrop → link in bio,11,0,1
nft_dropper_69,191,Real estate investor | DM for passive income secrets,7,0,1
paul_runs,1316,Freelance illustrator | art prints available,665,1982,0
nina_art,500,Marketing professional | keynote speaker,458,935,0
mike_2023,500,fitness coach 💪 DM for plans,307,1649,0
emma.j,1256,Teacher & lifelong learner 📚,221,1020,0
xXx_profit_xXx,69,promo available 📩,6,0,1
sarah_smith,515,Fashion designer | PR welcome,376,305,0
q7w8e9r0t1y2,210,earn $500/day 👇,0,0,1
mark_adventure,500,Medical student | future doctor 🩺,105,2135,0
creative_dan,561,Fashion designer | PR welcome,513,2008,0
chef_marco,841,Developer | Open source enthusiast,178,854,0
tom_techie,500,Retired engineer | amateur astronomer 🔭,987,962,0
amy_joy,500,Freelance illustrator | art prints available,267,325,0
tom_techie,1514,High school teacher | making STEM fun,161,2081,0
dev_pete,500,High school teacher | making STEM fun,258,1952,0
user8374629,81,📈 passive income daily,11,0,1
sarah_smith,500,Fashion designer | PR welcome,422,2323,0
journeys_with_kai,619,software engineer @ Google,456,489,0
user8374629,158,Click link below 💰,6,0,1
chef_marco,1202,UX designer @Meta,156,2130,0
daniel_f,500,High school teacher | making STEM fun,134,654,0
real_human_01234,86,🔞 link in bio,2,0,1
sarah_smith,699,Artist | Digital creator ✨,422,1519,0
sarah_smith,1817,photographer | travel 📷,386,68,0
zz_promo_zz,73,Get free followers — click bio link,9,0,1
nft_dropper_69,280,promo available 📩,13,0,1
nina_art,2145,Medical student | future doctor 🩺,544,1798,0
99882736450,251,,4,0,1
crypto_king_9999,247,Real estate investor | DM for passive income secrets,12,0,1
get_rich_88,108,Get free followers — click bio link,3,0,1
fit_jessica,500,Dog lover 🐾 | Hiking | Books,638,1059,0
botanist_beth,1583,News journalist @NYT,570,1246,0
the_real_sam,1302,High school teacher | making STEM fun,483,777,0
tradebot_fx,210,investment advisor DM me,13,0,1
the_real_sam,500,Nurse practitioner | women's health advocate,283,1276,0
airdrop_winner99,147,DM me to grow your account fast,14,0,1
mark_adventure,500,UX designer @Meta,692,444,0
9182736450,94,NFT investor | crypto tips,14,0,1
get_rich_88,114,follow for follow back,6,0,1
1234567890ab,140,NFT investor | crypto tips,14,0,1
everyday_elena,1406,Yoga instructor | wellness coach 🧘,909,2386,0
a8f7d3k9p2,150,,12,0,1
mark_adventure,900,Nurse practitioner | women's health advocate,869,246,0
paul_runs,500,Marketing professional | keynote speaker,484,323,0
code_master,500,Artist | Digital creator ✨,643,586,0
xXx_profit_xXx,284,,13,0,1
chef_marco,500,Yoga instructor | wellness coach 🧘,837,130,0
tradebot_fx,69,🔞 link in bio,11,0,1
bot_account_7,122,promo available 📩,1,0,1
alex_travel,1322,Dance teacher | choreographer,399,2050,0
earn_fast_2024,205,♻️ repost to win $1000,6,0,1
chef_marco,1274,software engineer @ Google,627,61,0
amy_joy,500,Environmental activist 🌱,459,969,0
daniel_f,1200,Podcaster | interviewing founders,103,2250,0
chef_marco,500,Traveler | 50+ countries visited ✈️,814,314,0
sarah_smith,2302,Medical student | future doctor 🩺,689,980,0
nina_art,500,Wildlife photographer based in Kenya,781,1840,0
daniel_f,1065,Yoga instructor | wellness coach 🧘,142,712,0
nft_dropper_69,228,,9,0,1
9182736450,142,follow for follow back,8,0,1
amy_joy,519,Entrepreneur | Founder @startup,369,1361,0
lisa_writes,500,Entrepreneur | Founder @startup,91,2345,0
john_doe,500,Musician. Coffee addict. ☕,592,800,0
everyday_elena,4313,News journalist @NYT,439,1681,0
emma.j,619,Musician. Coffee addict. ☕,376,1588,0
amy_joy,894,Chef | Recipe creator 🍳,81,2022,0
9182736450,219,promo available 📩,5,0,1
q7w8e9r0t1y2,121,btc eth airdrop free coins,7,0,1
daniel_f,500,Dance teacher | choreographer,536,494,0
99882736450,150,Real estate investor | DM for passive income secrets,14,0,1
amy_joy,500,Environmental activist 🌱,367,655,0
the_real_sam,500,fitness coach 💪 DM for plans,112,2024,0
botanist_beth,589,Architect | sustainable design,410,1757,0
botanist_beth,1017,photographer | travel 📷,959,617,0
real_human_01234,38,follow for follow back,13,0,1
lena_captures,500,Freelance illustrator | art prints available,431,1127,0
acc29471838,49,investment advisor DM me,1,0,1
chris_builds,709,High school teacher | making STEM fun,993,798,0
real_human_01234,114,,13,0,1
creative_dan,500,mom of 3 | foodie 🍕,37,1893,0
bot_account_7,65,promo available 📩,13,0,1
fit_jessica,500,Freelance illustrator | art prints available,507,1172,0
paul_runs,500,Architect | sustainable design,619,1333,0
john_doe,929,Musician. Coffee addict. ☕,913,1859,0
9182736450,11,btc eth airdrop free coins,10,0,1
acc29471838,40,Get free followers — click bio link,0,0,1
the_real_sam,1135,UX designer @Meta,676,1319,0
bot_account_7,55,,13,0,1
crypto_king_9999,94,DM me to grow your account fast,6,0,1
tradebot_fx,50,,1,0,1
lena_captures,5279,Teacher & lifelong learner 📚,703,2327,0
surf_with_evan,500,Entrepreneur | Founder @startup,813,640,0
daniel_f,680,Artist | Digital creator ✨,388,2187,0
surf_with_evan,500,Fashion designer | PR welcome,125,408,0
crypto_king_9999,58,btc eth airdrop free coins,11,0,1
tom_techie,500,Blogger | Lifestyle & wellness,708,1860,0
bot_account_7,231,promo available 📩,12,0,1
lena_captures,1140,Traveler | 50+ countries visited ✈️,886,2157,0
xXx_profit_xXx,279,,7,0,1
chris_builds,2684,Musician. Coffee addict. ☕,85,648,0
dev_pete,500,Developer | Open source enthusiast,821,1691,0
free_followers_now,123,,5,0,1
airdrop_winner99,29,,2,0,1
journeys_with_kai,500,Blogger | Lifestyle & wellness,29,2154,0
botanist_beth,1653,Nurse practitioner | women's health advocate,77,1826,0
follow_back_101,205,btc eth airdrop free coins,0,0,1
follow_back_101,81,crypto signals ✅ 99% win rate,12,0,1
emma.j,5588,UX designer @Meta,242,1802,0
john_doe,669,Teacher & lifelong learner 📚,213,647,0
get_rich_88,115,earn $500/day 👇,4,0,1
free_followers_now,188,DM me to grow your account fast,3,0,1
tom_techie,500,Artist | Digital creator ✨,17,1277,0
free_followers_now,48,investment advisor DM me,1,0,1
real_human_01234,281,NFT investor | crypto tips,10,0,1
q7w8e9r0t1y2,170,crypto signals ✅ 99% win rate,8,0,1
xXx_profit_xXx,262,btc eth airdrop free coins,3,0,1
mike_2023,869,High school teacher | making STEM fun,571,2173,0
free_followers_now,74,♻️ repost to win $1000,11,0,1
lisa_writes,1206,fitness coach 💪 DM for plans,221,2050,0
zz_promo_zz,83,♻️ repost to win $1000,4,0,1
follow_back_101,194,NFT investor | crypto tips,6,0,1
paul_runs,500,Artist | Digital creator ✨,478,249,0
earn_fast_2024,40,DM me to grow your account fast,10,0,1
free_follower_bot,218,,10,0,1
airdrop_winner99,50,,2,0,1
xXx_profit_xXx,18,follow for follow back,4,0,1
creative_dan,1354,Blogger | Lifestyle & wellness,977,483,0
free_followers_now,132,,3,0,1
1234567890ab,286,earn $500/day 👇,13,0,1
99882736450,254,Real estate investor | DM for passive income secrets,9,0,1
chris_builds,654,Teacher & lifelong learner 📚,398,529,0
fit_jessica,7376,UX designer @Meta,891,1800,0
zz_promo_zz,22,,7,0,1
grace_beauty,734,Nurse practitioner | women's health advocate,136,1075,0
surf_with_evan,1033,High school teacher | making STEM fun,120,1371,0
botanist_beth,500,Data scientist | ML researcher,172,555,0
earn_fast_2024,8,,12,0,1
nina_art,1000,Retired engineer | amateur astronomer 🔭,411,1944,0
chris_builds,688,Entrepreneur | Founder @startup,658,850,0
free_follower_bot,187,follow for follow back,7,0,1
emma.j,2051,Gaming streamer | Twitch partner 🎮,404,311,0
user8374629,10,promo available 📩,5,0,1
free_followers_now,70,Click link below 💰,1,0,1
free_follower_bot,137,📈 passive income daily,14,0,1
q7w8e9r0t1y2,263,🔞 link in bio,1,0,1
acc29471838,256,FREE BTC airdrop → link in bio,8,0,1
user8374629,214,follow for follow back,13,0,1
mindful_maya,500,Yoga instructor | wellness coach 🧘,777,1105,0
lisa_writes,500,Yoga instructor | wellness coach 🧘,243,2484,0
chris_builds,500,Marketing professional | keynote speaker,39,1141,0
fit_jessica,821,Freelance illustrator | art prints available,662,1877,0
alex_travel,1899,Developer | Open source enthusiast,268,340,0
journeys_with_kai,599,Chef | Recipe creator 🍳,390,1815,0
mark_adventure,616,Traveler | 50+ countries visited ✈️,85,504,0
daniel_f,588,Podcaster | interviewing founders,622,2470,0
q7w8e9r0t1y2,179,♻️ repost to win $1000,5,0,1
real_human_01234,188,🔞 link in bio,9,0,1
daniel_f,1522,software engineer @ Google,906,1540,0
get_rich_88,15,Get free followers — click bio link,4,0,1
1234567890ab,282,investment advisor DM me,12,0,1
crypto_king_9999,282,investment advisor DM me,2,0,1
dev_pete,500,Freelance illustrator | art prints available,916,1427,0
photo_by_anna,3470,mom of 3 | foodie 🍕,73,173,0
journeys_with_kai,1483,High school teacher | making STEM fun,401,2079,0
get_rich_88,126,Click link below 💰,4,0,1
fit_jessica,640,News journalist @NYT,396,780,0
paul_runs,500,Gaming streamer | Twitch partner 🎮,551,447,0
everyday_elena,500,photographer | travel 📷,314,2096,0
real_human_01234,179,btc eth airdrop free coins,0,0,1
fit_jessica,950,Fashion designer | PR welcome,359,295,0
earn_fast_2024,48,NFT investor | crypto tips,4,0,1
1234567890ab,27,crypto signals ✅ 99% win rate,10,0,1
q7w8e9r0t1y2,232,Get free followers — click bio link,11,0,1
airdrop_winner99,265,,1,0,1
mindful_maya,5825,Data scientist | ML researcher,283,1380,0
code_master,979,Entrepreneur | Founder @startup,129,2247,0
follow_back_101,265,,0,0,1
lisa_writes,591,Dog lover 🐾 | Hiking | Books,260,804,0
the_real_sam,500,Traveler | 50+ countries visited ✈️,13,2464,0
amy_joy,2522,Teacher & lifelong learner 📚,605,1690,0
mark_adventure,937,Developer | Open source enthusiast,852,906,0
a8f7d3k9p2,170,investment advisor DM me,14,0,1
chris_builds,500,Developer | Open source enthusiast,985,386,0
get_rich_88,93,FREE BTC airdrop → link in bio,1,0,1
airdrop_winner99,139,Get free followers — click bio link,5,0,1
free_follower_bot,139,,3,0,1
real_human_01234,116,Get free followers — click bio link,11,0,1
airdrop_winner99,208,crypto signals ✅ 99% win rate,10,0,1
1234567890ab,174,,2,0,1
1234567890ab,255,,6,0,1
nft_dropper_69,265,btc eth airdrop free coins,11,0,1
acc29471838,137,FREE BTC airdrop → link in bio,11,0,1
dev_pete,2188,Marketing professional | keynote speaker,970,1455,0
chris_builds,2344,Dance teacher | choreographer,730,1312,0
free_followers_now,262,,9,0,1
dev_pete,500,Retired engineer | amateur astronomer 🔭,668,704,0
free_followers_now,6,,4,0,1
mindful_maya,1848,Traveler | 50+ countries visited ✈️,518,1934,0
crypto_king_9999,145,,9,0,1
nina_art,1035,fitness coach 💪 DM for plans,678,64,0
sarah_smith,500,Medical student | future doctor 🩺,195,149,0
free_follower_bot,183,FREE BTC airdrop → link in bio,12,0,1
alex_travel,870,Yoga instructor | wellness coach 🧘,40,2383,0
user8374629,261,FREE BTC airdrop → link in bio,2,0,1
everyday_elena,500,Freelance illustrator | art prints available,621,689,0
follow_back_101,35,Get free followers — click bio link,1,0,1
surf_with_evan,500,Medical student | future doctor 🩺,31,1281,0
9182736450,289,,1,0,1
fit_jessica,2353,fitness coach 💪 DM for plans,873,859,0
grace_beauty,500,Data scientist | ML researcher,504,1423,0
crypto_king_9999,281,btc eth airdrop free coins,1,0,1
mark_adventure,500,Yoga instructor | wellness coach 🧘,600,316,0
mike_2023,500,Medical student | future doctor 🩺,366,548,0
real_human_01234,241,♻️ repost to win $1000,8,0,1
paul_runs,1538,Marketing professional | keynote speaker,116,1189,0
free_follower_bot,101,earn $500/day 👇,11,0,1
real_human_01234,255,,12,0,1
follow_back_101,95,,1,0,1
mindful_maya,500,Dance teacher | choreographer,970,1161,0
mike_2023,500,Freelance illustrator | art prints available,620,1857,0
9182736450,75,DM me to grow your account fast,12,0,1
john_doe,500,photographer | travel 📷,620,403,0
tom_techie,500,Chef | Recipe creator 🍳,125,1092,0
tom_techie,591,Entrepreneur | Founder @startup,987,1522,0
acc29471838,114,,5,0,1
nft_dropper_69,290,,0,0,1
sarah_smith,500,Fashion designer | PR welcome,203,2031,0
airdrop_winner99,271,,7,0,1
99882736450,75,FREE BTC airdrop → link in bio,12,0,1
crypto_king_9999,91,Real estate investor | DM for passive income secrets,13,0,1
follow_back_101,257,Click link below 💰,0,0,1
1234567890ab,75,investment advisor DM me,9,0,1
zz_promo_zz,228,investment advisor DM me,10,0,1
photo_by_anna,500,Yoga instructor | wellness coach 🧘,148,1781,0
the_real_sam,1148,Podcaster | interviewing founders,54,789,0
get_rich_88,172,follow for follow back,8,0,1
john_doe,4724,Gaming streamer | Twitch partner 🎮,490,1143,0
earn_fast_2024,5,,7,0,1
airdrop_winner99,232,FREE BTC airdrop → link in bio,11,0,1
1234567890ab,27,📈 passive income daily,1,0,1
john_doe,500,Dance teacher | choreographer,66,859,0
mindful_maya,3494,Gaming streamer | Twitch partner 🎮,375,2172,0
airdrop_winner99,241,Click link below 💰,4,0,1
tradebot_fx,0,,8,0,1
user8374629,229,♻️ repost to win $1000,3,0,1
nft_dropper_69,166,,12,0,1
grace_beauty,500,mom of 3 | foodie 🍕,54,680,0
lisa_writes,2173,UX designer @Meta,329,1403,0
grace_beauty,500,Chef | Recipe creator 🍳,388,596,0
xXx_profit_xXx,184,DM me to grow your account fast,6,0,1
real_human_01234,200,Get free followers — click bio link,11,0,1
code_master,500,Environmental activist 🌱,694,599,0
surf_with_evan,940,Data scientist | ML researcher,904,924,0
b.scott.official,1045,Fashion designer | PR welcome,852,2262,0
emma.j,500,Yoga instructor | wellness coach 🧘,658,1140,0
grace_beauty,500,Traveler | 50+ countries visited ✈️,89,703,0
9182736450,175,🔞 link in bio,1,0,1
tradebot_fx,215,Real estate investor | DM for passive income secrets,4,0,1
a8f7d3k9p2,91,promo available 📩,5,0,1
crypto_king_9999,95,btc eth airdrop free coins,7,0,1
free_followers_now,113,FREE BTC airdrop → link in bio,12,0,1
follow_back_101,139,,10,0,1
the_real_sam,500,mom of 3 | foodie 🍕,614,184,0
xXx_profit_xXx,39,earn $500/day 👇,5,0,1
earn_fast_2024,20,,10,0,1
tom_techie,1399,Nurse practitioner | women's health advocate,481,602,0
free_followers_now,81,,7,0,1
amy_joy,500,Yoga instructor | wellness coach 🧘,876,944,0
9182736450,147,promo available 📩,4,0,1
nft_dropper_69,296,♻️ repost to win $1000,7,0,1
mike_2023,689,mom of 3 | foodie 🍕,678,1325,0
everyday_elena,500,mom of 3 | foodie 🍕,329,2270,0
99882736450,11,investment advisor DM me,9,0,1
get_rich_88,250,DM me to grow your account fast,11,0,1
acc29471838,214,,5,0,1
99882736450,288,,11,0,1
grace_beauty,500,Environmental activist 🌱,730,1463,0
a8f7d3k9p2,256,promo available 📩,5,0,1
daniel_f,1677,Nurse practitioner | women's health advocate,300,1604,0
code_master,1823,Yoga instructor | wellness coach 🧘,991,1167,0
b.scott.official,500,Musician. Coffee addict. ☕,286,1706,0
john_doe,2079,Dance teacher | choreographer,211,492,0
emma.j,1190,Fashion designer | PR welcome,37,614,0
chris_builds,804,News journalist @NYT,346,2482,0
free_followers_now,174,FREE BTC airdrop → link in bio,5,0,1
everyday_elena,1080,photographer | travel 📷,976,1781,0
mindful_maya,1291,fitness coach 💪 DM for plans,294,1291,0
chris_builds,3538,Dog lover 🐾 | Hiking | Books,395,1516,0
free_followers_now,92,investment advisor DM me,1,0,1
99882736450,277,📈 passive income daily,2,0,1
user8374629,141,DM me to grow your account fast,1,0,1
bot_account_7,260,follow for follow back,11,0,1
alex_travel,500,fitness coach 💪 DM for plans,812,1560,0
journeys_with_kai,500,Nurse practitioner | women's health advocate,527,862,0
bot_account_7,273,♻️ repost to win $1000,2,0,1
amy_joy,500,Teacher & lifelong learner 📚,406,1593,0
tradebot_fx,200,,9,0,1
xXx_profit_xXx,7,DM me to grow your account fast,0,0,1
lena_captures,500,fitness coach 💪 DM for plans,40,2483,0
the_real_sam,673,Dog lover 🐾 | Hiking | Books,205,488,0
get_rich_88,146,Get free followers — click bio link,7,0,1
daniel_f,512,Gaming streamer | Twitch partner 🎮,711,919,0
1234567890ab,109,,6,0,1
tradebot_fx,234,DM me to grow your account fast,4,0,1
amy_joy,831,High school teacher | making STEM fun,731,831,0
real_human_01234,83,♻️ repost to win $1000,4,0,1
paul_runs,1628,Architect | sustainable design,556,183,0
journeys_with_kai,500,Traveler | 50+ countries visited ✈️,509,1710,0
lena_captures,500,Gaming streamer | Twitch partner 🎮,52,141,0
nina_art,500,Blogger | Lifestyle & wellness,362,988,0
code_master,500,Architect | sustainable design,12,1663,0
emma.j,500,UX designer @Meta,506,1407,0
nft_dropper_69,145,Click link below 💰,12,0,1
xXx_profit_xXx,67,investment advisor DM me,1,0,1
code_master,500,Dog lover 🐾 | Hiking | Books,939,442,0
paul_runs,500,software engineer @ Google,965,2190,0
get_rich_88,87,DM me to grow your account fast,3,0,1
emma.j,876,Entrepreneur | Founder @startup,340,2074,0
99882736450,286,🔞 link in bio,0,0,1
daniel_f,500,Teacher & lifelong learner 📚,846,1848,0
tom_techie,1367,Dog lover 🐾 | Hiking | Books,661,1583,0
john_doe,500,Traveler | 50+ countries visited ✈️,761,2477,0
acc29471838,14,,6,0,1
botanist_beth,3075,UX designer @Meta,364,2016,0
tom_techie,1180,software engineer @ Google,525,2000,0
real_human_01234,254,,13,0,1
the_real_sam,500,Developer | Open source enthusiast,853,1074,0
everyday_elena,1596,News journalist @NYT,645,543,0
9182736450,3,Real estate investor | DM for passive income secrets,2,0,1
nft_dropper_69,227,Click link below 💰,8,0,1
nina_art,500,High school teacher | making STEM fun,245,381,0
mark_adventure,500,Yoga instructor | wellness coach 🧘,657,394,0
earn_fast_2024,175,Real estate investor | DM for passive income secrets,12,0,1
1234567890ab,220,🔞 link in bio,4,0,1
paul_runs,834,Chef | Recipe creator 🍳,697,1030,0
grace_beauty,500,Yoga instructor | wellness coach 🧘,530,1686,0
chris_builds,1013,Wildlife photographer based in Kenya,984,939,0
bot_account_7,154,🔞 link in bio,9,0,1
q7w8e9r0t1y2,293,,7,0,1
a8f7d3k9p2,78,crypto signals ✅ 99% win rate,8,0,1
mark_adventure,1653,Fashion designer | PR welcome,835,398,0
free_followers_now,241,,14,0,1
nft_dropper_69,42,,12,0,1
fit_jessica,500,software engineer @ Google,951,538,0
lisa_writes,1923,Fashion designer | PR welcome,531,206,0
john_doe,500,Blogger | Lifestyle & wellness,229,1163,0
code_master,500,Freelance illustrator | art prints available,515,491,0
airdrop_winner99,188,btc eth airdrop free coins,12,0,1
everyday_elena,500,Nurse practitioner | women's health advocate,367,453,0
tom_techie,4409,Wildlife photographer based in Kenya,118,1228,0
9182736450,133,NFT investor | crypto tips,8,0,1
tradebot_fx,91,crypto signals ✅ 99% win rate,11,0,1
paul_runs,843,High school teacher | making STEM fun,649,2104,0
free_follower_bot,32,,11,0,1
free_follower_bot,182,♻️ repost to win $1000,7,0,1
amy_joy,2339,fitness coach 💪 DM for plans,142,76,0
99882736450,271,🔞 link in bio,3,0,1
creative_dan,2464,Traveler | 50+ countries visited ✈️,26,1296,0
xXx_profit_xXx,238,crypto signals ✅ 99% win rate,13,0,1
airdrop_winner99,24,♻️ repost to win $1000,1,0,1
crypto_king_9999,68,📈 passive income daily,10,0,1
get_rich_88,15,Click link below 💰,0,0,1
grace_beauty,500,Freelance illustrator | art prints available,31,8,0
nina_art,500,Artist | Digital creator ✨,257,1464,0
paul_runs,500,UX designer @Meta,783,1739,0
earn_fast_2024,275,📈 passive income daily,14,0,1
follow_back_101,140,🔞 link in bio,2,0,1
99882736450,102,Click link below 💰,7,0,1
tom_techie,500,Freelance illustrator | art prints available,672,413,0
paul_runs,500,Blogger | Lifestyle & wellness,529,2177,0
mark_adventure,5976,High school teacher | making STEM fun,602,123,0
mark_adventure,500,Dance teacher | choreographer,182,995,0
fit_jessica,784,High school teacher | making STEM fun,87,2158,0
get_rich_88,81,btc eth airdrop free coins,4,0,1
1234567890ab,22,Get free followers — click bio link,12,0,1
earn_fast_2024,228,,5,0,1
xXx_profit_xXx,147,,1,0,1
john_doe,3649,Environmental activist 🌱,647,645,0
acc29471838,244,,13,0,1
nft_dropper_69,179,♻️ repost to win $1000,9,0,1
zz_promo_zz,196,Real estate investor | DM for passive income secrets,0,0,1
1234567890ab,28,earn $500/day 👇,11,0,1
a8f7d3k9p2,45,earn $500/day 👇,5,0,1
everyday_elena,500,Musician. Coffee addict. ☕,472,2311,0
acc29471838,262,crypto signals ✅ 99% win rate,9,0,1
photo_by_anna,500,Retired engineer | amateur astronomer 🔭,244,2136,0
nina_art,500,Retired engineer | amateur astronomer 🔭,78,1465,0
zz_promo_zz,261,DM me to grow your account fast,7,0,1
xXx_profit_xXx,54,earn $500/day 👇,4,0,1
airdrop_winner99,174,Real estate investor | DM for passive income secrets,0,0,1
amy_joy,2606,Medical student | future doctor 🩺,222,918,0
paul_runs,1007,Podcaster | interviewing founders,770,25,0
amy_joy,500,High school teacher | making STEM fun,877,2371,0
earn_fast_2024,70,,1,0,1
user8374629,43,Get free followers — click bio link,0,0,1
bot_account_7,275,,14,0,1
airdrop_winner99,102,DM me to grow your account fast,1,0,1
mark_adventure,1284,fitness coach 💪 DM for plans,489,2495,0
nina_art,500,Musician. Coffee addict. ☕,691,95,0
1234567890ab,81,,3,0,1
q7w8e9r0t1y2,121,🔞 link in bio,4,0,1
alex_travel,500,Podcaster | interviewing founders,142,563,0
amy_joy,500,Retired engineer | amateur astronomer 🔭,668,792,0
daniel_f,500,Environmental activist 🌱,864,563,0
zz_promo_zz,70,,13,0,1
follow_back_101,138,FREE BTC airdrop → link in bio,1,0,1
xXx_profit_xXx,213,earn $500/day 👇,14,0,1
bot_account_7,214,Real estate investor | DM for passive income secrets,12,0,1
everyday_elena,1881,Chef | Recipe creator 🍳,989,586,0
mark_adventure,1042,Developer | Open source enthusiast,81,2064,0
tom_techie,2844,fitness coach 💪 DM for plans,42,77,0
acc29471838,86,,14,0,1
a8f7d3k9p2,204,,4,0,1
dev_pete,500,Developer | Open source enthusiast,392,1675,0
mindful_maya,500,Architect | sustainable design,838,101,0
nina_art,500,Fashion designer | PR welcome,316,541,0
follow_back_101,192,NFT investor | crypto tips,12,0,1
amy_joy,642,Musician. Coffee addict. ☕,699,2140,0
nina_art,500,Gaming streamer | Twitch partner 🎮,741,1984,0
lena_captures,500,Marketing professional | keynote speaker,486,2159,0
lisa_writes,500,Medical student | future doctor 🩺,88,1587,0
chris_builds,1001,Yoga instructor | wellness coach 🧘,931,477,0
mindful_maya,581,Yoga instructor | wellness coach 🧘,970,1629,0
mark_adventure,500,Teacher & lifelong learner 📚,914,1104,0
creative_dan,1511,Environmental activist 🌱,960,1818,0
real_human_01234,47,follow for follow back,9,0,1
free_follower_bot,174,,4,0,1
code_master,500,Yoga instructor | wellness coach 🧘,530,299,0
amy_joy,1363,Retired engineer | amateur astronomer 🔭,116,952,0
photo_by_anna,500,UX designer @Meta,774,1436,0
get_rich_88,28,🔞 link in bio,2,0,1
get_rich_88,120,♻️ repost to win $1000,8,0,1
nina_art,500,Teacher & lifelong learner 📚,910,295,0
acc29471838,178,NFT investor | crypto tips,1,0,1
user8374629,91,♻️ repost to win $1000,0,0,1
daniel_f,500,Podcaster | interviewing founders,873,187,0
real_human_01234,145,🔞 link in bio,5,0,1
a8f7d3k9p2,27,🔞 link in bio,12,0,1
grace_beauty,1286,Marketing professional | keynote speaker,571,200,0
real_human_01234,249,Real estate investor | DM for passive income secrets,11,0,1
99882736450,94,,4,0,1
creative_dan,7790,Wildlife photographer based in Kenya,771,988,0
9182736450,127,Get free followers — click bio link,13,0,1
lena_captures,975,Entrepreneur | Founder @startup,663,600,0
tradebot_fx,196,follow for follow back,10,0,1
xXx_profit_xXx,89,FREE BTC airdrop → link in bio,13,0,1
lisa_writes,500,Data scientist | ML researcher,319,1990,0
daniel_f,729,photographer | travel 📷,501,2304,0
zz_promo_zz,181,,12,0,1
zz_promo_zz,97,earn $500/day 👇,4,0,1
chris_builds,601,Musician. Coffee addict. ☕,373,1893,0
mike_2023,500,Wildlife photographer based in Kenya,832,1699,0
get_rich_88,225,follow for follow back,5,0,1
sarah_smith,500,Dance teacher | choreographer,246,1822,0
amy_joy,2462,Retired engineer | amateur astronomer 🔭,784,1427,0
9182736450,33,,6,0,1
tradebot_fx,42,promo available 📩,1,0,1
crypto_king_9999,39,Real estate investor | DM for passive income secrets,5,0,1
nina_art,3539,Traveler | 50+ countries visited ✈️,142,1196,0
dev_pete,500,mom of 3 | foodie 🍕,673,776,0
alex_travel,500,News journalist @NYT,840,1703,0
john_doe,500,Environmental activist 🌱,913,2395,0
lisa_writes,5045,Marketing professional | keynote speaker,358,387,0
nina_art,500,Wildlife photographer based in Kenya,292,1426,0
paul_runs,500,fitness coach 💪 DM for plans,752,677,0
nina_art,778,News journalist @NYT,263,1220,0
dev_pete,500,Traveler | 50+ countries visited ✈️,995,1320,0
surf_with_evan,3358,Freelance illustrator | art prints available,390,1642,0
1234567890ab,79,follow for follow back,5,0,1
mark_adventure,500,photographer | travel 📷,618,902,0
real_human_01234,206,,4,0,1
creative_dan,500,Freelance illustrator | art prints available,961,1042,0
botanist_beth,500,Environmental activist 🌱,597,1283,0
chris_builds,500,Medical student | future doctor 🩺,43,1574,0
the_real_sam,500,Blogger | Lifestyle & wellness,617,1861,0
9182736450,196,Get free followers — click bio link,6,0,1
tradebot_fx,83,Real estate investor | DM for passive income secrets,10,0,1
xXx_profit_xXx,153,,2,0,1
mike_2023,1547,software engineer @ Google,121,1812,0
1234567890ab,117,crypto signals ✅ 99% win rate,3,0,1
zz_promo_zz,121,,1,0,1
mark_adventure,500,UX designer @Meta,113,2159,0
acc29471838,189,♻️ repost to win $1000,8,0,1
chef_marco,1068,Marketing professional | keynote speaker,467,1472,0
alex_travel,707,photographer | travel 📷,913,2315,0
grace_beauty,500,Podcaster | interviewing founders,191,955,0
journeys_with_kai,11218,Freelance illustrator | art prints available,40,2019,0
bot_account_7,78,,7,0,1
everyday_elena,1061,Podcaster | interviewing founders,863,143,0
paul_runs,500,mom of 3 | foodie 🍕,582,905,0
xXx_profit_xXx,286,Click link below 💰,11,0,1
lisa_writes,500,Architect | sustainable design,568,1793,0
tradebot_fx,10,btc eth airdrop free coins,9,0,1
code_master,2398,Medical student | future doctor 🩺,29,362,0
paul_runs,500,Environmental activist 🌱,876,1149,0
a8f7d3k9p2,283,NFT investor | crypto tips,10,0,1
tradebot_fx,17,Real estate investor | DM for passive income secrets,6,0,1
follow_back_101,93,crypto signals ✅ 99% win rate,9,0,1
journeys_with_kai,500,Nurse practitioner | women's health advocate,818,2084,0
sarah_smith,500,Developer | Open source enthusiast,573,2446,0
airdrop_winner99,241,NFT investor | crypto tips,13,0,1
chef_marco,1410,Environmental activist 🌱,944,1366,0
bot_account_7,277,,5,0,1
grace_beauty,500,mom of 3 | foodie 🍕,614,402,0
xXx_profit_xXx,90,Real estate investor | DM for passive income secrets,2,0,1
bot_account_7,250,investment advisor DM me,9,0,1
emma.j,1496,High school teacher | making STEM fun,236,301,0
b.scott.official,1437,mom of 3 | foodie 🍕,990,756,0
alex_travel,500,fitness coach 💪 DM for plans,53,1481,0
paul_runs,500,Architect | sustainable design,387,1348,0
a8f7d3k9p2,230,btc eth airdrop free coins,5,0,1
acc29471838,20,btc eth airdrop free coins,14,0,1
nft_dropper_69,99,follow for follow back,6,0,1
get_rich_88,231,DM me to grow your account fast,11,0,1
tom_techie,500,Traveler | 50+ countries visited ✈️,278,878,0
99882736450,154,NFT investor | crypto tips,3,0,1
a8f7d3k9p2,46,earn $500/day 👇,11,0,1
paul_runs,500,Freelance illustrator | art prints available,401,163,0
code_master,1239,Dog lover 🐾 | Hiking | Books,185,563,0
1234567890ab,293,Click link below 💰,12,0,1
get_rich_88,26,,13,0,1
lena_captures,1531,Wildlife photographer based in Kenya,266,1564,0
tradebot_fx,154,Get free followers — click bio link,6,0,1
zz_promo_zz,85,,8,0,1
a8f7d3k9p2,284,NFT investor | crypto tips,6,0,1
daniel_f,1692,Marketing professional | keynote speaker,822,423,0
get_rich_88,140,♻️ repost to win $1000,2,0,1
sarah_smith,1281,Wildlife photographer based in Kenya,69,714,0
free_followers_now,251,,1,0,1
crypto_king_9999,49,investment advisor DM me,11,0,1
earn_fast_2024,79,btc eth airdrop free coins,1,0,1
9182736450,219,Real estate investor | DM for passive income secrets,9,0,1
the_real_sam,1241,Nurse practitioner | women's health advocate,683,2395,0
user8374629,290,Click link below 💰,1,0,1
code_master,3058,Chef | Recipe creator 🍳,788,2121,0
everyday_elena,500,Developer | Open source enthusiast,132,1387,0
a8f7d3k9p2,95,🔞 link in bio,8,0,1
mike_2023,500,mom of 3 | foodie 🍕,66,607,0
journeys_with_kai,1386,Entrepreneur | Founder @startup,148,650,0
a8f7d3k9p2,181,Get free followers — click bio link,9,0,1
tom_techie,500,Dance teacher | choreographer,902,1468,0
free_followers_now,108,follow for follow back,12,0,1
bot_account_7,261,📈 passive income daily,2,0,1
john_doe,531,Fashion designer | PR welcome,706,582,0
amy_joy,1797,High school teacher | making STEM fun,207,1480,0
emma.j,4112,Teacher & lifelong learner 📚,443,2352,0
crypto_king_9999,136,Get free followers — click bio link,14,0,1
nft_dropper_69,177,📈 passive income daily,1,0,1
grace_beauty,500,Gaming streamer | Twitch partner 🎮,324,1527,0
free_followers_now,278,,7,0,1
zz_promo_zz,276,follow for follow back,3,0,1
mike_2023,500,fitness coach 💪 DM for plans,563,1955,0
a8f7d3k9p2,96,,11,0,1
lena_captures,500,Blogger | Lifestyle & wellness,531,780,0
free_followers_now,15,earn $500/day 👇,2,0,1
q7w8e9r0t1y2,61,,2,0,1
free_follower_bot,91,FREE BTC airdrop → link in bio,3,0,1
nft_dropper_69,196,earn $500/day 👇,1,0,1
acc29471838,292,follow for follow back,5,0,1
99882736450,123,,8,0,1
q7w8e9r0t1y2,163,Real estate investor | DM for passive income secrets,8,0,1
a8f7d3k9p2,230,,7,0,1
tom_techie,500,Fashion designer | PR welcome,407,923,0
q7w8e9r0t1y2,39,promo available 📩,5,0,1
nina_art,500,Nurse practitioner | women's health advocate,904,1545,0
mark_adventure,500,Dance teacher | choreographer,395,2385,0
real_human_01234,228,📈 passive income daily,12,0,1
emma.j,500,UX designer @Meta,209,1829,0
1234567890ab,127,🔞 link in bio,11,0,1
everyday_elena,500,Artist | Digital creator ✨,517,77,0
mark_adventure,500,Musician. Coffee addict. ☕,196,2373,0
dev_pete,500,Medical student | future doctor 🩺,12,498,0
real_human_01234,134,,9,0,1
a8f7d3k9p2,13,,9,0,1
code_master,1443,Dog lover 🐾 | Hiking | Books,754,2422,0
free_follower_bot,105,,2,0,1
tradebot_fx,206,Click link below 💰,10,0,1
airdrop_winner99,266,DM me to grow your account fast,13,0,1
surf_with_evan,579,Marketing professional | keynote speaker,687,1716,0
xXx_profit_xXx,239,,6,0,1
user8374629,294,NFT investor | crypto tips,0,0,1
daniel_f,891,Retired engineer | amateur astronomer 🔭,745,946,0
9182736450,9,crypto signals ✅ 99% win rate,6,0,1
99882736450,142,Get free followers — click bio link,2,0,1
alex_travel,2534,Environmental activist 🌱,403,2445,0
daniel_f,500,Musician. Coffee addict. ☕,315,2063,0
journeys_with_kai,500,Data scientist | ML researcher,856,1266,0
nft_dropper_69,74,,2,0,1
b.scott.official,555,Developer | Open source enthusiast,387,367,0
free_followers_now,212,🔞 link in bio,7,0,1
user8374629,172,investment advisor DM me,12,0,1
tradebot_fx,169,📈 passive income daily,14,0,1
journeys_with_kai,1981,Environmental activist 🌱,692,496,0
follow_back_101,75,,3,0,1
nft_dropper_69,165,Get free followers — click bio link,9,0,1
get_rich_88,152,,3,0,1
grace_beauty,500,Entrepreneur | Founder @startup,862,2298,0
creative_dan,1327,mom of 3 | foodie 🍕,551,1391,0
get_rich_88,44,,10,0,1
daniel_f,530,Marketing professional | keynote speaker,137,1504,0
xXx_profit_xXx,214,Real estate investor | DM for passive income secrets,9,0,1
journeys_with_kai,1784,Yoga instructor | wellness coach 🧘,918,168,0
get_rich_88,152,btc eth airdrop free coins,5,0,1
user8374629,63,,14,0,1
journeys_with_kai,500,News journalist @NYT,743,1268,0
fit_jessica,500,Artist | Digital creator ✨,308,2490,0
a8f7d3k9p2,68,Click link below 💰,6,0,1
surf_with_evan,551,Entrepreneur | Founder @startup,204,661,0
real_human_01234,194,Get free followers — click bio link,10,0,1
xXx_profit_xXx,154,follow for follow back,1,0,1
q7w8e9r0t1y2,278,,7,0,1
photo_by_anna,500,Chef | Recipe creator 🍳,120,576,0
botanist_beth,712,Yoga instructor | wellness coach 🧘,815,1622,0
b.scott.official,725,Traveler | 50+ countries visited ✈️,306,845,0
q7w8e9r0t1y2,180,crypto signals ✅ 99% win rate,13,0,1
free_follower_bot,217,promo available 📩,3,0,1
b.scott.official,500,Yoga instructor | wellness coach 🧘,168,1555,0
bot_account_7,63,🔞 link in bio,3,0,1
tom_techie,832,Entrepreneur | Founder @startup,654,1052,0
code_master,1866,Dance teacher | choreographer,668,1384,0
q7w8e9r0t1y2,28,DM me to grow your account fast,2,0,1
99882736450,3,🔞 link in bio,9,0,1
john_doe,1179,Chef | Recipe creator 🍳,891,1634,0
free_followers_now,132,Get free followers — click bio link,4,0,1
free_follower_bot,161,NFT investor | crypto tips,9,0,1
sarah_smith,500,Yoga instructor | wellness coach 🧘,193,777,0
sarah_smith,1558,Wildlife photographer based in Kenya,560,1634,0
9182736450,240,follow for follow back,9,0,1
alex_travel,1542,Freelance illustrator | art prints available,29,2193,0
tradebot_fx,240,Click link below 💰,9,0,1
dev_pete,500,Medical student | future doctor 🩺,112,2078,0
99882736450,34,Click link below 💰,3,0,1
lena_captures,8685,Retired engineer | amateur astronomer 🔭,933,962,0
free_followers_now,32,♻️ repost to win $1000,11,0,1
1234567890ab,270,,8,0,1
lisa_writes,500,Traveler | 50+ countries visited ✈️,286,943,0
fit_jessica,500,Artist | Digital creator ✨,842,993,0
botanist_beth,500,Artist | Digital creator ✨,925,970,0
follow_back_101,31,,14,0,1
photo_by_anna,500,fitness coach 💪 DM for plans,243,533,0
lisa_writes,680,software engineer @ Google,647,1728,0
q7w8e9r0t1y2,116,follow for follow back,8,0,1
photo_by_anna,500,Fashion designer | PR welcome,305,1872,0
mindful_maya,500,Fashion designer | PR welcome,454,1233,0
lisa_writes,500,Freelance illustrator | art prints available,999,927,0
a8f7d3k9p2,136,Get free followers — click bio link,7,0,1
mindful_maya,500,Yoga instructor | wellness coach 🧘,151,1491,0
the_real_sam,500,Musician. Coffee addict. ☕,302,1254,0
nft_dropper_69,141,crypto signals ✅ 99% win rate,10,0,1
surf_with_evan,500,Chef | Recipe creator 🍳,544,347,0
xXx_profit_xXx,18,,0,0,1
john_doe,2174,News journalist @NYT,464,2236,0
everyday_elena,2945,Wildlife photographer based in Kenya,233,2483,0
free_follower_bot,126,,5,0,1
a8f7d3k9p2,75,investment advisor DM me,8,0,1
tradebot_fx,118,Get free followers — click bio link,11,0,1
free_follower_bot,55,NFT investor | crypto tips,8,0,1
airdrop_winner99,25,investment advisor DM me,4,0,1
q7w8e9r0t1y2,93,investment advisor DM me,3,0,1
free_follower_bot,150,Get free followers — click bio link,5,0,1
free_follower_bot,189,Click link below 💰,1,0,1
tom_techie,2254,News journalist @NYT,463,1137,0
q7w8e9r0t1y2,120,,11,0,1
photo_by_anna,2041,Data scientist | ML researcher,921,536,0
free_followers_now,66,DM me to grow your account fast,4,0,1
daniel_f,1111,software engineer @ Google,375,1962,0
emma.j,3665,fitness coach 💪 DM for plans,638,1404,0
tom_techie,1408,Traveler | 50+ countries visited ✈️,848,1348,0
alex_travel,500,Teacher & lifelong learner 📚,111,1337,0
tom_techie,500,Dog lover 🐾 | Hiking | Books,982,1544,0
bot_account_7,252,promo available 📩,11,0,1
daniel_f,533,Traveler | 50+ countries visited ✈️,875,720,0
q7w8e9r0t1y2,69,DM me to grow your account fast,4,0,1
user8374629,293,Real estate investor | DM for passive income secrets,7,0,1
free_followers_now,70,,7,0,1
get_rich_88,59,,6,0,1
free_follower_bot,50,,6,0,1
a8f7d3k9p2,41,crypto signals ✅ 99% win rate,0,0,1
free_follower_bot,172,follow for follow back,2,0,1
airdrop_winner99,81,Real estate investor | DM for passive income secrets,14,0,1
journeys_with_kai,1112,News journalist @NYT,596,813,0
bot_account_7,105,Get free followers — click bio link,9,0,1
crypto_king_9999,55,follow for follow back,3,0,1
99882736450,88,DM me to grow your account fast,10,0,1
1234567890ab,276,follow for follow back,9,0,1
free_follower_bot,205,,5,0,1
bot_account_7,221,♻️ repost to win $1000,11,0,1
1234567890ab,204,Get free followers — click bio link,14,0,1
1234567890ab,107,follow for follow back,3,0,1
lena_captures,500,Wildlife photographer based in Kenya,609,2336,0
nft_dropper_69,51,crypto signals ✅ 99% win rate,13,0,1
nft_dropper_69,273,,1,0,1
user8374629,285,btc eth airdrop free coins,14,0,1
free_followers_now,159,,9,0,1
botanist_beth,864,Architect | sustainable design,200,1576,0
amy_joy,544,Developer | Open source enthusiast,558,1937,0
9182736450,159,crypto signals ✅ 99% win rate,10,0,1
real_human_01234,299,Real estate investor | DM for passive income secrets,5,0,1
nina_art,500,Dog lover 🐾 | Hiking | Books,482,1936,0
nft_dropper_69,242,,4,0,1
earn_fast_2024,78,FREE BTC airdrop → link in bio,2,0,1
mike_2023,500,Musician. Coffee addict. ☕,221,1628,0
alex_travel,500,Podcaster | interviewing founders,593,2326,0
daniel_f,500,Podcaster | interviewing founders,328,698,0
free_followers_now,178,Click link below 💰,14,0,1
acc29471838,193,promo available 📩,8,0,1
user8374629,165,🔞 link in bio,14,0,1
free_follower_bot,86,FREE BTC airdrop → link in bio,13,0,1
acc29471838,179,FREE BTC airdrop → link in bio,8,0,1
bot_account_7,235,earn $500/day 👇,4,0,1
real_human_01234,292,,12,0,1
acc29471838,135,,3,0,1
nft_dropper_69,193,FREE BTC airdrop → link in bio,5,0,1
xXx_profit_xXx,296,crypto signals ✅ 99% win rate,11,0,1
xXx_profit_xXx,209,,8,0,1
q7w8e9r0t1y2,78,follow for follow back,5,0,1
user8374629,244,promo available 📩,14,0,1
9182736450,102,crypto signals ✅ 99% win rate,0,0,1
zz_promo_zz,290,,8,0,1
the_real_sam,500,Nurse practitioner | women's health advocate,219,717,0
paul_runs,500,Teacher & lifelong learner 📚,582,688,0
free_follower_bot,276,Click link below 💰,8,0,1
free_follower_bot,26,📈 passive income daily,7,0,1
john_doe,1810,Yoga instructor | wellness coach 🧘,160,808,0
amy_joy,500,Data scientist | ML researcher,331,273,0
nina_art,500,Freelance illustrator | art prints available,198,1763,0
earn_fast_2024,280,btc eth airdrop free coins,13,0,1
follow_back_101,293,earn $500/day 👇,0,0,1
9182736450,1,,5,0,1
a8f7d3k9p2,101,btc eth airdrop free coins,2,0,1
chris_builds,500,Nurse practitioner | women's health advocate,130,2130,0
bot_account_7,136,♻️ repost to win $1000,13,0,1
mike_2023,500,Traveler | 50+ countries visited ✈️,240,1812,0
nft_dropper_69,223,NFT investor | crypto tips,5,0,1
user8374629,191,,5,0,1
amy_joy,500,Podcaster | interviewing founders,554,1188,0
earn_fast_2024,7,Click link below 💰,1,0,1
free_followers_now,295,,3,0,1
dev_pete,500,Environmental activist 🌱,221,797,0
q7w8e9r0t1y2,44,,6,0,1
amy_joy,607,Dog lover 🐾 | Hiking | Books,19,948,0
acc29471838,184,,8,0,1
the_real_sam,1366,Dog lover 🐾 | Hiking | Books,972,1145,0
user8374629,149,Real estate investor | DM for passive income secrets,13,0,1
nina_art,3449,fitness coach 💪 DM for plans,422,2201,0
surf_with_evan,500,Medical student | future doctor 🩺,513,2375,0
tradebot_fx,289,btc eth airdrop free coins,9,0,1
1234567890ab,216,investment advisor DM me,1,0,1
a8f7d3k9p2,78,NFT investor | crypto tips,7,0,1
lisa_writes,5016,Traveler | 50+ countries visited ✈️,639,1600,0
9182736450,211,📈 passive income daily,8,0,1
get_rich_88,134,DM me to grow your account fast,1,0,1
alex_travel,500,Artist | Digital creator ✨,681,1526,0
b.scott.official,500,Freelance illustrator | art prints available,490,2479,0
the_real_sam,500,Environmental activist 🌱,729,343,0
botanist_beth,500,Medical student | future doctor 🩺,857,1206,0
mike_2023,500,Gaming streamer | Twitch partner 🎮,525,399,0
chris_builds,3661,Retired engineer | amateur astronomer 🔭,568,57,0
free_follower_bot,101,follow for follow back,12,0,1
1234567890ab,135,Real estate investor | DM for passive income secrets,1,0,1
1234567890ab,31,🔞 link in bio,6,0,1
get_rich_88,270,investment advisor DM me,7,0,1
botanist_beth,3586,News journalist @NYT,622,205,0
9182736450,88,btc eth airdrop free coins,13,0,1
mark_adventure,500,fitness coach 💪 DM for plans,628,86,0
free_followers_now,79,,1,0,1
emma.j,6054,Musician. Coffee addict. ☕,195,1823,0
nft_dropper_69,281,♻️ repost to win $1000,14,0,1
mark_adventure,500,mom of 3 | foodie 🍕,75,1017,0
lena_captures,500,Traveler | 50+ countries visited ✈️,781,742,0
chris_builds,1508,Artist | Digital creator ✨,731,451,0
botanist_beth,862,Chef | Recipe creator 🍳,498,233,0
9182736450,264,DM me to grow your account fast,12,0,1
airdrop_winner99,255,promo available 📩,0,0,1
lena_captures,500,fitness coach 💪 DM for plans,209,2088,0
surf_with_evan,649,Musician. Coffee addict. ☕,857,2047,0
airdrop_winner99,183,Get free followers — click bio link,13,0,1
user8374629,101,Click link below 💰,11,0,1
chris_builds,1745,Teacher & lifelong learner 📚,967,1342,0
journeys_with_kai,500,Nurse practitioner | women's health advocate,332,2409,0
photo_by_anna,500,Environmental activist 🌱,690,1847,0
the_real_sam,716,Teacher & lifelong learner 📚,476,2183,0
9182736450,237,🔞 link in bio,4,0,1
fit_jessica,526,Chef | Recipe creator 🍳,681,1182,0
airdrop_winner99,176,DM me to grow your account fast,5,0,1
alex_travel,500,Dance teacher | choreographer,423,327,0
bot_account_7,251,DM me to grow your account fast,2,0,1
free_followers_now,80,crypto signals ✅ 99% win rate,9,0,1
mike_2023,509,Gaming streamer | Twitch partner 🎮,793,2068,0
everyday_elena,500,Musician. Coffee addict. ☕,241,371,0
photo_by_anna,500,Artist | Digital creator ✨,709,1189,0
crypto_king_9999,223,,12,0,1
emma.j,669,Musician. Coffee addict. ☕,989,2351,0
journeys_with_kai,762,fitness coach 💪 DM for plans,436,1554,0
99882736450,160,Real estate investor | DM for passive income secrets,0,0,1
free_followers_now,12,DM me to grow your account fast,6,0,1
free_follower_bot,27,,8,0,1
get_rich_88,286,♻️ repost to win $1000,9,0,1
nina_art,500,Entrepreneur | Founder @startup,392,278,0
9182736450,53,,0,0,1
99882736450,198,,11,0,1
the_real_sam,570,software engineer @ Google,416,2411,0
zz_promo_zz,136,,2,0,1
botanist_beth,500,fitness coach 💪 DM for plans,89,1809,0
real_human_01234,275,📈 passive income daily,0,0,1
chris_builds,500,Retired engineer | amateur astronomer 🔭,170,193,0
airdrop_winner99,98,Get free followers — click bio link,14,0,1
nft_dropper_69,76,btc eth airdrop free coins,14,0,1
daniel_f,500,UX designer @Meta,564,1711,0
the_real_sam,500,software engineer @ Google,537,1908,0
john_doe,737,Marketing professional | keynote speaker,499,900,0
botanist_beth,1495,Marketing professional | keynote speaker,72,2270,0
chris_builds,500,Podcaster | interviewing founders,757,732,0
creative_dan,500,Environmental activist 🌱,894,2482,0
user8374629,134,crypto signals ✅ 99% win rate,8,0,1
mark_adventure,3503,Medical student | future doctor 🩺,715,163,0
creative_dan,1210,Environmental activist 🌱,213,27,0
q7w8e9r0t1y2,129,Get free followers — click bio link,14,0,1
tom_techie,1014,Fashion designer | PR welcome,284,776,0
get_rich_88,36,btc eth airdrop free coins,13,0,1
chris_builds,709,fitness coach 💪 DM for plans,643,356,0
xXx_profit_xXx,40,,8,0,1
acc29471838,218,promo available 📩,11,0,1
acc29471838,14,,1,0,1
follow_back_101,99,,5,0,1
free_followers_now,260,Real estate investor | DM for passive income secrets,12,0,1
everyday_elena,682,Artist | Digital creator ✨,605,824,0
99882736450,19,follow for follow back,14,0,1
amy_joy,500,Artist | Digital creator ✨,86,2019,0
a8f7d3k9p2,250,,6,0,1
mark_adventure,1136,Fashion designer | PR welcome,887,901,0
b.scott.official,1482,Freelance illustrator | art prints available,665,2113,0
lisa_writes,7562,software engineer @ Google,269,799,0
alex_travel,1753,Musician. Coffee addict. ☕,682,455,0
get_rich_88,271,,12,0,1
sarah_smith,500,Retired engineer | amateur astronomer 🔭,783,336,0
mike_2023,2029,Freelance illustrator | art prints available,133,1779,0
chris_builds,2404,Wildlife photographer based in Kenya,142,1539,0
q7w8e9r0t1y2,209,,4,0,1
nft_dropper_69,68,DM me to grow your account fast,4,0,1
99882736450,58,,5,0,1
get_rich_88,67,btc eth airdrop free coins,8,0,1
tom_techie,500,Medical student | future doctor 🩺,722,746,0
a8f7d3k9p2,235,FREE BTC airdrop → link in bio,11,0,1
acc29471838,56,NFT investor | crypto tips,14,0,1
1234567890ab,243,♻️ repost to win $1000,11,0,1
q7w8e9r0t1y2,90,,14,0,1
follow_back_101,81,Real estate investor | DM for passive income secrets,12,0,1
earn_fast_2024,154,📈 passive income daily,0,0,1
tradebot_fx,283,,9,0,1
grace_beauty,500,Artist | Digital creator ✨,930,409,0
journeys_with_kai,791,UX designer @Meta,209,2301,0
chris_builds,500,Freelance illustrator | art prints available,922,1474,0
mike_2023,891,Teacher & lifelong learner 📚,659,2297,0
9182736450,40,,2,0,1
tradebot_fx,26,btc eth airdrop free coins,12,0,1
zz_promo_zz,116,🔞 link in bio,14,0,1
real_human_01234,283,earn $500/day 👇,14,0,1
daniel_f,500,Dog lover 🐾 | Hiking | Books,999,1550,0
earn_fast_2024,142,Get free followers — click bio link,2,0,1
tom_techie,500,Retired engineer | amateur astronomer 🔭,33,1791,0
mindful_maya,500,Artist | Digital creator ✨,901,1006,0
9182736450,238,promo available 📩,8,0,1
chef_marco,741,Environmental activist 🌱,573,2135,0
daniel_f,1788,fitness coach 💪 DM for plans,164,1605,0
creative_dan,500,Dog lover 🐾 | Hiking | Books,813,388,0
photo_by_anna,500,fitness coach 💪 DM for plans,761,350,0
mindful_maya,741,News journalist @NYT,303,1809,0
fit_jessica,1320,Dog lover 🐾 | Hiking | Books,678,690,0
user8374629,157,follow for follow back,7,0,1
mindful_maya,7513,Entrepreneur | Founder @startup,502,1087,0
nina_art,500,Freelance illustrator | art prints available,598,317,0
journeys_with_kai,1467,UX designer @Meta,114,1659,0
chef_marco,500,High school teacher | making STEM fun,186,1740,0
user8374629,132,investment advisor DM me,11,0,1
tradebot_fx,196,,13,0,1
a8f7d3k9p2,120,crypto signals ✅ 99% win rate,5,0,1
user8374629,73,📈 passive income daily,12,0,1
paul_runs,975,Gaming streamer | Twitch partner 🎮,313,2007,0
follow_back_101,28,earn $500/day 👇,2,0,1
airdrop_winner99,59,,11,0,1
zz_promo_zz,43,btc eth airdrop free coins,5,0,1
amy_joy,500,mom of 3 | foodie 🍕,781,1494,0
earn_fast_2024,155,,2,0,1
daniel_f,500,mom of 3 | foodie 🍕,805,913,0
mark_adventure,501,Developer | Open source enthusiast,24,698,0
lena_captures,500,photographer | travel 📷,116,1998,0
real_human_01234,46,,3,0,1
amy_joy,500,Environmental activist 🌱,369,690,0
chris_builds,500,Dog lover 🐾 | Hiking | Books,961,2370,0
9182736450,265,Real estate investor | DM for passive income secrets,9,0,1
real_human_01234,166,,1,0,1
surf_with_evan,500,Blogger | Lifestyle & wellness,678,690,0
real_human_01234,7,promo available 📩,1,0,1
creative_dan,773,High school teacher | making STEM fun,377,2042,0
get_rich_88,108,Click link below 💰,13,0,1
alex_travel,500,Traveler | 50+ countries visited ✈️,784,2369,0
code_master,500,UX designer @Meta,183,785,0
b.scott.official,500,software engineer @ Google,954,2109,0
nina_art,771,Blogger | Lifestyle & wellness,958,21,0
crypto_king_9999,238,Real estate investor | DM for passive income secrets,11,0,1
daniel_f,616,Entrepreneur | Founder @startup,149,2419,0
bot_account_7,279,earn $500/day 👇,8,0,1
mark_adventure,500,Data scientist | ML researcher,636,2415,0
everyday_elena,500,Podcaster | interviewing founders,404,1405,0
bot_account_7,61,crypto signals ✅ 99% win rate,11,0,1
surf_with_evan,3512,Dog lover 🐾 | Hiking | Books,26,427,0
code_master,500,Developer | Open source enthusiast,619,1745,0
free_follower_bot,178,NFT investor | crypto tips,12,0,1
q7w8e9r0t1y2,16,follow for follow back,12,0,1
everyday_elena,4363,Developer | Open source enthusiast,283,469,0
sarah_smith,8777,High school teacher | making STEM fun,355,206,0
a8f7d3k9p2,130,NFT investor | crypto tips,3,0,1
free_follower_bot,116,earn $500/day 👇,1,0,1
lisa_writes,2912,Environmental activist 🌱,198,610,0
nft_dropper_69,279,follow for follow back,6,0,1
mark_adventure,779,Chef | Recipe creator 🍳,484,1597,0
follow_back_101,130,,5,0,1
follow_back_101,181,,14,0,1
nina_art,764,Nurse practitioner | women's health advocate,637,450,0
a8f7d3k9p2,261,follow for follow back,8,0,1
lena_captures,2063,Dog lover 🐾 | Hiking | Books,907,2431,0
crypto_king_9999,207,Real estate investor | DM for passive income secrets,5,0,1
paul_runs,500,Yoga instructor | wellness coach 🧘,842,146,0
botanist_beth,2265,Yoga instructor | wellness coach 🧘,528,2489,0
99882736450,53,DM me to grow your account fast,14,0,1
user8374629,51,promo available 📩,6,0,1
free_follower_bot,169,NFT investor | crypto tips,9,0,1
bot_account_7,202,earn $500/day 👇,12,0,1
nft_dropper_69,280,follow for follow back,7,0,1
bot_account_7,30,DM me to grow your account fast,13,0,1
tom_techie,525,Teacher & lifelong learner 📚,133,687,0
crypto_king_9999,142,promo available 📩,8,0,1
get_rich_88,237,FREE BTC airdrop → link in bio,7,0,1
