username,followers,following,videos,bio,likes,is_verified,label
alex_travel,111061,9,5,Real estate investor | DM for passive income secrets,689,0,1
tradebot_fx,4046,8492,1366,🔞 link in bio,236,0,1
lena_captures,200,67,453,Nurse practitioner | women's health advocate,4306,0,0
zz_promo_zz,7223,6799,863,DM me to grow your account fast,95,0,1
surf_with_evan,57299,20,0,FREE BTC airdrop → link in bio,911,0,1
taylorswift,37842273,463,4231,World #1 tennis player 🎾 | Foundation: @AidFundation,2639127683,1,0
real_human_01234,24,4496,4,NFT investor | crypto tips,33,0,1
get_rich_88,8484,8299,4528,NFT investor | crypto tips,351,0,1
real_human_01234,178,5477,1,investment advisor DM me,2,0,1
tom_techie,200,44,234,Data scientist | ML researcher,5401,0,0
follow_back_101,8207,8513,2194,NFT investor | crypto tips,50,0,1
kimkardashian,70578850,400,805,Fashion icon | Creative Director @LuxuryBrand,3990786874,1,0
chef_marco,621,96,431,UX designer @Meta,3379,0,0
crypto_king_9999,21,6596,2,Click link below 💰,11,0,1
acc29471838,8101,9142,2792,♻️ repost to win $1000,118,0,1
zz_promo_zz,3105,5776,4521,,132,0,1
beyonce,135174371,132,4692,CEO @Fortune500 | Author | Speaker,5892892674,1,0
9182736450,5024,6557,2271,DM me to grow your account fast,98,0,1
a8f7d3k9p2,80,9746,0,,49,0,1
free_followers_now,111,8540,2,NFT investor | crypto tips,13,0,1
sarah_smith,200,18,471,UX designer @Meta,7410,0,0
mike_2023,201059,47,2,crypto signals ✅ 99% win rate,751,0,1
fit_jessica,254,58,204,Dance teacher | choreographer,12343,0,0
the_real_sam,350784,6,8,📈 passive income daily,45,0,1
user8374629,34,5689,4,promo available 📩,28,0,1
lena_captures,245,17,312,Wildlife photographer based in Kenya,11357,0,0
tradebot_fx,66,7778,0,,17,0,1
9182736450,8162,6091,4095,Real estate investor | DM for passive income secrets,259,0,1
free_followers_now,95,9973,1,btc eth airdrop free coins,12,0,1
mark_adventure,36998,17,3,FREE BTC airdrop → link in bio,30,0,1
99882736450,4445,6343,4964,📈 passive income daily,400,0,1
alex_travel,200,77,226,Dog lover 🐾 | Hiking | Books,6777,0,0
emma.j,46814,5,4,♻️ repost to win $1000,534,0,1
botanist_beth,200,22,257,Environmental activist 🌱,9442,0,0
photo_by_anna,1601,38,335,Traveler | 50+ countries visited ✈️,33375,0,0
surf_with_evan,463247,36,2,,838,0,1
taylorswift,65769798,349,3432,Fashion icon | Creative Director @LuxuryBrand,1405765922,1,0
lisa_writes,200,17,472,Data scientist | ML researcher,3410,0,0
tom_techie,259,58,146,Architect | sustainable design,5225,0,0
chris_builds,323,40,128,Chef | Recipe creator 🍳,11670,0,0
everyday_elena,269,21,121,Fashion designer | PR welcome,9513,0,0
zz_promo_zz,183,9535,0,earn $500/day 👇,64,0,1
mike_2023,532,14,42,Chef | Recipe creator 🍳,18973,0,0
mindful_maya,200,76,238,High school teacher | making STEM fun,2243,0,0
natgeo,80070713,272,2109,Grammy-winning artist 🎵 | New album out now,4845097926,1,0
photo_by_anna,1341,545,394,Wildlife photographer based in Kenya,61666,0,0
grace_beauty,463013,14,0,♻️ repost to win $1000,254,0,1
lena_captures,493507,12,3,,28,0,1
mark_adventure,219596,48,9,,855,0,1
creative_dan,2811,1220,122,Freelance illustrator | art prints available,88919,0,0
daniel_f,200,94,338,Blogger | Lifestyle & wellness,1555,0,0
tradebot_fx,3046,6520,3316,,313,0,1
mindful_maya,200,75,488,Blogger | Lifestyle & wellness,7807,0,0
free_follower_bot,574,7141,795,,354,0,1
tradebot_fx,9740,9211,4238,promo available 📩,105,0,1
john_doe,457611,19,4,FREE BTC airdrop → link in bio,342,0,1
emma.j,91395,8,8,Real estate investor | DM for passive income secrets,773,0,1
tradebot_fx,74,8511,1,,22,0,1
9182736450,83,4003,1,Get free followers — click bio link,14,0,1
earn_fast_2024,84,8596,4,btc eth airdrop free coins,81,0,1
a8f7d3k9p2,6642,8901,2116,📈 passive income daily,244,0,1
sarah_smith,200,52,407,Blogger | Lifestyle & wellness,3493,0,0
a8f7d3k9p2,7845,5091,2001,FREE BTC airdrop → link in bio,141,0,1
code_master,200,28,131,photographer | travel 📷,9170,0,0
earn_fast_2024,1291,8924,2353,crypto signals ✅ 99% win rate,79,0,1
fit_jessica,200,63,286,Retired engineer | amateur astronomer 🔭,3793,0,0
earn_fast_2024,190,7230,0,follow for follow back,97,0,1
paul_runs,200,98,486,High school teacher | making STEM fun,4165,0,0
99882736450,8818,7728,2234,Real estate investor | DM for passive income secrets,199,0,1
surf_with_evan,200,80,279,Wildlife photographer based in Kenya,9900,0,0
zz_promo_zz,98,9171,2,,41,0,1
real_human_01234,3223,9999,3949,Get free followers — click bio link,440,0,1
surf_with_evan,454651,39,2,crypto signals ✅ 99% win rate,528,0,1
get_rich_88,9725,5027,3576,Get free followers — click bio link,426,0,1
kyliejenner,21092068,111,1573,World-renowned chef 👨‍🍳 | Author of 3 cookbooks,996559702,1,0
alex_travel,271,67,349,photographer | travel 📷,5537,0,0
everyday_elena,125864,20,4,🔞 link in bio,926,0,1
nasa,81609905,341,1170,Professional athlete | Team captain | Brand ambassador,2000526142,1,0
mindful_maya,311,66,326,mom of 3 | foodie 🍕,2414,0,0
crypto_king_9999,76,7504,0,investment advisor DM me,43,0,1
therock,121993019,81,3537,International supermodel | Agency: IMG Models,1599637165,1,0
the_real_sam,200,87,126,mom of 3 | foodie 🍕,1179,0,0
real_human_01234,9227,6807,3691,btc eth airdrop free coins,465,0,1
dev_pete,200,15,489,Gaming streamer | Twitch partner 🎮,1028,0,0
emma.j,249,59,163,Chef | Recipe creator 🍳,5125,0,0
photo_by_anna,200,97,145,Architect | sustainable design,8776,0,0
tom_techie,200,10,312,Dance teacher | choreographer,5018,0,0
dev_pete,200,63,264,Gaming streamer | Twitch partner 🎮,8532,0,0
beyonce,23137230,424,4917,Official account. For business: manager@agency.com,1827580318,1,0
elonmusk,98942404,443,2808,World-renowned chef 👨‍🍳 | Author of 3 cookbooks,7566015027,1,0
acc29471838,65,5618,3,,73,0,1
nina_art,372,39,383,High school teacher | making STEM fun,8625,0,0
photo_by_anna,200,91,52,software engineer @ Google,9435,0,0
alex_travel,471009,26,3,investment advisor DM me,395,0,1
tradebot_fx,22,3485,0,♻️ repost to win $1000,96,0,1
journeys_with_kai,227382,33,9,follow for follow back,325,0,1
alex_travel,200,87,202,photographer | travel 📷,6439,0,0
a8f7d3k9p2,43,8105,2,,9,0,1
1234567890ab,62,8791,3,investment advisor DM me,41,0,1
sarah_smith,98991,22,2,,700,0,1
free_follower_bot,126,5656,4,📈 passive income daily,52,0,1
acc29471838,4,6136,1,follow for follow back,57,0,1
amy_joy,200,51,276,Medical student | future doctor 🩺,6351,0,0
user8374629,121,4030,4,,30,0,1
tradebot_fx,6346,8351,3543,follow for follow back,231,0,1
nft_dropper_69,5352,6690,3908,crypto signals ✅ 99% win rate,459,0,1
9182736450,21,5238,4,,16,0,1
daniel_f,558,256,36,UX designer @Meta,14678,0,0
crypto_king_9999,717,5817,2816,DM me to grow your account fast,98,0,1
xXx_profit_xXx,105,6919,4,,65,0,1
botanist_beth,200,62,446,Marketing professional | keynote speaker,1217,0,0
earn_fast_2024,4422,6576,3866,crypto signals ✅ 99% win rate,21,0,1
mark_adventure,284508,41,0,♻️ repost to win $1000,857,0,1
free_followers_now,9584,6751,1246,earn $500/day 👇,400,0,1
botanist_beth,2521,351,103,Medical student | future doctor 🩺,42642,0,0
john_doe,216,87,155,Musician. Coffee addict. ☕,6795,0,0
a8f7d3k9p2,8262,8508,3641,crypto signals ✅ 99% win rate,410,0,1
free_followers_now,7543,9761,4903,,145,0,1
fit_jessica,832,99,457,Traveler | 50+ countries visited ✈️,5739,0,0
nina_art,200,75,354,Data scientist | ML researcher,5280,0,0
lisa_writes,316,106,416,Musician. Coffee addict. ☕,9868,0,0
nft_dropper_69,36,7126,4,Click link below 💰,32,0,1
john_doe,1047,410,436,Data scientist | ML researcher,47139,0,0
tradebot_fx,6264,5236,2348,,110,0,1
xXx_profit_xXx,7433,7765,3178,,365,0,1
emma.j,650,257,369,Freelance illustrator | art prints available,17147,0,0
photo_by_anna,433,21,259,UX designer @Meta,19103,0,0
chris_builds,425033,14,1,,22,0,1
grace_beauty,308,115,364,Artist | Digital creator ✨,9972,0,0
billgates,61048532,261,3741,Oscar-winning director | Production company: @StudioX,1885599156,1,0
chris_builds,319782,28,7,,13,0,1
chris_builds,200,9,223,UX designer @Meta,1567,0,0
lisa_writes,330509,20,1,🔞 link in bio,405,0,1
mike_2023,672,193,370,Chef | Recipe creator 🍳,21907,0,0
journeys_with_kai,283,128,250,Artist | Digital creator ✨,8536,0,0
user8374629,59,7638,2,FREE BTC airdrop → link in bio,63,0,1
chris_builds,490162,20,1,,243,0,1
cristiano,127469330,203,4767,Oscar-winning director | Production company: @StudioX,4756725569,1,0
airdrop_winner99,2524,7210,3104,Click link below 💰,53,0,1
surf_with_evan,200,86,106,Traveler | 50+ countries visited ✈️,8181,0,0
sarah_smith,457,207,381,mom of 3 | foodie 🍕,4597,0,0
xXx_profit_xXx,1277,8923,4855,btc eth airdrop free coins,86,0,1
real_human_01234,191,9429,2,,41,0,1
nft_dropper_69,28,3324,1,earn $500/day 👇,98,0,1
the_real_sam,722,240,114,News journalist @NYT,12839,0,0
botanist_beth,390373,48,1,DM me to grow your account fast,742,0,1
free_follower_bot,28,3354,3,🔞 link in bio,33,0,1
the_real_sam,171232,36,1,Real estate investor | DM for passive income secrets,603,0,1
code_master,53852,41,9,Real estate investor | DM for passive income secrets,24,0,1
chris_builds,200,59,425,Musician. Coffee addict. ☕,7427,0,0
user8374629,129,9135,4,Click link below 💰,57,0,1
botanist_beth,236398,34,5,,377,0,1
dev_pete,200,76,341,Blogger | Lifestyle & wellness,1088,0,0
mindful_maya,200,11,389,Retired engineer | amateur astronomer 🔭,9205,0,0
free_followers_now,8715,5890,3537,🔞 link in bio,66,0,1
the_real_sam,206,85,54,Wildlife photographer based in Kenya,5686,0,0
mindful_maya,375,115,384,Gaming streamer | Twitch partner 🎮,14777,0,0
chef_marco,337,5,454,Podcaster | interviewing founders,4636,0,0
neymarjr,133080097,325,4173,CEO @Fortune500 | Author | Speaker,10706425239,1,0
earn_fast_2024,127,8601,3,📈 passive income daily,88,0,1
get_rich_88,4420,7412,2056,,87,0,1
chris_builds,320,91,466,Fashion designer | PR welcome,14167,0,0
chris_builds,227,109,489,mom of 3 | foodie 🍕,2016,0,0
fcbarcelona,107114933,41,4267,CEO @Fortune500 | Author | Speaker,6356688134,1,0
botanist_beth,563,173,196,Medical student | future doctor 🩺,15030,0,0
journeys_with_kai,294219,1,4,DM me to grow your account fast,753,0,1
bot_account_7,124,8738,0,Click link below 💰,10,0,1
fcbarcelona,72064771,454,527,Official account. For business: manager@agency.com,2172073573,1,0
nina_art,200,77,436,Marketing professional | keynote speaker,4650,0,0
oprah,12117956,209,1543,Hollywood actor | Upcoming: Summer Blockbuster 2025,733710490,1,0
mark_adventure,289,114,325,Data scientist | ML researcher,3679,0,0
mindful_maya,59381,12,8,btc eth airdrop free coins,277,0,1
acc29471838,6467,9959,646,Click link below 💰,314,0,1
tim_cook,7297123,415,4420,International supermodel | Agency: IMG Models,634998930,1,0
mark_adventure,200,36,430,Wildlife photographer based in Kenya,1962,0,0
john_doe,200,21,209,Artist | Digital creator ✨,8714,0,0
chris_builds,200,49,110,fitness coach 💪 DM for plans,8104,0,0
mike_2023,200,68,465,Artist | Digital creator ✨,2046,0,0
fit_jessica,404697,2,8,,51,0,1
chris_builds,252,91,465,fitness coach 💪 DM for plans,5684,0,0
nft_dropper_69,1601,5680,677,investment advisor DM me,154,0,1
surf_with_evan,464,25,320,Freelance illustrator | art prints available,5080,0,0
paul_runs,389,25,84,Architect | sustainable design,5150,0,0
nina_art,169650,40,7,,860,0,1
bot_account_7,9413,6384,973,♻️ repost to win $1000,491,0,1
journeys_with_kai,200,6,295,News journalist @NYT,6143,0,0
acc29471838,119,7096,4,FREE BTC airdrop → link in bio,75,0,1
follow_back_101,3459,8164,4384,DM me to grow your account fast,232,0,1
arianagrande,50153566,210,1400,Hollywood actor | Upcoming: Summer Blockbuster 2025,2573733611,1,0
daniel_f,186821,47,2,follow for follow back,896,0,1
zz_promo_zz,73,3652,1,,13,0,1
journeys_with_kai,200,39,313,Dance teacher | choreographer,3147,0,0
zz_promo_zz,84,4398,0,crypto signals ✅ 99% win rate,47,0,1
lisa_writes,796,374,21,Architect | sustainable design,27298,0,0
lena_captures,113520,34,5,Click link below 💰,768,0,1
taylorswift,10664335,433,3444,Oscar-winning director | Production company: @StudioX,590271011,1,0
mark_adventure,204,29,420,Wildlife photographer based in Kenya,2548,0,0
tom_techie,24339,12,6,crypto signals ✅ 99% win rate,635,0,1
surf_with_evan,209226,21,7,btc eth airdrop free coins,347,0,1
tradebot_fx,9489,8928,2348,📈 passive income daily,378,0,1
tradebot_fx,14,9746,3,FREE BTC airdrop → link in bio,64,0,1
tom_techie,331,106,165,Architect | sustainable design,8649,0,0
tom_techie,273,18,261,Musician. Coffee addict. ☕,3185,0,0
nft_dropper_69,87,3565,4,,35,0,1
mindful_maya,167805,25,4,FREE BTC airdrop → link in bio,56,0,1
nina_art,484,9,59,Freelance illustrator | art prints available,15955,0,0
bot_account_7,96,7875,1,📈 passive income daily,9,0,1
dev_pete,451,6,252,Dog lover 🐾 | Hiking | Books,2379,0,0
daniel_f,200,74,244,High school teacher | making STEM fun,8784,0,0
code_master,1453,679,441,Musician. Coffee addict. ☕,32833,0,0
xXx_profit_xXx,4955,9077,1966,,25,0,1
lena_captures,200,66,294,mom of 3 | foodie 🍕,1227,0,0
lisa_writes,200,85,244,UX designer @Meta,2297,0,0
real_human_01234,191,8516,1,📈 passive income daily,90,0,1
mike_2023,463,31,275,Musician. Coffee addict. ☕,7741,0,0
b.scott.official,231396,6,4,follow for follow back,96,0,1
q7w8e9r0t1y2,5815,5787,4269,investment advisor DM me,442,0,1
lena_captures,480786,5,7,📈 passive income daily,138,0,1
a8f7d3k9p2,112,3033,3,Click link below 💰,90,0,1
lisa_writes,320,76,335,Medical student | future doctor 🩺,10330,0,0
journeys_with_kai,200,23,178,Dog lover 🐾 | Hiking | Books,2505,0,0
botanist_beth,251,122,78,Nurse practitioner | women's health advocate,4243,0,0
lisa_writes,474362,27,9,Click link below 💰,38,0,1
nft_dropper_69,180,9551,3,promo available 📩,43,0,1
botanist_beth,200,55,52,Podcaster | interviewing founders,3309,0,0
earn_fast_2024,9640,6298,3600,♻️ repost to win $1000,269,0,1
mark_adventure,200,28,97,Blogger | Lifestyle & wellness,6292,0,0
botanist_beth,564,222,477,Marketing professional | keynote speaker,24577,0,0
everyday_elena,591,274,70,Gaming streamer | Twitch partner 🎮,20190,0,0
bot_account_7,178,9498,0,,94,0,1
acc29471838,119,4752,3,NFT investor | crypto tips,33,0,1
acc29471838,5765,5136,3102,promo available 📩,122,0,1
grace_beauty,200,84,152,Dance teacher | choreographer,9156,0,0
user8374629,6742,9785,1552,btc eth airdrop free coins,380,0,1
elonmusk,110979354,25,1344,Professional athlete | Team captain | Brand ambassador,5335779292,1,0
beyonce,120769390,129,1171,Hollywood actor | Upcoming: Summer Blockbuster 2025,1586555578,1,0
b.scott.official,269489,38,3,DM me to grow your account fast,991,0,1
nina_art,200,78,298,Environmental activist 🌱,4695,0,0
sarah_smith,304271,27,0,📈 passive income daily,663,0,1
grace_beauty,203,60,316,Chef | Recipe creator 🍳,9240,0,0
mike_2023,200,65,327,Teacher & lifelong learner 📚,7607,0,0
99882736450,55,3727,4,NFT investor | crypto tips,46,0,1
chris_builds,35503,3,8,follow for follow back,715,0,1
paul_runs,200,80,164,Podcaster | interviewing founders,2437,0,0
mindful_maya,211,49,408,Dance teacher | choreographer,5269,0,0
mike_2023,173609,26,0,Click link below 💰,763,0,1
b.scott.official,200,62,265,Developer | Open source enthusiast,1111,0,0
mark_adventure,497745,34,2,investment advisor DM me,944,0,1
daniel_f,82685,44,4,📈 passive income daily,893,0,1
mike_2023,336,5,32,Marketing professional | keynote speaker,16508,0,0
lisa_writes,230,74,243,Entrepreneur | Founder @startup,11235,0,0
grace_beauty,579,216,153,Freelance illustrator | art prints available,4547,0,0
creative_dan,531,133,94,High school teacher | making STEM fun,14479,0,0
crypto_king_9999,178,4477,1,FREE BTC airdrop → link in bio,40,0,1
surf_with_evan,177863,10,4,Real estate investor | DM for passive income secrets,495,0,1
user8374629,174,5882,4,🔞 link in bio,77,0,1
99882736450,56,4156,3,promo available 📩,91,0,1
amy_joy,200,65,459,Marketing professional | keynote speaker,7208,0,0
creative_dan,207,60,344,Musician. Coffee addict. ☕,3227,0,0
fcbarcelona,62559941,305,1900,Fashion icon | Creative Director @LuxuryBrand,2346295288,1,0
oprah,7709496,57,4954,Official account. For business: manager@agency.com,86586650,1,0
sarah_smith,200,44,125,News journalist @NYT,5899,0,0
fcbarcelona,104691465,368,1113,Professional athlete | Team captain | Brand ambassador,4961390530,1,0
b.scott.official,200,31,90,Teacher & lifelong learner 📚,9666,0,0
mike_2023,472087,32,8,,315,0,1
tom_techie,420203,9,1,,504,0,1
journeys_with_kai,200,82,82,Dog lover 🐾 | Hiking | Books,8731,0,0
nike,106443785,133,2412,World-renowned chef 👨‍🍳 | Author of 3 cookbooks,6609317759,1,0
code_master,1637,802,467,Marketing professional | keynote speaker,43028,0,0
paul_runs,200,56,85,News journalist @NYT,9298,0,0
botanist_beth,843,11,268,Dog lover 🐾 | Hiking | Books,27133,0,0
lena_captures,210596,38,2,crypto signals ✅ 99% win rate,150,0,1
grace_beauty,667,291,202,Data scientist | ML researcher,10757,0,0
tradebot_fx,7900,5007,2238,follow for follow back,338,0,1
amy_joy,200,49,332,News journalist @NYT,8457,0,0
journeys_with_kai,63786,42,8,follow for follow back,137,0,1
chef_marco,200,55,192,Retired engineer | amateur astronomer 🔭,4101,0,0
journeys_with_kai,200,5,115,Dog lover 🐾 | Hiking | Books,3429,0,0
crypto_king_9999,2169,6877,2164,,267,0,1
a8f7d3k9p2,127,7882,4,,62,0,1
b.scott.official,200,7,357,Yoga instructor | wellness coach 🧘,6443,0,0
lisa_writes,284590,9,6,crypto signals ✅ 99% win rate,395,0,1
botanist_beth,324491,44,4,Get free followers — click bio link,774,0,1
grace_beauty,395,126,135,Wildlife photographer based in Kenya,12628,0,0
billgates,21012768,92,2577,Hollywood actor | Upcoming: Summer Blockbuster 2025,566524939,1,0
tom_techie,200,35,478,Fashion designer | PR welcome,7618,0,0
fit_jessica,771,301,313,Entrepreneur | Founder @startup,28491,0,0
tim_cook,129648876,84,147,Iconic musician 🎸 | 40+ years on stage,4775417321,1,0
dev_pete,200,95,480,Chef | Recipe creator 🍳,7212,0,0
nina_art,217922,26,2,♻️ repost to win $1000,196,0,1
mark_adventure,200,9,316,Nurse practitioner | women's health advocate,8629,0,0
lena_captures,578,12,487,Entrepreneur | Founder @startup,23883,0,0
free_follower_bot,9268,6792,2658,,262,0,1
surf_with_evan,200,54,257,Marketing professional | keynote speaker,9246,0,0
surf_with_evan,301,133,164,photographer | travel 📷,13226,0,0
tim_cook,113503094,297,4313,Hollywood actor | Upcoming: Summer Blockbuster 2025,4152754970,1,0
paul_runs,948,454,135,software engineer @ Google,43878,0,0
a8f7d3k9p2,7121,6719,2226,promo available 📩,450,0,1
follow_back_101,4894,8675,2320,📈 passive income daily,281,0,1
fit_jessica,200,99,186,Teacher & lifelong learner 📚,9992,0,0
emma.j,200,27,376,Dance teacher | choreographer,3644,0,0
paul_runs,200,76,394,Medical student | future doctor 🩺,8033,0,0
real_human_01234,3659,5396,4164,earn $500/day 👇,137,0,1
chris_builds,1543,582,218,Fashion designer | PR welcome,36643,0,0
arianagrande,105943735,285,4165,Professional athlete | Team captain | Brand ambassador,2368109118,1,0
mark_adventure,64446,32,6,🔞 link in bio,923,0,1
bot_account_7,8738,9985,4763,🔞 link in bio,231,0,1
mike_2023,200,94,158,fitness coach 💪 DM for plans,9907,0,0
airdrop_winner99,7719,7114,592,Real estate investor | DM for passive income secrets,258,0,1
the_real_sam,200,62,258,Nurse practitioner | women's health advocate,1256,0,0
b.scott.official,13366,42,5,♻️ repost to win $1000,212,0,1
q7w8e9r0t1y2,4938,8459,4827,Click link below 💰,426,0,1
chef_marco,200,49,93,Developer | Open source enthusiast,6418,0,0
user8374629,144,6819,1,DM me to grow your account fast,52,0,1
paul_runs,344983,27,9,,230,0,1
mark_adventure,200,27,495,mom of 3 | foodie 🍕,9794,0,0
bot_account_7,6082,9651,3539,NFT investor | crypto tips,380,0,1
photo_by_anna,396,37,51,Gaming streamer | Twitch partner 🎮,16716,0,0
follow_back_101,153,8335,0,follow for follow back,49,0,1
get_rich_88,100,9243,3,promo available 📩,80,0,1
mark_adventure,193648,36,4,Real estate investor | DM for passive income secrets,302,0,1
chris_builds,200,30,73,Nurse practitioner | women's health advocate,7901,0,0
zz_promo_zz,175,6846,3,btc eth airdrop free coins,69,0,1
emma.j,2387,324,281,Marketing professional | keynote speaker,74519,0,0
paul_runs,293503,33,9,FREE BTC airdrop → link in bio,362,0,1
everyday_elena,200,41,313,Podcaster | interviewing founders,7549,0,0
lena_captures,200,74,494,Developer | Open source enthusiast,1287,0,0
mindful_maya,219,69,456,Dance teacher | choreographer,2366,0,0
follow_back_101,1360,6497,987,crypto signals ✅ 99% win rate,353,0,1
nft_dropper_69,9963,7496,3084,NFT investor | crypto tips,58,0,1
billgates,108597961,87,4512,World #1 tennis player 🎾 | Foundation: @AidFundation,2673928794,1,0
crypto_king_9999,5274,5516,1028,follow for follow back,94,0,1
crypto_king_9999,140,6877,2,,53,0,1
tom_techie,343048,36,2,NFT investor | crypto tips,766,0,1
amy_joy,24160,13,4,,438,0,1
taylorswift,111164488,174,3594,World #1 tennis player 🎾 | Foundation: @AidFundation,3420475225,1,0
earn_fast_2024,3377,6394,1210,,343,0,1
9182736450,4608,5571,2484,🔞 link in bio,194,0,1
nft_dropper_69,6156,9180,727,,109,0,1
justinbieber,98700626,451,1178,International supermodel | Agency: IMG Models,9508380097,1,0
tom_techie,200,15,65,Retired engineer | amateur astronomer 🔭,6371,0,0
dev_pete,3019,819,455,Wildlife photographer based in Kenya,62099,0,0
amy_joy,200,72,211,Musician. Coffee addict. ☕,3745,0,0
lisa_writes,319977,30,5,,633,0,1
q7w8e9r0t1y2,83,8568,1,earn $500/day 👇,28,0,1
q7w8e9r0t1y2,6541,9010,788,Get free followers — click bio link,133,0,1
alex_travel,1842,394,268,High school teacher | making STEM fun,83098,0,0
amy_joy,2207,965,378,Yoga instructor | wellness coach 🧘,90594,0,0
john_doe,284,15,364,Nurse practitioner | women's health advocate,8398,0,0
real_human_01234,1077,8768,3404,earn $500/day 👇,313,0,1
sarah_smith,211280,6,3,,432,0,1
surf_with_evan,200,38,221,Marketing professional | keynote speaker,5279,0,0
realmadrid,130889346,391,1633,World-renowned chef 👨‍🍳 | Author of 3 cookbooks,5362354215,1,0
lena_captures,200,53,159,Blogger | Lifestyle & wellness,1571,0,0
grace_beauty,273658,6,5,FREE BTC airdrop → link in bio,281,0,1
john_doe,200,8,343,Architect | sustainable design,3534,0,0
amy_joy,200,94,446,Chef | Recipe creator 🍳,4399,0,0
sarah_smith,187602,46,5,promo available 📩,831,0,1
the_real_sam,1408,157,453,Chef | Recipe creator 🍳,27474,0,0
free_followers_now,9437,7895,3409,🔞 link in bio,272,0,1
bot_account_7,6508,5261,2933,,221,0,1
natgeo,77462842,379,2842,World #1 tennis player 🎾 | Foundation: @AidFundation,6668021913,1,0
mike_2023,200,72,266,Dog lover 🐾 | Hiking | Books,2006,0,0
free_follower_bot,76,3317,4,📈 passive income daily,12,0,1
mike_2023,142713,19,3,♻️ repost to win $1000,122,0,1
lena_captures,200,94,120,Freelance illustrator | art prints available,8150,0,0
dev_pete,200,24,295,software engineer @ Google,9888,0,0
acc29471838,3285,8480,2537,🔞 link in bio,314,0,1
kyliejenner,45854843,216,3858,World-renowned chef 👨‍🍳 | Author of 3 cookbooks,2236411385,1,0
emma.j,200,76,477,Medical student | future doctor 🩺,3455,0,0
earn_fast_2024,67,3327,1,Real estate investor | DM for passive income secrets,64,0,1
botanist_beth,465540,37,5,promo available 📩,437,0,1
follow_back_101,2,4755,4,DM me to grow your account fast,87,0,1
sarah_smith,200,45,481,mom of 3 | foodie 🍕,8069,0,0
natgeo,82632511,203,1934,Nobel Peace Prize laureate | Activist,6310000696,1,0
nft_dropper_69,5702,7773,2570,♻️ repost to win $1000,8,0,1
lena_captures,200,20,193,Dance teacher | choreographer,5694,0,0
tradebot_fx,64,5361,1,btc eth airdrop free coins,2,0,1
emma.j,312693,22,6,DM me to grow your account fast,563,0,1
arianagrande,95349163,310,3026,World-renowned chef 👨‍🍳 | Author of 3 cookbooks,2417527518,1,0
surf_with_evan,200,52,246,High school teacher | making STEM fun,1708,0,0
free_followers_now,128,9845,4,Real estate investor | DM for passive income secrets,6,0,1
acc29471838,66,9048,3,promo available 📩,25,0,1
surf_with_evan,200,34,35,Entrepreneur | Founder @startup,1018,0,0
real_human_01234,65,7646,0,earn $500/day 👇,35,0,1
free_followers_now,192,5332,4,Real estate investor | DM for passive income secrets,35,0,1
mindful_maya,1158,407,114,Blogger | Lifestyle & wellness,31333,0,0
1234567890ab,138,8928,2,promo available 📩,13,0,1
botanist_beth,432506,13,6,NFT investor | crypto tips,443,0,1
get_rich_88,7179,6317,4926,📈 passive income daily,269,0,1
mark_adventure,1615,446,380,Podcaster | interviewing founders,71512,0,0
fit_jessica,401,141,210,High school teacher | making STEM fun,8053,0,0
lisa_writes,459,81,402,High school teacher | making STEM fun,4583,0,0
99882736450,1554,8133,3304,Click link below 💰,77,0,1
everyday_elena,1428,578,20,Nurse practitioner | women's health advocate,22459,0,0
tim_cook,73693052,136,3199,Fashion icon | Creative Director @LuxuryBrand,5009269190,1,0
airdrop_winner99,6062,6828,820,,403,0,1
realmadrid,74259677,180,1276,CEO @Fortune500 | Author | Speaker,6393092027,1,0
natgeo,147802172,364,3196,Professional athlete | Team captain | Brand ambassador,8167242400,1,0
john_doe,200,19,140,Blogger | Lifestyle & wellness,2461,0,0
free_followers_now,146,9192,4,Click link below 💰,81,0,1
surf_with_evan,203,56,359,Architect | sustainable design,1432,0,0
fit_jessica,349108,39,4,🔞 link in bio,783,0,1
sarah_smith,308,31,306,Developer | Open source enthusiast,9972,0,0
realmadrid,6019056,218,2356,Nobel Peace Prize laureate | Activist,475236314,1,0
alex_travel,266,27,393,Artist | Digital creator ✨,8999,0,0
mindful_maya,200,75,22,Musician. Coffee addict. ☕,9966,0,0
nft_dropper_69,72,8204,1,FREE BTC airdrop → link in bio,90,0,1
follow_back_101,123,5713,4,,69,0,1
free_followers_now,8400,6592,1898,Click link below 💰,411,0,1
tom_techie,200,7,280,Medical student | future doctor 🩺,3599,0,0
emma.j,507,132,360,mom of 3 | foodie 🍕,21689,0,0
fit_jessica,200,74,448,Dance teacher | choreographer,3146,0,0
tim_cook,97028457,337,627,World #1 tennis player 🎾 | Foundation: @AidFundation,6714899233,1,0
grace_beauty,111690,3,2,Get free followers — click bio link,941,0,1
q7w8e9r0t1y2,1521,7767,3222,Get free followers — click bio link,74,0,1
daniel_f,200,52,71,Medical student | future doctor 🩺,9770,0,0
tradebot_fx,104,8319,2,investment advisor DM me,97,0,1
therock,23526965,245,4576,Iconic musician 🎸 | 40+ years on stage,2344920370,1,0
botanist_beth,452,145,269,Medical student | future doctor 🩺,14768,0,0
botanist_beth,617,253,22,software engineer @ Google,14726,0,0
daniel_f,200,53,301,Marketing professional | keynote speaker,2513,0,0
xXx_profit_xXx,1325,5621,3543,promo available 📩,141,0,1
b.scott.official,1020,153,139,Developer | Open source enthusiast,17818,0,0
alex_travel,222017,29,1,,352,0,1
botanist_beth,200,43,449,mom of 3 | foodie 🍕,1156,0,0
b.scott.official,470595,35,2,,728,0,1
paul_runs,200,98,287,Artist | Digital creator ✨,1215,0,0
fcbarcelona,128213473,214,2764,Professional athlete | Team captain | Brand ambassador,3134515966,1,0
tom_techie,200,94,303,software engineer @ Google,1863,0,0
bot_account_7,111,5187,0,,76,0,1
grace_beauty,200,18,324,Chef | Recipe creator 🍳,4230,0,0
grace_beauty,155863,47,0,,895,0,1
kyliejenner,25177326,201,1640,Oscar-winning director | Production company: @StudioX,2276863953,1,0
free_follower_bot,7969,6494,1174,Get free followers — click bio link,387,0,1
the_real_sam,101082,6,3,FREE BTC airdrop → link in bio,790,0,1
airdrop_winner99,5149,9991,4477,FREE BTC airdrop → link in bio,412,0,1
lena_captures,134705,35,6,♻️ repost to win $1000,333,0,1
daniel_f,200,69,144,UX designer @Meta,2232,0,0
chris_builds,200,25,202,Artist | Digital creator ✨,7905,0,0
tom_techie,396,175,167,Wildlife photographer based in Kenya,13248,0,0
mike_2023,1984,972,178,Marketing professional | keynote speaker,24466,0,0
dev_pete,348394,11,0,,546,0,1
photo_by_anna,57326,13,6,promo available 📩,834,0,1
everyday_elena,200,79,480,Musician. Coffee addict. ☕,3052,0,0
tradebot_fx,8556,5613,4042,NFT investor | crypto tips,401,0,1
kyliejenner,54932668,52,1341,Iconic musician 🎸 | 40+ years on stage,2168851616,1,0
tom_techie,35211,42,6,NFT investor | crypto tips,964,0,1
john_doe,200,6,154,Blogger | Lifestyle & wellness,8336,0,0
code_master,200,25,407,Teacher & lifelong learner 📚,7442,0,0
a8f7d3k9p2,191,7273,3,,88,0,1
9182736450,73,9402,1,,57,0,1
mark_adventure,298,45,187,photographer | travel 📷,2651,0,0
realmadrid,136768617,308,170,Professional athlete | Team captain | Brand ambassador,1592190151,1,0
mike_2023,200,5,206,Nurse practitioner | women's health advocate,6420,0,0
airdrop_winner99,39,8437,1,Real estate investor | DM for passive income secrets,38,0,1
fit_jessica,3249,184,229,Medical student | future doctor 🩺,156357,0,0
get_rich_88,141,9495,1,,54,0,1
everyday_elena,200,80,350,Musician. Coffee addict. ☕,5515,0,0
crypto_king_9999,8986,9932,782,Click link below 💰,370,0,1
photo_by_anna,1969,861,124,Freelance illustrator | art prints available,27502,0,0
fit_jessica,423,150,57,Entrepreneur | Founder @startup,11217,0,0
earn_fast_2024,154,9929,4,,2,0,1
tom_techie,69471,39,4,📈 passive income daily,929,0,1
xXx_profit_xXx,3982,6288,964,Click link below 💰,485,0,1
acc29471838,136,5653,0,,11,0,1
mike_2023,200,38,25,Developer | Open source enthusiast,6980,0,0
lisa_writes,551,5,416,Traveler | 50+ countries visited ✈️,10429,0,0
free_follower_bot,8813,8016,2653,Click link below 💰,181,0,1
amy_joy,323,64,466,Environmental activist 🌱,4496,0,0
real_human_01234,187,8773,4,promo available 📩,42,0,1
the_real_sam,434565,41,8,,994,0,1
beyonce,122641475,177,1724,World-renowned chef 👨‍🍳 | Author of 3 cookbooks,8870985233,1,0
lena_captures,805,267,84,Teacher & lifelong learner 📚,25461,0,0
nina_art,208874,1,3,,422,0,1
99882736450,7928,6512,1732,Real estate investor | DM for passive income secrets,368,0,1
nasa,38647008,1,1962,International supermodel | Agency: IMG Models,2731789645,1,0
kimkardashian,19313263,404,345,Fashion icon | Creative Director @LuxuryBrand,1821520867,1,0
emma.j,200,37,354,Musician. Coffee addict. ☕,6881,0,0
alex_travel,203,11,22,mom of 3 | foodie 🍕,6999,0,0
kimkardashian,113120957,375,613,Iconic musician 🎸 | 40+ years on stage,3595067667,1,0
dev_pete,515,14,270,Artist | Digital creator ✨,18726,0,0
zz_promo_zz,3965,7222,3884,,475,0,1
airdrop_winner99,8455,8898,2300,,280,0,1
photo_by_anna,210,55,493,Blogger | Lifestyle & wellness,10077,0,0
sarah_smith,200,14,28,Freelance illustrator | art prints available,4934,0,0
real_human_01234,144,6627,1,Click link below 💰,0,0,1
follow_back_101,88,4817,4,follow for follow back,23,0,1
tradebot_fx,3078,8247,4286,investment advisor DM me,218,0,1
emma.j,200,86,494,UX designer @Meta,8114,0,0
sarah_smith,200,88,46,Fashion designer | PR welcome,9922,0,0
nft_dropper_69,9446,9288,1848,📈 passive income daily,344,0,1
mark_adventure,529,218,419,photographer | travel 📷,17094,0,0
tom_techie,348,25,434,Gaming streamer | Twitch partner 🎮,15684,0,0
zz_promo_zz,8097,8652,4362,,358,0,1
emma.j,380611,19,7,,777,0,1
lena_captures,204,34,478,Gaming streamer | Twitch partner 🎮,7814,0,0
lena_captures,397485,5,6,🔞 link in bio,517,0,1
amy_joy,1298,210,355,software engineer @ Google,12149,0,0
1234567890ab,4819,5722,2844,NFT investor | crypto tips,129,0,1
chef_marco,200,91,328,Environmental activist 🌱,1624,0,0
nft_dropper_69,30,4445,2,Click link below 💰,11,0,1
1234567890ab,2793,7183,4113,🔞 link in bio,264,0,1
99882736450,144,3405,0,Get free followers — click bio link,87,0,1
real_human_01234,4036,7139,3841,Get free followers — click bio link,298,0,1
dev_pete,211,27,489,Artist | Digital creator ✨,4770,0,0
dev_pete,114343,44,6,,761,0,1
nina_art,358,141,187,Dog lover 🐾 | Hiking | Books,10256,0,0
a8f7d3k9p2,1517,6991,3571,,119,0,1
therock,77836049,336,1345,Nobel Peace Prize laureate | Activist,3032997378,1,0
mindful_maya,521,10,50,Dog lover 🐾 | Hiking | Books,11495,0,0
1234567890ab,185,3440,2,,51,0,1
botanist_beth,200,21,490,Developer | Open source enthusiast,5569,0,0
a8f7d3k9p2,6202,9772,3318,follow for follow back,341,0,1
free_followers_now,141,6623,1,♻️ repost to win $1000,57,0,1
xXx_profit_xXx,66,3693,2,,56,0,1
real_human_01234,132,4763,3,♻️ repost to win $1000,12,0,1
beyonce,85101185,45,3611,Nobel Peace Prize laureate | Activist,2575447640,1,0
the_real_sam,13287,18,1,Real estate investor | DM for passive income secrets,52,0,1
xXx_profit_xXx,1830,8104,1666,,446,0,1
john_doe,47409,14,8,DM me to grow your account fast,567,0,1
acc29471838,68,5526,0,Real estate investor | DM for passive income secrets,25,0,1
jeffbezos,97948186,31,4135,World #1 tennis player 🎾 | Foundation: @AidFundation,6168270293,1,0
1234567890ab,4866,5141,3905,btc eth airdrop free coins,20,0,1
grace_beauty,200,59,334,Wildlife photographer based in Kenya,2520,0,0
crypto_king_9999,89,3513,4,♻️ repost to win $1000,4,0,1
bot_account_7,1,4475,4,investment advisor DM me,75,0,1
fit_jessica,200,89,349,Dance teacher | choreographer,2406,0,0
creative_dan,341,91,429,Retired engineer | amateur astronomer 🔭,2711,0,0
chef_marco,870,286,326,photographer | travel 📷,28191,0,0
mindful_maya,624,86,157,Teacher & lifelong learner 📚,19771,0,0
free_followers_now,141,6009,0,btc eth airdrop free coins,90,0,1
code_master,133809,42,4,DM me to grow your account fast,531,0,1
sarah_smith,274,73,268,Musician. Coffee addict. ☕,2338,0,0
q7w8e9r0t1y2,91,9090,4,Click link below 💰,51,0,1
selenagomez,23596137,409,1140,Grammy-winning artist 🎵 | New album out now,1122094215,1,0
fit_jessica,200,56,354,Environmental activist 🌱,2997,0,0
photo_by_anna,200,68,51,photographer | travel 📷,8712,0,0
lisa_writes,200,67,403,Data scientist | ML researcher,3407,0,0
lena_captures,484118,34,2,DM me to grow your account fast,305,0,1
paul_runs,73882,8,1,btc eth airdrop free coins,394,0,1
everyday_elena,83153,30,0,DM me to grow your account fast,931,0,1
kyliejenner,12994378,226,2570,World #1 tennis player 🎾 | Foundation: @AidFundation,323457312,1,0
john_doe,115780,25,6,investment advisor DM me,461,0,1
john_doe,200,65,168,Marketing professional | keynote speaker,2994,0,0
follow_back_101,107,8547,4,follow for follow back,38,0,1
a8f7d3k9p2,174,9947,3,FREE BTC airdrop → link in bio,63,0,1
lisa_writes,326,122,160,software engineer @ Google,4475,0,0
bot_account_7,2873,7158,4786,♻️ repost to win $1000,421,0,1
lena_captures,200,17,219,UX designer @Meta,9730,0,0
earn_fast_2024,47,8222,3,FREE BTC airdrop → link in bio,53,0,1
chris_builds,4028,1713,394,Freelance illustrator | art prints available,94508,0,0
zz_promo_zz,134,6017,3,Click link below 💰,58,0,1
sarah_smith,241,33,437,Nurse practitioner | women's health advocate,4371,0,0
chris_builds,381981,12,1,♻️ repost to win $1000,615,0,1
code_master,831,299,8,Podcaster | interviewing founders,12628,0,0
dev_pete,85275,37,4,Get free followers — click bio link,195,0,1
selenagomez,10578429,384,3950,Fashion icon | Creative Director @LuxuryBrand,442007012,1,0
creative_dan,200,39,191,Medical student | future doctor 🩺,2213,0,0
xXx_profit_xXx,2055,9251,3516,🔞 link in bio,40,0,1
mindful_maya,225,63,321,Artist | Digital creator ✨,11164,0,0
lisa_writes,48784,46,5,crypto signals ✅ 99% win rate,611,0,1
follow_back_101,166,3145,3,follow for follow back,99,0,1
surf_with_evan,312812,31,7,🔞 link in bio,871,0,1
q7w8e9r0t1y2,6633,9162,689,🔞 link in bio,463,0,1
emma.j,369467,0,8,,947,0,1
everyday_elena,200,76,417,photographer | travel 📷,7298,0,0
tom_techie,200,68,344,Entrepreneur | Founder @startup,3423,0,0
tom_techie,200,9,338,Developer | Open source enthusiast,8626,0,0
mindful_maya,200,80,313,News journalist @NYT,7037,0,0
alex_travel,200,82,472,Gaming streamer | Twitch partner 🎮,9572,0,0
bot_account_7,3498,7750,4988,Real estate investor | DM for passive income secrets,119,0,1
mindful_maya,200,5,207,Podcaster | interviewing founders,7823,0,0
a8f7d3k9p2,115,8597,2,,37,0,1
everyday_elena,472369,30,1,📈 passive income daily,551,0,1
99882736450,151,5320,0,promo available 📩,76,0,1
amy_joy,155751,40,8,,829,0,1
dev_pete,200,9,175,High school teacher | making STEM fun,3530,0,0
bot_account_7,37,7840,0,DM me to grow your account fast,39,0,1
earn_fast_2024,58,3830,4,,43,0,1
acc29471838,175,6877,0,🔞 link in bio,80,0,1
the_real_sam,366,123,390,Chef | Recipe creator 🍳,4019,0,0
kyliejenner,59505753,156,4728,CEO @Fortune500 | Author | Speaker,4964229932,1,0
q7w8e9r0t1y2,174,8609,4,Click link below 💰,88,0,1
mike_2023,200,60,481,Teacher & lifelong learner 📚,2174,0,0
mark_adventure,445,5,416,Yoga instructor | wellness coach 🧘,2489,0,0
99882736450,128,7963,3,Real estate investor | DM for passive income secrets,60,0,1
nina_art,200,16,422,Dog lover 🐾 | Hiking | Books,2562,0,0
nft_dropper_69,5227,9373,3667,,65,0,1
dev_pete,937,454,111,Podcaster | interviewing founders,4983,0,0
free_followers_now,49,4651,2,promo available 📩,6,0,1
nft_dropper_69,197,9514,3,FREE BTC airdrop → link in bio,84,0,1
crypto_king_9999,26,4340,1,,49,0,1
lena_captures,1609,459,479,photographer | travel 📷,11446,0,0
daniel_f,200,54,307,High school teacher | making STEM fun,4179,0,0
free_followers_now,132,7023,4,,25,0,1
mark_adventure,398,118,463,Dog lover 🐾 | Hiking | Books,9267,0,0
alex_travel,18882,1,7,🔞 link in bio,494,0,1
crypto_king_9999,1268,8033,4941,Get free followers — click bio link,484,0,1
paul_runs,1642,173,96,Freelance illustrator | art prints available,79539,0,0
amy_joy,91687,30,5,,561,0,1
chef_marco,414,75,64,Developer | Open source enthusiast,5000,0,0
b.scott.official,200,63,152,Data scientist | ML researcher,6702,0,0
free_follower_bot,2313,5222,2187,,218,0,1
the_real_sam,124528,23,4,btc eth airdrop free coins,399,0,1
acc29471838,128,4029,1,♻️ repost to win $1000,86,0,1
beyonce,127973772,343,4229,Iconic musician 🎸 | 40+ years on stage,5562010135,1,0
alex_travel,477,61,93,Fashion designer | PR welcome,5853,0,0
chef_marco,200,22,375,High school teacher | making STEM fun,4743,0,0
surf_with_evan,221,109,237,Developer | Open source enthusiast,7696,0,0
tim_cook,147920620,369,2488,Iconic musician 🎸 | 40+ years on stage,4735235608,1,0
tradebot_fx,2305,8123,763,♻️ repost to win $1000,458,0,1
fcbarcelona,50389788,89,2112,World #1 tennis player 🎾 | Foundation: @AidFundation,633087746,1,0
user8374629,175,4541,0,NFT investor | crypto tips,29,0,1
earn_fast_2024,54,8385,2,,28,0,1
alex_travel,200,17,389,Architect | sustainable design,8660,0,0
xXx_profit_xXx,8148,9539,943,follow for follow back,278,0,1
realmadrid,36058932,404,1261,Iconic musician 🎸 | 40+ years on stage,725399400,1,0
mark_adventure,504,210,292,Yoga instructor | wellness coach 🧘,10849,0,0
9182736450,29,6803,1,♻️ repost to win $1000,43,0,1
mark_adventure,433485,3,6,btc eth airdrop free coins,918,0,1
fit_jessica,200,94,89,Nurse practitioner | women's health advocate,6055,0,0
b.scott.official,200,23,176,Nurse practitioner | women's health advocate,2352,0,0
acc29471838,166,7241,2,btc eth airdrop free coins,76,0,1
xXx_profit_xXx,148,8861,2,♻️ repost to win $1000,96,0,1
alex_travel,200,21,62,Data scientist | ML researcher,6361,0,0
mindful_maya,200,45,403,Developer | Open source enthusiast,8383,0,0
photo_by_anna,78642,41,4,Click link below 💰,538,0,1
fit_jessica,200,88,457,News journalist @NYT,6596,0,0
emma.j,396838,17,1,DM me to grow your account fast,772,0,1
nina_art,200,40,12,Dog lover 🐾 | Hiking | Books,1040,0,0
elonmusk,17229744,173,568,Fashion icon | Creative Director @LuxuryBrand,632907341,1,0
b.scott.official,416244,27,2,,760,0,1
fit_jessica,70586,10,1,promo available 📩,232,0,1
get_rich_88,2211,7533,3212,,267,0,1
fit_jessica,321037,35,7,,693,0,1
nft_dropper_69,4512,6202,3111,earn $500/day 👇,358,0,1
chef_marco,497354,36,5,DM me to grow your account fast,767,0,1
code_master,559,268,207,High school teacher | making STEM fun,12347,0,0
real_human_01234,79,7931,1,Real estate investor | DM for passive income secrets,70,0,1
amy_joy,96221,14,1,,500,0,1
lena_captures,1434,611,127,Environmental activist 🌱,32779,0,0
code_master,60544,26,0,Get free followers — click bio link,922,0,1
lena_captures,431075,17,2,crypto signals ✅ 99% win rate,384,0,1
free_follower_bot,193,3468,2,promo available 📩,76,0,1
chef_marco,2983,89,361,Dance teacher | choreographer,109947,0,0
justinbieber,68896619,349,2177,World-renowned chef 👨‍🍳 | Author of 3 cookbooks,6707223869,1,0
nasa,115592792,87,4916,World #1 tennis player 🎾 | Foundation: @AidFundation,10553566492,1,0
creative_dan,296,52,178,Data scientist | ML researcher,10202,0,0
crypto_king_9999,3081,5165,2652,📈 passive income daily,190,0,1
q7w8e9r0t1y2,2122,7782,2020,btc eth airdrop free coins,389,0,1
follow_back_101,19,6876,4,btc eth airdrop free coins,39,0,1
nft_dropper_69,6101,8902,2168,promo available 📩,446,0,1
lisa_writes,200,5,321,High school teacher | making STEM fun,9362,0,0
acc29471838,45,5578,2,crypto signals ✅ 99% win rate,49,0,1
real_human_01234,35,9062,1,🔞 link in bio,69,0,1
q7w8e9r0t1y2,5585,9887,3302,promo available 📩,404,0,1
creative_dan,466,84,449,Data scientist | ML researcher,18917,0,0
arianagrande,146047499,142,2104,Grammy-winning artist 🎵 | New album out now,5374374176,1,0
journeys_with_kai,293,37,359,Nurse practitioner | women's health advocate,7014,0,0
photo_by_anna,57432,43,7,♻️ repost to win $1000,111,0,1
mark_adventure,200,13,70,Yoga instructor | wellness coach 🧘,8374,0,0
everyday_elena,1238,324,277,Nurse practitioner | women's health advocate,28626,0,0
photo_by_anna,200,15,318,mom of 3 | foodie 🍕,6069,0,0
grace_beauty,12151,14,5,FREE BTC airdrop → link in bio,469,0,1
amy_joy,200,70,85,Wildlife photographer based in Kenya,4633,0,0
neymarjr,83426655,17,4774,World #1 tennis player 🎾 | Foundation: @AidFundation,5645364537,1,0
amy_joy,200,62,228,Developer | Open source enthusiast,9435,0,0
chef_marco,200,63,305,Retired engineer | amateur astronomer 🔭,3664,0,0
mark_adventure,934,323,61,Musician. Coffee addict. ☕,44775,0,0
photo_by_anna,244,92,26,Podcaster | interviewing founders,10277,0,0
the_real_sam,566,22,182,Musician. Coffee addict. ☕,7088,0,0
xXx_profit_xXx,5386,5591,3620,Real estate investor | DM for passive income secrets,483,0,1
lisa_writes,211042,49,7,promo available 📩,24,0,1
emma.j,200,5,164,Entrepreneur | Founder @startup,8738,0,0
nasa,64220127,449,236,Iconic musician 🎸 | 40+ years on stage,2331794219,1,0
alex_travel,257,37,406,Freelance illustrator | art prints available,2792,0,0
lena_captures,515,63,142,mom of 3 | foodie 🍕,23208,0,0
realmadrid,56933000,444,207,Grammy-winning artist 🎵 | New album out now,4472845952,1,0
follow_back_101,801,7135,3831,crypto signals ✅ 99% win rate,117,0,1
mike_2023,200,13,349,Yoga instructor | wellness coach 🧘,6930,0,0
99882736450,7,6129,0,📈 passive income daily,42,0,1
beyonce,73336962,62,2234,Fashion icon | Creative Director @LuxuryBrand,7299864298,1,0
b.scott.official,200,44,224,News journalist @NYT,8817,0,0
crypto_king_9999,3245,6774,3428,NFT investor | crypto tips,364,0,1
chef_marco,113070,36,4,,47,0,1
amy_joy,200,6,471,Fashion designer | PR welcome,6229,0,0
daniel_f,200,11,316,Environmental activist 🌱,4238,0,0
xXx_profit_xXx,9462,7287,1862,🔞 link in bio,327,0,1
b.scott.official,11591,39,9,Get free followers — click bio link,387,0,1
botanist_beth,276334,32,4,,561,0,1
surf_with_evan,200,9,433,High school teacher | making STEM fun,1748,0,0
9182736450,134,7401,4,Get free followers — click bio link,8,0,1
jeffbezos,38730959,256,3363,World-renowned chef 👨‍🍳 | Author of 3 cookbooks,3460775062,1,0
free_follower_bot,66,6491,3,,78,0,1
john_doe,504,118,379,Blogger | Lifestyle & wellness,21701,0,0
tom_techie,239,27,454,photographer | travel 📷,3539,0,0
sarah_smith,200,18,434,mom of 3 | foodie 🍕,3187,0,0
nft_dropper_69,4139,9498,2847,crypto signals ✅ 99% win rate,92,0,1
code_master,200,77,319,Yoga instructor | wellness coach 🧘,2950,0,0
kimkardashian,102540893,223,376,Iconic musician 🎸 | 40+ years on stage,7082080350,1,0
dev_pete,430566,8,3,,768,0,1
alex_travel,487,35,281,Dog lover 🐾 | Hiking | Books,3710,0,0
1234567890ab,6338,8101,2210,follow for follow back,92,0,1
the_real_sam,413327,47,0,FREE BTC airdrop → link in bio,232,0,1
tom_techie,456,173,436,Wildlife photographer based in Kenya,18551,0,0
sarah_smith,254175,6,6,FREE BTC airdrop → link in bio,797,0,1
alex_travel,327272,5,7,crypto signals ✅ 99% win rate,982,0,1
earn_fast_2024,14,4794,3,Click link below 💰,95,0,1
botanist_beth,380767,41,3,🔞 link in bio,169,0,1
grace_beauty,607,6,109,mom of 3 | foodie 🍕,27129,0,0
amy_joy,200,8,249,Dance teacher | choreographer,1156,0,0
dev_pete,875,155,82,Fashion designer | PR welcome,41923,0,0
zz_promo_zz,4,9525,3,earn $500/day 👇,35,0,1
mike_2023,232173,42,8,,503,0,1
dev_pete,116771,23,0,follow for follow back,888,0,1
sarah_smith,389,186,271,software engineer @ Google,18794,0,0
tim_cook,25334883,184,2273,CEO @Fortune500 | Author | Speaker,1319852811,1,0
dev_pete,117623,21,4,,691,0,1
kyliejenner,36509128,356,430,Fashion icon | Creative Director @LuxuryBrand,2616861570,1,0
b.scott.official,362,50,278,Podcaster | interviewing founders,12716,0,0
paul_runs,200,25,178,Environmental activist 🌱,8877,0,0
john_doe,112432,44,8,,965,0,1
daniel_f,275,44,284,Marketing professional | keynote speaker,10233,0,0
jeffbezos,65632052,355,3572,World #1 tennis player 🎾 | Foundation: @AidFundation,4134547611,1,0
q7w8e9r0t1y2,152,4011,4,📈 passive income daily,87,0,1
chef_marco,857,199,51,Podcaster | interviewing founders,10057,0,0
chris_builds,405348,40,2,Click link below 💰,933,0,1
the_real_sam,200,9,315,Blogger | Lifestyle & wellness,7826,0,0
code_master,15780,21,6,FREE BTC airdrop → link in bio,874,0,1
xXx_profit_xXx,3015,7305,545,,338,0,1
everyday_elena,200,83,437,Environmental activist 🌱,6509,0,0
natgeo,32377902,159,3076,Professional athlete | Team captain | Brand ambassador,980187438,1,0
sarah_smith,745,243,23,Fashion designer | PR welcome,5846,0,0
surf_with_evan,336798,46,7,,514,0,1
amy_joy,252811,20,6,Real estate investor | DM for passive income secrets,955,0,1
crypto_king_9999,7622,9585,1857,follow for follow back,282,0,1
mark_adventure,200,6,168,Gaming streamer | Twitch partner 🎮,5203,0,0
lisa_writes,12245,13,0,NFT investor | crypto tips,795,0,1
amy_joy,200,32,215,Dance teacher | choreographer,8559,0,0
free_followers_now,7242,7028,4265,,361,0,1
1234567890ab,9387,7754,1069,,59,0,1
journeys_with_kai,218,97,147,Dog lover 🐾 | Hiking | Books,9075,0,0
lena_captures,204809,9,5,,412,0,1
john_doe,200,55,101,Architect | sustainable design,1005,0,0
q7w8e9r0t1y2,188,7314,0,,22,0,1
amy_joy,200,63,322,Chef | Recipe creator 🍳,8049,0,0
emma.j,200,71,258,Artist | Digital creator ✨,4611,0,0
fcbarcelona,113970880,87,4052,Nobel Peace Prize laureate | Activist,1356448867,1,0
alex_travel,6978,1737,114,High school teacher | making STEM fun,177963,0,0
lena_captures,200,5,15,Dance teacher | choreographer,5134,0,0
mike_2023,205,48,323,Medical student | future doctor 🩺,4412,0,0
lisa_writes,200,85,483,News journalist @NYT,5902,0,0
mike_2023,421219,2,0,,306,0,1
everyday_elena,238,59,438,Blogger | Lifestyle & wellness,8911,0,0
follow_back_101,5854,9466,2045,promo available 📩,497,0,1
acc29471838,8968,5857,680,,349,0,1
sarah_smith,331783,32,4,📈 passive income daily,757,0,1
zz_promo_zz,59,9367,0,investment advisor DM me,36,0,1
mindful_maya,200,58,38,Dance teacher | choreographer,5413,0,0
tradebot_fx,9285,6308,1990,crypto signals ✅ 99% win rate,2,0,1
photo_by_anna,200,93,338,Musician. Coffee addict. ☕,1440,0,0
botanist_beth,200,18,426,Gaming streamer | Twitch partner 🎮,8938,0,0
creative_dan,426690,24,6,Click link below 💰,394,0,1
acc29471838,2,5372,1,🔞 link in bio,99,0,1
mindful_maya,152544,2,7,,630,0,1
crypto_king_9999,69,9068,1,,61,0,1
q7w8e9r0t1y2,157,5584,4,DM me to grow your account fast,87,0,1
code_master,422,71,219,Yoga instructor | wellness coach 🧘,5975,0,0
oprah,93403031,312,4916,Iconic musician 🎸 | 40+ years on stage,6533679653,1,0
fit_jessica,467817,1,5,Real estate investor | DM for passive income secrets,281,0,1
mindful_maya,372504,12,7,promo available 📩,411,0,1
alex_travel,2659,379,133,Teacher & lifelong learner 📚,113423,0,0
free_follower_bot,132,6032,0,,19,0,1
lisa_writes,579,106,85,Entrepreneur | Founder @startup,24514,0,0
zz_promo_zz,1572,9814,4958,,157,0,1
get_rich_88,5158,9564,4302,,2,0,1
follow_back_101,49,5615,4,btc eth airdrop free coins,19,0,1
crypto_king_9999,8988,6784,3668,Real estate investor | DM for passive income secrets,421,0,1
lisa_writes,258080,25,4,,251,0,1
crypto_king_9999,140,3942,2,earn $500/day 👇,25,0,1
everyday_elena,200,5,495,News journalist @NYT,7616,0,0
fit_jessica,200,84,319,Yoga instructor | wellness coach 🧘,6952,0,0
get_rich_88,129,3495,1,♻️ repost to win $1000,0,0,1
botanist_beth,200,32,129,Traveler | 50+ countries visited ✈️,4941,0,0
user8374629,4690,6941,2309,📈 passive income daily,348,0,1
mark_adventure,200,11,75,Developer | Open source enthusiast,1048,0,0
kimkardashian,12655155,43,2207,Oscar-winning director | Production company: @StudioX,743901312,1,0
journeys_with_kai,231,53,67,Musician. Coffee addict. ☕,4237,0,0
real_human_01234,7582,7171,3493,earn $500/day 👇,6,0,1
the_real_sam,200,43,362,Teacher & lifelong learner 📚,6726,0,0
earn_fast_2024,19,7507,0,promo available 📩,66,0,1
fit_jessica,27047,21,1,NFT investor | crypto tips,401,0,1
everyday_elena,457,14,316,Dog lover 🐾 | Hiking | Books,21329,0,0
9182736450,5,8781,1,FREE BTC airdrop → link in bio,76,0,1
botanist_beth,202352,47,0,Get free followers — click bio link,290,0,1
paul_runs,160409,43,0,FREE BTC airdrop → link in bio,298,0,1
follow_back_101,96,9010,0,🔞 link in bio,79,0,1
crypto_king_9999,27,6732,1,DM me to grow your account fast,92,0,1
dev_pete,200,95,213,fitness coach 💪 DM for plans,8063,0,0
fit_jessica,200,32,286,Environmental activist 🌱,8840,0,0
lena_captures,1601,221,434,UX designer @Meta,61747,0,0
xXx_profit_xXx,59,3893,4,Real estate investor | DM for passive income secrets,73,0,1
sarah_smith,176001,30,6,NFT investor | crypto tips,841,0,1
journeys_with_kai,200,24,284,Environmental activist 🌱,1136,0,0
john_doe,200,51,204,Traveler | 50+ countries visited ✈️,3035,0,0
alex_travel,200,30,266,Traveler | 50+ countries visited ✈️,8610,0,0
lisa_writes,200,71,241,mom of 3 | foodie 🍕,7643,0,0
elonmusk,127554532,493,4190,Nobel Peace Prize laureate | Activist,7041754636,1,0
bot_account_7,6990,8149,1745,FREE BTC airdrop → link in bio,270,0,1
grace_beauty,153110,49,2,🔞 link in bio,431,0,1
b.scott.official,454305,8,0,btc eth airdrop free coins,783,0,1
chris_builds,200,21,346,fitness coach 💪 DM for plans,3528,0,0
amy_joy,350,148,140,Medical student | future doctor 🩺,10439,0,0
get_rich_88,9427,7512,2701,btc eth airdrop free coins,54,0,1
daniel_f,200,37,400,UX designer @Meta,9070,0,0
lisa_writes,266,21,81,News journalist @NYT,3629,0,0
nft_dropper_69,9035,5570,2191,investment advisor DM me,401,0,1
lisa_writes,200,85,459,High school teacher | making STEM fun,6399,0,0
daniel_f,380302,20,2,Real estate investor | DM for passive income secrets,487,0,1
airdrop_winner99,3831,8608,1661,,116,0,1
user8374629,7267,8174,1013,NFT investor | crypto tips,186,0,1
the_real_sam,113446,39,4,earn $500/day 👇,268,0,1
john_doe,437241,35,6,promo available 📩,9,0,1
botanist_beth,339964,2,3,📈 passive income daily,698,0,1
paul_runs,200,5,316,Retired engineer | amateur astronomer 🔭,5054,0,0
q7w8e9r0t1y2,79,9149,0,Real estate investor | DM for passive income secrets,84,0,1
the_real_sam,96839,27,1,Get free followers — click bio link,369,0,1
acc29471838,164,9941,0,follow for follow back,98,0,1
emma.j,139792,0,8,FREE BTC airdrop → link in bio,566,0,1
creative_dan,409,170,90,Nurse practitioner | women's health advocate,2797,0,0
paul_runs,200,94,412,Chef | Recipe creator 🍳,4812,0,0
tradebot_fx,6293,5925,3494,Get free followers — click bio link,56,0,1
john_doe,4058,1534,91,Medical student | future doctor 🩺,106504,0,0
amy_joy,200,20,206,Teacher & lifelong learner 📚,8395,0,0
therock,100254903,390,4975,Fashion icon | Creative Director @LuxuryBrand,2796756005,1,0
crypto_king_9999,62,7081,2,Get free followers — click bio link,36,0,1
everyday_elena,373,27,463,UX designer @Meta,7410,0,0
kimkardashian,13604453,136,2528,Grammy-winning artist 🎵 | New album out now,501445930,1,0
nike,131397586,402,3660,Grammy-winning artist 🎵 | New album out now,8887517857,1,0
fit_jessica,1477,207,490,High school teacher | making STEM fun,16763,0,0
botanist_beth,200,20,182,UX designer @Meta,4755,0,0
code_master,200,11,219,software engineer @ Google,9877,0,0
paul_runs,62105,16,7,promo available 📩,386,0,1
justinbieber,9683390,325,830,Iconic musician 🎸 | 40+ years on stage,452487375,1,0
mark_adventure,200,41,433,photographer | travel 📷,4859,0,0
tom_techie,245522,13,7,,566,0,1
crypto_king_9999,4304,7100,979,follow for follow back,21,0,1
lena_captures,347,12,178,Marketing professional | keynote speaker,5191,0,0
99882736450,2059,9393,2466,♻️ repost to win $1000,215,0,1
fcbarcelona,93369768,12,2579,Oscar-winning director | Production company: @StudioX,2999514667,1,0
code_master,78921,37,8,🔞 link in bio,434,0,1
amy_joy,495156,35,4,Real estate investor | DM for passive income secrets,913,0,1
journeys_with_kai,200,35,471,Entrepreneur | Founder @startup,9298,0,0
mindful_maya,203,6,238,Dog lover 🐾 | Hiking | Books,6335,0,0
real_human_01234,4990,6836,2536,DM me to grow your account fast,108,0,1
lisa_writes,1241,260,139,Yoga instructor | wellness coach 🧘,48762,0,0
99882736450,41,7093,1,NFT investor | crypto tips,82,0,1
lena_captures,487093,14,3,,532,0,1
the_real_sam,309,61,280,Musician. Coffee addict. ☕,13411,0,0
acc29471838,46,6430,3,NFT investor | crypto tips,9,0,1
free_follower_bot,197,3509,3,,63,0,1
botanist_beth,17506,9,9,btc eth airdrop free coins,31,0,1
nft_dropper_69,2247,6248,4431,btc eth airdrop free coins,387,0,1
paul_runs,200,92,147,Blogger | Lifestyle & wellness,2912,0,0
crypto_king_9999,3117,8494,4977,,112,0,1
amy_joy,328,97,322,photographer | travel 📷,9173,0,0
earn_fast_2024,2216,5883,1480,NFT investor | crypto tips,278,0,1
9182736450,54,9891,2,,54,0,1
nft_dropper_69,7,5756,1,🔞 link in bio,3,0,1
surf_with_evan,200,84,386,Nurse practitioner | women's health advocate,3940,0,0
earn_fast_2024,63,3789,4,♻️ repost to win $1000,44,0,1
lena_captures,386494,4,8,Click link below 💰,967,0,1
code_master,200,67,304,Marketing professional | keynote speaker,6002,0,0
grace_beauty,200,42,438,Retired engineer | amateur astronomer 🔭,4785,0,0
sarah_smith,200,62,284,mom of 3 | foodie 🍕,5587,0,0
mark_adventure,178342,16,3,,485,0,1
mark_adventure,313131,4,0,follow for follow back,159,0,1
fit_jessica,223,5,184,Chef | Recipe creator 🍳,7245,0,0
photo_by_anna,200,71,345,Retired engineer | amateur astronomer 🔭,8047,0,0
emma.j,259086,6,8,,93,0,1
mike_2023,200,80,64,Marketing professional | keynote speaker,3231,0,0
realmadrid,99630499,79,4099,International supermodel | Agency: IMG Models,2089085453,1,0
everyday_elena,429,31,475,Fashion designer | PR welcome,7810,0,0
follow_back_101,100,6144,3,🔞 link in bio,80,0,1
the_real_sam,41532,42,2,🔞 link in bio,164,0,1
q7w8e9r0t1y2,15,8544,2,Click link below 💰,68,0,1
lena_captures,200,41,124,Gaming streamer | Twitch partner 🎮,3071,0,0
mindful_maya,645,289,39,Podcaster | interviewing founders,24116,0,0
get_rich_88,42,8460,0,earn $500/day 👇,98,0,1
nina_art,82989,14,9,,543,0,1
free_followers_now,5540,9057,2500,,389,0,1
q7w8e9r0t1y2,90,7078,2,crypto signals ✅ 99% win rate,79,0,1
creative_dan,200,29,163,Dance teacher | choreographer,5678,0,0
code_master,608,248,335,Traveler | 50+ countries visited ✈️,16545,0,0
the_real_sam,200,5,238,Artist | Digital creator ✨,4623,0,0
free_follower_bot,8736,9074,1825,NFT investor | crypto tips,348,0,1
nft_dropper_69,3339,7605,689,,204,0,1
emma.j,200,72,235,Retired engineer | amateur astronomer 🔭,9183,0,0
mindful_maya,330689,33,3,DM me to grow your account fast,98,0,1
code_master,154337,25,9,,781,0,1
daniel_f,345662,2,5,investment advisor DM me,441,0,1
amy_joy,200,54,243,News journalist @NYT,4794,0,0
lena_captures,338,143,148,Musician. Coffee addict. ☕,7650,0,0
everyday_elena,395,135,93,Medical student | future doctor 🩺,11296,0,0
mark_adventure,136740,37,8,,282,0,1
9182736450,7835,7448,4099,Click link below 💰,110,0,1
neymarjr,47898826,494,4594,World-renowned chef 👨‍🍳 | Author of 3 cookbooks,1527943519,1,0
surf_with_evan,360015,22,8,,574,0,1
free_follower_bot,53,5628,0,earn $500/day 👇,31,0,1
q7w8e9r0t1y2,2865,6687,1433,DM me to grow your account fast,59,0,1
journeys_with_kai,1887,942,498,Blogger | Lifestyle & wellness,22732,0,0
code_master,200,8,264,Data scientist | ML researcher,4519,0,0
1234567890ab,108,7925,0,NFT investor | crypto tips,26,0,1
daniel_f,200,53,158,Musician. Coffee addict. ☕,8527,0,0
q7w8e9r0t1y2,5421,5000,997,NFT investor | crypto tips,446,0,1
real_human_01234,5103,8370,621,crypto signals ✅ 99% win rate,457,0,1
sarah_smith,707,232,141,Artist | Digital creator ✨,5846,0,0
get_rich_88,536,6525,2527,NFT investor | crypto tips,56,0,1
john_doe,1323,593,122,Wildlife photographer based in Kenya,60091,0,0
journeys_with_kai,200,54,454,Developer | Open source enthusiast,7545,0,0
dev_pete,200,59,391,Dance teacher | choreographer,1957,0,0
code_master,137253,39,0,🔞 link in bio,769,0,1
chris_builds,625,130,224,Marketing professional | keynote speaker,29606,0,0
mike_2023,200,58,436,Architect | sustainable design,8959,0,0
sarah_smith,200,37,275,photographer | travel 📷,5620,0,0
tom_techie,200,88,348,High school teacher | making STEM fun,4842,0,0
sarah_smith,200,85,212,Data scientist | ML researcher,4021,0,0
journeys_with_kai,874,65,170,software engineer @ Google,9342,0,0
sarah_smith,140630,40,4,,681,0,1
lisa_writes,246037,34,8,♻️ repost to win $1000,963,0,1
lisa_writes,200,38,499,fitness coach 💪 DM for plans,9646,0,0
crypto_king_9999,7811,5581,2674,promo available 📩,366,0,1
1234567890ab,85,7090,4,Click link below 💰,46,0,1
real_human_01234,66,3927,2,crypto signals ✅ 99% win rate,94,0,1
crypto_king_9999,70,8081,2,FREE BTC airdrop → link in bio,62,0,1
beyonce,43417800,301,332,Fashion icon | Creative Director @LuxuryBrand,3909645236,1,0
a8f7d3k9p2,178,3554,4,FREE BTC airdrop → link in bio,50,0,1
jeffbezos,122380992,176,4717,Hollywood actor | Upcoming: Summer Blockbuster 2025,5164070124,1,0
free_follower_bot,141,9344,4,crypto signals ✅ 99% win rate,15,0,1
sarah_smith,200,75,66,Freelance illustrator | art prints available,7483,0,0
1234567890ab,7112,5789,3719,DM me to grow your account fast,36,0,1
mike_2023,320,157,51,Teacher & lifelong learner 📚,3789,0,0
everyday_elena,200,31,419,Dance teacher | choreographer,2549,0,0
tradebot_fx,34,3610,3,Real estate investor | DM for passive income secrets,53,0,1
creative_dan,200,65,65,High school teacher | making STEM fun,3232,0,0
photo_by_anna,380,131,235,Podcaster | interviewing founders,7894,0,0
emma.j,1309,444,115,software engineer @ Google,44159,0,0
get_rich_88,152,3733,1,FREE BTC airdrop → link in bio,52,0,1
user8374629,9968,9441,1790,crypto signals ✅ 99% win rate,72,0,1
photo_by_anna,1010,364,127,Musician. Coffee addict. ☕,49235,0,0
journeys_with_kai,3428,1472,249,mom of 3 | foodie 🍕,94849,0,0
chef_marco,467151,43,4,Click link below 💰,833,0,1
xXx_profit_xXx,21,3908,1,,16,0,1
sarah_smith,502,165,36,Blogger | Lifestyle & wellness,11782,0,0
xXx_profit_xXx,4994,9514,969,DM me to grow your account fast,203,0,1
chris_builds,5118,1073,323,High school teacher | making STEM fun,54372,0,0
lisa_writes,230594,11,6,,270,0,1
mindful_maya,200,30,232,Nurse practitioner | women's health advocate,4926,0,0
chris_builds,512,84,477,Musician. Coffee addict. ☕,9302,0,0
99882736450,3561,7232,4212,DM me to grow your account fast,253,0,1
grace_beauty,177393,31,8,NFT investor | crypto tips,478,0,1
mark_adventure,200,56,469,Dance teacher | choreographer,2669,0,0
dev_pete,457,14,226,Developer | Open source enthusiast,19838,0,0
lisa_writes,200,56,170,Marketing professional | keynote speaker,8631,0,0
creative_dan,192290,26,9,DM me to grow your account fast,123,0,1
code_master,200,95,120,Data scientist | ML researcher,7246,0,0
daniel_f,455,174,159,Podcaster | interviewing founders,3963,0,0
mark_adventure,895,250,247,Retired engineer | amateur astronomer 🔭,8834,0,0
paul_runs,3373,193,296,Medical student | future doctor 🩺,118401,0,0
alex_travel,311958,33,1,🔞 link in bio,750,0,1
get_rich_88,8031,6717,4873,crypto signals ✅ 99% win rate,141,0,1
xXx_profit_xXx,42,9025,1,♻️ repost to win $1000,17,0,1
amy_joy,399,75,372,Freelance illustrator | art prints available,14489,0,0
earn_fast_2024,6364,5974,1244,,470,0,1
chef_marco,627,294,385,Data scientist | ML researcher,17769,0,0
sarah_smith,200,7,31,Podcaster | interviewing founders,1773,0,0
alex_travel,2558,73,443,photographer | travel 📷,127185,0,0
b.scott.official,340891,9,1,Real estate investor | DM for passive income secrets,86,0,1
taylorswift,111731872,191,3974,Hollywood actor | Upcoming: Summer Blockbuster 2025,6281332713,1,0
journeys_with_kai,439667,43,1,📈 passive income daily,516,0,1
john_doe,255,87,157,Dog lover 🐾 | Hiking | Books,11815,0,0
bot_account_7,3414,6189,4398,earn $500/day 👇,369,0,1
grace_beauty,87528,21,9,📈 passive income daily,535,0,1
tom_techie,431,137,202,Entrepreneur | Founder @startup,17745,0,0
fit_jessica,200,20,288,Wildlife photographer based in Kenya,4503,0,0
acc29471838,48,8843,3,,64,0,1
99882736450,500,7721,4115,,441,0,1
free_follower_bot,168,6954,0,📈 passive income daily,91,0,1
chris_builds,200,87,314,Marketing professional | keynote speaker,9339,0,0
xXx_profit_xXx,1518,5500,4936,promo available 📩,413,0,1
everyday_elena,287,126,150,Architect | sustainable design,12781,0,0
xXx_profit_xXx,129,7474,3,FREE BTC airdrop → link in bio,9,0,1
billgates,119464400,357,4986,World-renowned chef 👨‍🍳 | Author of 3 cookbooks,8209395423,1,0
mindful_maya,698,299,280,Traveler | 50+ countries visited ✈️,29631,0,0
xXx_profit_xXx,3211,7197,1870,Get free followers — click bio link,216,0,1
nike,107545433,364,1724,Grammy-winning artist 🎵 | New album out now,5898573481,1,0
chris_builds,427,178,394,Medical student | future doctor 🩺,8781,0,0
b.scott.official,1920,651,491,UX designer @Meta,63627,0,0
lena_captures,1213,351,144,Artist | Digital creator ✨,40954,0,0
tom_techie,200,81,472,Gaming streamer | Twitch partner 🎮,5035,0,0
elonmusk,71289962,257,4182,Hollywood actor | Upcoming: Summer Blockbuster 2025,3528669147,1,0
mark_adventure,287,10,174,Teacher & lifelong learner 📚,9865,0,0
lena_captures,302682,19,9,btc eth airdrop free coins,212,0,1
justinbieber,81447752,177,4177,Grammy-winning artist 🎵 | New album out now,4250325465,1,0
realmadrid,44901791,451,1127,Hollywood actor | Upcoming: Summer Blockbuster 2025,4171576955,1,0
bot_account_7,4604,6533,1653,btc eth airdrop free coins,39,0,1
sarah_smith,200,17,59,Entrepreneur | Founder @startup,6076,0,0
photo_by_anna,637,248,102,Chef | Recipe creator 🍳,30826,0,0
lena_captures,2144,988,366,Developer | Open source enthusiast,92310,0,0
bot_account_7,1587,8546,3699,,89,0,1
q7w8e9r0t1y2,55,5381,4,follow for follow back,51,0,1
fit_jessica,214,27,147,News journalist @NYT,4488,0,0
bot_account_7,6910,7270,4174,,408,0,1
journeys_with_kai,326,101,294,Musician. Coffee addict. ☕,6158,0,0
free_followers_now,48,9876,3,follow for follow back,8,0,1
therock,50919962,364,1334,Professional athlete | Team captain | Brand ambassador,3014697053,1,0
nina_art,200,99,66,Yoga instructor | wellness coach 🧘,4724,0,0
lisa_writes,320,125,304,Dance teacher | choreographer,13357,0,0
crypto_king_9999,2853,5761,1211,♻️ repost to win $1000,143,0,1
tradebot_fx,3302,5760,1477,♻️ repost to win $1000,470,0,1
alex_travel,200,65,73,photographer | travel 📷,5111,0,0
amy_joy,200,61,110,Developer | Open source enthusiast,8377,0,0
amy_joy,200,80,364,mom of 3 | foodie 🍕,9491,0,0
1234567890ab,151,5684,3,follow for follow back,94,0,1
nike,63236211,301,2335,Nobel Peace Prize laureate | Activist,3291432596,1,0
chris_builds,259,118,286,Musician. Coffee addict. ☕,6092,0,0
tom_techie,824,256,398,photographer | travel 📷,13404,0,0
9182736450,194,9709,4,,20,0,1
nft_dropper_69,2362,6892,710,follow for follow back,273,0,1
emma.j,200,41,464,Freelance illustrator | art prints available,6546,0,0
1234567890ab,9805,5965,4009,earn $500/day 👇,100,0,1
everyday_elena,200,92,48,Musician. Coffee addict. ☕,5170,0,0
q7w8e9r0t1y2,76,8921,0,,73,0,1
emma.j,343852,39,5,NFT investor | crypto tips,108,0,1
tom_techie,11794,15,7,investment advisor DM me,473,0,1
paul_runs,200,80,464,Data scientist | ML researcher,9125,0,0
acc29471838,45,6860,2,Real estate investor | DM for passive income secrets,78,0,1
surf_with_evan,469335,13,1,Real estate investor | DM for passive income secrets,545,0,1
emma.j,207678,41,0,,835,0,1
follow_back_101,123,6133,0,📈 passive income daily,18,0,1
bot_account_7,6183,8797,2099,Get free followers — click bio link,203,0,1
bot_account_7,8,9150,3,Get free followers — click bio link,28,0,1
bot_account_7,4666,7532,3825,,485,0,1
lisa_writes,18433,28,3,earn $500/day 👇,345,0,1
everyday_elena,153591,45,3,DM me to grow your account fast,970,0,1
real_human_01234,1147,5522,1773,,260,0,1
chef_marco,556,145,28,Architect | sustainable design,7756,0,0
chef_marco,303,76,429,Nurse practitioner | women's health advocate,8053,0,0
bot_account_7,166,4766,4,,44,0,1
botanist_beth,200,8,52,Retired engineer | amateur astronomer 🔭,6860,0,0
nasa,107251031,334,4364,Professional athlete | Team captain | Brand ambassador,4558300580,1,0
free_followers_now,89,4773,3,follow for follow back,51,0,1
oprah,129849220,151,3632,Official account. For business: manager@agency.com,8396871692,1,0
botanist_beth,174471,28,8,crypto signals ✅ 99% win rate,272,0,1
q7w8e9r0t1y2,153,6719,1,🔞 link in bio,64,0,1
photo_by_anna,247575,37,5,NFT investor | crypto tips,303,0,1
9182736450,542,5807,1508,DM me to grow your account fast,403,0,1
99882736450,72,8022,0,investment advisor DM me,37,0,1
lena_captures,200,69,275,fitness coach 💪 DM for plans,7339,0,0
q7w8e9r0t1y2,191,9142,3,earn $500/day 👇,71,0,1
john_doe,288,87,22,Yoga instructor | wellness coach 🧘,10447,0,0
beyonce,122375896,254,1185,Iconic musician 🎸 | 40+ years on stage,3522214732,1,0
bot_account_7,9634,7331,3425,crypto signals ✅ 99% win rate,473,0,1
chef_marco,326502,11,8,follow for follow back,998,0,1
chef_marco,200,96,268,Musician. Coffee addict. ☕,4850,0,0
1234567890ab,62,4208,1,FREE BTC airdrop → link in bio,63,0,1
a8f7d3k9p2,94,9258,0,follow for follow back,95,0,1
acc29471838,7596,9960,2939,Real estate investor | DM for passive income secrets,439,0,1
real_human_01234,7,8629,4,FREE BTC airdrop → link in bio,59,0,1
surf_with_evan,694,92,88,Retired engineer | amateur astronomer 🔭,3477,0,0
photo_by_anna,200,28,359,Nurse practitioner | women's health advocate,9764,0,0
airdrop_winner99,190,9695,3,,1,0,1
bot_account_7,883,5818,3658,earn $500/day 👇,250,0,1
lisa_writes,200,47,400,Data scientist | ML researcher,5915,0,0
user8374629,502,8607,4488,FREE BTC airdrop → link in bio,222,0,1
dev_pete,200,31,6,photographer | travel 📷,8155,0,0
daniel_f,200,50,72,Data scientist | ML researcher,4520,0,0
nina_art,200309,24,1,NFT investor | crypto tips,710,0,1
real_human_01234,1035,9116,2065,Real estate investor | DM for passive income secrets,36,0,1
99882736450,137,9215,0,Click link below 💰,3,0,1
tim_cook,144700327,179,730,World #1 tennis player 🎾 | Foundation: @AidFundation,9250272099,1,0
alex_travel,1133,165,131,Fashion designer | PR welcome,35155,0,0
free_followers_now,65,4186,3,earn $500/day 👇,70,0,1
john_doe,200,97,212,Developer | Open source enthusiast,2400,0,0
grace_beauty,327,115,396,Architect | sustainable design,4799,0,0
airdrop_winner99,38,3197,4,♻️ repost to win $1000,12,0,1
user8374629,79,9455,4,crypto signals ✅ 99% win rate,47,0,1
free_follower_bot,36,6999,3,,19,0,1
creative_dan,200,45,462,Developer | Open source enthusiast,1734,0,0
everyday_elena,448520,34,8,,103,0,1
mark_adventure,200,14,53,Musician. Coffee addict. ☕,7578,0,0
daniel_f,2980,1095,247,Wildlife photographer based in Kenya,36424,0,0
free_follower_bot,5321,6592,1388,follow for follow back,449,0,1
nft_dropper_69,49,7472,1,📈 passive income daily,47,0,1
9182736450,1416,5820,4238,DM me to grow your account fast,209,0,1
lena_captures,408,195,320,Traveler | 50+ countries visited ✈️,14731,0,0
neymarjr,85137590,113,511,World #1 tennis player 🎾 | Foundation: @AidFundation,6759165786,1,0
fit_jessica,1208,338,121,News journalist @NYT,24166,0,0
9182736450,2879,8950,3185,earn $500/day 👇,43,0,1
kyliejenner,95088863,130,294,World-renowned chef 👨‍🍳 | Author of 3 cookbooks,5009359657,1,0
get_rich_88,7103,6016,2943,,143,0,1
crypto_king_9999,195,6214,2,,32,0,1
everyday_elena,425,16,321,Entrepreneur | Founder @startup,4268,0,0
photo_by_anna,349,18,472,Yoga instructor | wellness coach 🧘,12158,0,0
xXx_profit_xXx,141,7585,2,earn $500/day 👇,8,0,1
sarah_smith,370,121,29,Marketing professional | keynote speaker,9725,0,0
xXx_profit_xXx,3673,5236,4773,earn $500/day 👇,430,0,1
natgeo,56720454,386,506,Professional athlete | Team captain | Brand ambassador,2266077717,1,0
code_master,635,136,139,Freelance illustrator | art prints available,7321,0,0
get_rich_88,140,8364,2,FREE BTC airdrop → link in bio,2,0,1
tradebot_fx,91,7662,4,,73,0,1
amy_joy,1217,349,481,fitness coach 💪 DM for plans,30949,0,0
lena_captures,200,35,413,News journalist @NYT,5107,0,0
9182736450,2453,8978,4879,Click link below 💰,48,0,1
follow_back_101,9986,7897,2206,promo available 📩,220,0,1
follow_back_101,85,4851,4,FREE BTC airdrop → link in bio,89,0,1
user8374629,149,4318,3,investment advisor DM me,41,0,1
journeys_with_kai,561,33,332,Developer | Open source enthusiast,20995,0,0
neymarjr,104871814,196,3272,Official account. For business: manager@agency.com,3174981510,1,0
emma.j,200,89,248,photographer | travel 📷,8483,0,0
mike_2023,200,64,405,Medical student | future doctor 🩺,4384,0,0
creative_dan,426998,38,4,📈 passive income daily,440,0,1
sarah_smith,1540,114,300,Teacher & lifelong learner 📚,16759,0,0
free_followers_now,7542,9546,4644,,391,0,1
fit_jessica,160598,47,2,btc eth airdrop free coins,827,0,1
natgeo,67041483,327,722,World #1 tennis player 🎾 | Foundation: @AidFundation,2376566969,1,0
nina_art,332,23,461,UX designer @Meta,12029,0,0
crypto_king_9999,3649,5452,2450,,334,0,1
fit_jessica,200,43,471,Traveler | 50+ countries visited ✈️,2409,0,0
creative_dan,206740,40,2,Real estate investor | DM for passive income secrets,960,0,1
paul_runs,217,57,421,High school teacher | making STEM fun,1572,0,0
paul_runs,424398,40,7,NFT investor | crypto tips,132,0,1
fit_jessica,5677,371,133,Chef | Recipe creator 🍳,187555,0,0
acc29471838,4488,6852,1126,follow for follow back,371,0,1
code_master,168058,25,4,📈 passive income daily,271,0,1
real_human_01234,3006,8507,2455,btc eth airdrop free coins,177,0,1
bot_account_7,15,9978,0,Real estate investor | DM for passive income secrets,45,0,1
get_rich_88,8872,9082,1387,📈 passive income daily,15,0,1
surf_with_evan,353,38,283,Fashion designer | PR welcome,13962,0,0
code_master,225,72,12,Data scientist | ML researcher,4340,0,0
lena_captures,855,370,102,News journalist @NYT,41245,0,0
9182736450,6886,9059,3253,📈 passive income daily,174,0,1
xXx_profit_xXx,46,3176,3,crypto signals ✅ 99% win rate,85,0,1
chef_marco,200,5,453,Artist | Digital creator ✨,5890,0,0
kyliejenner,27835768,395,2750,International supermodel | Agency: IMG Models,2438143766,1,0
botanist_beth,382424,13,7,FREE BTC airdrop → link in bio,675,0,1
mark_adventure,200,71,25,software engineer @ Google,4544,0,0
fit_jessica,386510,0,0,investment advisor DM me,624,0,1
fit_jessica,94146,10,0,btc eth airdrop free coins,899,0,1
elonmusk,66277699,445,984,Grammy-winning artist 🎵 | New album out now,6374852339,1,0
the_real_sam,358,172,20,Marketing professional | keynote speaker,10197,0,0
dev_pete,200,90,96,Architect | sustainable design,7591,0,0
natgeo,27337696,134,3423,International supermodel | Agency: IMG Models,2426619972,1,0
chris_builds,200,76,389,Podcaster | interviewing founders,5833,0,0
q7w8e9r0t1y2,127,7307,4,btc eth airdrop free coins,91,0,1
nft_dropper_69,5775,8347,3927,,64,0,1
amy_joy,539,72,361,Marketing professional | keynote speaker,18457,0,0
chris_builds,1247,229,271,Freelance illustrator | art prints available,52537,0,0
taylorswift,103021003,174,714,Oscar-winning director | Production company: @StudioX,8809678681,1,0
taylorswift,78051488,461,1165,Hollywood actor | Upcoming: Summer Blockbuster 2025,3207380389,1,0
lisa_writes,1709,623,351,UX designer @Meta,9554,0,0
nina_art,368,161,250,software engineer @ Google,2460,0,0
get_rich_88,25,5190,3,DM me to grow your account fast,28,0,1
nina_art,200,56,177,Freelance illustrator | art prints available,1496,0,0
zz_promo_zz,50,6402,2,DM me to grow your account fast,12,0,1
mindful_maya,442,151,383,Freelance illustrator | art prints available,10129,0,0
botanist_beth,182561,49,7,♻️ repost to win $1000,100,0,1
acc29471838,3811,7410,1002,♻️ repost to win $1000,428,0,1
real_human_01234,3323,9954,1651,,291,0,1
99882736450,6025,5177,4889,♻️ repost to win $1000,12,0,1
acc29471838,12,5075,3,crypto signals ✅ 99% win rate,95,0,1
grace_beauty,94406,32,8,,334,0,1
john_doe,374,175,7,Nurse practitioner | women's health advocate,12798,0,0
paul_runs,200,90,191,Chef | Recipe creator 🍳,8155,0,0
q7w8e9r0t1y2,135,9332,4,promo available 📩,72,0,1
a8f7d3k9p2,191,6882,4,btc eth airdrop free coins,74,0,1
the_real_sam,200,8,361,software engineer @ Google,2828,0,0
airdrop_winner99,5581,9056,4799,crypto signals ✅ 99% win rate,417,0,1
airdrop_winner99,23,4734,3,promo available 📩,75,0,1
kyliejenner,87170746,30,2390,Nobel Peace Prize laureate | Activist,2808982176,1,0
everyday_elena,381022,12,3,promo available 📩,825,0,1
everyday_elena,398,95,464,Gaming streamer | Twitch partner 🎮,17359,0,0
tom_techie,489823,30,5,,526,0,1
taylorswift,92795426,18,948,Grammy-winning artist 🎵 | New album out now,8098419246,1,0
q7w8e9r0t1y2,3675,5046,1589,investment advisor DM me,220,0,1
surf_with_evan,232081,3,0,NFT investor | crypto tips,336,0,1
nft_dropper_69,4103,6080,4613,earn $500/day 👇,277,0,1
kimkardashian,92993114,316,930,Hollywood actor | Upcoming: Summer Blockbuster 2025,4664380716,1,0
chef_marco,321709,0,0,,953,0,1
mark_adventure,200,5,412,photographer | travel 📷,7482,0,0
q7w8e9r0t1y2,6093,9349,3184,earn $500/day 👇,380,0,1
real_human_01234,33,3480,4,,50,0,1
emma.j,200,5,360,News journalist @NYT,2811,0,0
dev_pete,200,53,414,Developer | Open source enthusiast,7366,0,0
user8374629,1064,8479,1313,promo available 📩,390,0,1
kimkardashian,104768977,392,2244,Professional athlete | Team captain | Brand ambassador,3946386028,1,0
free_follower_bot,3350,7276,869,NFT investor | crypto tips,211,0,1
zz_promo_zz,2187,8640,3711,Get free followers — click bio link,476,0,1
john_doe,200,94,190,Architect | sustainable design,9731,0,0
mike_2023,284,56,42,Musician. Coffee addict. ☕,2145,0,0
follow_back_101,7,7342,4,📈 passive income daily,16,0,1
chris_builds,615,296,422,Artist | Digital creator ✨,8859,0,0
cristiano,96872861,93,885,Fashion icon | Creative Director @LuxuryBrand,1268320987,1,0
john_doe,946,317,493,Fashion designer | PR welcome,11067,0,0
chef_marco,478,214,459,Developer | Open source enthusiast,12260,0,0
nft_dropper_69,172,9165,4,investment advisor DM me,4,0,1
kimkardashian,18528916,349,4612,Oscar-winning director | Production company: @StudioX,1526371547,1,0
crypto_king_9999,1199,5944,3736,NFT investor | crypto tips,273,0,1
emma.j,200,68,248,Medical student | future doctor 🩺,4912,0,0
photo_by_anna,200,8,447,photographer | travel 📷,4653,0,0
chris_builds,200,6,131,Medical student | future doctor 🩺,5615,0,0
surf_with_evan,596,137,327,High school teacher | making STEM fun,24574,0,0
crypto_king_9999,1906,9920,4360,,415,0,1
chef_marco,549,67,185,Chef | Recipe creator 🍳,19101,0,0
jeffbezos,101103613,442,297,Oscar-winning director | Production company: @StudioX,8239991705,1,0
get_rich_88,5879,6616,3360,🔞 link in bio,105,0,1
code_master,200,88,238,Artist | Digital creator ✨,6201,0,0
9182736450,3818,6136,2650,♻️ repost to win $1000,347,0,1
code_master,200,90,20,Architect | sustainable design,3580,0,0
creative_dan,339,13,488,Musician. Coffee addict. ☕,14877,0,0
realmadrid,84796856,101,2884,Grammy-winning artist 🎵 | New album out now,4039189325,1,0
follow_back_101,2,3233,2,btc eth airdrop free coins,24,0,1
follow_back_101,61,8632,2,DM me to grow your account fast,26,0,1
mike_2023,552,119,29,Data scientist | ML researcher,23517,0,0
99882736450,5978,8687,3734,,304,0,1
john_doe,493514,20,7,🔞 link in bio,37,0,1
earn_fast_2024,3851,8597,3422,,426,0,1
lena_captures,425992,41,3,♻️ repost to win $1000,578,0,1
chris_builds,116300,41,6,investment advisor DM me,350,0,1
zz_promo_zz,9541,7958,4272,♻️ repost to win $1000,319,0,1
tradebot_fx,4127,5045,2489,Click link below 💰,335,0,1
botanist_beth,360941,5,1,,692,0,1
surf_with_evan,401383,4,7,,268,0,1
crypto_king_9999,94,8998,2,Click link below 💰,64,0,1
1234567890ab,2600,9816,1935,earn $500/day 👇,8,0,1
1234567890ab,2695,6089,4523,,147,0,1
daniel_f,425883,47,8,🔞 link in bio,145,0,1
chris_builds,200,41,73,Dog lover 🐾 | Hiking | Books,5413,0,0
photo_by_anna,247307,30,1,FREE BTC airdrop → link in bio,279,0,1
tom_techie,219,95,108,Marketing professional | keynote speaker,6655,0,0
tradebot_fx,7360,7403,4912,DM me to grow your account fast,106,0,1
tom_techie,69160,42,4,Real estate investor | DM for passive income secrets,368,0,1
acc29471838,2941,8256,4598,,21,0,1
chris_builds,200,26,282,Wildlife photographer based in Kenya,6486,0,0
tradebot_fx,123,4776,3,,17,0,1
airdrop_winner99,119,3111,3,,8,0,1
daniel_f,1928,419,243,Nurse practitioner | women's health advocate,74902,0,0
acc29471838,46,8929,0,crypto signals ✅ 99% win rate,65,0,1
alex_travel,200,24,80,mom of 3 | foodie 🍕,5296,0,0
alex_travel,390359,0,2,,426,0,1
chef_marco,200,17,275,Nurse practitioner | women's health advocate,8133,0,0
daniel_f,225437,4,9,Real estate investor | DM for passive income secrets,90,0,1
nft_dropper_69,129,8172,3,crypto signals ✅ 99% win rate,93,0,1
journeys_with_kai,200,5,164,Yoga instructor | wellness coach 🧘,1430,0,0
fit_jessica,200,35,420,Traveler | 50+ countries visited ✈️,3038,0,0
botanist_beth,200,19,7,photographer | travel 📷,2763,0,0
fit_jessica,200,42,247,Freelance illustrator | art prints available,4551,0,0
photo_by_anna,2232,1095,479,Retired engineer | amateur astronomer 🔭,103657,0,0
earn_fast_2024,9801,8023,4116,DM me to grow your account fast,373,0,1
code_master,345,36,319,Artist | Digital creator ✨,2426,0,0
alex_travel,2895,1020,475,Wildlife photographer based in Kenya,84968,0,0
acc29471838,4446,8634,4784,🔞 link in bio,155,0,1
a8f7d3k9p2,71,9640,2,,70,0,1
grace_beauty,200,98,112,Musician. Coffee addict. ☕,5581,0,0
chris_builds,425,160,197,Yoga instructor | wellness coach 🧘,5054,0,0
alex_travel,711,309,16,Artist | Digital creator ✨,24636,0,0
nft_dropper_69,9540,8126,1736,,227,0,1
surf_with_evan,875,118,368,mom of 3 | foodie 🍕,26423,0,0
earn_fast_2024,103,7832,0,,2,0,1
real_human_01234,6041,8309,616,Click link below 💰,119,0,1
a8f7d3k9p2,6468,6634,2330,,132,0,1
kyliejenner,111594022,298,3459,Hollywood actor | Upcoming: Summer Blockbuster 2025,3554259361,1,0
the_real_sam,295,17,373,Dog lover 🐾 | Hiking | Books,13024,0,0
q7w8e9r0t1y2,7657,9561,1767,NFT investor | crypto tips,371,0,1
photo_by_anna,200,82,315,Blogger | Lifestyle & wellness,1493,0,0
chef_marco,460,107,296,Fashion designer | PR welcome,6988,0,0
chef_marco,200,39,185,Musician. Coffee addict. ☕,4451,0,0
chef_marco,200,27,481,Nurse practitioner | women's health advocate,4997,0,0
lena_captures,200,56,119,Data scientist | ML researcher,8711,0,0
9182736450,147,7288,3,♻️ repost to win $1000,35,0,1
sarah_smith,311,103,54,Environmental activist 🌱,6701,0,0
earn_fast_2024,30,9394,1,Click link below 💰,40,0,1
creative_dan,190414,32,0,🔞 link in bio,358,0,1
jeffbezos,22506228,329,1347,CEO @Fortune500 | Author | Speaker,702358770,1,0
lena_captures,172888,6,5,📈 passive income daily,634,0,1
99882736450,2165,8421,646,,339,0,1
zz_promo_zz,6467,9282,4205,follow for follow back,484,0,1
emma.j,444695,37,1,🔞 link in bio,312,0,1
tradebot_fx,1493,5247,4470,Real estate investor | DM for passive income secrets,268,0,1
amy_joy,245014,46,7,NFT investor | crypto tips,669,0,1
mindful_maya,406242,35,6,📈 passive income daily,774,0,1
grace_beauty,612,168,420,Entrepreneur | Founder @startup,8377,0,0
the_real_sam,200,36,251,Traveler | 50+ countries visited ✈️,2225,0,0
free_follower_bot,3119,7621,715,,408,0,1
the_real_sam,1363,252,84,Data scientist | ML researcher,42354,0,0
bot_account_7,16,8547,4,FREE BTC airdrop → link in bio,4,0,1
kyliejenner,58225361,106,3438,Hollywood actor | Upcoming: Summer Blockbuster 2025,3669949177,1,0
bot_account_7,6951,5158,670,Click link below 💰,212,0,1
zz_promo_zz,101,4085,4,,77,0,1
mark_adventure,244,24,12,Fashion designer | PR welcome,8531,0,0
lisa_writes,202,19,495,Podcaster | interviewing founders,2110,0,0
get_rich_88,107,9828,2,NFT investor | crypto tips,21,0,1
kimkardashian,66762979,272,4176,Oscar-winning director | Production company: @StudioX,6029265067,1,0
mike_2023,200,9,240,High school teacher | making STEM fun,3661,0,0
john_doe,200,81,441,mom of 3 | foodie 🍕,9074,0,0
free_followers_now,1621,5577,1378,,108,0,1
user8374629,115,5645,4,📈 passive income daily,59,0,1
airdrop_winner99,54,8769,1,,98,0,1
everyday_elena,223921,2,3,btc eth airdrop free coins,800,0,1
beyonce,48352586,25,2387,World-renowned chef 👨‍🍳 | Author of 3 cookbooks,3158951539,1,0
nina_art,24954,33,6,,571,0,1
kimkardashian,136374401,436,2291,International supermodel | Agency: IMG Models,2412694264,1,0
tradebot_fx,0,5209,3,♻️ repost to win $1000,27,0,1
a8f7d3k9p2,9346,8992,4746,,417,0,1
mindful_maya,200,39,385,Teacher & lifelong learner 📚,4972,0,0
user8374629,54,9985,0,crypto signals ✅ 99% win rate,77,0,1
zz_promo_zz,57,5657,1,🔞 link in bio,59,0,1
dev_pete,750,178,198,Yoga instructor | wellness coach 🧘,5771,0,0
john_doe,897,119,327,Dance teacher | choreographer,41870,0,0
chef_marco,200,70,247,Data scientist | ML researcher,5553,0,0
nasa,95605201,452,3244,Hollywood actor | Upcoming: Summer Blockbuster 2025,4037818298,1,0
alex_travel,471573,1,4,FREE BTC airdrop → link in bio,861,0,1
grace_beauty,318,104,291,Artist | Digital creator ✨,12830,0,0
chef_marco,482,46,460,Freelance illustrator | art prints available,12224,0,0
follow_back_101,8863,7985,4678,FREE BTC airdrop → link in bio,483,0,1
a8f7d3k9p2,2438,7872,2002,investment advisor DM me,426,0,1
alex_travel,200,56,62,Dog lover 🐾 | Hiking | Books,2486,0,0
photo_by_anna,200,97,342,Blogger | Lifestyle & wellness,7622,0,0
taylorswift,140232438,13,2580,Nobel Peace Prize laureate | Activist,12872837183,1,0
daniel_f,593,147,177,Fashion designer | PR welcome,20801,0,0
lena_captures,200,69,410,Artist | Digital creator ✨,5697,0,0
9182736450,2864,6097,727,DM me to grow your account fast,170,0,1
emma.j,200,95,474,photographer | travel 📷,9060,0,0
tradebot_fx,73,9682,2,DM me to grow your account fast,56,0,1
acc29471838,48,4297,4,📈 passive income daily,53,0,1
journeys_with_kai,200,27,36,Musician. Coffee addict. ☕,1791,0,0
q7w8e9r0t1y2,126,4308,0,,4,0,1
emma.j,200,86,269,Medical student | future doctor 🩺,7722,0,0
john_doe,200,51,347,News journalist @NYT,2564,0,0
john_doe,435047,0,3,promo available 📩,578,0,1
nft_dropper_69,109,4813,4,NFT investor | crypto tips,38,0,1
nina_art,426512,47,4,,744,0,1
b.scott.official,200,47,207,Marketing professional | keynote speaker,9181,0,0
nina_art,72451,12,3,DM me to grow your account fast,892,0,1
journeys_with_kai,200,25,124,Architect | sustainable design,5272,0,0
earn_fast_2024,56,8313,0,FREE BTC airdrop → link in bio,21,0,1
follow_back_101,47,4963,4,,21,0,1
lena_captures,200,32,257,UX designer @Meta,7130,0,0
paul_runs,421539,22,9,crypto signals ✅ 99% win rate,744,0,1
elonmusk,99441310,244,1951,Iconic musician 🎸 | 40+ years on stage,8209814450,1,0
chef_marco,73097,6,4,Click link below 💰,164,0,1
bot_account_7,8689,7730,4144,promo available 📩,118,0,1
surf_with_evan,384,9,213,High school teacher | making STEM fun,17089,0,0
daniel_f,308,117,409,Freelance illustrator | art prints available,11282,0,0
creative_dan,200,88,463,News journalist @NYT,9378,0,0
airdrop_winner99,32,3422,3,DM me to grow your account fast,12,0,1
the_real_sam,621,215,226,Blogger | Lifestyle & wellness,10838,0,0
botanist_beth,200,6,419,Medical student | future doctor 🩺,3723,0,0
therock,38031291,388,1624,Hollywood actor | Upcoming: Summer Blockbuster 2025,1842666033,1,0
1234567890ab,4711,7243,1988,earn $500/day 👇,62,0,1
chris_builds,243858,5,2,earn $500/day 👇,258,0,1
arianagrande,133378122,406,4292,CEO @Fortune500 | Author | Speaker,11067099140,1,0
acc29471838,197,7992,4,Real estate investor | DM for passive income secrets,25,0,1
xXx_profit_xXx,154,4999,0,Click link below 💰,95,0,1
follow_back_101,6765,9474,4318,♻️ repost to win $1000,432,0,1
nina_art,286446,23,7,,490,0,1
1234567890ab,9728,9058,1802,DM me to grow your account fast,32,0,1
dev_pete,200,67,143,Traveler | 50+ countries visited ✈️,2892,0,0
user8374629,159,3568,1,,98,0,1
user8374629,7592,8355,3612,,125,0,1
paul_runs,372,82,214,Retired engineer | amateur astronomer 🔭,14984,0,0
q7w8e9r0t1y2,7537,5435,3287,Get free followers — click bio link,408,0,1
paul_runs,430635,29,0,investment advisor DM me,505,0,1
9182736450,63,7736,4,Real estate investor | DM for passive income secrets,93,0,1
tom_techie,257,61,199,Environmental activist 🌱,1653,0,0
user8374629,134,8829,4,Get free followers — click bio link,11,0,1
bot_account_7,156,4061,4,NFT investor | crypto tips,72,0,1
amy_joy,84845,30,3,♻️ repost to win $1000,327,0,1
nft_dropper_69,2492,9104,1721,,197,0,1
follow_back_101,8108,9978,755,,374,0,1
botanist_beth,786,341,330,Medical student | future doctor 🩺,20134,0,0
photo_by_anna,200,5,270,Blogger | Lifestyle & wellness,7482,0,0
q7w8e9r0t1y2,9485,8096,4862,btc eth airdrop free coins,17,0,1
sarah_smith,359982,17,2,promo available 📩,798,0,1
everyday_elena,200,46,277,Musician. Coffee addict. ☕,5944,0,0
code_master,217,103,323,Chef | Recipe creator 🍳,3181,0,0
chris_builds,200,86,159,UX designer @Meta,5438,0,0
a8f7d3k9p2,162,8111,4,DM me to grow your account fast,64,0,1
journeys_with_kai,496,188,395,Traveler | 50+ countries visited ✈️,18456,0,0
airdrop_winner99,168,8672,3,earn $500/day 👇,35,0,1
chris_builds,200,5,96,Nurse practitioner | women's health advocate,5915,0,0
xXx_profit_xXx,7027,9624,4985,Get free followers — click bio link,57,0,1
taylorswift,84536874,455,4598,World #1 tennis player 🎾 | Foundation: @AidFundation,1725079705,1,0
fit_jessica,391,103,206,Environmental activist 🌱,2964,0,0
beyonce,148124980,364,2064,Official account. For business: manager@agency.com,9228091344,1,0
tom_techie,799,180,96,Chef | Recipe creator 🍳,23893,0,0
a8f7d3k9p2,8882,5030,844,promo available 📩,12,0,1
acc29471838,4897,8613,891,📈 passive income daily,69,0,1
the_real_sam,200,73,68,software engineer @ Google,7261,0,0
amy_joy,462,54,316,Fashion designer | PR welcome,12938,0,0
b.scott.official,200,83,263,High school teacher | making STEM fun,3745,0,0
neymarjr,38776608,450,997,Professional athlete | Team captain | Brand ambassador,1277882451,1,0
amy_joy,200,50,60,mom of 3 | foodie 🍕,2692,0,0
john_doe,200,48,123,Nurse practitioner | women's health advocate,3587,0,0
1234567890ab,5703,5961,4169,promo available 📩,183,0,1
q7w8e9r0t1y2,2863,8140,4201,♻️ repost to win $1000,397,0,1
creative_dan,200,51,252,mom of 3 | foodie 🍕,5918,0,0
jeffbezos,141445519,90,3628,Nobel Peace Prize laureate | Activist,10658563481,1,0
taylorswift,61698600,225,1480,World #1 tennis player 🎾 | Foundation: @AidFundation,4463819673,1,0
b.scott.official,615,106,73,Entrepreneur | Founder @startup,11434,0,0
elonmusk,63905467,64,1827,World-renowned chef 👨‍🍳 | Author of 3 cookbooks,2677188389,1,0
john_doe,200,70,373,Environmental activist 🌱,2847,0,0
b.scott.official,226735,17,1,crypto signals ✅ 99% win rate,152,0,1
creative_dan,260303,49,7,Get free followers — click bio link,199,0,1
photo_by_anna,200,21,430,Medical student | future doctor 🩺,1194,0,0
airdrop_winner99,0,5452,0,NFT investor | crypto tips,88,0,1
1234567890ab,3145,5661,1789,NFT investor | crypto tips,164,0,1
tradebot_fx,9913,8210,3424,📈 passive income daily,65,0,1
photo_by_anna,343628,20,8,📈 passive income daily,313,0,1
the_real_sam,248,53,366,Freelance illustrator | art prints available,9657,0,0
daniel_f,200,68,203,Retired engineer | amateur astronomer 🔭,8641,0,0
beyonce,143959587,420,120,International supermodel | Agency: IMG Models,3658104993,1,0
b.scott.official,629,212,347,Wildlife photographer based in Kenya,6648,0,0
sarah_smith,389,186,173,Freelance illustrator | art prints available,7436,0,0
lena_captures,880,159,359,Traveler | 50+ countries visited ✈️,5980,0,0
earn_fast_2024,4396,6901,1362,🔞 link in bio,416,0,1
acc29471838,8452,8335,1463,,150,0,1
photo_by_anna,233,8,313,Chef | Recipe creator 🍳,5943,0,0
justinbieber,58281531,238,4787,Nobel Peace Prize laureate | Activist,4031922658,1,0
get_rich_88,9495,8167,2105,Click link below 💰,288,0,1
tom_techie,200,82,53,Freelance illustrator | art prints available,7224,0,0
q7w8e9r0t1y2,94,8353,3,,92,0,1
fcbarcelona,140076994,339,3371,Grammy-winning artist 🎵 | New album out now,13893567583,1,0
crypto_king_9999,965,9547,3042,follow for follow back,376,0,1
free_followers_now,6676,7391,4715,,470,0,1
chef_marco,367,120,155,Podcaster | interviewing founders,18149,0,0
kimkardashian,20814554,59,1812,Fashion icon | Creative Director @LuxuryBrand,458669216,1,0
emma.j,200,19,439,Yoga instructor | wellness coach 🧘,3596,0,0
mike_2023,732,34,95,Retired engineer | amateur astronomer 🔭,33995,0,0
amy_joy,200,74,273,Teacher & lifelong learner 📚,7281,0,0
sarah_smith,1837,489,266,mom of 3 | foodie 🍕,15573,0,0
airdrop_winner99,3554,7727,4804,,29,0,1
b.scott.official,216,61,399,Yoga instructor | wellness coach 🧘,4862,0,0
tradebot_fx,4788,9551,2597,Click link below 💰,200,0,1
q7w8e9r0t1y2,9122,6215,1381,NFT investor | crypto tips,181,0,1
fit_jessica,414,8,155,photographer | travel 📷,14329,0,0
earn_fast_2024,114,7108,4,Click link below 💰,39,0,1
earn_fast_2024,7024,5274,855,DM me to grow your account fast,310,0,1
earn_fast_2024,5213,6488,782,,273,0,1
lisa_writes,200,45,126,photographer | travel 📷,1854,0,0
mark_adventure,488,37,300,Traveler | 50+ countries visited ✈️,23665,0,0
fit_jessica,201456,42,0,,410,0,1
botanist_beth,217015,44,6,DM me to grow your account fast,276,0,1
creative_dan,61466,0,3,Get free followers — click bio link,85,0,1
sarah_smith,525,186,350,Marketing professional | keynote speaker,8583,0,0
99882736450,48,9041,0,btc eth airdrop free coins,25,0,1
1234567890ab,8571,8630,614,Click link below 💰,36,0,1
creative_dan,850,206,313,Podcaster | interviewing founders,25642,0,0
mike_2023,200,87,315,mom of 3 | foodie 🍕,4938,0,0
lena_captures,200,42,136,mom of 3 | foodie 🍕,9329,0,0
grace_beauty,200,43,288,UX designer @Meta,6669,0,0
john_doe,183752,31,0,crypto signals ✅ 99% win rate,779,0,1
grace_beauty,240472,19,4,promo available 📩,273,0,1
dev_pete,200,51,164,Gaming streamer | Twitch partner 🎮,4776,0,0
bot_account_7,5099,5744,986,♻️ repost to win $1000,25,0,1
crypto_king_9999,81,4767,0,NFT investor | crypto tips,6,0,1
kyliejenner,85462826,214,236,World-renowned chef 👨‍🍳 | Author of 3 cookbooks,3207896360,1,0
acc29471838,89,5784,1,follow for follow back,37,0,1
nina_art,200,68,87,Musician. Coffee addict. ☕,3208,0,0
xXx_profit_xXx,9978,9132,3989,,443,0,1
user8374629,113,6085,3,NFT investor | crypto tips,33,0,1
nasa,79824783,127,4259,Oscar-winning director | Production company: @StudioX,6091120236,1,0
journeys_with_kai,50760,7,9,,984,0,1
neymarjr,110643680,8,3456,Official account. For business: manager@agency.com,7272833092,1,0
acc29471838,160,5054,0,,44,0,1
neymarjr,44376297,119,2708,World #1 tennis player 🎾 | Foundation: @AidFundation,1007188956,1,0
nina_art,1264,324,331,Data scientist | ML researcher,13422,0,0
grace_beauty,200,87,339,Wildlife photographer based in Kenya,7488,0,0
free_follower_bot,185,4237,3,NFT investor | crypto tips,12,0,1
taylorswift,141902665,59,238,Grammy-winning artist 🎵 | New album out now,7263286737,1,0
1234567890ab,169,8066,0,,71,0,1
follow_back_101,5336,8642,1346,,447,0,1
free_follower_bot,2222,6794,608,,1,0,1
free_followers_now,1397,6109,3028,🔞 link in bio,92,0,1
9182736450,100,7019,2,DM me to grow your account fast,28,0,1
botanist_beth,392,64,41,High school teacher | making STEM fun,5242,0,0
nina_art,250566,36,6,NFT investor | crypto tips,439,0,1
mark_adventure,247510,14,6,,743,0,1
get_rich_88,7246,6921,3297,FREE BTC airdrop → link in bio,364,0,1
user8374629,3851,6455,3468,Click link below 💰,298,0,1
chef_marco,384420,47,4,crypto signals ✅ 99% win rate,329,0,1
sarah_smith,200,49,436,photographer | travel 📷,2726,0,0
creative_dan,200,66,277,Architect | sustainable design,1512,0,0
get_rich_88,3443,7210,2447,btc eth airdrop free coins,417,0,1
tom_techie,232,112,279,Traveler | 50+ countries visited ✈️,1725,0,0
chef_marco,506,177,491,Wildlife photographer based in Kenya,4063,0,0
everyday_elena,468548,17,3,promo available 📩,113,0,1
crypto_king_9999,42,5468,3,btc eth airdrop free coins,16,0,1
xXx_profit_xXx,9174,9244,4370,Get free followers — click bio link,165,0,1
real_human_01234,41,4333,0,,97,0,1
paul_runs,471,114,57,Data scientist | ML researcher,21348,0,0
code_master,216,99,277,Traveler | 50+ countries visited ✈️,8354,0,0
nina_art,21439,4,4,Click link below 💰,921,0,1
tradebot_fx,105,3223,1,earn $500/day 👇,9,0,1
elonmusk,128238700,329,2236,Nobel Peace Prize laureate | Activist,2754517056,1,0
nike,123515067,438,4663,World-renowned chef 👨‍🍳 | Author of 3 cookbooks,4303028690,1,0
amy_joy,326288,19,7,,379,0,1
dev_pete,200,55,14,Developer | Open source enthusiast,4772,0,0
fit_jessica,200,98,349,Environmental activist 🌱,4164,0,0
kyliejenner,48433694,209,3741,Grammy-winning artist 🎵 | New album out now,1351565213,1,0
emma.j,967,197,109,Retired engineer | amateur astronomer 🔭,7628,0,0
tom_techie,200,12,139,Medical student | future doctor 🩺,2202,0,0
everyday_elena,378,7,120,Wildlife photographer based in Kenya,13976,0,0
real_human_01234,7449,7689,4015,follow for follow back,499,0,1
everyday_elena,200,5,306,Dog lover 🐾 | Hiking | Books,4963,0,0
billgates,55289891,169,4637,Nobel Peace Prize laureate | Activist,727095863,1,0
nft_dropper_69,1,7502,4,,2,0,1
creative_dan,200,60,470,mom of 3 | foodie 🍕,8128,0,0
chef_marco,247,67,235,fitness coach 💪 DM for plans,10532,0,0
paul_runs,200,34,337,Traveler | 50+ countries visited ✈️,1562,0,0
realmadrid,84251463,450,1597,World-renowned chef 👨‍🍳 | Author of 3 cookbooks,6948832359,1,0
creative_dan,446446,38,9,FREE BTC airdrop → link in bio,928,0,1
kyliejenner,124343416,338,2719,CEO @Fortune500 | Author | Speaker,9519499078,1,0
alex_travel,200,41,134,Marketing professional | keynote speaker,9897,0,0
lena_captures,200,94,466,Blogger | Lifestyle & wellness,2945,0,0
natgeo,7374987,227,1580,Official account. For business: manager@agency.com,581300734,1,0
oprah,91303414,369,1924,Professional athlete | Team captain | Brand ambassador,4539214371,1,0
creative_dan,480,9,95,Data scientist | ML researcher,18765,0,0
1234567890ab,8036,5104,3267,crypto signals ✅ 99% win rate,43,0,1
photo_by_anna,395049,42,5,NFT investor | crypto tips,736,0,1
lisa_writes,316,11,395,Gaming streamer | Twitch partner 🎮,8658,0,0
chef_marco,573,133,154,High school teacher | making STEM fun,4531,0,0
get_rich_88,6006,7803,2405,♻️ repost to win $1000,444,0,1
crypto_king_9999,113,6034,4,DM me to grow your account fast,46,0,1
mindful_maya,115873,18,4,,535,0,1
tom_techie,200,76,209,Wildlife photographer based in Kenya,1877,0,0
grace_beauty,200,5,419,Fashion designer | PR welcome,9567,0,0
cristiano,63891893,171,3708,CEO @Fortune500 | Author | Speaker,2958343672,1,0
mindful_maya,200,40,290,software engineer @ Google,1396,0,0
earn_fast_2024,1845,8303,3177,FREE BTC airdrop → link in bio,97,0,1
mark_adventure,132420,39,6,crypto signals ✅ 99% win rate,370,0,1
get_rich_88,177,4663,1,btc eth airdrop free coins,3,0,1
grace_beauty,383,173,139,Teacher & lifelong learner 📚,7563,0,0
photo_by_anna,318213,42,6,,671,0,1
sarah_smith,6335,842,325,Teacher & lifelong learner 📚,147508,0,0
free_followers_now,76,4765,3,🔞 link in bio,75,0,1
code_master,286656,1,1,📈 passive income daily,77,0,1
1234567890ab,74,7381,4,investment advisor DM me,90,0,1
sarah_smith,1252,366,364,Developer | Open source enthusiast,41733,0,0
mindful_maya,158100,35,7,FREE BTC airdrop → link in bio,30,0,1
beyonce,62507422,223,2154,World #1 tennis player 🎾 | Foundation: @AidFundation,3289860465,1,0
user8374629,2642,5650,4587,promo available 📩,267,0,1
nike,104162245,70,2095,CEO @Fortune500 | Author | Speaker,6363147532,1,0
botanist_beth,200,46,316,Podcaster | interviewing founders,9367,0,0
real_human_01234,93,3950,1,Get free followers — click bio link,15,0,1
emma.j,307315,9,8,earn $500/day 👇,10,0,1
grace_beauty,454,178,262,Podcaster | interviewing founders,11983,0,0
q7w8e9r0t1y2,194,9803,2,Click link below 💰,41,0,1
daniel_f,200,61,161,fitness coach 💪 DM for plans,9698,0,0
free_follower_bot,90,4863,1,,18,0,1
99882736450,105,5924,1,Get free followers — click bio link,71,0,1
real_human_01234,25,7841,0,earn $500/day 👇,90,0,1
mark_adventure,275433,17,7,♻️ repost to win $1000,129,0,1
lisa_writes,200,5,464,Fashion designer | PR welcome,3311,0,0
q7w8e9r0t1y2,144,4256,4,crypto signals ✅ 99% win rate,82,0,1
earn_fast_2024,5926,7364,2118,investment advisor DM me,384,0,1
taylorswift,119410348,450,595,World-renowned chef 👨‍🍳 | Author of 3 cookbooks,8291282340,1,0
arianagrande,75702266,394,2562,Official account. For business: manager@agency.com,4599769678,1,0
kyliejenner,29197608,374,1580,World #1 tennis player 🎾 | Foundation: @AidFundation,1288255924,1,0
selenagomez,117815306,181,213,Oscar-winning director | Production company: @StudioX,2517977254,1,0
free_followers_now,107,5063,0,earn $500/day 👇,53,0,1
justinbieber,134462228,350,1224,International supermodel | Agency: IMG Models,11668951600,1,0
tom_techie,367,144,340,High school teacher | making STEM fun,5954,0,0
neymarjr,136469116,310,4089,Professional athlete | Team captain | Brand ambassador,12721191184,1,0
earn_fast_2024,48,8487,2,FREE BTC airdrop → link in bio,77,0,1
q7w8e9r0t1y2,2826,7998,4378,,3,0,1
everyday_elena,365362,40,5,NFT investor | crypto tips,583,0,1
b.scott.official,273442,32,5,♻️ repost to win $1000,432,0,1
a8f7d3k9p2,176,6680,3,crypto signals ✅ 99% win rate,43,0,1
tim_cook,136657730,133,4448,Oscar-winning director | Production company: @StudioX,4611412095,1,0
nike,109421489,469,311,Iconic musician 🎸 | 40+ years on stage,5341443273,1,0
chef_marco,1547,635,290,Gaming streamer | Twitch partner 🎮,26086,0,0
tom_techie,200,43,377,Artist | Digital creator ✨,8466,0,0
tim_cook,126738025,263,4815,Fashion icon | Creative Director @LuxuryBrand,9663255923,1,0
jeffbezos,149805566,465,4972,World #1 tennis player 🎾 | Foundation: @AidFundation,3578889584,1,0
free_follower_bot,11,6351,3,Click link below 💰,85,0,1
alex_travel,15093,29,3,📈 passive income daily,320,0,1
lisa_writes,200,5,84,Entrepreneur | Founder @startup,3041,0,0
photo_by_anna,200,83,388,Retired engineer | amateur astronomer 🔭,9899,0,0
paul_runs,200,92,473,Dog lover 🐾 | Hiking | Books,3633,0,0
1234567890ab,6066,5296,2189,♻️ repost to win $1000,379,0,1
nina_art,200,74,18,fitness coach 💪 DM for plans,3692,0,0
amy_joy,222663,10,0,,819,0,1
kimkardashian,45746848,260,3183,CEO @Fortune500 | Author | Speaker,3059656361,1,0
lisa_writes,253,29,394,Entrepreneur | Founder @startup,2503,0,0
q7w8e9r0t1y2,195,5816,4,earn $500/day 👇,52,0,1
emma.j,200,86,317,fitness coach 💪 DM for plans,8374,0,0
xXx_profit_xXx,2958,5702,2383,DM me to grow your account fast,351,0,1
mindful_maya,200,88,40,Gaming streamer | Twitch partner 🎮,6773,0,0
9182736450,133,7833,3,DM me to grow your account fast,52,0,1
q7w8e9r0t1y2,5112,9780,949,FREE BTC airdrop → link in bio,411,0,1
nasa,17324191,379,575,Oscar-winning director | Production company: @StudioX,937262610,1,0
xXx_profit_xXx,5484,5182,2998,🔞 link in bio,104,0,1
daniel_f,209,79,432,Traveler | 50+ countries visited ✈️,6617,0,0
mike_2023,874,323,109,fitness coach 💪 DM for plans,10472,0,0
get_rich_88,7282,6038,4926,NFT investor | crypto tips,76,0,1
99882736450,6703,5232,4422,,473,0,1
arianagrande,33381060,22,2756,Oscar-winning director | Production company: @StudioX,3049290746,1,0
creative_dan,1708,803,44,High school teacher | making STEM fun,29673,0,0
beyonce,78194953,121,2310,Official account. For business: manager@agency.com,4823569133,1,0
mark_adventure,200,62,395,fitness coach 💪 DM for plans,4178,0,0
real_human_01234,8219,6094,2742,,334,0,1
earn_fast_2024,5497,6123,4929,earn $500/day 👇,372,0,1
xXx_profit_xXx,34,3308,2,,53,0,1
alex_travel,200,74,296,Marketing professional | keynote speaker,9511,0,0
9182736450,87,7332,2,crypto signals ✅ 99% win rate,63,0,1
fit_jessica,331052,25,1,FREE BTC airdrop → link in bio,984,0,1
lena_captures,117817,20,7,earn $500/day 👇,770,0,1
creative_dan,175752,22,6,,721,0,1
photo_by_anna,275,131,158,software engineer @ Google,5393,0,0
photo_by_anna,252,44,186,Teacher & lifelong learner 📚,5881,0,0
photo_by_anna,200,56,476,Data scientist | ML researcher,4811,0,0
selenagomez,102497263,321,2423,World #1 tennis player 🎾 | Foundation: @AidFundation,6151485276,1,0
lisa_writes,144767,47,6,,578,0,1
grace_beauty,233,64,202,Traveler | 50+ countries visited ✈️,5093,0,0
user8374629,23,7590,2,promo available 📩,16,0,1
1234567890ab,7348,7363,1028,Real estate investor | DM for passive income secrets,143,0,1
justinbieber,11347391,156,3403,Fashion icon | Creative Director @LuxuryBrand,1059237491,1,0
paul_runs,200,5,434,Medical student | future doctor 🩺,4042,0,0
emma.j,675,9,252,UX designer @Meta,29261,0,0
daniel_f,200,60,204,Nurse practitioner | women's health advocate,6804,0,0
chris_builds,363944,31,9,♻️ repost to win $1000,364,0,1
xXx_profit_xXx,75,5176,3,Get free followers — click bio link,71,0,1
alex_travel,459170,5,4,Click link below 💰,425,0,1
nike,73028101,297,4919,Grammy-winning artist 🎵 | New album out now,4974342611,1,0
everyday_elena,373835,3,9,📈 passive income daily,839,0,1
taylorswift,46088665,11,2798,Official account. For business: manager@agency.com,1314778842,1,0
botanist_beth,76735,9,4,crypto signals ✅ 99% win rate,463,0,1
fit_jessica,269442,21,2,Get free followers — click bio link,809,0,1
code_master,200,19,194,Fashion designer | PR welcome,5884,0,0
real_human_01234,141,9628,4,Get free followers — click bio link,59,0,1
mark_adventure,200,97,56,Entrepreneur | Founder @startup,9192,0,0
99882736450,3028,9535,3975,Click link below 💰,313,0,1
lena_captures,391022,3,9,,911,0,1
kyliejenner,126116651,259,804,World-renowned chef 👨‍🍳 | Author of 3 cookbooks,4120298817,1,0
xXx_profit_xXx,4460,6356,4993,FREE BTC airdrop → link in bio,196,0,1
daniel_f,263,6,316,Dance teacher | choreographer,7600,0,0
alex_travel,1082,309,487,Retired engineer | amateur astronomer 🔭,11518,0,0
user8374629,8482,6784,4492,,201,0,1
jeffbezos,55390285,386,161,World #1 tennis player 🎾 | Foundation: @AidFundation,1609025900,1,0
a8f7d3k9p2,162,4847,3,investment advisor DM me,42,0,1
follow_back_101,5406,5562,3756,FREE BTC airdrop → link in bio,42,0,1
the_real_sam,363,27,56,Architect | sustainable design,13393,0,0
zz_promo_zz,6557,7024,2161,investment advisor DM me,139,0,1
lena_captures,242169,45,8,,537,0,1
everyday_elena,414,138,55,Retired engineer | amateur astronomer 🔭,6897,0,0
q7w8e9r0t1y2,25,9769,3,📈 passive income daily,41,0,1
lisa_writes,1234,259,315,Architect | sustainable design,10275,0,0
code_master,101219,49,2,,798,0,1
alex_travel,87848,10,6,FREE BTC airdrop → link in bio,11,0,1
journeys_with_kai,731,94,186,Architect | sustainable design,13346,0,0
emma.j,1108,443,478,Artist | Digital creator ✨,23525,0,0
chef_marco,200,88,107,UX designer @Meta,5370,0,0
sarah_smith,471,83,8,Blogger | Lifestyle & wellness,18257,0,0
tom_techie,478247,17,1,NFT investor | crypto tips,359,0,1
user8374629,704,8420,2381,Get free followers — click bio link,384,0,1
justinbieber,7097189,392,916,CEO @Fortune500 | Author | Speaker,249595233,1,0
zz_promo_zz,1902,9388,682,promo available 📩,232,0,1
paul_runs,445007,29,4,FREE BTC airdrop → link in bio,460,0,1
b.scott.official,269,96,6,Teacher & lifelong learner 📚,8668,0,0
a8f7d3k9p2,9034,5186,4574,crypto signals ✅ 99% win rate,301,0,1
journeys_with_kai,257,126,248,Medical student | future doctor 🩺,5892,0,0
zz_promo_zz,119,6519,1,FREE BTC airdrop → link in bio,82,0,1
billgates,101171200,373,2616,Oscar-winning director | Production company: @StudioX,6021000255,1,0
get_rich_88,106,9743,3,Get free followers — click bio link,84,0,1
grace_beauty,259,32,343,UX designer @Meta,1808,0,0
99882736450,1225,6408,3627,follow for follow back,145,0,1
free_follower_bot,113,5042,1,,41,0,1
justinbieber,20471637,21,4210,Hollywood actor | Upcoming: Summer Blockbuster 2025,311953197,1,0
tim_cook,144288179,403,3943,World #1 tennis player 🎾 | Foundation: @AidFundation,6346715012,1,0
photo_by_anna,200,79,380,Architect | sustainable design,2652,0,0
dev_pete,200,62,404,Nurse practitioner | women's health advocate,5166,0,0
nft_dropper_69,1275,5632,4777,♻️ repost to win $1000,318,0,1
creative_dan,200,17,340,Chef | Recipe creator 🍳,3255,0,0
alex_travel,80178,26,9,Click link below 💰,629,0,1
sarah_smith,364874,24,3,crypto signals ✅ 99% win rate,479,0,1
99882736450,33,8921,4,Real estate investor | DM for passive income secrets,55,0,1
q7w8e9r0t1y2,117,7078,4,,39,0,1
mike_2023,210367,20,4,Click link below 💰,253,0,1
earn_fast_2024,8545,6895,4951,📈 passive income daily,181,0,1
realmadrid,28841260,22,4024,Official account. For business: manager@agency.com,867472409,1,0
mark_adventure,200,5,487,Dance teacher | choreographer,5104,0,0
photo_by_anna,200,78,307,Dog lover 🐾 | Hiking | Books,9516,0,0
botanist_beth,205,39,167,Fashion designer | PR welcome,1424,0,0
code_master,330,7,114,Marketing professional | keynote speaker,12991,0,0
user8374629,7775,9467,1339,earn $500/day 👇,312,0,1
chris_builds,200,23,195,fitness coach 💪 DM for plans,3814,0,0
follow_back_101,2048,7661,4097,,6,0,1
botanist_beth,426829,41,9,♻️ repost to win $1000,840,0,1
free_followers_now,123,3742,2,crypto signals ✅ 99% win rate,10,0,1
emma.j,200,73,253,software engineer @ Google,7369,0,0
the_real_sam,200,84,487,Artist | Digital creator ✨,9004,0,0
chris_builds,232,33,326,Retired engineer | amateur astronomer 🔭,11544,0,0
a8f7d3k9p2,7397,5298,3349,🔞 link in bio,62,0,1
alex_travel,200,27,266,Artist | Digital creator ✨,3383,0,0
9182736450,8877,8206,3989,btc eth airdrop free coins,425,0,1
earn_fast_2024,72,4217,2,,83,0,1
grace_beauty,200,30,331,fitness coach 💪 DM for plans,4172,0,0
emma.j,200,24,289,High school teacher | making STEM fun,4309,0,0
mark_adventure,200,34,219,Gaming streamer | Twitch partner 🎮,9837,0,0
paul_runs,285,30,375,News journalist @NYT,5688,0,0
oprah,44407746,302,3544,Hollywood actor | Upcoming: Summer Blockbuster 2025,3766448601,1,0
surf_with_evan,200,89,358,Entrepreneur | Founder @startup,9263,0,0
mark_adventure,303,42,77,Podcaster | interviewing founders,7798,0,0
mark_adventure,200,40,401,Gaming streamer | Twitch partner 🎮,4614,0,0
1234567890ab,164,4916,0,,15,0,1
free_follower_bot,109,8695,0,Real estate investor | DM for passive income secrets,6,0,1
nina_art,200,96,31,Data scientist | ML researcher,8136,0,0
fit_jessica,156867,16,3,📈 passive income daily,306,0,1
free_follower_bot,7713,6411,4807,📈 passive income daily,173,0,1
acc29471838,9235,9539,982,Click link below 💰,73,0,1
1234567890ab,9,4452,0,follow for follow back,6,0,1
everyday_elena,200,59,484,Teacher & lifelong learner 📚,4266,0,0
amy_joy,200,79,21,Data scientist | ML researcher,6584,0,0
surf_with_evan,1441,311,67,Medical student | future doctor 🩺,11838,0,0
journeys_with_kai,847,16,135,Architect | sustainable design,28304,0,0
bot_account_7,60,9848,2,investment advisor DM me,63,0,1
chris_builds,390293,14,9,,815,0,1
fit_jessica,1087,455,429,Yoga instructor | wellness coach 🧘,7689,0,0
paul_runs,1102,214,366,Freelance illustrator | art prints available,43891,0,0
amy_joy,342,53,378,Yoga instructor | wellness coach 🧘,8051,0,0
the_real_sam,426,78,174,Medical student | future doctor 🩺,8755,0,0
bot_account_7,30,6124,4,,20,0,1
fit_jessica,358,129,439,Yoga instructor | wellness coach 🧘,12296,0,0
everyday_elena,200,29,486,mom of 3 | foodie 🍕,2996,0,0
mike_2023,200,10,183,Dog lover 🐾 | Hiking | Books,7194,0,0
mark_adventure,200,61,469,Wildlife photographer based in Kenya,7124,0,0
emma.j,35875,15,2,📈 passive income daily,450,0,1
alex_travel,272770,14,7,Click link below 💰,841,0,1
follow_back_101,190,5537,2,,1,0,1
free_followers_now,0,4203,2,🔞 link in bio,97,0,1
xXx_profit_xXx,1166,6027,1195,,153,0,1
b.scott.official,74943,29,4,🔞 link in bio,832,0,1
nft_dropper_69,87,9963,1,DM me to grow your account fast,7,0,1
9182736450,82,7871,0,investment advisor DM me,91,0,1
nina_art,473244,8,4,,3,0,1
tom_techie,174093,21,9,promo available 📩,806,0,1
a8f7d3k9p2,163,6475,2,follow for follow back,49,0,1
a8f7d3k9p2,113,3902,3,Click link below 💰,30,0,1
a8f7d3k9p2,100,4775,3,🔞 link in bio,16,0,1
real_human_01234,7852,9112,3194,Click link below 💰,135,0,1
1234567890ab,97,9059,4,DM me to grow your account fast,47,0,1
tradebot_fx,6677,9792,2933,FREE BTC airdrop → link in bio,462,0,1
99882736450,125,6096,1,,18,0,1
mindful_maya,395614,40,4,Get free followers — click bio link,721,0,1
chris_builds,296659,4,3,investment advisor DM me,851,0,1
q7w8e9r0t1y2,136,8322,0,NFT investor | crypto tips,5,0,1
surf_with_evan,200,15,332,Musician. Coffee addict. ☕,9838,0,0
justinbieber,55229676,291,3182,Oscar-winning director | Production company: @StudioX,5069105510,1,0
code_master,200,37,52,Freelance illustrator | art prints available,4579,0,0
grace_beauty,1419,305,166,Retired engineer | amateur astronomer 🔭,7733,0,0
tradebot_fx,9753,9698,2314,Get free followers — click bio link,333,0,1
everyday_elena,537,77,102,Podcaster | interviewing founders,5988,0,0
mike_2023,125262,35,1,📈 passive income daily,837,0,1
earn_fast_2024,7886,5479,2077,,486,0,1
elonmusk,140716998,253,592,Nobel Peace Prize laureate | Activist,11202629987,1,0
arianagrande,37060009,6,2625,Fashion icon | Creative Director @LuxuryBrand,1034043736,1,0
nina_art,275,128,294,UX designer @Meta,7036,0,0
amy_joy,202,60,450,News journalist @NYT,3519,0,0
emma.j,678,197,436,Musician. Coffee addict. ☕,15417,0,0
mark_adventure,455,65,80,Blogger | Lifestyle & wellness,9527,0,0
a8f7d3k9p2,122,5907,2,Get free followers — click bio link,66,0,1
nft_dropper_69,8893,5656,4124,FREE BTC airdrop → link in bio,104,0,1
real_human_01234,60,9168,3,Get free followers — click bio link,5,0,1
free_followers_now,153,7617,1,crypto signals ✅ 99% win rate,3,0,1
nina_art,200,57,96,Blogger | Lifestyle & wellness,3317,0,0
surf_with_evan,426155,6,5,♻️ repost to win $1000,915,0,1
fit_jessica,288,5,135,Dance teacher | choreographer,10704,0,0
photo_by_anna,6579,1675,275,Blogger | Lifestyle & wellness,266149,0,0
alex_travel,527,6,210,Environmental activist 🌱,7093,0,0
9182736450,39,5977,0,DM me to grow your account fast,94,0,1
mark_adventure,200,69,72,News journalist @NYT,8436,0,0
code_master,390,177,216,News journalist @NYT,10919,0,0
b.scott.official,224295,41,8,FREE BTC airdrop → link in bio,331,0,1
chef_marco,500,151,59,Dog lover 🐾 | Hiking | Books,16793,0,0
user8374629,8385,9292,4550,🔞 link in bio,180,0,1
grace_beauty,485729,2,5,Real estate investor | DM for passive income secrets,994,0,1
surf_with_evan,398100,11,3,investment advisor DM me,31,0,1
b.scott.official,323784,23,8,follow for follow back,186,0,1
zz_promo_zz,5796,9589,977,Real estate investor | DM for passive income secrets,361,0,1
botanist_beth,200,90,488,Blogger | Lifestyle & wellness,8297,0,0
justinbieber,118838125,365,4096,Iconic musician 🎸 | 40+ years on stage,8550446910,1,0
nft_dropper_69,93,7992,3,crypto signals ✅ 99% win rate,74,0,1
john_doe,467,65,265,Traveler | 50+ countries visited ✈️,20073,0,0
neymarjr,28729842,12,1330,Grammy-winning artist 🎵 | New album out now,2595281934,1,0
earn_fast_2024,27,7314,3,Click link below 💰,25,0,1
daniel_f,242,23,282,Dance teacher | choreographer,7468,0,0
neymarjr,84323814,297,3538,Official account. For business: manager@agency.com,2672519718,1,0
justinbieber,116217468,405,4461,Oscar-winning director | Production company: @StudioX,11333751934,1,0
zz_promo_zz,163,8030,4,investment advisor DM me,32,0,1
fit_jessica,1024,494,222,Architect | sustainable design,33190,0,0
bot_account_7,5444,7074,4497,crypto signals ✅ 99% win rate,12,0,1
tom_techie,245455,31,6,,701,0,1
photo_by_anna,185973,40,3,Real estate investor | DM for passive income secrets,823,0,1
john_doe,200,97,236,Retired engineer | amateur astronomer 🔭,2135,0,0
the_real_sam,465,82,232,Dog lover 🐾 | Hiking | Books,19370,0,0
bot_account_7,80,6611,4,📈 passive income daily,95,0,1
zz_promo_zz,8414,7903,2795,Real estate investor | DM for passive income secrets,141,0,1
user8374629,111,8457,4,,92,0,1
chris_builds,298,31,126,UX designer @Meta,10147,0,0
zz_promo_zz,4155,5617,1395,🔞 link in bio,340,0,1
photo_by_anna,401,74,35,Chef | Recipe creator 🍳,6030,0,0
nft_dropper_69,2435,6551,4542,investment advisor DM me,455,0,1
xXx_profit_xXx,146,4671,3,,3,0,1
tradebot_fx,127,6888,4,,81,0,1
1234567890ab,5213,7140,1558,earn $500/day 👇,255,0,1
john_doe,200,5,281,News journalist @NYT,6516,0,0
journeys_with_kai,31190,47,7,,725,0,1
lisa_writes,364,174,233,Entrepreneur | Founder @startup,14662,0,0
jeffbezos,65189096,339,3061,Nobel Peace Prize laureate | Activist,1186258469,1,0
free_follower_bot,158,8305,1,,78,0,1
tradebot_fx,96,8296,1,earn $500/day 👇,56,0,1
get_rich_88,8923,9638,3412,btc eth airdrop free coins,371,0,1
everyday_elena,200,57,378,Freelance illustrator | art prints available,6778,0,0
amy_joy,200,96,348,Yoga instructor | wellness coach 🧘,2688,0,0
earn_fast_2024,11,4360,2,Real estate investor | DM for passive income secrets,73,0,1
therock,135200412,446,3320,CEO @Fortune500 | Author | Speaker,13163151212,1,0
everyday_elena,243709,20,6,DM me to grow your account fast,400,0,1
bot_account_7,5764,9736,2298,crypto signals ✅ 99% win rate,106,0,1
b.scott.official,200,41,7,Dance teacher | choreographer,1757,0,0
9182736450,145,4326,1,♻️ repost to win $1000,27,0,1
nft_dropper_69,173,6319,1,,24,0,1
airdrop_winner99,5285,6909,1330,,236,0,1
daniel_f,680,22,46,News journalist @NYT,17445,0,0
alex_travel,200,27,126,Artist | Digital creator ✨,7694,0,0
botanist_beth,200,26,117,UX designer @Meta,2371,0,0
everyday_elena,1213,481,205,Dog lover 🐾 | Hiking | Books,9300,0,0
tom_techie,200,38,292,Dog lover 🐾 | Hiking | Books,3240,0,0
journeys_with_kai,4473,815,44,Freelance illustrator | art prints available,65834,0,0
amy_joy,837,202,161,Dog lover 🐾 | Hiking | Books,33643,0,0
john_doe,206,80,214,Blogger | Lifestyle & wellness,1454,0,0
taylorswift,12850969,100,3411,Official account. For business: manager@agency.com,341540629,1,0
photo_by_anna,200,50,497,Yoga instructor | wellness coach 🧘,2571,0,0
chris_builds,385394,21,4,investment advisor DM me,302,0,1
surf_with_evan,200,62,77,Nurse practitioner | women's health advocate,1228,0,0
daniel_f,200,7,155,photographer | travel 📷,5324,0,0
chef_marco,186251,43,4,📈 passive income daily,667,0,1
99882736450,7805,8823,2710,btc eth airdrop free coins,42,0,1
chris_builds,478390,7,2,Real estate investor | DM for passive income secrets,470,0,1
creative_dan,536,9,126,High school teacher | making STEM fun,25788,0,0
9182736450,54,5900,0,promo available 📩,13,0,1
john_doe,200,20,482,UX designer @Meta,6308,0,0
acc29471838,2815,8210,3589,♻️ repost to win $1000,60,0,1
neymarjr,44583193,470,1785,Nobel Peace Prize laureate | Activist,4264459391,1,0
everyday_elena,200,41,404,Yoga instructor | wellness coach 🧘,2751,0,0
amy_joy,200,32,430,Traveler | 50+ countries visited ✈️,5673,0,0
nina_art,200,58,335,Dog lover 🐾 | Hiking | Books,7788,0,0
mindful_maya,200,97,180,Podcaster | interviewing founders,2089,0,0
tradebot_fx,63,5858,3,Click link below 💰,80,0,1
user8374629,169,5385,4,NFT investor | crypto tips,81,0,1
free_followers_now,132,9317,3,NFT investor | crypto tips,76,0,1
john_doe,333,152,366,UX designer @Meta,7569,0,0
mark_adventure,236,17,143,Yoga instructor | wellness coach 🧘,9771,0,0
fit_jessica,311,146,463,Chef | Recipe creator 🍳,13035,0,0
follow_back_101,7391,5173,3014,♻️ repost to win $1000,84,0,1
bot_account_7,9845,5675,4663,earn $500/day 👇,190,0,1
journeys_with_kai,220682,45,2,Get free followers — click bio link,726,0,1
mindful_maya,764,252,342,Retired engineer | amateur astronomer 🔭,33737,0,0
jeffbezos,62381239,325,2887,Official account. For business: manager@agency.com,1048507411,1,0
b.scott.official,180524,41,6,DM me to grow your account fast,27,0,1
b.scott.official,115655,19,7,Click link below 💰,757,0,1
mindful_maya,200,94,315,Architect | sustainable design,1042,0,0
q7w8e9r0t1y2,169,5723,2,,39,0,1
99882736450,43,6277,0,follow for follow back,29,0,1
surf_with_evan,200,54,486,Environmental activist 🌱,6429,0,0
fit_jessica,200,84,204,Retired engineer | amateur astronomer 🔭,3092,0,0
fit_jessica,450315,3,8,Click link below 💰,86,0,1
lisa_writes,200,53,290,mom of 3 | foodie 🍕,4988,0,0
tom_techie,200,53,499,Medical student | future doctor 🩺,7484,0,0
billgates,118614733,370,2480,Fashion icon | Creative Director @LuxuryBrand,8775915723,1,0
1234567890ab,59,9566,1,Click link below 💰,16,0,1
alex_travel,280,64,249,Yoga instructor | wellness coach 🧘,7994,0,0
chef_marco,461,48,131,Developer | Open source enthusiast,7436,0,0
dev_pete,171277,21,9,🔞 link in bio,832,0,1
justinbieber,133546848,278,3909,Fashion icon | Creative Director @LuxuryBrand,6996438463,1,0
tom_techie,506,27,362,Entrepreneur | Founder @startup,13901,0,0
surf_with_evan,141386,40,0,,372,0,1
free_followers_now,1189,7809,4716,,154,0,1
get_rich_88,139,6556,1,Real estate investor | DM for passive income secrets,1,0,1
earn_fast_2024,7483,9117,2130,,331,0,1
everyday_elena,293,56,320,Medical student | future doctor 🩺,10557,0,0
jeffbezos,140112918,9,189,Iconic musician 🎸 | 40+ years on stage,2618557911,1,0
a8f7d3k9p2,1,3993,2,,56,0,1
acc29471838,7122,8777,4809,,287,0,1
mindful_maya,391,104,286,UX designer @Meta,10098,0,0
amy_joy,200,55,99,Developer | Open source enthusiast,3536,0,0
kimkardashian,41795525,209,3951,Nobel Peace Prize laureate | Activist,1459933868,1,0
mark_adventure,257,67,219,Fashion designer | PR welcome,1369,0,0
acc29471838,102,5537,1,FREE BTC airdrop → link in bio,92,0,1
a8f7d3k9p2,2233,5027,2885,,35,0,1
xXx_profit_xXx,106,9148,0,♻️ repost to win $1000,78,0,1
airdrop_winner99,8844,9925,3487,DM me to grow your account fast,63,0,1
elonmusk,98840336,388,635,World #1 tennis player 🎾 | Foundation: @AidFundation,3900070800,1,0
botanist_beth,130159,47,5,📈 passive income daily,530,0,1
real_human_01234,133,6431,2,♻️ repost to win $1000,56,0,1
john_doe,376,7,38,Environmental activist 🌱,13845,0,0
surf_with_evan,432878,36,0,,344,0,1
the_real_sam,358053,12,8,Real estate investor | DM for passive income secrets,701,0,1
tom_techie,42312,34,3,,78,0,1
grace_beauty,2329,935,81,Traveler | 50+ countries visited ✈️,99242,0,0
tradebot_fx,106,6908,4,investment advisor DM me,8,0,1
surf_with_evan,1247,140,455,Fashion designer | PR welcome,23303,0,0
tradebot_fx,6453,7963,570,,56,0,1
nina_art,200,30,236,Architect | sustainable design,4343,0,0
cristiano,112979213,41,833,World #1 tennis player 🎾 | Foundation: @AidFundation,5077753410,1,0
fit_jessica,200,53,440,Environmental activist 🌱,6338,0,0
nina_art,200,49,23,Data scientist | ML researcher,1468,0,0
bot_account_7,5276,7425,1686,FREE BTC airdrop → link in bio,268,0,1
1234567890ab,191,6388,3,btc eth airdrop free coins,10,0,1
fit_jessica,647,208,203,Architect | sustainable design,28188,0,0
photo_by_anna,200,82,355,Musician. Coffee addict. ☕,6238,0,0
b.scott.official,309199,15,2,Get free followers — click bio link,670,0,1
b.scott.official,487981,42,5,DM me to grow your account fast,44,0,1
emma.j,624,242,194,Chef | Recipe creator 🍳,8492,0,0
chris_builds,295610,28,1,Get free followers — click bio link,296,0,1
get_rich_88,184,7710,2,NFT investor | crypto tips,86,0,1
everyday_elena,200,5,21,Marketing professional | keynote speaker,1104,0,0
amy_joy,200,96,340,Marketing professional | keynote speaker,5657,0,0
user8374629,92,4387,3,NFT investor | crypto tips,57,0,1
user8374629,2966,5015,1202,FREE BTC airdrop → link in bio,128,0,1
earn_fast_2024,57,7495,1,btc eth airdrop free coins,90,0,1
chef_marco,200,48,45,fitness coach 💪 DM for plans,1766,0,0
creative_dan,193581,8,0,,828,0,1
real_human_01234,9470,5642,861,FREE BTC airdrop → link in bio,40,0,1
fit_jessica,200,48,199,Wildlife photographer based in Kenya,1571,0,0
kimkardashian,30677984,304,2649,Hollywood actor | Upcoming: Summer Blockbuster 2025,2761806713,1,0
journeys_with_kai,293,45,253,Environmental activist 🌱,2931,0,0
dev_pete,78479,27,2,NFT investor | crypto tips,865,0,1
xXx_profit_xXx,9921,5444,1611,btc eth airdrop free coins,397,0,1
journeys_with_kai,1861,555,10,Retired engineer | amateur astronomer 🔭,43552,0,0
grace_beauty,1541,162,321,Entrepreneur | Founder @startup,75125,0,0
creative_dan,31822,9,4,Get free followers — click bio link,976,0,1
oprah,140848071,409,3069,Professional athlete | Team captain | Brand ambassador,3129655570,1,0
creative_dan,2598,1006,20,Retired engineer | amateur astronomer 🔭,84977,0,0
chef_marco,245,6,222,News journalist @NYT,3490,0,0
chris_builds,144155,39,3,,139,0,1
emma.j,260,47,329,Yoga instructor | wellness coach 🧘,5408,0,0
surf_with_evan,200,16,184,Data scientist | ML researcher,2382,0,0
airdrop_winner99,145,8707,3,,42,0,1
real_human_01234,2049,6967,2972,Real estate investor | DM for passive income secrets,495,0,1
crypto_king_9999,145,9598,0,investment advisor DM me,97,0,1
bot_account_7,9599,6718,3836,btc eth airdrop free coins,450,0,1
billgates,134491336,201,829,Nobel Peace Prize laureate | Activist,4374400994,1,0
code_master,325,133,127,Medical student | future doctor 🩺,6055,0,0
botanist_beth,200,16,115,Medical student | future doctor 🩺,5108,0,0
lisa_writes,318301,22,1,,839,0,1
everyday_elena,200,98,182,Fashion designer | PR welcome,9205,0,0
get_rich_88,7844,8263,1458,,372,0,1
everyday_elena,200,6,213,fitness coach 💪 DM for plans,8407,0,0
free_followers_now,118,5625,1,btc eth airdrop free coins,85,0,1
free_followers_now,4487,8235,1784,NFT investor | crypto tips,274,0,1
real_human_01234,1651,7717,980,📈 passive income daily,164,0,1
chris_builds,434744,20,2,Get free followers — click bio link,873,0,1
photo_by_anna,222800,13,2,FREE BTC airdrop → link in bio,54,0,1
follow_back_101,30,3368,0,promo available 📩,58,0,1
creative_dan,513,38,16,High school teacher | making STEM fun,17724,0,0
dev_pete,479938,0,5,follow for follow back,361,0,1
earn_fast_2024,6071,9595,752,btc eth airdrop free coins,105,0,1
1234567890ab,102,4538,3,FREE BTC airdrop → link in bio,45,0,1
everyday_elena,303954,2,8,Get free followers — click bio link,634,0,1
everyday_elena,376090,32,6,♻️ repost to win $1000,783,0,1
fit_jessica,200,73,217,Developer | Open source enthusiast,8510,0,0
grace_beauty,47338,0,2,,522,0,1
crypto_king_9999,8462,9780,2488,earn $500/day 👇,276,0,1
mindful_maya,313,5,212,News journalist @NYT,13574,0,0
acc29471838,163,9569,3,Real estate investor | DM for passive income secrets,14,0,1
arianagrande,18764312,13,4385,Iconic musician 🎸 | 40+ years on stage,433540727,1,0
emma.j,200,10,38,Architect | sustainable design,1689,0,0
emma.j,489,18,258,Freelance illustrator | art prints available,4692,0,0
alex_travel,200,94,220,Teacher & lifelong learner 📚,6523,0,0
free_followers_now,6774,5215,3054,DM me to grow your account fast,460,0,1
the_real_sam,200,19,195,Podcaster | interviewing founders,2853,0,0
grace_beauty,493333,13,9,,751,0,1
amy_joy,200,19,231,Traveler | 50+ countries visited ✈️,8329,0,0
journeys_with_kai,594,79,276,Artist | Digital creator ✨,3540,0,0
acc29471838,26,4518,0,🔞 link in bio,62,0,1
grace_beauty,200,5,320,mom of 3 | foodie 🍕,2581,0,0
sarah_smith,200,45,286,software engineer @ Google,5167,0,0
fit_jessica,151851,7,5,♻️ repost to win $1000,549,0,1
mike_2023,252,121,433,Marketing professional | keynote speaker,2064,0,0
paul_runs,77946,39,9,,830,0,1
nina_art,251,83,329,Yoga instructor | wellness coach 🧘,9296,0,0
99882736450,597,9634,4199,,45,0,1
a8f7d3k9p2,55,5907,1,NFT investor | crypto tips,14,0,1
crypto_king_9999,21,4449,2,earn $500/day 👇,48,0,1
tom_techie,750,140,473,Yoga instructor | wellness coach 🧘,30670,0,0
chef_marco,361,180,413,Architect | sustainable design,6684,0,0
1234567890ab,1594,5301,2560,NFT investor | crypto tips,17,0,1
airdrop_winner99,1062,5918,2858,DM me to grow your account fast,376,0,1
photo_by_anna,1750,390,232,Podcaster | interviewing founders,41164,0,0
99882736450,7978,7922,3531,,185,0,1
realmadrid,7527630,180,3109,Iconic musician 🎸 | 40+ years on stage,687234628,1,0
chris_builds,200,97,336,Wildlife photographer based in Kenya,2869,0,0
lena_captures,275649,16,0,DM me to grow your account fast,376,0,1
q7w8e9r0t1y2,85,4182,1,follow for follow back,39,0,1
follow_back_101,182,9901,1,crypto signals ✅ 99% win rate,84,0,1
a8f7d3k9p2,3511,7970,2073,FREE BTC airdrop → link in bio,356,0,1
journeys_with_kai,2509,212,351,Environmental activist 🌱,123622,0,0
lena_captures,200,30,344,Architect | sustainable design,1993,0,0
sarah_smith,200,96,178,Blogger | Lifestyle & wellness,7311,0,0
photo_by_anna,951,65,314,Wildlife photographer based in Kenya,15811,0,0
oprah,79977068,18,2274,Fashion icon | Creative Director @LuxuryBrand,1495779607,1,0
mark_adventure,200,39,495,fitness coach 💪 DM for plans,4745,0,0
bot_account_7,193,8807,0,,80,0,1
john_doe,411464,37,3,NFT investor | crypto tips,229,0,1
chef_marco,200,83,235,Environmental activist 🌱,2718,0,0
fit_jessica,453,112,485,fitness coach 💪 DM for plans,12834,0,0
crypto_king_9999,9340,7045,1770,btc eth airdrop free coins,307,0,1
nasa,114820179,67,942,Official account. For business: manager@agency.com,10802088216,1,0
john_doe,200,16,54,Freelance illustrator | art prints available,8135,0,0
alex_travel,1028,496,345,Wildlife photographer based in Kenya,47372,0,0
creative_dan,200,87,473,Architect | sustainable design,8943,0,0
mindful_maya,345014,35,2,,234,0,1
follow_back_101,6396,7952,1600,investment advisor DM me,473,0,1
zz_promo_zz,53,4462,3,,54,0,1
grace_beauty,359,83,279,Podcaster | interviewing founders,3951,0,0
daniel_f,200,43,398,Artist | Digital creator ✨,5259,0,0
b.scott.official,848,23,455,Nurse practitioner | women's health advocate,14714,0,0
airdrop_winner99,178,7880,3,Real estate investor | DM for passive income secrets,86,0,1
free_followers_now,9967,6751,589,DM me to grow your account fast,78,0,1
oprah,72041682,112,3207,Official account. For business: manager@agency.com,5527406883,1,0
photo_by_anna,981,453,39,High school teacher | making STEM fun,22174,0,0
code_master,193669,13,6,📈 passive income daily,268,0,1
daniel_f,200,89,413,Blogger | Lifestyle & wellness,3474,0,0
nina_art,369524,0,1,promo available 📩,420,0,1
surf_with_evan,1224,52,407,Blogger | Lifestyle & wellness,46116,0,0
mindful_maya,200,17,123,News journalist @NYT,9915,0,0
acc29471838,168,9345,1,FREE BTC airdrop → link in bio,6,0,1
the_real_sam,200,84,429,Fashion designer | PR welcome,8693,0,0
surf_with_evan,180623,12,7,investment advisor DM me,780,0,1
earn_fast_2024,127,4320,4,crypto signals ✅ 99% win rate,66,0,1
free_follower_bot,160,3026,2,DM me to grow your account fast,36,0,1
surf_with_evan,525,103,229,Wildlife photographer based in Kenya,13254,0,0
user8374629,1363,6162,2702,,399,0,1
bot_account_7,63,3075,2,Click link below 💰,93,0,1
everyday_elena,200,20,461,Developer | Open source enthusiast,4667,0,0
tradebot_fx,1144,6012,4188,crypto signals ✅ 99% win rate,304,0,1
journeys_with_kai,200,86,309,Architect | sustainable design,1421,0,0
grace_beauty,603,258,15,Wildlife photographer based in Kenya,5024,0,0
botanist_beth,380,174,18,Musician. Coffee addict. ☕,7701,0,0
tom_techie,200,67,354,Developer | Open source enthusiast,4469,0,0
tom_techie,200,30,174,Dance teacher | choreographer,2434,0,0
everyday_elena,100310,29,0,btc eth airdrop free coins,52,0,1
xXx_profit_xXx,3644,8992,3110,btc eth airdrop free coins,179,0,1
paul_runs,200,10,84,Nurse practitioner | women's health advocate,6254,0,0
get_rich_88,1615,9127,4419,crypto signals ✅ 99% win rate,138,0,1
the_real_sam,648,9,181,fitness coach 💪 DM for plans,3978,0,0
mindful_maya,161329,10,4,♻️ repost to win $1000,605,0,1
beyonce,29584760,140,983,Oscar-winning director | Production company: @StudioX,1367474219,1,0
surf_with_evan,340,26,342,UX designer @Meta,9156,0,0
tom_techie,96788,20,3,FREE BTC airdrop → link in bio,206,0,1
get_rich_88,1767,8949,4185,DM me to grow your account fast,150,0,1
surf_with_evan,659,46,299,Data scientist | ML researcher,8583,0,0
99882736450,5840,7938,4336,,344,0,1
botanist_beth,286,78,34,Data scientist | ML researcher,9518,0,0
oprah,80238661,302,302,CEO @Fortune500 | Author | Speaker,3910362335,1,0
grace_beauty,200,62,204,News journalist @NYT,3155,0,0
creative_dan,242755,48,3,follow for follow back,73,0,1
paul_runs,44208,36,4,DM me to grow your account fast,781,0,1
daniel_f,165100,42,8,,126,0,1
everyday_elena,200,13,176,Developer | Open source enthusiast,5413,0,0
tom_techie,200,81,404,Yoga instructor | wellness coach 🧘,8321,0,0
the_real_sam,200,47,76,Medical student | future doctor 🩺,6663,0,0
realmadrid,143556730,172,3708,International supermodel | Agency: IMG Models,13037280928,1,0
the_real_sam,211,52,422,Architect | sustainable design,1092,0,0
photo_by_anna,412,5,238,Blogger | Lifestyle & wellness,12583,0,0
code_master,200,20,435,Chef | Recipe creator 🍳,9152,0,0
q7w8e9r0t1y2,164,8980,0,,77,0,1
botanist_beth,200,57,312,Artist | Digital creator ✨,4708,0,0
justinbieber,95960813,141,1887,World-renowned chef 👨‍🍳 | Author of 3 cookbooks,4985633301,1,0
1234567890ab,62,5270,2,earn $500/day 👇,80,0,1
mark_adventure,200,31,480,Freelance illustrator | art prints available,4737,0,0
everyday_elena,1450,460,422,Musician. Coffee addict. ☕,48567,0,0
chef_marco,742,314,138,Retired engineer | amateur astronomer 🔭,8260,0,0
free_follower_bot,6723,8100,3785,Click link below 💰,153,0,1
code_master,200,67,196,Yoga instructor | wellness coach 🧘,2240,0,0
code_master,200,72,262,Artist | Digital creator ✨,7328,0,0
nasa,61715748,42,3914,Grammy-winning artist 🎵 | New album out now,3884675871,1,0
botanist_beth,200,5,135,software engineer @ Google,3432,0,0
9182736450,4509,7146,3554,📈 passive income daily,401,0,1
1234567890ab,4284,9766,2775,,22,0,1
code_master,234,14,185,Dog lover 🐾 | Hiking | Books,7181,0,0
sarah_smith,1169,176,322,photographer | travel 📷,20738,0,0
tom_techie,200,80,289,photographer | travel 📷,4033,0,0
earn_fast_2024,7135,6647,4536,,336,0,1
sarah_smith,846,330,286,Artist | Digital creator ✨,26649,0,0
lena_captures,200,48,268,Fashion designer | PR welcome,7610,0,0
billgates,74152589,418,3991,Fashion icon | Creative Director @LuxuryBrand,912905821,1,0
lena_captures,200,79,384,Freelance illustrator | art prints available,7058,0,0
kimkardashian,38371480,418,1043,Nobel Peace Prize laureate | Activist,435684744,1,0
lisa_writes,153952,3,6,follow for follow back,101,0,1
the_real_sam,867,398,141,Yoga instructor | wellness coach 🧘,25673,0,0
chef_marco,587,237,35,Entrepreneur | Founder @startup,25172,0,0
nft_dropper_69,7135,6688,3259,Click link below 💰,260,0,1
earn_fast_2024,3734,7263,4517,,331,0,1
mindful_maya,200,42,25,High school teacher | making STEM fun,3110,0,0
crypto_king_9999,3408,7160,3320,,403,0,1
daniel_f,83714,7,5,FREE BTC airdrop → link in bio,554,0,1
mark_adventure,290,57,441,Developer | Open source enthusiast,1898,0,0
john_doe,200,33,81,Gaming streamer | Twitch partner 🎮,3640,0,0
zz_promo_zz,24,5526,0,,99,0,1
kyliejenner,105606152,101,3960,Fashion icon | Creative Director @LuxuryBrand,7819944209,1,0
real_human_01234,5690,9441,2920,earn $500/day 👇,141,0,1
chef_marco,200,6,462,UX designer @Meta,1814,0,0
chris_builds,256355,46,1,FREE BTC airdrop → link in bio,347,0,1
xXx_profit_xXx,22,4700,4,promo available 📩,44,0,1
lena_captures,2005,836,173,Chef | Recipe creator 🍳,19608,0,0
real_human_01234,7156,8738,3277,,290,0,1
crypto_king_9999,9916,5320,1916,Get free followers — click bio link,348,0,1
amy_joy,240456,17,0,FREE BTC airdrop → link in bio,924,0,1
jeffbezos,41230015,91,4440,World-renowned chef 👨‍🍳 | Author of 3 cookbooks,2042227894,1,0
lisa_writes,321044,41,0,,763,0,1
john_doe,319306,41,7,Click link below 💰,327,0,1
botanist_beth,200,12,419,Medical student | future doctor 🩺,9323,0,0
arianagrande,125633496,149,4680,Hollywood actor | Upcoming: Summer Blockbuster 2025,10122568498,1,0
creative_dan,630,313,382,Freelance illustrator | art prints available,5120,0,0
everyday_elena,662,121,388,Musician. Coffee addict. ☕,7279,0,0
amy_joy,463,177,392,High school teacher | making STEM fun,4023,0,0
emma.j,285,139,335,Retired engineer | amateur astronomer 🔭,2236,0,0
cristiano,33977771,454,3131,Fashion icon | Creative Director @LuxuryBrand,2794591113,1,0
photo_by_anna,222,24,459,UX designer @Meta,10291,0,0
surf_with_evan,332,118,446,fitness coach 💪 DM for plans,15631,0,0
alex_travel,291476,31,4,📈 passive income daily,918,0,1
tom_techie,516,88,338,Blogger | Lifestyle & wellness,6700,0,0
get_rich_88,95,8135,0,promo available 📩,83,0,1
oprah,147088432,231,338,Iconic musician 🎸 | 40+ years on stage,11448397075,1,0
tom_techie,124908,43,6,,875,0,1
dev_pete,205,14,318,News journalist @NYT,2794,0,0
daniel_f,260,12,195,Podcaster | interviewing founders,12409,0,0
creative_dan,273077,4,5,,534,0,1
the_real_sam,447195,26,9,Get free followers — click bio link,364,0,1
real_human_01234,4,4554,3,,93,0,1
photo_by_anna,301,52,176,Architect | sustainable design,9430,0,0
photo_by_anna,200,73,142,Data scientist | ML researcher,7411,0,0
tim_cook,17039230,0,265,Oscar-winning director | Production company: @StudioX,728179671,1,0
fit_jessica,56621,24,7,🔞 link in bio,446,0,1
99882736450,5133,7726,3399,FREE BTC airdrop → link in bio,298,0,1
the_real_sam,338050,15,3,btc eth airdrop free coins,72,0,1
mark_adventure,344963,18,4,crypto signals ✅ 99% win rate,624,0,1
1234567890ab,6743,9285,4365,Click link below 💰,497,0,1
nina_art,200,50,435,Gaming streamer | Twitch partner 🎮,6133,0,0
dev_pete,223,99,495,Teacher & lifelong learner 📚,3517,0,0
b.scott.official,262,72,149,Developer | Open source enthusiast,3204,0,0
john_doe,148415,41,7,DM me to grow your account fast,614,0,1
chef_marco,200,64,161,Dog lover 🐾 | Hiking | Books,9633,0,0
code_master,393347,34,4,promo available 📩,559,0,1
real_human_01234,18,5822,4,NFT investor | crypto tips,6,0,1
mindful_maya,687,316,465,Chef | Recipe creator 🍳,15473,0,0
free_followers_now,40,9308,4,♻️ repost to win $1000,26,0,1
grace_beauty,276408,23,8,earn $500/day 👇,562,0,1
a8f7d3k9p2,83,6739,1,♻️ repost to win $1000,77,0,1
emma.j,199615,23,7,♻️ repost to win $1000,247,0,1
a8f7d3k9p2,151,4236,2,follow for follow back,57,0,1
tom_techie,312007,22,4,earn $500/day 👇,779,0,1
bot_account_7,8408,9220,4421,,469,0,1
jeffbezos,7748982,277,1013,Nobel Peace Prize laureate | Activist,112267372,1,0
get_rich_88,4319,7485,1715,🔞 link in bio,269,0,1
chef_marco,424,171,375,Medical student | future doctor 🩺,11877,0,0
creative_dan,449494,15,6,,306,0,1
botanist_beth,200,19,405,Artist | Digital creator ✨,2971,0,0
airdrop_winner99,3966,5535,4856,earn $500/day 👇,162,0,1
airdrop_winner99,1504,9618,3817,,187,0,1
taylorswift,40914644,213,2904,Official account. For business: manager@agency.com,746000765,1,0
mindful_maya,259336,1,6,📈 passive income daily,12,0,1
lena_captures,200,84,196,Podcaster | interviewing founders,4269,0,0
neymarjr,16297129,98,3395,Hollywood actor | Upcoming: Summer Blockbuster 2025,873721883,1,0
99882736450,16,5814,3,btc eth airdrop free coins,26,0,1
1234567890ab,142,5530,1,Real estate investor | DM for passive income secrets,41,0,1
user8374629,8739,5401,3648,earn $500/day 👇,86,0,1
lena_captures,551,52,21,Podcaster | interviewing founders,13708,0,0
sarah_smith,1092,531,68,Fashion designer | PR welcome,52008,0,0
a8f7d3k9p2,2523,9789,2220,follow for follow back,315,0,1
lena_captures,458426,34,2,,322,0,1
alex_travel,200,75,126,Wildlife photographer based in Kenya,9117,0,0
dev_pete,295,56,137,Entrepreneur | Founder @startup,5373,0,0
airdrop_winner99,6503,5343,1027,,98,0,1
dev_pete,361630,43,7,btc eth airdrop free coins,103,0,1
chef_marco,244392,8,2,♻️ repost to win $1000,70,0,1
grace_beauty,200,97,144,fitness coach 💪 DM for plans,5386,0,0
free_follower_bot,143,8703,4,promo available 📩,97,0,1
john_doe,357726,1,4,DM me to grow your account fast,49,0,1
amy_joy,533,192,167,UX designer @Meta,7900,0,0
paul_runs,458787,20,1,🔞 link in bio,212,0,1
chris_builds,1557,350,394,Blogger | Lifestyle & wellness,7837,0,0
creative_dan,132063,48,7,NFT investor | crypto tips,678,0,1
a8f7d3k9p2,9239,7563,2036,🔞 link in bio,144,0,1
botanist_beth,200,47,199,Nurse practitioner | women's health advocate,8207,0,0
airdrop_winner99,3514,6133,4666,,8,0,1
real_human_01234,132,3044,3,crypto signals ✅ 99% win rate,79,0,1
chris_builds,497848,38,9,investment advisor DM me,799,0,1
a8f7d3k9p2,7309,5406,2667,investment advisor DM me,295,0,1
q7w8e9r0t1y2,1524,6918,1204,Click link below 💰,178,0,1
botanist_beth,285,68,451,Medical student | future doctor 🩺,10292,0,0
emma.j,386987,41,3,Real estate investor | DM for passive income secrets,571,0,1
acc29471838,1839,6025,2658,,93,0,1
emma.j,479,79,390,Entrepreneur | Founder @startup,8249,0,0
free_follower_bot,3066,5315,4554,promo available 📩,414,0,1
crypto_king_9999,5459,8013,4414,,371,0,1
arianagrande,90589262,198,1306,Hollywood actor | Upcoming: Summer Blockbuster 2025,1474894433,1,0
user8374629,158,3763,1,🔞 link in bio,46,0,1
real_human_01234,5656,9115,1888,follow for follow back,497,0,1
zz_promo_zz,160,5842,0,📈 passive income daily,47,0,1
chris_builds,308608,10,4,Get free followers — click bio link,356,0,1
lisa_writes,273,82,452,Retired engineer | amateur astronomer 🔭,7709,0,0
q7w8e9r0t1y2,4439,8345,2385,DM me to grow your account fast,270,0,1
therock,93118293,396,2919,Nobel Peace Prize laureate | Activist,8429173183,1,0
lena_captures,451,59,71,Data scientist | ML researcher,16510,0,0
b.scott.official,1080,477,461,mom of 3 | foodie 🍕,13942,0,0
john_doe,191273,37,1,FREE BTC airdrop → link in bio,869,0,1
tradebot_fx,6232,9598,4683,,26,0,1
justinbieber,35109802,422,3037,Hollywood actor | Upcoming: Summer Blockbuster 2025,488818424,1,0
the_real_sam,317,55,40,Musician. Coffee addict. ☕,4096,0,0
amy_joy,200,20,309,Medical student | future doctor 🩺,1761,0,0
emma.j,200,5,256,Marketing professional | keynote speaker,1341,0,0
selenagomez,34111814,40,4593,Oscar-winning director | Production company: @StudioX,1431734542,1,0
elonmusk,106484220,281,3419,Official account. For business: manager@agency.com,2689774016,1,0
photo_by_anna,854,166,100,mom of 3 | foodie 🍕,34450,0,0
a8f7d3k9p2,98,6079,0,investment advisor DM me,67,0,1
get_rich_88,9755,8768,1253,earn $500/day 👇,341,0,1
real_human_01234,1167,9051,4002,Real estate investor | DM for passive income secrets,374,0,1
real_human_01234,4135,8661,3425,earn $500/day 👇,435,0,1
dev_pete,337241,17,3,Click link below 💰,924,0,1
creative_dan,200,93,55,UX designer @Meta,9535,0,0
airdrop_winner99,1888,6219,3871,Real estate investor | DM for passive income secrets,70,0,1
9182736450,9079,9387,951,follow for follow back,470,0,1
journeys_with_kai,200,17,107,mom of 3 | foodie 🍕,1373,0,0
xXx_profit_xXx,187,7815,4,♻️ repost to win $1000,70,0,1
paul_runs,621,209,294,Artist | Digital creator ✨,6817,0,0
tim_cook,132274855,425,1768,World-renowned chef 👨‍🍳 | Author of 3 cookbooks,10042301303,1,0
mark_adventure,429214,18,5,🔞 link in bio,153,0,1
journeys_with_kai,200,99,65,News journalist @NYT,6983,0,0
get_rich_88,517,5840,4324,🔞 link in bio,467,0,1
xXx_profit_xXx,57,6019,1,promo available 📩,83,0,1
nina_art,420851,28,4,,889,0,1
99882736450,156,7070,1,,61,0,1
real_human_01234,2613,7359,1877,Real estate investor | DM for passive income secrets,253,0,1
botanist_beth,200,92,117,Artist | Digital creator ✨,3317,0,0
amy_joy,54775,35,4,,672,0,1
nft_dropper_69,2365,9754,3379,,439,0,1
free_followers_now,4386,7723,3671,DM me to grow your account fast,74,0,1
surf_with_evan,1183,226,32,News journalist @NYT,35641,0,0
botanist_beth,200,58,95,News journalist @NYT,8724,0,0
99882736450,170,9655,4,follow for follow back,17,0,1
chris_builds,1471,292,146,Dog lover 🐾 | Hiking | Books,43745,0,0
photo_by_anna,200,37,80,Dance teacher | choreographer,1596,0,0
99882736450,61,7734,4,,96,0,1
bot_account_7,127,5711,4,,30,0,1
emma.j,820,161,235,Freelance illustrator | art prints available,34048,0,0
tradebot_fx,168,3766,4,promo available 📩,37,0,1
follow_back_101,4165,8230,795,Real estate investor | DM for passive income secrets,465,0,1
everyday_elena,200,17,246,Dance teacher | choreographer,2826,0,0
real_human_01234,74,3420,3,NFT investor | crypto tips,22,0,1
xXx_profit_xXx,134,6667,1,,57,0,1
9182736450,65,8382,4,NFT investor | crypto tips,80,0,1
amy_joy,398252,29,5,📈 passive income daily,882,0,1
get_rich_88,145,6519,3,Real estate investor | DM for passive income secrets,26,0,1
grace_beauty,41753,16,4,crypto signals ✅ 99% win rate,918,0,1
9182736450,161,7134,2,earn $500/day 👇,1,0,1
9182736450,3750,6381,2604,earn $500/day 👇,355,0,1
xXx_profit_xXx,1,9346,4,earn $500/day 👇,9,0,1
surf_with_evan,384865,39,7,NFT investor | crypto tips,632,0,1
chris_builds,84622,18,6,Click link below 💰,296,0,1
get_rich_88,9432,9744,1635,📈 passive income daily,386,0,1
nina_art,200,86,312,fitness coach 💪 DM for plans,4028,0,0
mindful_maya,200,38,465,Podcaster | interviewing founders,3338,0,0
free_followers_now,97,4984,3,,92,0,1
user8374629,9914,7350,1025,,93,0,1
1234567890ab,2289,8101,2606,,440,0,1
chef_marco,369,180,258,mom of 3 | foodie 🍕,10243,0,0
chef_marco,504,234,278,Architect | sustainable design,11910,0,0
b.scott.official,600,53,167,fitness coach 💪 DM for plans,17294,0,0
crypto_king_9999,2224,8210,1815,follow for follow back,70,0,1
dev_pete,338798,31,8,NFT investor | crypto tips,160,0,1
free_followers_now,2446,6478,2396,Click link below 💰,93,0,1
a8f7d3k9p2,5546,7782,2051,🔞 link in bio,211,0,1
neymarjr,102757071,104,930,International supermodel | Agency: IMG Models,5544414337,1,0
sarah_smith,497,53,294,Developer | Open source enthusiast,23636,0,0
sarah_smith,200,17,439,Nurse practitioner | women's health advocate,9502,0,0
surf_with_evan,344,154,161,software engineer @ Google,15939,0,0
a8f7d3k9p2,151,7517,3,promo available 📩,7,0,1
airdrop_winner99,6577,6980,2300,Get free followers — click bio link,426,0,1
paul_runs,200,63,42,Artist | Digital creator ✨,9052,0,0
oprah,100090919,161,1166,World #1 tennis player 🎾 | Foundation: @AidFundation,9107248603,1,0
daniel_f,213,19,5,Yoga instructor | wellness coach 🧘,4339,0,0
grace_beauty,200,50,492,photographer | travel 📷,5070,0,0
code_master,211,48,376,Artist | Digital creator ✨,4799,0,0
creative_dan,270885,38,6,Real estate investor | DM for passive income secrets,196,0,1
nina_art,200,45,251,Entrepreneur | Founder @startup,6560,0,0
crypto_king_9999,100,4846,3,Click link below 💰,67,0,1
tom_techie,6579,2014,115,News journalist @NYT,133315,0,0
follow_back_101,22,9528,2,,80,0,1
99882736450,5079,6513,4363,crypto signals ✅ 99% win rate,226,0,1
chris_builds,28910,35,7,follow for follow back,666,0,1
code_master,317,136,492,Entrepreneur | Founder @startup,5377,0,0
1234567890ab,4724,9987,4189,follow for follow back,88,0,1
mindful_maya,200,56,296,Gaming streamer | Twitch partner 🎮,2753,0,0
surf_with_evan,400,161,451,Freelance illustrator | art prints available,14864,0,0
zz_promo_zz,3042,7584,933,btc eth airdrop free coins,223,0,1
billgates,7270094,325,3205,Iconic musician 🎸 | 40+ years on stage,484664688,1,0
chris_builds,464110,37,9,btc eth airdrop free coins,368,0,1
journeys_with_kai,393385,26,0,,701,0,1
mindful_maya,224955,45,0,,870,0,1
q7w8e9r0t1y2,5083,9134,3901,Click link below 💰,498,0,1
grace_beauty,352,118,28,Freelance illustrator | art prints available,12035,0,0
botanist_beth,200,93,198,Podcaster | interviewing founders,3594,0,0
q7w8e9r0t1y2,4367,5190,3727,Get free followers — click bio link,4,0,1
mike_2023,278,90,221,Medical student | future doctor 🩺,10616,0,0
nft_dropper_69,109,6338,4,DM me to grow your account fast,76,0,1
daniel_f,415,94,193,Nurse practitioner | women's health advocate,9475,0,0
bot_account_7,9,8568,2,,24,0,1
b.scott.official,195142,4,5,NFT investor | crypto tips,688,0,1
code_master,436,153,380,Musician. Coffee addict. ☕,19943,0,0
1234567890ab,103,6046,0,investment advisor DM me,8,0,1
beyonce,109681031,215,3086,Professional athlete | Team captain | Brand ambassador,6370425817,1,0
journeys_with_kai,320207,28,0,investment advisor DM me,555,0,1
botanist_beth,1222,332,182,Wildlife photographer based in Kenya,28028,0,0
daniel_f,200,73,288,High school teacher | making STEM fun,9699,0,0
photo_by_anna,688,200,172,Blogger | Lifestyle & wellness,30023,0,0
the_real_sam,45123,40,4,crypto signals ✅ 99% win rate,28,0,1
amy_joy,1186,106,139,High school teacher | making STEM fun,26743,0,0
chef_marco,171816,13,7,,733,0,1
photo_by_anna,200,98,457,Chef | Recipe creator 🍳,8395,0,0
john_doe,471,30,486,Teacher & lifelong learner 📚,14909,0,0
amy_joy,200,25,276,Data scientist | ML researcher,4389,0,0
fit_jessica,781,183,303,Chef | Recipe creator 🍳,12534,0,0
creative_dan,210,48,111,Entrepreneur | Founder @startup,7458,0,0
tradebot_fx,56,6627,1,FREE BTC airdrop → link in bio,26,0,1
b.scott.official,200,34,38,Marketing professional | keynote speaker,5143,0,0
grace_beauty,372,115,313,Retired engineer | amateur astronomer 🔭,13161,0,0
lena_captures,102722,41,7,♻️ repost to win $1000,909,0,1
dev_pete,200,48,484,Podcaster | interviewing founders,2776,0,0
1234567890ab,4654,8417,1266,Click link below 💰,195,0,1
beyonce,59427306,73,2985,Professional athlete | Team captain | Brand ambassador,2767861129,1,0
therock,135086653,152,3774,Oscar-winning director | Production company: @StudioX,8248188435,1,0
acc29471838,35,9479,4,Get free followers — click bio link,0,0,1
paul_runs,200,74,259,Freelance illustrator | art prints available,1629,0,0
user8374629,150,4267,4,,60,0,1
lena_captures,463,28,418,fitness coach 💪 DM for plans,16905,0,0
daniel_f,200,24,230,mom of 3 | foodie 🍕,3834,0,0
bot_account_7,73,4192,0,Real estate investor | DM for passive income secrets,5,0,1
zz_promo_zz,9835,7786,701,NFT investor | crypto tips,254,0,1
surf_with_evan,10647,45,7,Click link below 💰,602,0,1
therock,142785830,174,2011,Oscar-winning director | Production company: @StudioX,5567732853,1,0
sarah_smith,601,192,307,Entrepreneur | Founder @startup,25116,0,0
free_followers_now,90,6854,0,,22,0,1
bot_account_7,91,5754,3,crypto signals ✅ 99% win rate,33,0,1
john_doe,311955,37,1,,336,0,1
99882736450,148,5147,1,📈 passive income daily,50,0,1
alex_travel,189809,33,3,btc eth airdrop free coins,260,0,1
botanist_beth,212,31,484,Gaming streamer | Twitch partner 🎮,4134,0,0
paul_runs,194344,32,9,,87,0,1
mike_2023,200,28,471,Artist | Digital creator ✨,5711,0,0
tradebot_fx,71,7952,3,DM me to grow your account fast,78,0,1
lisa_writes,198401,31,9,📈 passive income daily,595,0,1
chris_builds,406808,20,4,Click link below 💰,471,0,1
fit_jessica,457,163,73,Environmental activist 🌱,15221,0,0
q7w8e9r0t1y2,77,9712,0,,34,0,1
free_follower_bot,196,3030,0,🔞 link in bio,36,0,1
a8f7d3k9p2,8025,9430,2003,crypto signals ✅ 99% win rate,368,0,1
emma.j,200,87,6,photographer | travel 📷,1104,0,0
nasa,95628649,149,2517,International supermodel | Agency: IMG Models,3477838555,1,0
nft_dropper_69,2966,6634,4840,FREE BTC airdrop → link in bio,104,0,1
alex_travel,792,265,346,Chef | Recipe creator 🍳,6989,0,0
photo_by_anna,498463,5,0,,739,0,1
lena_captures,541,243,127,Traveler | 50+ countries visited ✈️,6936,0,0
grace_beauty,200,15,199,photographer | travel 📷,7210,0,0
creative_dan,773,146,67,Chef | Recipe creator 🍳,20558,0,0
emma.j,388340,7,2,♻️ repost to win $1000,569,0,1
nasa,31354207,53,1971,Official account. For business: manager@agency.com,1089205880,1,0
chris_builds,303,89,425,Gaming streamer | Twitch partner 🎮,8654,0,0
paul_runs,241,72,387,Architect | sustainable design,8506,0,0
lena_captures,39964,36,9,,953,0,1
code_master,200,69,439,Blogger | Lifestyle & wellness,6154,0,0
xXx_profit_xXx,85,7216,1,,18,0,1
99882736450,9,4260,3,earn $500/day 👇,79,0,1
lena_captures,1243,532,351,Retired engineer | amateur astronomer 🔭,11535,0,0
99882736450,5589,8841,3103,DM me to grow your account fast,391,0,1
selenagomez,86688291,1,4552,International supermodel | Agency: IMG Models,3705565051,1,0
journeys_with_kai,409198,22,9,earn $500/day 👇,813,0,1
q7w8e9r0t1y2,116,9577,3,investment advisor DM me,86,0,1
emma.j,200,55,101,Podcaster | interviewing founders,6684,0,0
bot_account_7,156,5528,3,follow for follow back,76,0,1
daniel_f,463,192,84,mom of 3 | foodie 🍕,13082,0,0
emma.j,49274,13,4,,813,0,1
free_follower_bot,2955,5232,1105,,251,0,1
john_doe,200,98,407,Teacher & lifelong learner 📚,6170,0,0
b.scott.official,325,39,357,Dance teacher | choreographer,6893,0,0
user8374629,43,5307,1,♻️ repost to win $1000,63,0,1
code_master,200,37,390,Gaming streamer | Twitch partner 🎮,4402,0,0
