username,followers,following,tweets,bio,is_verified,listed_count,has_profile_pic,label
john_doe,304,68,149,Artist | Digital creator ✨,0,668,1,0
surf_with_evan,50,96,100,Marketing professional | keynote speaker,0,873,1,0
code_master,151839,35,14,follow for follow back,0,0,0,1
journeys_with_kai,224,306,100,Musician. Coffee addict. ☕,0,403,1,0
acc29471838,2921,4947,137247,,0,0,1,1
99882736450,30,4723,41,,0,0,0,1
the_real_sam,179,309,113,News journalist @NYT,0,169,1,0
user8374629,60,3831,28,FREE BTC airdrop → link in bio,0,0,0,1
mark_adventure,339970,42,12,Get free followers — click bio link,0,0,1,1
grace_beauty,50,87,100,Artist | Digital creator ✨,0,507,1,0
dev_pete,287811,32,5,Get free followers — click bio link,0,0,1,1
tim_cook445,324819,23,100,Fan account. Not official.,0,0,1,1
follow_back_101,4573,3305,470519,DM me to grow your account fast,0,0,1,1
sarah_smith,50,17,100,Gaming streamer | Twitch partner 🎮,0,668,1,0
nina_art,157758,30,19,,0,0,1,1
chef_marco,2884756,2000,44349,Marketing professional | keynote speaker,0,5437,1,0
chef_marco,50,88,100,Teacher & lifelong learner 📚,0,166,1,0
oprah345,197027,88,86,Fan account. Not official.,0,0,1,1
chef_marco,2831874,2293,8851,Artist | Digital creator ✨,0,47730,1,0
b.scott.official,327,266,120,Nurse practitioner | women's health advocate,0,515,1,0
amy_joy,60,84,100,Fashion designer | PR welcome,0,445,1,0
real_human_01234,67,4356,16,promo available 📩,0,0,1,1
paul_runs,1804298,1496,11548,Fashion designer | PR welcome,0,12191,1,0
sarah_smith,61,24,227,Podcaster | interviewing founders,0,73,1,0
botanist_beth,117,46,1634,mom of 3 | foodie 🍕,0,328,1,0
everyday_elena,4116393,1727,35347,mom of 3 | foodie 🍕,1,9592,1,0
nasa805,362891,50,21,Fan account. Not official.,0,0,1,1
grace_beauty,76,15,100,Marketing professional | keynote speaker,0,646,1,0
acc29471838,52,3162,39,Get free followers — click bio link,0,0,1,1
grace_beauty,509,393,100,High school teacher | making STEM fun,0,321,1,0
b.scott.official,260,486,100,Environmental activist 🌱,0,579,1,0
b.scott.official,3505611,4691,7557,Nurse practitioner | women's health advocate,0,15228,1,0
get_rich_88,12,4586,29,♻️ repost to win $1000,0,0,1,1
daniel_f,50,114,169,Retired engineer | amateur astronomer 🔭,0,615,1,0
chris_builds,55215,17,18,Real estate investor | DM for passive income secrets,0,0,1,1
photo_by_anna,3916724,548,22484,News journalist @NYT,1,14010,1,0
natgeo,29721109,719,39107,Grammy-winning artist 🎵 | New album out now,1,116351,1,0
chef_marco,50,110,759,News journalist @NYT,0,808,1,0
q7w8e9r0t1y2,49,4941,44,crypto signals ✅ 99% win rate,0,0,1,1
neymarjr305,325479,33,99,Fan account. Not official.,0,0,1,1
a8f7d3k9p2,3741,4174,107203,Get free followers — click bio link,0,0,1,1
free_followers_now,40,4740,43,Get free followers — click bio link,0,0,1,1
zz_promo_zz,3526,3598,180588,Get free followers — click bio link,0,0,1,1
grace_beauty,965434,1137,39855,Dance teacher | choreographer,0,39907,1,0
selenagomez28,347530,42,16,Fan account. Not official.,0,0,1,1
amy_joy,339,384,349,Musician. Coffee addict. ☕,0,546,1,0
9182736450,37,4544,17,,0,0,0,1
paul_runs,23463,37,13,promo available 📩,0,0,0,1
john_doe,50,94,116,High school teacher | making STEM fun,0,547,1,0
tom_techie,540,572,100,Architect | sustainable design,0,268,1,0
tradebot_fx,59,4658,26,Real estate investor | DM for passive income secrets,0,0,0,1
surf_with_evan,50,71,100,Teacher & lifelong learner 📚,0,849,1,0
john_doe,262,428,100,News journalist @NYT,0,677,1,0
emma.j,3884533,418,27903,High school teacher | making STEM fun,1,46313,1,0
grace_beauty,50,77,128,Nurse practitioner | women's health advocate,0,668,1,0
paul_runs,50,18,336,software engineer @ Google,0,959,1,0
real_human_01234,246,4313,263330,btc eth airdrop free coins,0,0,1,1
the_real_sam,415088,30,4,btc eth airdrop free coins,0,0,1,1
get_rich_88,1468,3965,356418,follow for follow back,0,0,1,1
1234567890ab,80,3921,42,Click link below 💰,0,0,0,1
alex_travel,59,62,140,UX designer @Meta,0,910,1,0
chris_builds,158,176,100,Medical student | future doctor 🩺,0,468,1,0
nasa35,246098,35,78,Fan account. Not official.,0,0,1,1
grace_beauty,348416,22,8,,0,0,0,1
oprah915,471900,87,105,Fan account. Not official.,0,0,1,1
photo_by_anna,65980,47,11,DM me to grow your account fast,0,0,1,1
q7w8e9r0t1y2,51,3769,22,promo available 📩,0,0,0,1
a8f7d3k9p2,1677,3067,360758,Real estate investor | DM for passive income secrets,0,0,1,1
chef_marco,123,227,100,Data scientist | ML researcher,0,924,1,0
nina_art,102992,26,10,♻️ repost to win $1000,0,0,1,1
chef_marco,50,122,100,fitness coach 💪 DM for plans,0,686,1,0
creative_dan,3181263,1962,23723,Freelance illustrator | art prints available,0,16188,1,0
bot_account_7,18,3506,27,,0,0,0,1
therock475,331054,88,34,Fan account. Not official.,0,0,1,1
get_rich_88,78,3826,19,NFT investor | crypto tips,0,0,0,1
neymarjr917,86186,83,38,Fan account. Not official.,0,0,1,1
surf_with_evan,293288,3,2,investment advisor DM me,0,0,1,1
elonmusk201,248841,85,158,Fan account. Not official.,0,0,1,1
the_real_sam,58,72,100,Medical student | future doctor 🩺,0,772,1,0
nike,190999048,291,99863,World-renowned chef 👨‍🍳 | Author of 3 cookbooks,1,418642,1,0
paul_runs,50,118,100,Nurse practitioner | women's health advocate,0,996,1,0
billgates,121620759,1015,93602,CEO @Fortune500 | Author | Speaker,1,323948,1,0
zz_promo_zz,76,3689,38,earn $500/day 👇,0,0,1,1
mark_adventure,85,54,1376,News journalist @NYT,0,704,1,0
beyonce680,258103,97,25,Fan account. Not official.,0,0,1,1
dev_pete,239,442,100,Architect | sustainable design,0,902,1,0
xXx_profit_xXx,52,3833,22,🔞 link in bio,0,0,0,1
photo_by_anna,4142382,1183,12487,Musician. Coffee addict. ☕,1,21709,1,0
elonmusk735,398137,78,126,Fan account. Not official.,0,0,1,1
b.scott.official,348947,4736,5447,Musician. Coffee addict. ☕,0,49385,1,0
nina_art,2638151,2892,24987,Data scientist | ML researcher,1,34607,1,0
photo_by_anna,50,78,100,Yoga instructor | wellness coach 🧘,0,145,1,0
fit_jessica,50,114,100,Wildlife photographer based in Kenya,0,77,1,0
tom_techie,197570,21,3,NFT investor | crypto tips,0,0,0,1
q7w8e9r0t1y2,92,4772,49,,0,0,0,1
justinbieber260,366736,85,159,Fan account. Not official.,0,0,1,1
creative_dan,65,137,100,Retired engineer | amateur astronomer 🔭,0,749,1,0
everyday_elena,50,50,314,mom of 3 | foodie 🍕,1,629,1,0
alex_travel,50,25,341,Freelance illustrator | art prints available,0,41,1,0
daniel_f,42375,41,11,DM me to grow your account fast,0,0,0,1
lisa_writes,292287,4,7,Click link below 💰,0,0,1,1
mike_2023,104,166,182,Traveler | 50+ countries visited ✈️,0,912,1,0
tom_techie,68867,20,3,promo available 📩,0,0,0,1
b.scott.official,370173,48,15,crypto signals ✅ 99% win rate,0,0,0,1
chris_builds,50,20,100,Podcaster | interviewing founders,0,619,1,0
sarah_smith,50,28,491,Medical student | future doctor 🩺,0,5,1,0
sarah_smith,50,32,462,Musician. Coffee addict. ☕,0,457,1,0
99882736450,4044,3039,162741,🔞 link in bio,0,0,1,1
photo_by_anna,254,436,100,Blogger | Lifestyle & wellness,0,581,1,0
taylorswift616,444372,81,159,Fan account. Not official.,0,0,1,1
john_doe,225,84,1179,Retired engineer | amateur astronomer 🔭,0,227,1,0
mark_adventure,58,94,352,Freelance illustrator | art prints available,0,470,1,0
john_doe,395834,24,8,Get free followers — click bio link,0,0,1,1
taylorswift,61211743,1665,54911,Iconic musician 🎸 | 40+ years on stage,1,166889,1,0
daniel_f,50,86,100,Dog lover 🐾 | Hiking | Books,0,591,1,0
the_real_sam,50,49,100,High school teacher | making STEM fun,0,650,1,0
free_followers_now,46,4688,39,🔞 link in bio,0,0,1,1
cristiano,131001674,1652,55822,Grammy-winning artist 🎵 | New album out now,1,218657,1,0
john_doe,141,148,100,Retired engineer | amateur astronomer 🔭,0,638,1,0
john_doe,4954327,2398,23140,Artist | Digital creator ✨,1,2092,1,0
airdrop_winner99,4267,4860,278021,follow for follow back,0,0,1,1
neymarjr652,325627,47,100,Fan account. Not official.,0,0,1,1
botanist_beth,312630,12,1,promo available 📩,0,0,1,1
q7w8e9r0t1y2,30,4579,17,📈 passive income daily,0,0,1,1
alex_travel,366329,18,3,Real estate investor | DM for passive income secrets,0,0,1,1
the_real_sam,173,424,100,Nurse practitioner | women's health advocate,0,159,1,0
natgeo,134226637,1364,79085,Nobel Peace Prize laureate | Activist,1,305072,1,0
the_real_sam,50,103,100,Chef | Recipe creator 🍳,0,455,1,0
dev_pete,50,81,221,photographer | travel 📷,0,181,1,0
beyonce256,11361,66,146,Fan account. Not official.,0,0,1,1
dev_pete,50,36,100,Teacher & lifelong learner 📚,0,400,1,0
mike_2023,4740440,1056,41342,Dog lover 🐾 | Hiking | Books,0,11270,1,0
nike,27485542,629,61822,Grammy-winning artist 🎵 | New album out now,1,463711,1,0
kimkardashian964,311179,90,184,Fan account. Not official.,0,0,1,1
billgates689,450779,77,17,Fan account. Not official.,0,0,1,1
billgates,90797671,1464,23885,Hollywood actor | Upcoming: Summer Blockbuster 2025,1,33714,1,0
xXx_profit_xXx,1935,3486,255495,Get free followers — click bio link,0,0,1,1
selenagomez,45578789,1445,36530,Grammy-winning artist 🎵 | New album out now,1,344527,1,0
mike_2023,50,107,1248,Marketing professional | keynote speaker,0,664,1,0
amy_joy,78,93,100,Freelance illustrator | art prints available,0,355,1,0
beyonce,138607046,823,46397,Grammy-winning artist 🎵 | New album out now,1,118786,1,0
mark_adventure,50,45,493,Medical student | future doctor 🩺,0,990,1,0
chris_builds,466200,29,9,📈 passive income daily,0,0,0,1
sarah_smith,20001,37,3,📈 passive income daily,0,0,1,1
nasa,26471854,675,15333,Professional athlete | Team captain | Brand ambassador,1,279475,1,0
botanist_beth,398,984,277,Blogger | Lifestyle & wellness,0,678,1,0
creative_dan,196211,28,8,NFT investor | crypto tips,0,0,0,1
beyonce,118774239,1307,24712,Grammy-winning artist 🎵 | New album out now,1,59381,1,0
surf_with_evan,61,32,100,Retired engineer | amateur astronomer 🔭,0,116,1,0
tradebot_fx,4807,3095,277588,Get free followers — click bio link,0,0,1,1
billgates419,460756,26,84,Fan account. Not official.,0,0,1,1
dev_pete,95,199,100,software engineer @ Google,0,53,1,0
botanist_beth,208580,16,5,FREE BTC airdrop → link in bio,0,0,0,1
surf_with_evan,50,81,406,Wildlife photographer based in Kenya,0,528,1,0
mark_adventure,152194,21,16,Get free followers — click bio link,0,0,1,1
natgeo560,87255,83,65,Fan account. Not official.,0,0,1,1
free_follower_bot,80,4746,36,btc eth airdrop free coins,0,0,0,1
botanist_beth,66,114,116,Yoga instructor | wellness coach 🧘,0,671,1,0
a8f7d3k9p2,1117,4990,64774,earn $500/day 👇,0,0,1,1
user8374629,37,3671,23,crypto signals ✅ 99% win rate,0,0,0,1
tom_techie,83,145,100,Marketing professional | keynote speaker,0,301,1,0
grace_beauty,4513330,1035,47714,Gaming streamer | Twitch partner 🎮,0,10480,1,0
journeys_with_kai,399598,47,0,Get free followers — click bio link,0,0,0,1
the_real_sam,2315181,2307,45342,Marketing professional | keynote speaker,0,44494,1,0
xXx_profit_xXx,43,3136,47,earn $500/day 👇,0,0,1,1
airdrop_winner99,0,4491,17,crypto signals ✅ 99% win rate,0,0,0,1
john_doe,133,291,100,Medical student | future doctor 🩺,0,37,1,0
free_followers_now,80,3758,47,Real estate investor | DM for passive income secrets,0,0,1,1
justinbieber,126074895,1739,12412,Oscar-winning director | Production company: @StudioX,1,470529,1,0
botanist_beth,314049,11,2,,0,0,1,1
free_follower_bot,51,3368,9,Get free followers — click bio link,0,0,1,1
follow_back_101,88,4694,2,♻️ repost to win $1000,0,0,0,1
follow_back_101,61,3604,31,,0,0,1,1
chef_marco,532323,4268,7402,Marketing professional | keynote speaker,0,41498,1,0
airdrop_winner99,70,4361,14,NFT investor | crypto tips,0,0,0,1
get_rich_88,412,3243,329712,♻️ repost to win $1000,0,0,1,1
tom_techie,355704,49,13,btc eth airdrop free coins,0,0,0,1
selenagomez,88689611,963,21679,Professional athlete | Team captain | Brand ambassador,1,74058,1,0
nasa413,4790,74,26,Fan account. Not official.,0,0,1,1
kimkardashian,120585246,885,13212,World-renowned chef 👨‍🍳 | Author of 3 cookbooks,1,362713,1,0
daniel_f,119,72,100,Architect | sustainable design,0,423,1,0
journeys_with_kai,50,21,100,Developer | Open source enthusiast,0,726,1,0
kyliejenner,199770637,725,91944,World #1 tennis player 🎾 | Foundation: @AidFundation,1,37857,1,0
surf_with_evan,161038,40,13,investment advisor DM me,0,0,1,1
surf_with_evan,50,103,857,Blogger | Lifestyle & wellness,0,259,1,0
cristiano51,151308,96,29,Fan account. Not official.,0,0,1,1
nasa921,426965,63,146,Fan account. Not official.,0,0,1,1
real_human_01234,70,4077,2,,0,0,1,1
fit_jessica,415805,25,10,,0,0,0,1
lena_captures,1916683,2245,17829,Data scientist | ML researcher,0,24189,1,0
mike_2023,3064043,2355,23235,Teacher & lifelong learner 📚,1,23811,1,0
zz_promo_zz,61,4418,12,,0,0,0,1
nina_art,810993,935,39327,UX designer @Meta,1,13904,1,0
mark_adventure,50,46,100,Artist | Digital creator ✨,0,237,1,0
john_doe,2789075,4605,23121,Freelance illustrator | art prints available,0,34151,1,0
nina_art,380743,27,11,Get free followers — click bio link,0,0,0,1
dev_pete,50,102,387,UX designer @Meta,0,835,1,0
creative_dan,407253,45,8,NFT investor | crypto tips,0,0,0,1
amy_joy,4239360,3777,37748,News journalist @NYT,1,35103,1,0
taylorswift638,142128,0,71,Fan account. Not official.,0,0,1,1
journeys_with_kai,679,1584,281,Traveler | 50+ countries visited ✈️,0,107,1,0
chef_marco,50,78,1046,Wildlife photographer based in Kenya,0,981,1,0
photo_by_anna,1831384,1439,40551,Chef | Recipe creator 🍳,0,26510,1,0
neymarjr170,464528,74,137,Fan account. Not official.,0,0,1,1
botanist_beth,987,2266,259,Podcaster | interviewing founders,0,0,1,0
nasa939,76058,81,135,Fan account. Not official.,0,0,1,1
follow_back_101,3126,4618,212668,follow for follow back,0,0,1,1
amy_joy,928141,4989,42273,Podcaster | interviewing founders,1,27798,1,0
alex_travel,39132,37,8,,0,0,0,1
amy_joy,44923,11,3,🔞 link in bio,0,0,1,1
realmadrid,49288829,258,76273,Grammy-winning artist 🎵 | New album out now,1,441277,1,0
free_follower_bot,35,4825,4,follow for follow back,0,0,0,1
b.scott.official,255334,7,2,FREE BTC airdrop → link in bio,0,0,1,1
paul_runs,50,101,262,Marketing professional | keynote speaker,0,695,1,0
grace_beauty,3687428,918,27687,Wildlife photographer based in Kenya,0,25473,1,0
justinbieber,151825051,1178,66418,International supermodel | Agency: IMG Models,1,317453,1,0
follow_back_101,185,4895,305432,📈 passive income daily,0,0,1,1
earn_fast_2024,50,3841,16,investment advisor DM me,0,0,1,1
photo_by_anna,50,89,441,Freelance illustrator | art prints available,0,509,1,0
the_real_sam,66,16,100,software engineer @ Google,0,195,1,0
tim_cook341,364957,98,156,Fan account. Not official.,0,0,1,1
lisa_writes,3268677,2867,27541,Developer | Open source enthusiast,0,15997,1,0
nft_dropper_69,2100,3429,392665,Click link below 💰,0,0,1,1
mindful_maya,50,41,100,photographer | travel 📷,0,497,1,0
9182736450,2651,3176,274649,,0,0,1,1
journeys_with_kai,50,119,347,High school teacher | making STEM fun,0,587,1,0
zz_promo_zz,3,3984,9,earn $500/day 👇,0,0,1,1
mike_2023,82,153,100,Developer | Open source enthusiast,0,335,1,0
tom_techie,70,126,197,Teacher & lifelong learner 📚,0,393,1,0
alex_travel,50,40,100,Medical student | future doctor 🩺,0,628,1,0
john_doe,50,10,155,photographer | travel 📷,0,621,1,0
lisa_writes,50,105,100,Artist | Digital creator ✨,0,102,1,0
neymarjr,21696159,240,40519,International supermodel | Agency: IMG Models,1,372078,1,0
b.scott.official,95,136,100,Retired engineer | amateur astronomer 🔭,0,938,1,0
xXx_profit_xXx,808,3737,438014,DM me to grow your account fast,0,0,1,1
emma.j,2586466,2129,32559,Data scientist | ML researcher,0,22039,1,0
the_real_sam,446404,1124,19485,Nurse practitioner | women's health advocate,0,5336,1,0
bot_account_7,317,4429,295706,,0,0,1,1
get_rich_88,4937,4300,160852,earn $500/day 👇,0,0,1,1
nike43,441065,98,40,Fan account. Not official.,0,0,1,1
chris_builds,121,271,100,Fashion designer | PR welcome,0,71,1,0
creative_dan,50,47,255,photographer | travel 📷,0,336,1,0
99882736450,93,3480,11,,0,0,1,1
get_rich_88,1113,4211,242779,FREE BTC airdrop → link in bio,0,0,1,1
nft_dropper_69,89,4451,23,FREE BTC airdrop → link in bio,0,0,1,1
free_followers_now,9,3719,9,crypto signals ✅ 99% win rate,0,0,0,1
xXx_profit_xXx,17,3374,8,,0,0,0,1
dev_pete,74,69,100,Traveler | 50+ countries visited ✈️,0,759,1,0
emma.j,51,70,100,UX designer @Meta,0,281,1,0
john_doe,89693,37,0,follow for follow back,0,0,0,1
nft_dropper_69,265,3148,91566,,0,0,1,1
surf_with_evan,143,38,100,Entrepreneur | Founder @startup,0,526,1,0
9182736450,2281,3712,347830,promo available 📩,0,0,1,1
bot_account_7,629,3829,146891,FREE BTC airdrop → link in bio,0,0,1,1
chef_marco,50,67,161,Retired engineer | amateur astronomer 🔭,0,460,1,0
elonmusk,13951868,1143,76553,International supermodel | Agency: IMG Models,1,221639,1,0
daniel_f,50,116,100,Fashion designer | PR welcome,0,511,1,0
chef_marco,50,98,100,Podcaster | interviewing founders,1,585,1,0
dev_pete,1232140,3107,21347,fitness coach 💪 DM for plans,0,46760,1,0
everyday_elena,136,337,1178,Marketing professional | keynote speaker,0,626,1,0
john_doe,50,71,100,software engineer @ Google,0,344,1,0
photo_by_anna,257030,11,9,📈 passive income daily,0,0,1,1
journeys_with_kai,4915149,882,4044,Nurse practitioner | women's health advocate,0,12626,1,0
acc29471838,79,3095,40,Real estate investor | DM for passive income secrets,0,0,0,1
chef_marco,50,109,102,Podcaster | interviewing founders,0,207,1,0
nina_art,2518042,1762,45197,Data scientist | ML researcher,0,31105,1,0
tom_techie,2951648,2538,11542,fitness coach 💪 DM for plans,0,29948,1,0
everyday_elena,50,70,115,Dance teacher | choreographer,0,360,1,0
b.scott.official,366,594,287,Yoga instructor | wellness coach 🧘,0,618,1,0
free_follower_bot,61,3260,48,,0,0,0,1
9182736450,2334,3840,313695,📈 passive income daily,0,0,1,1
9182736450,3078,4219,185165,NFT investor | crypto tips,0,0,1,1
creative_dan,455871,10,9,follow for follow back,0,0,1,1
nina_art,121217,4257,43720,Nurse practitioner | women's health advocate,1,11059,1,0
lena_captures,50,95,100,software engineer @ Google,0,101,1,0
elonmusk108,83627,19,142,Fan account. Not official.,0,0,1,1
selenagomez,157541450,160,98164,Nobel Peace Prize laureate | Activist,1,438003,1,0
nasa203,12835,5,22,Fan account. Not official.,0,0,1,1
everyday_elena,50,74,100,Environmental activist 🌱,0,870,1,0
dev_pete,50,17,100,Gaming streamer | Twitch partner 🎮,0,453,1,0
surf_with_evan,72493,15,8,,0,0,1,1
paul_runs,117,76,142,Fashion designer | PR welcome,0,831,1,0
surf_with_evan,78,137,221,Data scientist | ML researcher,0,30,1,0
selenagomez,153595505,748,34206,CEO @Fortune500 | Author | Speaker,1,484146,1,0
kimkardashian,90045105,885,66076,World #1 tennis player 🎾 | Foundation: @AidFundation,1,418598,1,0
dev_pete,3329093,1935,29477,High school teacher | making STEM fun,0,40900,1,0
nasa,149511719,265,31725,International supermodel | Agency: IMG Models,1,333511,1,0
oprah,143463707,904,93593,Fashion icon | Creative Director @LuxuryBrand,1,162111,1,0
the_real_sam,4027028,1541,10772,photographer | travel 📷,1,6847,1,0
mark_adventure,55893,7,10,,0,0,0,1
surf_with_evan,2211756,1938,12045,Traveler | 50+ countries visited ✈️,0,5496,1,0
botanist_beth,90738,44,2,btc eth airdrop free coins,0,0,1,1
mark_adventure,50,10,151,High school teacher | making STEM fun,0,270,1,0
emma.j,176371,8,5,btc eth airdrop free coins,0,0,1,1
emma.j,93,185,100,software engineer @ Google,0,244,1,0
1234567890ab,4667,4733,177213,,0,0,1,1
mindful_maya,131418,26,12,NFT investor | crypto tips,0,0,1,1
chef_marco,37899,24,11,promo available 📩,0,0,0,1
kimkardashian,190735818,1143,69698,World #1 tennis player 🎾 | Foundation: @AidFundation,1,284235,1,0
acc29471838,2089,3341,468692,🔞 link in bio,0,0,1,1
photo_by_anna,121685,4,15,,0,0,0,1
user8374629,29,4094,34,,0,0,0,1
lena_captures,34004,3,14,investment advisor DM me,0,0,0,1
1234567890ab,1808,3145,116125,,0,0,1,1
botanist_beth,430335,25,9,promo available 📩,0,0,0,1
tim_cook,98739255,1193,35749,CEO @Fortune500 | Author | Speaker,1,76522,1,0
chef_marco,76,52,458,Architect | sustainable design,0,960,1,0
journeys_with_kai,52,65,100,Dance teacher | choreographer,0,995,1,0
nina_art,50,98,178,Medical student | future doctor 🩺,0,707,1,0
paul_runs,386062,16,7,investment advisor DM me,0,0,0,1
paul_runs,4470331,2000,45997,Traveler | 50+ countries visited ✈️,1,42353,1,0
tom_techie,20240,12,12,promo available 📩,0,0,1,1
tradebot_fx,200,4665,200325,Click link below 💰,0,0,1,1
selenagomez532,418029,66,111,Fan account. Not official.,0,0,1,1
code_master,83,135,361,Musician. Coffee addict. ☕,0,670,1,0
crypto_king_9999,1039,3423,143679,NFT investor | crypto tips,0,0,1,1
selenagomez,144609525,1607,75545,World #1 tennis player 🎾 | Foundation: @AidFundation,1,112758,1,0
tradebot_fx,83,4818,20,📈 passive income daily,0,0,1,1
dev_pete,50,108,100,Nurse practitioner | women's health advocate,0,186,1,0
botanist_beth,39392,38,5,investment advisor DM me,0,0,1,1
oprah,153228845,1808,72570,Fashion icon | Creative Director @LuxuryBrand,1,215422,1,0
mindful_maya,475150,15,7,📈 passive income daily,0,0,0,1
earn_fast_2024,1062,3531,220005,Real estate investor | DM for passive income secrets,0,0,1,1
lena_captures,1056616,4561,683,News journalist @NYT,0,16353,1,0
paul_runs,50,56,100,Freelance illustrator | art prints available,0,982,1,0
therock259,160638,95,62,Fan account. Not official.,0,0,1,1
paul_runs,3703206,2975,45837,Environmental activist 🌱,1,49824,1,0
xXx_profit_xXx,3142,4094,145532,📈 passive income daily,0,0,1,1
therock,80848545,1647,91828,Hollywood actor | Upcoming: Summer Blockbuster 2025,1,382272,1,0
code_master,288778,26,11,earn $500/day 👇,0,0,1,1
alex_travel,50,15,222,Teacher & lifelong learner 📚,0,138,1,0
jeffbezos,29986893,313,87539,International supermodel | Agency: IMG Models,1,29822,1,0
lena_captures,4384766,439,5674,News journalist @NYT,1,40664,1,0
amy_joy,153,127,100,photographer | travel 📷,0,312,1,0
neymarjr114,75846,82,114,Fan account. Not official.,0,0,1,1
grace_beauty,357,671,126,mom of 3 | foodie 🍕,0,266,1,0
follow_back_101,1150,3411,247910,DM me to grow your account fast,0,0,1,1
mike_2023,4857087,3607,32152,Artist | Digital creator ✨,0,3978,1,0
lena_captures,50,87,703,mom of 3 | foodie 🍕,0,658,1,0
sarah_smith,308145,26,10,NFT investor | crypto tips,0,0,0,1
justinbieber,104223101,1956,58059,Iconic musician 🎸 | 40+ years on stage,1,54265,1,0
tradebot_fx,3066,3458,400585,🔞 link in bio,0,0,1,1
everyday_elena,50,86,100,Environmental activist 🌱,0,752,1,0
photo_by_anna,2719273,829,45312,Medical student | future doctor 🩺,0,45254,1,0
selenagomez554,298338,20,86,Fan account. Not official.,0,0,1,1
neymarjr,169301241,263,71990,Hollywood actor | Upcoming: Summer Blockbuster 2025,1,77875,1,0
chris_builds,3600569,1107,29204,Gaming streamer | Twitch partner 🎮,0,42941,1,0
free_follower_bot,1294,3851,461245,,0,0,1,1
crypto_king_9999,3,3193,41,earn $500/day 👇,0,0,1,1
natgeo,36041463,1927,28046,Hollywood actor | Upcoming: Summer Blockbuster 2025,1,477890,1,0
the_real_sam,93,18,100,Teacher & lifelong learner 📚,0,36,1,0
sarah_smith,353642,32,14,Click link below 💰,0,0,1,1
alex_travel,88,120,343,Environmental activist 🌱,0,345,1,0
b.scott.official,4101160,2055,2634,UX designer @Meta,0,9693,1,0
selenagomez234,482473,89,139,Fan account. Not official.,0,0,1,1
lisa_writes,141,112,100,Entrepreneur | Founder @startup,0,548,1,0
creative_dan,3915038,3764,10836,photographer | travel 📷,0,24244,1,0
fcbarcelona,54600346,452,61830,Professional athlete | Team captain | Brand ambassador,1,237738,1,0
crypto_king_9999,29,4982,33,earn $500/day 👇,0,0,0,1
9182736450,2838,3980,341817,Click link below 💰,0,0,1,1
nasa762,156498,66,75,Fan account. Not official.,0,0,1,1
nasa183,265069,42,135,Fan account. Not official.,0,0,1,1
mark_adventure,50,97,100,Traveler | 50+ countries visited ✈️,0,598,1,0
journeys_with_kai,50,114,110,Podcaster | interviewing founders,0,717,1,0
zz_promo_zz,3,4386,10,investment advisor DM me,0,0,1,1
emma.j,53,49,169,UX designer @Meta,0,872,1,0
everyday_elena,116,58,100,Chef | Recipe creator 🍳,0,721,1,0
photo_by_anna,50,97,100,Blogger | Lifestyle & wellness,0,68,1,0
emma.j,268092,20,9,FREE BTC airdrop → link in bio,0,0,1,1
journeys_with_kai,50,107,288,Medical student | future doctor 🩺,0,898,1,0
daniel_f,50,22,174,Wildlife photographer based in Kenya,0,412,1,0
real_human_01234,6,4235,10,investment advisor DM me,0,0,1,1
jeffbezos,123682035,1014,83491,Iconic musician 🎸 | 40+ years on stage,1,266538,1,0
a8f7d3k9p2,842,3154,151400,promo available 📩,0,0,1,1
tradebot_fx,2751,4593,406547,earn $500/day 👇,0,0,1,1
lisa_writes,4471911,617,622,Freelance illustrator | art prints available,1,49603,1,0
b.scott.official,50,15,100,Podcaster | interviewing founders,0,279,1,0
dev_pete,50,37,100,Artist | Digital creator ✨,0,600,1,0
daniel_f,94835,5,14,,0,0,1,1
nft_dropper_69,4667,3336,423104,,0,0,1,1
9182736450,20,4036,44,NFT investor | crypto tips,0,0,0,1
acc29471838,1932,3601,186664,,0,0,1,1
b.scott.official,176065,1,3,♻️ repost to win $1000,0,0,0,1
kimkardashian,44804468,1993,85531,Fashion icon | Creative Director @LuxuryBrand,1,99189,1,0
user8374629,1626,3202,211331,,0,0,1,1
q7w8e9r0t1y2,45,3528,49,FREE BTC airdrop → link in bio,0,0,0,1
mindful_maya,1395888,1660,30897,Musician. Coffee addict. ☕,0,29692,1,0
emma.j,1593878,2133,38447,Entrepreneur | Founder @startup,0,46433,1,0
lena_captures,98,229,100,Marketing professional | keynote speaker,0,324,1,0
therock97,453326,95,141,Fan account. Not official.,0,0,1,1
tradebot_fx,2854,3690,252546,NFT investor | crypto tips,0,0,1,1
botanist_beth,50,119,100,Chef | Recipe creator 🍳,0,212,1,0
follow_back_101,1,4245,14,Real estate investor | DM for passive income secrets,0,0,1,1
lena_captures,50,77,100,Musician. Coffee addict. ☕,0,898,1,0
user8374629,11,3585,7,DM me to grow your account fast,0,0,1,1
fit_jessica,122,99,100,UX designer @Meta,0,699,1,0
realmadrid,100610074,1704,8778,World #1 tennis player 🎾 | Foundation: @AidFundation,1,34311,1,0
real_human_01234,302,4118,394000,,0,0,1,1
chef_marco,50,30,100,Marketing professional | keynote speaker,0,935,1,0
chris_builds,2519389,2735,12361,Yoga instructor | wellness coach 🧘,0,36365,1,0
jeffbezos,116850639,395,92539,Oscar-winning director | Production company: @StudioX,1,249429,1,0
john_doe,174168,41,10,Click link below 💰,0,0,0,1
amy_joy,81,39,100,Environmental activist 🌱,0,645,1,0
9182736450,80,4852,37,📈 passive income daily,0,0,1,1
nft_dropper_69,677,3380,244396,Get free followers — click bio link,0,0,1,1
grace_beauty,235,282,100,Fashion designer | PR welcome,0,655,1,0
earn_fast_2024,1415,4577,158454,NFT investor | crypto tips,0,0,1,1
nasa756,114846,65,169,Fan account. Not official.,0,0,1,1
creative_dan,359,502,158,Chef | Recipe creator 🍳,0,347,1,0
user8374629,41,3758,42,Click link below 💰,0,0,1,1
beyonce904,98932,75,104,Fan account. Not official.,0,0,1,1
chef_marco,50,123,180,Artist | Digital creator ✨,0,636,1,0
therock496,120714,91,126,Fan account. Not official.,0,0,1,1
nft_dropper_69,3593,3298,163370,earn $500/day 👇,0,0,1,1
creative_dan,4419849,4460,35090,photographer | travel 📷,0,35231,1,0
chef_marco,498675,35,6,FREE BTC airdrop → link in bio,0,0,1,1
mark_adventure,50,52,100,Dance teacher | choreographer,0,718,1,0
therock405,244443,57,46,Fan account. Not official.,0,0,1,1
taylorswift,124189489,583,72451,Grammy-winning artist 🎵 | New album out now,1,71454,1,0
xXx_profit_xXx,618,3569,390445,,0,0,1,1
john_doe,253635,27,3,DM me to grow your account fast,0,0,0,1
a8f7d3k9p2,1031,4189,348396,earn $500/day 👇,0,0,1,1
taylorswift296,80054,71,16,Fan account. Not official.,0,0,1,1
journeys_with_kai,57,87,100,Developer | Open source enthusiast,0,67,1,0
chris_builds,4746748,490,28385,Entrepreneur | Founder @startup,0,41307,1,0
journeys_with_kai,391351,5,1,btc eth airdrop free coins,0,0,1,1
surf_with_evan,50,14,100,Chef | Recipe creator 🍳,0,579,1,0
jeffbezos757,21249,63,94,Fan account. Not official.,0,0,1,1
realmadrid,78750483,1586,61970,Hollywood actor | Upcoming: Summer Blockbuster 2025,1,102334,1,0
taylorswift,189661074,1277,53472,Fashion icon | Creative Director @LuxuryBrand,1,279628,1,0
journeys_with_kai,471684,8,5,FREE BTC airdrop → link in bio,0,0,0,1
amy_joy,71,90,100,Yoga instructor | wellness coach 🧘,0,936,1,0
nike,159636308,1778,17188,Professional athlete | Team captain | Brand ambassador,1,362862,1,0
jeffbezos,45779926,122,82353,Professional athlete | Team captain | Brand ambassador,1,249131,1,0
bot_account_7,50,4227,31,📈 passive income daily,0,0,0,1
tradebot_fx,1058,4124,399947,crypto signals ✅ 99% win rate,0,0,1,1
free_followers_now,2,3372,39,Real estate investor | DM for passive income secrets,0,0,0,1
earn_fast_2024,2402,4559,66394,Get free followers — click bio link,0,0,1,1
xXx_profit_xXx,69,3821,7,NFT investor | crypto tips,0,0,0,1
mike_2023,4456018,4660,5135,Traveler | 50+ countries visited ✈️,1,17789,1,0
1234567890ab,35,3737,0,,0,0,0,1
chris_builds,3052479,1522,15960,Traveler | 50+ countries visited ✈️,0,47722,1,0
billgates282,188889,24,45,Fan account. Not official.,0,0,1,1
tradebot_fx,90,3245,16,DM me to grow your account fast,0,0,0,1
real_human_01234,44,4857,11,Real estate investor | DM for passive income secrets,0,0,1,1
get_rich_88,28,4412,41,NFT investor | crypto tips,0,0,0,1
nike617,333500,53,15,Fan account. Not official.,0,0,1,1
chef_marco,3768526,4755,13043,News journalist @NYT,0,35374,1,0
everyday_elena,315091,38,3,📈 passive income daily,0,0,1,1
cristiano589,31363,26,147,Fan account. Not official.,0,0,1,1
sarah_smith,50,62,262,Chef | Recipe creator 🍳,0,863,1,0
emma.j,50,32,100,Teacher & lifelong learner 📚,0,729,1,0
kimkardashian,29574893,140,32997,Oscar-winning director | Production company: @StudioX,1,433303,1,0
crypto_king_9999,2423,3657,199627,follow for follow back,0,0,1,1
get_rich_88,2907,4963,359919,btc eth airdrop free coins,0,0,1,1
mike_2023,149799,47,4,,0,0,1,1
chef_marco,4445521,531,11409,Environmental activist 🌱,1,15358,1,0
chris_builds,50,103,274,Dance teacher | choreographer,0,359,1,0
mike_2023,4634146,4961,4863,fitness coach 💪 DM for plans,0,46834,1,0
dev_pete,156070,34,1,follow for follow back,0,0,0,1
alex_travel,2756062,969,19841,Chef | Recipe creator 🍳,1,44972,1,0
amy_joy,897819,1077,22498,News journalist @NYT,0,1134,1,0
mark_adventure,64,57,100,Fashion designer | PR welcome,0,202,1,0
b.scott.official,50,112,1052,Artist | Digital creator ✨,0,212,1,0
fit_jessica,50,70,376,Marketing professional | keynote speaker,0,738,1,0
kimkardashian,92957799,298,7732,Grammy-winning artist 🎵 | New album out now,1,212155,1,0
the_real_sam,2946268,1716,24874,Developer | Open source enthusiast,1,43121,1,0
botanist_beth,50,53,108,Fashion designer | PR welcome,0,657,1,0
earn_fast_2024,717,4286,264949,btc eth airdrop free coins,0,0,1,1
nft_dropper_69,96,4238,27,,0,0,1,1
chef_marco,50,21,100,mom of 3 | foodie 🍕,0,499,1,0
b.scott.official,86,213,100,Dance teacher | choreographer,0,137,1,0
journeys_with_kai,50,116,1378,fitness coach 💪 DM for plans,0,198,1,0
grace_beauty,471598,18,2,follow for follow back,0,0,0,1
billgates714,156148,82,162,Fan account. Not official.,0,0,1,1
daniel_f,209,442,225,Freelance illustrator | art prints available,0,793,1,0
beyonce871,408162,91,112,Fan account. Not official.,0,0,1,1
mike_2023,979915,3672,32316,Musician. Coffee addict. ☕,0,40995,1,0
fcbarcelona246,184998,2,122,Fan account. Not official.,0,0,1,1
john_doe,50,79,150,Medical student | future doctor 🩺,0,414,1,0
chef_marco,21952,15,7,Real estate investor | DM for passive income secrets,0,0,0,1
neymarjr25,240195,16,160,Fan account. Not official.,0,0,1,1
xXx_profit_xXx,807,3191,80317,FREE BTC airdrop → link in bio,0,0,1,1
1234567890ab,78,3831,26,NFT investor | crypto tips,0,0,1,1
bot_account_7,23,4667,34,NFT investor | crypto tips,0,0,0,1
sarah_smith,59,60,173,Podcaster | interviewing founders,0,356,1,0
creative_dan,50,50,100,News journalist @NYT,0,579,1,0
free_followers_now,123,4921,337101,follow for follow back,0,0,1,1
xXx_profit_xXx,83,3325,30,,0,0,0,1
nike296,283856,52,103,Fan account. Not official.,0,0,1,1
a8f7d3k9p2,1413,3508,321497,Real estate investor | DM for passive income secrets,0,0,1,1
oprah530,388354,32,155,Fan account. Not official.,0,0,1,1
nina_art,4704697,4259,31182,High school teacher | making STEM fun,0,2501,1,0
daniel_f,304,97,100,Podcaster | interviewing founders,0,589,1,0
selenagomez,10031947,1725,61890,World-renowned chef 👨‍🍳 | Author of 3 cookbooks,1,20395,1,0
botanist_beth,50,94,252,Traveler | 50+ countries visited ✈️,0,470,1,0
justinbieber,83792716,1947,89900,Iconic musician 🎸 | 40+ years on stage,1,299524,1,0
b.scott.official,1772308,3302,13256,Environmental activist 🌱,1,10594,1,0
billgates,15577515,1311,61724,Iconic musician 🎸 | 40+ years on stage,1,283029,1,0
kimkardashian,45619791,1431,38646,Iconic musician 🎸 | 40+ years on stage,1,29493,1,0
neymarjr,101876870,682,96487,Nobel Peace Prize laureate | Activist,1,440721,1,0
fcbarcelona247,98168,93,77,Fan account. Not official.,0,0,1,1
emma.j,167911,34,18,Real estate investor | DM for passive income secrets,0,0,0,1
grace_beauty,50,10,242,Freelance illustrator | art prints available,0,475,1,0
xXx_profit_xXx,20,3157,7,crypto signals ✅ 99% win rate,0,0,1,1
dev_pete,50,79,165,fitness coach 💪 DM for plans,0,902,1,0
journeys_with_kai,447094,35,17,♻️ repost to win $1000,0,0,1,1
bot_account_7,11,3115,23,promo available 📩,0,0,1,1
photo_by_anna,50,103,904,Musician. Coffee addict. ☕,0,664,1,0
photo_by_anna,173,267,233,Artist | Digital creator ✨,0,161,1,0
beyonce746,439363,55,156,Fan account. Not official.,0,0,1,1
tim_cook90,457205,16,87,Fan account. Not official.,0,0,1,1
mindful_maya,276325,26,2,NFT investor | crypto tips,0,0,1,1
fit_jessica,4616232,3224,24013,Medical student | future doctor 🩺,1,17934,1,0
dev_pete,4735396,396,20461,Marketing professional | keynote speaker,1,26964,1,0
tradebot_fx,4055,4476,480421,earn $500/day 👇,0,0,1,1
code_master,50,38,100,Architect | sustainable design,0,18,1,0
sarah_smith,4823627,906,33972,Musician. Coffee addict. ☕,0,21779,1,0
b.scott.official,50,115,285,Architect | sustainable design,0,675,1,0
fit_jessica,50,57,523,Retired engineer | amateur astronomer 🔭,0,243,1,0
code_master,51,20,263,Wildlife photographer based in Kenya,0,507,1,0
crypto_king_9999,4681,3822,223712,♻️ repost to win $1000,0,0,1,1
emma.j,104,165,100,High school teacher | making STEM fun,0,929,1,0
nike996,161124,51,81,Fan account. Not official.,0,0,1,1
zz_promo_zz,96,3723,3,,0,0,0,1
nina_art,373577,26,0,FREE BTC airdrop → link in bio,0,0,1,1
nft_dropper_69,47,4748,15,FREE BTC airdrop → link in bio,0,0,1,1
cristiano161,35514,24,52,Fan account. Not official.,0,0,1,1
grace_beauty,130727,3,4,📈 passive income daily,0,0,0,1
mindful_maya,50,19,792,Architect | sustainable design,0,711,1,0
xXx_profit_xXx,6,4069,12,FREE BTC airdrop → link in bio,0,0,0,1
tom_techie,50,26,100,Entrepreneur | Founder @startup,0,220,1,0
99882736450,4651,4913,109798,earn $500/day 👇,0,0,1,1
lisa_writes,103,36,100,software engineer @ Google,0,193,1,0
taylorswift536,239428,66,71,Fan account. Not official.,0,0,1,1
lena_captures,262,507,100,Musician. Coffee addict. ☕,0,811,1,0
mark_adventure,50,17,233,Dance teacher | choreographer,0,350,1,0
9182736450,1814,3277,212571,🔞 link in bio,0,0,1,1
bot_account_7,62,4315,35,investment advisor DM me,0,0,0,1
the_real_sam,4972692,1172,10240,Wildlife photographer based in Kenya,0,3474,1,0
the_real_sam,51,41,100,Dog lover 🐾 | Hiking | Books,0,32,1,0
elonmusk,147194698,947,92996,Oscar-winning director | Production company: @StudioX,1,481460,1,0
billgates610,361522,7,112,Fan account. Not official.,0,0,1,1
oprah,161426260,662,68543,Fashion icon | Creative Director @LuxuryBrand,1,235653,1,0
bot_account_7,1169,3764,409199,♻️ repost to win $1000,0,0,1,1
taylorswift,162523386,687,82152,Nobel Peace Prize laureate | Activist,1,368654,1,0
earn_fast_2024,2243,4389,177625,Get free followers — click bio link,0,0,1,1
justinbieber,47759980,1008,58578,Hollywood actor | Upcoming: Summer Blockbuster 2025,1,163422,1,0
user8374629,73,3138,24,,0,0,1,1
xXx_profit_xXx,3285,4228,204439,earn $500/day 👇,0,0,1,1
airdrop_winner99,25,3195,13,follow for follow back,0,0,0,1
amy_joy,257247,39,6,investment advisor DM me,0,0,1,1
kyliejenner273,127094,53,49,Fan account. Not official.,0,0,1,1
mike_2023,273909,27,1,investment advisor DM me,0,0,0,1
chris_builds,292203,26,16,btc eth airdrop free coins,0,0,0,1
emma.j,66,83,206,High school teacher | making STEM fun,0,51,1,0
tom_techie,420,701,285,Chef | Recipe creator 🍳,0,690,1,0
botanist_beth,116,276,307,Wildlife photographer based in Kenya,0,534,1,0
surf_with_evan,50,80,100,Retired engineer | amateur astronomer 🔭,0,12,1,0
alex_travel,419746,19,4,♻️ repost to win $1000,0,0,0,1
journeys_with_kai,2965847,2732,12276,Medical student | future doctor 🩺,0,25506,1,0
john_doe,52,44,518,Artist | Digital creator ✨,0,163,1,0
oprah,13476279,1905,99801,Professional athlete | Team captain | Brand ambassador,1,193843,1,0
xXx_profit_xXx,53,3121,43,DM me to grow your account fast,0,0,0,1
acc29471838,33,4040,46,btc eth airdrop free coins,0,0,1,1
fit_jessica,94,188,271,Teacher & lifelong learner 📚,0,253,1,0
nike,60100135,505,81558,CEO @Fortune500 | Author | Speaker,1,302963,1,0
fcbarcelona812,430886,78,105,Fan account. Not official.,0,0,1,1
nina_art,50,35,100,High school teacher | making STEM fun,0,691,1,0
grace_beauty,67626,9,12,FREE BTC airdrop → link in bio,0,0,0,1
realmadrid,38976837,161,51232,Fashion icon | Creative Director @LuxuryBrand,1,298388,1,0
tom_techie,4914783,890,18447,Traveler | 50+ countries visited ✈️,0,12338,1,0
lisa_writes,69,15,100,Medical student | future doctor 🩺,0,847,1,0
tom_techie,50,91,189,software engineer @ Google,0,486,1,0
a8f7d3k9p2,881,4727,200312,promo available 📩,0,0,1,1
botanist_beth,295265,12,3,promo available 📩,0,0,0,1
kyliejenner,67842909,198,94784,Official account. For business: manager@agency.com,1,117315,1,0
billgates996,13780,73,174,Fan account. Not official.,0,0,1,1
botanist_beth,168766,25,11,NFT investor | crypto tips,0,0,1,1
get_rich_88,4458,3716,99148,investment advisor DM me,0,0,1,1
1234567890ab,33,3274,2,,0,0,0,1
kimkardashian,23641713,591,81041,International supermodel | Agency: IMG Models,1,132679,1,0
follow_back_101,91,4557,10,NFT investor | crypto tips,0,0,0,1
billgates695,312468,49,67,Fan account. Not official.,0,0,1,1
xXx_profit_xXx,1013,3253,138285,investment advisor DM me,0,0,1,1
photo_by_anna,50,17,1107,Teacher & lifelong learner 📚,0,314,1,0
beyonce11,476304,2,99,Fan account. Not official.,0,0,1,1
amy_joy,978351,1788,49826,Entrepreneur | Founder @startup,0,23664,1,0
neymarjr408,62480,37,145,Fan account. Not official.,0,0,1,1
amy_joy,452181,13,17,FREE BTC airdrop → link in bio,0,0,1,1
therock773,369501,17,140,Fan account. Not official.,0,0,1,1
user8374629,2021,4959,479117,Real estate investor | DM for passive income secrets,0,0,1,1
mike_2023,292,187,100,Environmental activist 🌱,0,636,1,0
creative_dan,468882,49,14,,0,0,0,1
tradebot_fx,46,3533,43,earn $500/day 👇,0,0,1,1
a8f7d3k9p2,1099,4825,288777,crypto signals ✅ 99% win rate,0,0,1,1
mindful_maya,251126,40,2,DM me to grow your account fast,0,0,1,1
1234567890ab,90,3112,2,,0,0,0,1
1234567890ab,1424,4752,384356,📈 passive income daily,0,0,1,1
mark_adventure,50,119,100,fitness coach 💪 DM for plans,0,623,1,0
cristiano,180295780,655,9600,Grammy-winning artist 🎵 | New album out now,1,422323,1,0
acc29471838,2,4316,0,🔞 link in bio,0,0,1,1
free_follower_bot,1277,3990,285997,NFT investor | crypto tips,0,0,1,1
paul_runs,753601,251,5236,News journalist @NYT,0,48734,1,0
xXx_profit_xXx,94,3727,49,,0,0,1,1
selenagomez981,45120,10,195,Fan account. Not official.,0,0,1,1
amy_joy,261086,36,19,crypto signals ✅ 99% win rate,0,0,0,1
emma.j,50,51,100,Artist | Digital creator ✨,0,789,1,0
realmadrid261,272474,81,101,Fan account. Not official.,0,0,1,1
tom_techie,50,24,100,UX designer @Meta,0,476,1,0
jeffbezos317,306379,30,68,Fan account. Not official.,0,0,1,1
mike_2023,4971857,1178,36133,photographer | travel 📷,0,1448,1,0
nina_art,87,192,1393,Dance teacher | choreographer,0,348,1,0
fit_jessica,137,116,100,Yoga instructor | wellness coach 🧘,0,887,1,0
the_real_sam,91,168,100,Marketing professional | keynote speaker,0,575,1,0
photo_by_anna,86,188,100,Chef | Recipe creator 🍳,0,472,1,0
surf_with_evan,50,105,100,Data scientist | ML researcher,0,89,1,0
amy_joy,493610,13,4,,0,0,0,1
airdrop_winner99,2880,3067,154700,♻️ repost to win $1000,0,0,1,1
99882736450,42,4916,1,Click link below 💰,0,0,1,1
taylorswift,173835583,125,15345,Oscar-winning director | Production company: @StudioX,1,208718,1,0
9182736450,86,3773,0,FREE BTC airdrop → link in bio,0,0,0,1
real_human_01234,16,3664,49,,0,0,1,1
botanist_beth,3643840,4972,29565,Yoga instructor | wellness coach 🧘,1,46796,1,0
justinbieber,98469403,1393,68873,Nobel Peace Prize laureate | Activist,1,358921,1,0
9182736450,68,3029,33,DM me to grow your account fast,0,0,1,1
get_rich_88,1948,3857,346707,DM me to grow your account fast,0,0,1,1
chris_builds,50,11,100,High school teacher | making STEM fun,0,367,1,0
free_followers_now,55,3360,45,♻️ repost to win $1000,0,0,0,1
john_doe,160,172,647,Medical student | future doctor 🩺,0,474,1,0
billgates,195147097,761,32041,Oscar-winning director | Production company: @StudioX,1,216634,1,0
botanist_beth,490805,27,9,investment advisor DM me,0,0,1,1
9182736450,3043,3160,489607,♻️ repost to win $1000,0,0,1,1
sarah_smith,50,82,104,photographer | travel 📷,0,603,1,0
tim_cook,76115393,1640,13347,Oscar-winning director | Production company: @StudioX,1,153516,1,0
free_follower_bot,18,4717,0,,0,0,0,1
alex_travel,232952,41,10,,0,0,0,1
journeys_with_kai,301209,7,12,🔞 link in bio,0,0,1,1
chef_marco,827,1815,100,Fashion designer | PR welcome,0,393,1,0
99882736450,4991,4114,218539,,0,0,1,1
dev_pete,109,56,150,Data scientist | ML researcher,0,670,1,0
acc29471838,4888,4498,120173,NFT investor | crypto tips,0,0,1,1
jeffbezos,92255963,1355,91807,World-renowned chef 👨‍🍳 | Author of 3 cookbooks,1,379506,1,0
crypto_king_9999,19,4898,32,🔞 link in bio,0,0,0,1
justinbieber179,62693,75,150,Fan account. Not official.,0,0,1,1
earn_fast_2024,3971,4675,399817,,0,0,1,1
b.scott.official,50,34,422,Dog lover 🐾 | Hiking | Books,1,772,1,0
lisa_writes,50,96,100,Traveler | 50+ countries visited ✈️,0,344,1,0
therock974,251421,95,15,Fan account. Not official.,0,0,1,1
alex_travel,121,258,100,News journalist @NYT,1,192,1,0
daniel_f,73,119,100,fitness coach 💪 DM for plans,1,16,1,0
chef_marco,50,75,293,Dance teacher | choreographer,0,160,1,0
beyonce703,446419,8,96,Fan account. Not official.,0,0,1,1
daniel_f,120,184,258,Blogger | Lifestyle & wellness,0,924,1,0
a8f7d3k9p2,2054,3635,253957,NFT investor | crypto tips,0,0,1,1
crypto_king_9999,427,3212,99401,Get free followers — click bio link,0,0,1,1
tim_cook,9489387,128,9600,Grammy-winning artist 🎵 | New album out now,1,169772,1,0
chef_marco,117,209,1413,Podcaster | interviewing founders,0,76,1,0
mike_2023,50,47,215,High school teacher | making STEM fun,0,593,1,0
everyday_elena,69,104,159,Developer | Open source enthusiast,0,535,1,0
zz_promo_zz,82,3580,0,,0,0,0,1
alex_travel,469381,44,17,Get free followers — click bio link,0,0,1,1
tradebot_fx,62,3436,45,,0,0,0,1
mark_adventure,163,118,100,Yoga instructor | wellness coach 🧘,0,938,1,0
arianagrande698,431626,40,47,Fan account. Not official.,0,0,1,1
airdrop_winner99,3092,3632,158717,follow for follow back,0,0,1,1
fcbarcelona909,327038,59,140,Fan account. Not official.,0,0,1,1
surf_with_evan,2242859,3330,36730,fitness coach 💪 DM for plans,0,29446,1,0
dev_pete,3162389,854,26757,Developer | Open source enthusiast,0,26672,1,0
realmadrid,40298011,1505,34533,Fashion icon | Creative Director @LuxuryBrand,1,131698,1,0
1234567890ab,3818,4517,156446,btc eth airdrop free coins,0,0,1,1
chris_builds,63,91,100,Developer | Open source enthusiast,0,81,1,0
amy_joy,2768917,1338,16562,Developer | Open source enthusiast,1,44691,1,0
amy_joy,476266,17,8,Real estate investor | DM for passive income secrets,0,0,0,1
daniel_f,72,138,100,Podcaster | interviewing founders,0,692,1,0
bot_account_7,16,4230,1,,0,0,1,1
1234567890ab,3392,3033,164495,♻️ repost to win $1000,0,0,1,1
chef_marco,50,117,736,Environmental activist 🌱,0,302,1,0
code_master,94,97,291,Fashion designer | PR welcome,0,137,1,0
get_rich_88,1,3836,26,crypto signals ✅ 99% win rate,0,0,1,1
mike_2023,50,42,100,Yoga instructor | wellness coach 🧘,0,847,1,0
grace_beauty,253,468,100,mom of 3 | foodie 🍕,0,482,1,0
airdrop_winner99,56,3583,21,♻️ repost to win $1000,0,0,0,1
everyday_elena,58,62,138,Environmental activist 🌱,0,978,1,0
the_real_sam,368628,1349,32867,Medical student | future doctor 🩺,0,41268,1,0
real_human_01234,60,3016,46,📈 passive income daily,0,0,1,1
nina_art,50,34,100,Blogger | Lifestyle & wellness,0,566,1,0
oprah961,340833,47,132,Fan account. Not official.,0,0,1,1
crypto_king_9999,19,4096,19,crypto signals ✅ 99% win rate,0,0,0,1
journeys_with_kai,3723042,2881,5680,photographer | travel 📷,1,4145,1,0
neymarjr83,200261,24,20,Fan account. Not official.,0,0,1,1
emma.j,50,30,2000,Musician. Coffee addict. ☕,0,163,1,0
free_followers_now,96,4063,13,investment advisor DM me,0,0,1,1
tim_cook,71348143,641,66520,Professional athlete | Team captain | Brand ambassador,1,493441,1,0
elonmusk,125122123,665,25093,Iconic musician 🎸 | 40+ years on stage,1,51816,1,0
creative_dan,52,75,331,UX designer @Meta,0,661,1,0
mark_adventure,977319,4521,10534,Freelance illustrator | art prints available,0,32228,1,0
bot_account_7,97,4158,3,Click link below 💰,0,0,0,1
tim_cook,34769916,868,96920,International supermodel | Agency: IMG Models,1,15404,1,0
user8374629,2104,3993,464284,btc eth airdrop free coins,0,0,1,1
daniel_f,56081,35,7,📈 passive income daily,0,0,0,1
mindful_maya,50,25,100,News journalist @NYT,0,327,1,0
arianagrande,180829609,1196,88822,Iconic musician 🎸 | 40+ years on stage,1,143257,1,0
amy_joy,82,183,196,mom of 3 | foodie 🍕,0,551,1,0
9182736450,92,4551,41,📈 passive income daily,0,0,1,1
airdrop_winner99,4743,4035,301532,btc eth airdrop free coins,0,0,1,1
acc29471838,84,3757,0,Get free followers — click bio link,0,0,1,1
nina_art,50,95,689,Blogger | Lifestyle & wellness,0,971,1,0
beyonce191,72494,71,181,Fan account. Not official.,0,0,1,1
emma.j,50,108,100,Marketing professional | keynote speaker,0,827,1,0
fit_jessica,327131,4,19,follow for follow back,0,0,1,1
jeffbezos,14697106,850,15328,World #1 tennis player 🎾 | Foundation: @AidFundation,1,184873,1,0
mindful_maya,50,122,496,Musician. Coffee addict. ☕,0,209,1,0
airdrop_winner99,758,3159,369714,earn $500/day 👇,0,0,1,1
neymarjr840,180815,49,108,Fan account. Not official.,0,0,1,1
daniel_f,50,120,100,Gaming streamer | Twitch partner 🎮,0,268,1,0
follow_back_101,1754,4470,433026,,0,0,1,1
the_real_sam,907752,2473,14360,Dance teacher | choreographer,1,23757,1,0
journeys_with_kai,253,510,1003,Traveler | 50+ countries visited ✈️,1,506,1,0
lena_captures,50,86,169,Marketing professional | keynote speaker,0,234,1,0
real_human_01234,3841,3304,75130,btc eth airdrop free coins,0,0,1,1
surf_with_evan,99331,2,17,,0,0,1,1
q7w8e9r0t1y2,18,3059,18,earn $500/day 👇,0,0,1,1
mindful_maya,50,34,179,High school teacher | making STEM fun,0,137,1,0
nasa832,419680,6,185,Fan account. Not official.,0,0,1,1
q7w8e9r0t1y2,2175,3381,276799,follow for follow back,0,0,1,1
nina_art,50,51,155,mom of 3 | foodie 🍕,0,693,1,0
nasa,67409222,1554,57278,Grammy-winning artist 🎵 | New album out now,1,147153,1,0
b.scott.official,97,91,633,Artist | Digital creator ✨,0,504,1,0
mike_2023,64,149,100,News journalist @NYT,0,482,1,0
natgeo994,410109,65,87,Fan account. Not official.,0,0,1,1
neymarjr792,187777,95,91,Fan account. Not official.,0,0,1,1
nina_art,50,82,100,software engineer @ Google,0,780,1,0
1234567890ab,84,3033,20,Click link below 💰,0,0,1,1
sarah_smith,2260469,3888,45069,Retired engineer | amateur astronomer 🔭,0,3263,1,0
jeffbezos242,83621,61,10,Fan account. Not official.,0,0,1,1
tradebot_fx,4408,3707,267396,Click link below 💰,0,0,1,1
real_human_01234,4146,4910,247589,📈 passive income daily,0,0,1,1
dev_pete,366744,15,6,FREE BTC airdrop → link in bio,0,0,1,1
john_doe,50,13,100,Marketing professional | keynote speaker,0,93,1,0
mindful_maya,50,96,172,Chef | Recipe creator 🍳,0,299,1,0
grace_beauty,50,78,100,Dance teacher | choreographer,0,93,1,0
nike825,180215,19,187,Fan account. Not official.,0,0,1,1
journeys_with_kai,481,392,100,Yoga instructor | wellness coach 🧘,0,94,1,0
code_master,174188,44,10,📈 passive income daily,0,0,0,1
kyliejenner968,68867,26,152,Fan account. Not official.,0,0,1,1
lisa_writes,148,360,100,High school teacher | making STEM fun,0,601,1,0
photo_by_anna,88692,26,18,investment advisor DM me,0,0,0,1
john_doe,70,151,184,mom of 3 | foodie 🍕,0,64,1,0
botanist_beth,64,105,134,Dance teacher | choreographer,0,951,1,0
real_human_01234,81,4279,26,crypto signals ✅ 99% win rate,0,0,0,1
acc29471838,65,4334,29,♻️ repost to win $1000,0,0,1,1
lena_captures,130,266,152,Nurse practitioner | women's health advocate,0,308,1,0
everyday_elena,1141323,1271,9321,Data scientist | ML researcher,0,13502,1,0
real_human_01234,94,4747,20,,0,0,1,1
everyday_elena,153,134,121,Traveler | 50+ countries visited ✈️,0,181,1,0
paul_runs,145719,26,1,🔞 link in bio,0,0,0,1
alex_travel,50,43,100,Yoga instructor | wellness coach 🧘,0,172,1,0
fcbarcelona70,163000,72,183,Fan account. Not official.,0,0,1,1
nft_dropper_69,1388,4816,81146,🔞 link in bio,0,0,1,1
get_rich_88,81,4352,45,NFT investor | crypto tips,0,0,0,1
1234567890ab,3817,3180,113788,DM me to grow your account fast,0,0,1,1
99882736450,143,4509,121196,crypto signals ✅ 99% win rate,0,0,1,1
mark_adventure,248297,16,14,earn $500/day 👇,0,0,1,1
beyonce,52921473,1285,90109,Grammy-winning artist 🎵 | New album out now,1,321128,1,0
mark_adventure,50,63,412,Artist | Digital creator ✨,0,793,1,0
sarah_smith,50,40,100,Entrepreneur | Founder @startup,0,860,1,0
nina_art,133,328,132,Retired engineer | amateur astronomer 🔭,0,600,1,0
mike_2023,3326850,1109,44098,Fashion designer | PR welcome,1,44591,1,0
arianagrande29,203911,44,155,Fan account. Not official.,0,0,1,1
surf_with_evan,292,123,207,Retired engineer | amateur astronomer 🔭,0,633,1,0
sarah_smith,395573,3,2,DM me to grow your account fast,0,0,1,1
chris_builds,2330579,4821,2881,fitness coach 💪 DM for plans,0,31085,1,0
nft_dropper_69,4067,4154,416486,Click link below 💰,0,0,1,1
lena_captures,1156518,383,37732,Medical student | future doctor 🩺,1,24005,1,0
tom_techie,229826,30,16,btc eth airdrop free coins,0,0,1,1
the_real_sam,298902,17,14,,0,0,0,1
tom_techie,3253392,2797,19263,Musician. Coffee addict. ☕,0,48626,1,0
beyonce700,119346,65,116,Fan account. Not official.,0,0,1,1
airdrop_winner99,1183,3491,142269,🔞 link in bio,0,0,1,1
billgates467,344038,19,199,Fan account. Not official.,0,0,1,1
john_doe,168,177,105,Architect | sustainable design,0,790,1,0
earn_fast_2024,815,3615,354501,investment advisor DM me,0,0,1,1
user8374629,63,3480,29,,0,0,0,1
realmadrid,44998448,1004,84426,Grammy-winning artist 🎵 | New album out now,1,426261,1,0
jeffbezos739,182820,45,19,Fan account. Not official.,0,0,1,1
get_rich_88,68,4618,17,Get free followers — click bio link,0,0,0,1
amy_joy,4338177,4652,1015,Architect | sustainable design,1,36902,1,0
journeys_with_kai,50,34,100,Freelance illustrator | art prints available,0,831,1,0
natgeo,160626330,1304,91448,Nobel Peace Prize laureate | Activist,1,127798,1,0
amy_joy,50,71,100,High school teacher | making STEM fun,0,176,1,0
free_followers_now,2468,4941,284089,follow for follow back,0,0,1,1
paul_runs,84,61,100,fitness coach 💪 DM for plans,0,68,1,0
tim_cook,177540479,1445,41919,Professional athlete | Team captain | Brand ambassador,1,435183,1,0
paul_runs,105,228,100,News journalist @NYT,0,528,1,0
chef_marco,648718,1970,47901,News journalist @NYT,0,6341,1,0
free_followers_now,779,4915,367020,♻️ repost to win $1000,0,0,1,1
lena_captures,236103,47,11,investment advisor DM me,0,0,1,1
emma.j,50,56,100,Retired engineer | amateur astronomer 🔭,0,259,1,0
nina_art,3074397,3770,46245,Podcaster | interviewing founders,1,38085,1,0
code_master,4249469,3865,2291,Traveler | 50+ countries visited ✈️,1,2011,1,0
therock8,168456,46,96,Fan account. Not official.,0,0,1,1
neymarjr100,336653,32,74,Fan account. Not official.,0,0,1,1
crypto_king_9999,43,3031,34,,0,0,1,1
surf_with_evan,195823,31,7,,0,0,0,1
nike979,362318,91,193,Fan account. Not official.,0,0,1,1
the_real_sam,163,131,100,Artist | Digital creator ✨,0,331,1,0
9182736450,1609,4129,249327,,0,0,1,1
follow_back_101,2383,4768,484187,,0,0,1,1
free_followers_now,1926,4868,70994,,0,0,1,1
mindful_maya,2711524,1453,29716,Wildlife photographer based in Kenya,0,49602,1,0
tim_cook333,304075,95,153,Fan account. Not official.,0,0,1,1
natgeo39,393476,18,136,Fan account. Not official.,0,0,1,1
lena_captures,50,21,104,UX designer @Meta,0,355,1,0
tim_cook,56121102,1129,24968,Grammy-winning artist 🎵 | New album out now,1,169401,1,0
kyliejenner877,425396,51,12,Fan account. Not official.,0,0,1,1
justinbieber860,232602,16,104,Fan account. Not official.,0,0,1,1
nft_dropper_69,1569,3228,104188,crypto signals ✅ 99% win rate,0,0,1,1
surf_with_evan,50,32,161,Musician. Coffee addict. ☕,1,648,1,0
cristiano,66005315,463,7341,Fashion icon | Creative Director @LuxuryBrand,1,250832,1,0
b.scott.official,169,418,100,Teacher & lifelong learner 📚,0,29,1,0
mark_adventure,93,69,100,Chef | Recipe creator 🍳,0,724,1,0
99882736450,21,3396,24,NFT investor | crypto tips,0,0,0,1
user8374629,2967,3792,93109,🔞 link in bio,0,0,1,1
amy_joy,50,85,100,Dog lover 🐾 | Hiking | Books,0,942,1,0
billgates872,494788,23,29,Fan account. Not official.,0,0,1,1
tom_techie,50,31,100,Marketing professional | keynote speaker,0,55,1,0
earn_fast_2024,3382,3845,485104,,0,0,1,1
nft_dropper_69,3633,4496,359555,📈 passive income daily,0,0,1,1
chris_builds,50,70,100,News journalist @NYT,0,38,1,0
user8374629,588,4450,289959,Click link below 💰,0,0,1,1
fit_jessica,145,297,358,Gaming streamer | Twitch partner 🎮,0,87,1,0
dev_pete,50,24,100,Musician. Coffee addict. ☕,0,365,1,0
free_followers_now,53,4600,10,Click link below 💰,0,0,1,1
1234567890ab,3213,3835,156349,crypto signals ✅ 99% win rate,0,0,1,1
lena_captures,50,89,100,mom of 3 | foodie 🍕,0,667,1,0
mark_adventure,50,42,100,Dance teacher | choreographer,1,568,1,0
arianagrande782,488810,99,46,Fan account. Not official.,0,0,1,1
justinbieber81,261516,50,65,Fan account. Not official.,0,0,1,1
airdrop_winner99,226,3347,324516,btc eth airdrop free coins,0,0,1,1
justinbieber,59894284,1556,50328,Iconic musician 🎸 | 40+ years on stage,1,275551,1,0
lisa_writes,50,84,100,Retired engineer | amateur astronomer 🔭,0,856,1,0
q7w8e9r0t1y2,47,4022,0,FREE BTC airdrop → link in bio,0,0,0,1
tradebot_fx,95,4119,26,follow for follow back,0,0,1,1
tom_techie,4063163,2272,32594,High school teacher | making STEM fun,1,24098,1,0
beyonce,53113674,1552,23852,CEO @Fortune500 | Author | Speaker,1,38060,1,0
crypto_king_9999,1264,3444,348327,investment advisor DM me,0,0,1,1
mike_2023,28211,4,3,,0,0,0,1
1234567890ab,94,3830,37,Click link below 💰,0,0,0,1
daniel_f,392432,44,5,,0,0,1,1
lisa_writes,165,374,100,Dog lover 🐾 | Hiking | Books,0,405,1,0
creative_dan,65,86,732,Architect | sustainable design,0,875,1,0
chef_marco,524167,3974,40556,Musician. Coffee addict. ☕,0,15030,1,0
dev_pete,50,111,100,Chef | Recipe creator 🍳,0,439,1,0
chris_builds,344937,38,2,,0,0,0,1
emma.j,374296,3,4,,0,0,1,1
free_follower_bot,41,3427,14,📈 passive income daily,0,0,1,1
nina_art,76,23,100,Blogger | Lifestyle & wellness,0,638,1,0
kyliejenner258,253307,79,166,Fan account. Not official.,0,0,1,1
emma.j,431,627,100,Entrepreneur | Founder @startup,0,796,1,0
jeffbezos13,494711,43,175,Fan account. Not official.,0,0,1,1
chef_marco,291098,17,14,Click link below 💰,0,0,1,1
nina_art,50,78,111,Entrepreneur | Founder @startup,0,899,1,0
paul_runs,336,250,149,Artist | Digital creator ✨,0,463,1,0
john_doe,50,63,186,Marketing professional | keynote speaker,0,12,1,0
fit_jessica,358365,25,14,,0,0,0,1
therock,84234909,627,41162,World-renowned chef 👨‍🍳 | Author of 3 cookbooks,1,144031,1,0
nina_art,50,44,449,Gaming streamer | Twitch partner 🎮,0,711,1,0
neymarjr,21043579,1994,67229,Iconic musician 🎸 | 40+ years on stage,1,316411,1,0
cristiano,69662266,1811,62397,Oscar-winning director | Production company: @StudioX,1,147977,1,0
b.scott.official,51,98,100,Developer | Open source enthusiast,0,371,1,0
zz_promo_zz,1170,3842,177895,promo available 📩,0,0,1,1
botanist_beth,473309,13,8,,0,0,0,1
b.scott.official,1411325,867,27583,photographer | travel 📷,1,6113,1,0
fit_jessica,54,13,100,Nurse practitioner | women's health advocate,0,116,1,0
mike_2023,50,105,241,Developer | Open source enthusiast,0,35,1,0
cristiano,138876300,1397,8199,Professional athlete | Team captain | Brand ambassador,1,70030,1,0
mark_adventure,2376222,4812,23980,Wildlife photographer based in Kenya,1,46813,1,0
fcbarcelona,194734758,276,47657,Oscar-winning director | Production company: @StudioX,1,226971,1,0
chris_builds,73,112,220,Environmental activist 🌱,0,607,1,0
xXx_profit_xXx,2018,4989,87712,crypto signals ✅ 99% win rate,0,0,1,1
tradebot_fx,87,3551,25,,0,0,0,1
daniel_f,3655598,3301,19793,UX designer @Meta,0,37220,1,0
chris_builds,50,51,182,Retired engineer | amateur astronomer 🔭,0,363,1,0
john_doe,50,83,100,Nurse practitioner | women's health advocate,0,98,1,0
lisa_writes,3519876,4974,46998,mom of 3 | foodie 🍕,0,5753,1,0
airdrop_winner99,57,4043,15,FREE BTC airdrop → link in bio,0,0,1,1
mark_adventure,206201,4,17,,0,0,0,1
oprah934,422876,38,62,Fan account. Not official.,0,0,1,1
mindful_maya,50,117,100,News journalist @NYT,0,638,1,0
arianagrande,123932652,368,9702,Nobel Peace Prize laureate | Activist,1,59601,1,0
sarah_smith,1660907,4147,47475,mom of 3 | foodie 🍕,0,38140,1,0
amy_joy,2852525,3798,20753,Retired engineer | amateur astronomer 🔭,0,15194,1,0
cristiano,136704997,707,14894,Official account. For business: manager@agency.com,1,201368,1,0
crypto_king_9999,3109,3273,255219,btc eth airdrop free coins,0,0,1,1
nasa428,317588,96,93,Fan account. Not official.,0,0,1,1
taylorswift,126213357,176,25896,Nobel Peace Prize laureate | Activist,1,184316,1,0
nike949,54573,41,19,Fan account. Not official.,0,0,1,1
code_master,50,83,100,Yoga instructor | wellness coach 🧘,0,780,1,0
code_master,193034,23,13,investment advisor DM me,0,0,1,1
bot_account_7,274,3682,102107,,0,0,1,1
journeys_with_kai,532,1129,131,Nurse practitioner | women's health advocate,0,697,1,0
botanist_beth,78,167,129,mom of 3 | foodie 🍕,0,132,1,0
chef_marco,74,97,100,Nurse practitioner | women's health advocate,0,147,1,0
mike_2023,52,106,100,High school teacher | making STEM fun,0,767,1,0
daniel_f,375339,38,13,♻️ repost to win $1000,0,0,1,1
john_doe,315563,45,6,follow for follow back,0,0,0,1
code_master,3928334,1220,48047,Yoga instructor | wellness coach 🧘,1,8509,1,0
zz_promo_zz,55,3794,32,DM me to grow your account fast,0,0,1,1
q7w8e9r0t1y2,30,4883,22,FREE BTC airdrop → link in bio,0,0,0,1
photo_by_anna,74,111,235,Marketing professional | keynote speaker,0,114,1,0
cristiano371,65259,3,93,Fan account. Not official.,0,0,1,1
journeys_with_kai,58,129,100,Retired engineer | amateur astronomer 🔭,0,341,1,0
acc29471838,4291,4793,158561,investment advisor DM me,0,0,1,1
sarah_smith,50,88,199,Yoga instructor | wellness coach 🧘,0,416,1,0
earn_fast_2024,3589,4316,198533,,0,0,1,1
nft_dropper_69,1949,4176,442217,Click link below 💰,0,0,1,1
justinbieber288,225470,8,133,Fan account. Not official.,0,0,1,1
therock,22795591,478,62848,Hollywood actor | Upcoming: Summer Blockbuster 2025,1,320420,1,0
follow_back_101,1894,4896,452498,♻️ repost to win $1000,0,0,1,1
bot_account_7,870,4151,182629,Click link below 💰,0,0,1,1
grace_beauty,4905665,4081,19032,Musician. Coffee addict. ☕,0,38641,1,0
beyonce712,388824,47,25,Fan account. Not official.,0,0,1,1
b.scott.official,50,65,100,software engineer @ Google,0,484,1,0
botanist_beth,93449,18,3,,0,0,1,1
therock461,262975,1,123,Fan account. Not official.,0,0,1,1
crypto_king_9999,3331,3501,140235,♻️ repost to win $1000,0,0,1,1
emma.j,50,40,100,Wildlife photographer based in Kenya,0,82,1,0
fit_jessica,59338,39,1,♻️ repost to win $1000,0,0,0,1
cristiano586,216793,23,82,Fan account. Not official.,0,0,1,1
xXx_profit_xXx,56,3243,37,📈 passive income daily,0,0,0,1
mindful_maya,147298,23,6,Get free followers — click bio link,0,0,0,1
journeys_with_kai,50,94,100,Musician. Coffee addict. ☕,0,33,1,0
code_master,301460,3794,3135,High school teacher | making STEM fun,0,41944,1,0
elonmusk452,435882,91,33,Fan account. Not official.,0,0,1,1
amy_joy,161431,11,5,,0,0,1,1
mark_adventure,3913271,981,17703,High school teacher | making STEM fun,0,8494,1,0
airdrop_winner99,2452,3492,350787,Click link below 💰,0,0,1,1
real_human_01234,4724,4999,94278,investment advisor DM me,0,0,1,1
daniel_f,4394116,4116,49794,fitness coach 💪 DM for plans,0,14594,1,0
airdrop_winner99,75,4493,8,earn $500/day 👇,0,0,1,1
realmadrid,59125212,1652,17176,CEO @Fortune500 | Author | Speaker,1,84580,1,0
user8374629,71,4195,13,♻️ repost to win $1000,0,0,1,1
emma.j,166,180,3203,UX designer @Meta,0,630,1,0
real_human_01234,4051,4055,187774,follow for follow back,0,0,1,1
billgates,78657681,1023,61553,Nobel Peace Prize laureate | Activist,1,45847,1,0
creative_dan,3240359,1914,30736,Architect | sustainable design,1,40690,1,0
mike_2023,758,1216,263,Developer | Open source enthusiast,0,37,1,0
mark_adventure,255,473,380,Traveler | 50+ countries visited ✈️,0,507,1,0
real_human_01234,84,3829,15,Real estate investor | DM for passive income secrets,0,0,0,1
1234567890ab,940,3061,73466,btc eth airdrop free coins,0,0,1,1
get_rich_88,3590,3418,425718,,0,0,1,1
botanist_beth,226660,38,9,♻️ repost to win $1000,0,0,1,1
justinbieber,176582908,1282,17454,Oscar-winning director | Production company: @StudioX,1,32060,1,0
a8f7d3k9p2,72,4006,25,Real estate investor | DM for passive income secrets,0,0,1,1
therock,152184235,779,53245,Official account. For business: manager@agency.com,1,489493,1,0
paul_runs,4906598,4271,21261,Medical student | future doctor 🩺,1,3347,1,0
sarah_smith,93,206,104,software engineer @ Google,0,890,1,0
free_followers_now,857,3008,288478,♻️ repost to win $1000,0,0,1,1
arianagrande754,362154,12,176,Fan account. Not official.,0,0,1,1
mindful_maya,156,80,100,Medical student | future doctor 🩺,0,988,1,0
bot_account_7,87,3659,21,,0,0,1,1
surf_with_evan,292297,30,6,earn $500/day 👇,0,0,1,1
mark_adventure,50,82,100,Dog lover 🐾 | Hiking | Books,0,314,1,0
free_followers_now,41,3990,19,,0,0,1,1
mindful_maya,290100,36,4,🔞 link in bio,0,0,0,1
get_rich_88,2844,3647,487927,,0,0,1,1
paul_runs,2096643,1198,44027,Medical student | future doctor 🩺,0,6045,1,0
airdrop_winner99,23,3230,1,♻️ repost to win $1000,0,0,1,1
kyliejenner311,423746,37,181,Fan account. Not official.,0,0,1,1
grace_beauty,2357003,2819,48304,fitness coach 💪 DM for plans,1,43467,1,0
arianagrande429,212994,37,101,Fan account. Not official.,0,0,1,1
bot_account_7,56,4010,15,crypto signals ✅ 99% win rate,0,0,0,1
b.scott.official,50,55,100,Traveler | 50+ countries visited ✈️,0,86,1,0
amy_joy,1133328,4348,13127,UX designer @Meta,1,16459,1,0
sarah_smith,213375,30,17,earn $500/day 👇,0,0,1,1
crypto_king_9999,39,3185,29,investment advisor DM me,0,0,1,1
selenagomez196,415733,37,84,Fan account. Not official.,0,0,1,1
cristiano,138311601,195,40814,Fashion icon | Creative Director @LuxuryBrand,1,244167,1,0
realmadrid,117892011,222,82887,Nobel Peace Prize laureate | Activist,1,475087,1,0
follow_back_101,3611,3548,83381,investment advisor DM me,0,0,1,1
fit_jessica,55,69,254,Wildlife photographer based in Kenya,0,411,1,0
daniel_f,83,72,100,Dog lover 🐾 | Hiking | Books,0,405,1,0
real_human_01234,4223,3814,250480,earn $500/day 👇,0,0,1,1
real_human_01234,67,3118,25,FREE BTC airdrop → link in bio,0,0,0,1
john_doe,50,44,289,photographer | travel 📷,0,527,1,0
lena_captures,172426,17,3,promo available 📩,0,0,0,1
surf_with_evan,358852,38,15,,0,0,0,1
9182736450,471,4916,304764,Click link below 💰,0,0,1,1
nike,115410134,514,25989,Fashion icon | Creative Director @LuxuryBrand,1,192777,1,0
free_follower_bot,1711,3930,297782,investment advisor DM me,0,0,1,1
b.scott.official,110062,24,0,,0,0,0,1
taylorswift774,329017,74,191,Fan account. Not official.,0,0,1,1
paul_runs,454821,34,15,earn $500/day 👇,0,0,0,1
journeys_with_kai,420813,28,2,Real estate investor | DM for passive income secrets,0,0,0,1
photo_by_anna,428876,22,7,,0,0,1,1
cristiano580,470561,24,108,Fan account. Not official.,0,0,1,1
airdrop_winner99,42,4857,46,,0,0,1,1
q7w8e9r0t1y2,95,3009,12,📈 passive income daily,0,0,0,1
mark_adventure,440,850,100,photographer | travel 📷,0,237,1,0
tom_techie,441722,5,11,Click link below 💰,0,0,1,1
nina_art,3228219,1628,16097,software engineer @ Google,1,40749,1,0
paul_runs,446,208,1003,Podcaster | interviewing founders,0,390,1,0
kimkardashian300,277914,6,59,Fan account. Not official.,0,0,1,1
acc29471838,31,4831,31,📈 passive income daily,0,0,1,1
9182736450,62,4928,2,NFT investor | crypto tips,0,0,0,1
mark_adventure,1953424,578,46848,fitness coach 💪 DM for plans,0,45976,1,0
mark_adventure,50,115,183,Entrepreneur | Founder @startup,0,309,1,0
real_human_01234,3139,3380,496937,NFT investor | crypto tips,0,0,1,1
chef_marco,50,20,151,High school teacher | making STEM fun,0,870,1,0
billgates,61494071,575,93419,Fashion icon | Creative Director @LuxuryBrand,1,26462,1,0
dev_pete,222408,40,6,📈 passive income daily,0,0,1,1
earn_fast_2024,38,3348,36,📈 passive income daily,0,0,1,1
tom_techie,59,46,304,Musician. Coffee addict. ☕,0,992,1,0
nina_art,50,113,100,Developer | Open source enthusiast,0,892,1,0
q7w8e9r0t1y2,3132,4376,335420,,0,0,1,1
acc29471838,3037,4586,50636,Get free followers — click bio link,0,0,1,1
a8f7d3k9p2,41,3251,13,Get free followers — click bio link,0,0,1,1
photo_by_anna,4794829,3999,41126,Gaming streamer | Twitch partner 🎮,0,26370,1,0
real_human_01234,44,3585,1,earn $500/day 👇,0,0,1,1
john_doe,50,98,100,Medical student | future doctor 🩺,0,230,1,0
tradebot_fx,1614,4998,310596,Real estate investor | DM for passive income secrets,0,0,1,1
sarah_smith,50,106,100,Marketing professional | keynote speaker,0,404,1,0
jeffbezos939,400296,95,51,Fan account. Not official.,0,0,1,1
oprah,165831169,1997,21672,World-renowned chef 👨‍🍳 | Author of 3 cookbooks,1,52797,1,0
mark_adventure,50,111,100,UX designer @Meta,0,636,1,0
nft_dropper_69,39,4619,29,FREE BTC airdrop → link in bio,0,0,0,1
the_real_sam,50,90,100,mom of 3 | foodie 🍕,0,623,1,0
acc29471838,87,3475,48,Real estate investor | DM for passive income secrets,0,0,0,1
taylorswift757,466441,90,108,Fan account. Not official.,0,0,1,1
sarah_smith,87,200,226,High school teacher | making STEM fun,0,549,1,0
9182736450,4841,4111,87780,Get free followers — click bio link,0,0,1,1
nina_art,222,248,100,High school teacher | making STEM fun,0,281,1,0
paul_runs,50,69,217,Traveler | 50+ countries visited ✈️,0,559,1,0
beyonce,70699707,1116,96338,Official account. For business: manager@agency.com,1,280762,1,0
99882736450,4,3378,36,FREE BTC airdrop → link in bio,0,0,0,1
xXx_profit_xXx,1667,3033,318852,btc eth airdrop free coins,0,0,1,1
lena_captures,67,54,455,Yoga instructor | wellness coach 🧘,0,121,1,0
surf_with_evan,155,42,100,Teacher & lifelong learner 📚,0,232,1,0
jeffbezos234,66072,94,156,Fan account. Not official.,0,0,1,1
nasa420,304420,69,177,Fan account. Not official.,0,0,1,1
cristiano,176905955,875,87334,Fashion icon | Creative Director @LuxuryBrand,1,459006,1,0
nft_dropper_69,31,3189,27,Real estate investor | DM for passive income secrets,0,0,0,1
realmadrid,134628578,432,97688,Oscar-winning director | Production company: @StudioX,1,43368,1,0
chef_marco,50,109,270,Podcaster | interviewing founders,0,554,1,0
alex_travel,50,87,100,Fashion designer | PR welcome,0,314,1,0
journeys_with_kai,907,538,244,mom of 3 | foodie 🍕,0,153,1,0
amy_joy,452983,38,13,earn $500/day 👇,0,0,1,1
emma.j,1859387,2739,49372,Medical student | future doctor 🩺,1,27326,1,0
nike161,380106,40,105,Fan account. Not official.,0,0,1,1
user8374629,865,3292,369082,NFT investor | crypto tips,0,0,1,1
tom_techie,102,152,375,Dance teacher | choreographer,0,769,1,0
chris_builds,303638,30,13,Real estate investor | DM for passive income secrets,0,0,0,1
alex_travel,1338430,2723,47069,Blogger | Lifestyle & wellness,0,37365,1,0
surf_with_evan,4125126,2137,25636,Gaming streamer | Twitch partner 🎮,1,15272,1,0
1234567890ab,8,3402,26,Click link below 💰,0,0,1,1
b.scott.official,583,1446,100,Fashion designer | PR welcome,0,889,1,0
code_master,3534022,4836,49919,Podcaster | interviewing founders,0,38125,1,0
the_real_sam,529104,4921,14201,Teacher & lifelong learner 📚,0,7402,1,0
daniel_f,50,73,583,Musician. Coffee addict. ☕,0,793,1,0
lena_captures,468913,2996,47247,fitness coach 💪 DM for plans,0,34795,1,0
alex_travel,25732,23,8,FREE BTC airdrop → link in bio,0,0,0,1
tom_techie,208,112,200,software engineer @ Google,0,13,1,0
mike_2023,50,98,1936,fitness coach 💪 DM for plans,0,11,1,0
daniel_f,213,347,138,Traveler | 50+ countries visited ✈️,0,162,1,0
botanist_beth,34588,38,4,promo available 📩,0,0,0,1
natgeo423,79593,59,131,Fan account. Not official.,0,0,1,1
creative_dan,132058,12,0,🔞 link in bio,0,0,1,1
surf_with_evan,241067,32,3,earn $500/day 👇,0,0,0,1
daniel_f,50,108,334,Data scientist | ML researcher,0,17,1,0
nasa,70813598,1877,99278,International supermodel | Agency: IMG Models,1,30872,1,0
everyday_elena,50,88,100,UX designer @Meta,0,450,1,0
emma.j,50,25,131,Medical student | future doctor 🩺,0,262,1,0
botanist_beth,755214,3426,46736,Traveler | 50+ countries visited ✈️,1,25282,1,0
nina_art,227295,10,16,,0,0,0,1
the_real_sam,1260834,780,40550,UX designer @Meta,1,30033,1,0
chef_marco,50,33,100,Dog lover 🐾 | Hiking | Books,0,541,1,0
paul_runs,292052,8,13,📈 passive income daily,0,0,0,1
journeys_with_kai,50,31,117,Musician. Coffee addict. ☕,0,388,1,0
follow_back_101,2581,3711,335640,promo available 📩,0,0,1,1
everyday_elena,50,13,100,Chef | Recipe creator 🍳,0,158,1,0
botanist_beth,2326640,4017,31785,Musician. Coffee addict. ☕,1,12964,1,0
creative_dan,50,124,100,Medical student | future doctor 🩺,0,40,1,0
bot_account_7,4787,3718,335343,,0,0,1,1
daniel_f,156,175,100,News journalist @NYT,0,715,1,0
dev_pete,3539766,387,47464,Architect | sustainable design,0,5850,1,0
nasa,177720463,741,38288,Professional athlete | Team captain | Brand ambassador,1,243603,1,0
fit_jessica,497315,33,8,promo available 📩,0,0,0,1
justinbieber,98771038,895,70982,Official account. For business: manager@agency.com,1,401691,1,0
user8374629,64,3282,13,NFT investor | crypto tips,0,0,0,1
lena_captures,3408276,2286,30661,News journalist @NYT,1,18301,1,0
code_master,3890040,1699,20556,Teacher & lifelong learner 📚,1,3481,1,0
free_followers_now,61,4374,18,Get free followers — click bio link,0,0,0,1
oprah,140764591,1751,75198,World #1 tennis player 🎾 | Foundation: @AidFundation,1,335549,1,0
chef_marco,69,92,100,Podcaster | interviewing founders,0,412,1,0
zz_promo_zz,952,4385,290113,earn $500/day 👇,0,0,1,1
billgates,166695963,582,12982,World #1 tennis player 🎾 | Foundation: @AidFundation,1,172948,1,0
alex_travel,488576,1,0,📈 passive income daily,0,0,0,1
natgeo240,109190,2,78,Fan account. Not official.,0,0,1,1
tradebot_fx,3659,4777,411875,FREE BTC airdrop → link in bio,0,0,1,1
photo_by_anna,451991,13,14,,0,0,0,1
kyliejenner,46998410,427,34468,Fashion icon | Creative Director @LuxuryBrand,1,452090,1,0
everyday_elena,97,115,289,Environmental activist 🌱,0,110,1,0
a8f7d3k9p2,91,4761,13,NFT investor | crypto tips,0,0,1,1
free_follower_bot,4444,4906,441798,DM me to grow your account fast,0,0,1,1
beyonce200,56467,75,30,Fan account. Not official.,0,0,1,1
arianagrande277,130014,12,148,Fan account. Not official.,0,0,1,1
99882736450,91,4771,10,NFT investor | crypto tips,0,0,1,1
free_followers_now,3833,4675,81902,investment advisor DM me,0,0,1,1
amy_joy,50,116,155,Environmental activist 🌱,0,138,1,0
grace_beauty,50,63,465,Nurse practitioner | women's health advocate,0,880,1,0
a8f7d3k9p2,4979,3391,318632,crypto signals ✅ 99% win rate,0,0,1,1
photo_by_anna,112,258,100,Chef | Recipe creator 🍳,0,342,1,0
daniel_f,50,72,125,Gaming streamer | Twitch partner 🎮,0,140,1,0
botanist_beth,71,170,1295,Dance teacher | choreographer,0,985,1,0
earn_fast_2024,302,3498,422075,🔞 link in bio,0,0,1,1
chef_marco,50,23,100,Wildlife photographer based in Kenya,0,883,1,0
acc29471838,9,3437,33,btc eth airdrop free coins,0,0,0,1
beyonce,49325181,1680,72153,World #1 tennis player 🎾 | Foundation: @AidFundation,1,216027,1,0
acc29471838,223,4429,336837,investment advisor DM me,0,0,1,1
justinbieber776,222441,28,149,Fan account. Not official.,0,0,1,1
grace_beauty,50,94,525,photographer | travel 📷,0,840,1,0
nike387,482615,54,187,Fan account. Not official.,0,0,1,1
lisa_writes,50,76,100,Blogger | Lifestyle & wellness,0,975,1,0
lena_captures,142689,33,8,follow for follow back,0,0,0,1
kimkardashian882,170132,21,131,Fan account. Not official.,0,0,1,1
arianagrande826,133129,34,52,Fan account. Not official.,0,0,1,1
taylorswift,71878347,325,62685,International supermodel | Agency: IMG Models,1,499114,1,0
natgeo,192088912,1598,50425,Hollywood actor | Upcoming: Summer Blockbuster 2025,1,492978,1,0
nft_dropper_69,52,4458,13,follow for follow back,0,0,0,1
lena_captures,1121,1034,106,Yoga instructor | wellness coach 🧘,0,241,1,0
tom_techie,2625627,3473,10126,mom of 3 | foodie 🍕,0,6793,1,0
lena_captures,50,10,100,Gaming streamer | Twitch partner 🎮,0,485,1,0
q7w8e9r0t1y2,30,3141,3,crypto signals ✅ 99% win rate,0,0,0,1
a8f7d3k9p2,56,4536,9,,0,0,0,1
daniel_f,2988938,1867,5528,Medical student | future doctor 🩺,1,32156,1,0
acc29471838,4856,3061,286260,Real estate investor | DM for passive income secrets,0,0,1,1
mindful_maya,123923,37,11,DM me to grow your account fast,0,0,1,1
nike859,166853,71,80,Fan account. Not official.,0,0,1,1
beyonce515,451243,79,137,Fan account. Not official.,0,0,1,1
bot_account_7,40,3909,8,DM me to grow your account fast,0,0,1,1
1234567890ab,3,3867,36,📈 passive income daily,0,0,0,1
elonmusk,80753574,1550,17962,Nobel Peace Prize laureate | Activist,1,107388,1,0
b.scott.official,50,78,128,Gaming streamer | Twitch partner 🎮,0,531,1,0
tom_techie,4600666,1373,38093,Yoga instructor | wellness coach 🧘,1,7623,1,0
real_human_01234,59,4623,36,,0,0,0,1
real_human_01234,2113,4684,211504,NFT investor | crypto tips,0,0,1,1
the_real_sam,3142257,370,20889,software engineer @ Google,0,34693,1,0
nft_dropper_69,5,3432,34,investment advisor DM me,0,0,0,1
realmadrid7,277032,94,178,Fan account. Not official.,0,0,1,1
earn_fast_2024,130,4819,381775,NFT investor | crypto tips,0,0,1,1
lisa_writes,4157698,4642,33526,Artist | Digital creator ✨,0,37955,1,0
billgates,44308658,807,16736,International supermodel | Agency: IMG Models,1,310552,1,0
chris_builds,50,18,1086,Fashion designer | PR welcome,0,721,1,0
code_master,361,842,318,Wildlife photographer based in Kenya,0,496,1,0
mike_2023,2872193,907,28477,Architect | sustainable design,0,4222,1,0
mindful_maya,370791,22,3,DM me to grow your account fast,0,0,0,1
creative_dan,4709724,4012,19835,Developer | Open source enthusiast,0,13187,1,0
chef_marco,74,152,122,software engineer @ Google,0,64,1,0
neymarjr,190101559,1105,65279,International supermodel | Agency: IMG Models,1,251159,1,0
sarah_smith,3743527,3171,48782,Gaming streamer | Twitch partner 🎮,0,28219,1,0
nasa836,235330,66,120,Fan account. Not official.,0,0,1,1
chef_marco,193,300,131,Podcaster | interviewing founders,0,561,1,0
tradebot_fx,2839,3031,361534,follow for follow back,0,0,1,1
b.scott.official,409303,31,7,earn $500/day 👇,0,0,1,1
chef_marco,50,104,100,Yoga instructor | wellness coach 🧘,0,277,1,0
nasa,100757241,461,7998,Professional athlete | Team captain | Brand ambassador,1,112162,1,0
photo_by_anna,405344,33,4,promo available 📩,0,0,0,1
airdrop_winner99,954,4987,377155,,0,0,1,1
oprah,162047058,902,60877,Fashion icon | Creative Director @LuxuryBrand,1,147283,1,0
alex_travel,50,113,394,News journalist @NYT,0,439,1,0
sarah_smith,524,722,100,High school teacher | making STEM fun,0,759,1,0
1234567890ab,83,3911,47,DM me to grow your account fast,0,0,0,1
arianagrande800,96999,72,96,Fan account. Not official.,0,0,1,1
john_doe,291575,19,17,📈 passive income daily,0,0,1,1
mindful_maya,50,26,539,Data scientist | ML researcher,0,340,1,0
arianagrande82,265863,11,68,Fan account. Not official.,0,0,1,1
mindful_maya,50,92,412,software engineer @ Google,0,124,1,0
lisa_writes,50,123,100,Medical student | future doctor 🩺,0,798,1,0
a8f7d3k9p2,1448,4781,312714,follow for follow back,0,0,1,1
john_doe,111165,24,6,,0,0,1,1
photo_by_anna,50,112,100,Gaming streamer | Twitch partner 🎮,0,31,1,0
a8f7d3k9p2,99,3869,21,,0,0,1,1
alex_travel,351952,1,6,,0,0,0,1
mark_adventure,54,63,100,Marketing professional | keynote speaker,0,55,1,0
user8374629,4461,3611,112397,,0,0,1,1
everyday_elena,50,24,100,photographer | travel 📷,0,862,1,0
natgeo870,389174,12,102,Fan account. Not official.,0,0,1,1
mindful_maya,105833,1526,6463,Environmental activist 🌱,0,22199,1,0
follow_back_101,20,4914,29,,0,0,0,1
selenagomez,161316758,1998,77553,International supermodel | Agency: IMG Models,1,42522,1,0
justinbieber306,147053,91,178,Fan account. Not official.,0,0,1,1
b.scott.official,50,94,240,News journalist @NYT,0,260,1,0
fit_jessica,125,112,100,Medical student | future doctor 🩺,0,42,1,0
mindful_maya,59667,44,5,crypto signals ✅ 99% win rate,0,0,1,1
nike691,346882,93,86,Fan account. Not official.,0,0,1,1
oprah897,62282,62,150,Fan account. Not official.,0,0,1,1
photo_by_anna,2848648,2800,19893,Data scientist | ML researcher,0,8609,1,0
journeys_with_kai,349372,6,9,,0,0,1,1
follow_back_101,1151,4594,147353,,0,0,1,1
alex_travel,50,47,100,Gaming streamer | Twitch partner 🎮,0,971,1,0
alex_travel,82946,37,9,follow for follow back,0,0,1,1
b.scott.official,58,135,665,Traveler | 50+ countries visited ✈️,0,306,1,0
amy_joy,249817,22,17,btc eth airdrop free coins,0,0,1,1
mike_2023,3303046,2578,21027,Chef | Recipe creator 🍳,0,47398,1,0
beyonce,31882013,1974,74697,Iconic musician 🎸 | 40+ years on stage,1,432979,1,0
9182736450,3194,4320,406391,♻️ repost to win $1000,0,0,1,1
kyliejenner197,498672,62,29,Fan account. Not official.,0,0,1,1
therock342,16401,82,186,Fan account. Not official.,0,0,1,1
amy_joy,61,94,101,Data scientist | ML researcher,0,704,1,0
dev_pete,322,492,354,software engineer @ Google,0,443,1,0
get_rich_88,25,4507,38,,0,0,1,1
q7w8e9r0t1y2,2184,3286,248455,,0,0,1,1
user8374629,78,3024,46,Click link below 💰,0,0,0,1
nft_dropper_69,56,4128,10,📈 passive income daily,0,0,1,1
fcbarcelona,12273240,896,68677,CEO @Fortune500 | Author | Speaker,1,222648,1,0
real_human_01234,35,3561,8,Real estate investor | DM for passive income secrets,0,0,1,1
amy_joy,4025667,2169,17186,Data scientist | ML researcher,1,15880,1,0
amy_joy,59,135,930,Nurse practitioner | women's health advocate,0,979,1,0
tom_techie,225169,37,6,earn $500/day 👇,0,0,0,1
justinbieber,134405318,112,60192,Iconic musician 🎸 | 40+ years on stage,1,335740,1,0
alex_travel,235,227,219,Marketing professional | keynote speaker,0,684,1,0
creative_dan,306,631,100,Traveler | 50+ countries visited ✈️,0,407,1,0
airdrop_winner99,48,4844,11,,0,0,0,1
john_doe,138,102,176,Medical student | future doctor 🩺,0,606,1,0
amy_joy,50,116,100,software engineer @ Google,0,275,1,0
mike_2023,50,30,100,Marketing professional | keynote speaker,0,134,1,0
tradebot_fx,96,3699,24,Get free followers — click bio link,0,0,1,1
selenagomez133,359977,89,186,Fan account. Not official.,0,0,1,1
earn_fast_2024,2925,4131,207781,DM me to grow your account fast,0,0,1,1
fit_jessica,382,807,1133,Artist | Digital creator ✨,0,232,1,0
daniel_f,26658,17,3,,0,0,0,1
the_real_sam,50,62,214,Environmental activist 🌱,0,293,1,0
b.scott.official,1396384,2087,2223,News journalist @NYT,0,4887,1,0
mike_2023,437845,7,17,Real estate investor | DM for passive income secrets,0,0,1,1
zz_promo_zz,41,3328,23,,0,0,0,1
the_real_sam,39364,24,2,investment advisor DM me,0,0,0,1
fcbarcelona968,179718,93,25,Fan account. Not official.,0,0,1,1
tradebot_fx,81,3463,48,crypto signals ✅ 99% win rate,0,0,1,1
billgates693,374011,21,164,Fan account. Not official.,0,0,1,1
journeys_with_kai,2599049,3677,35457,Musician. Coffee addict. ☕,0,37727,1,0
everyday_elena,129,249,811,Architect | sustainable design,0,253,1,0
nike247,471164,26,68,Fan account. Not official.,0,0,1,1
follow_back_101,56,3047,20,,0,0,0,1
paul_runs,50,23,104,Traveler | 50+ countries visited ✈️,0,780,1,0
everyday_elena,98433,6,19,earn $500/day 👇,0,0,1,1
botanist_beth,2585443,4745,27040,Marketing professional | keynote speaker,0,34017,1,0
lena_captures,2219344,4031,3424,software engineer @ Google,0,28081,1,0
journeys_with_kai,50,122,831,Fashion designer | PR welcome,0,571,1,0
lena_captures,466056,7,9,Click link below 💰,0,0,1,1
nina_art,318208,8,8,Real estate investor | DM for passive income secrets,0,0,0,1
tom_techie,50,56,195,High school teacher | making STEM fun,0,844,1,0
beyonce,189950823,433,19790,Professional athlete | Team captain | Brand ambassador,1,305433,1,0
airdrop_winner99,82,3489,6,crypto signals ✅ 99% win rate,0,0,1,1
tradebot_fx,5,4221,16,,0,0,1,1
emma.j,400736,33,12,♻️ repost to win $1000,0,0,1,1
justinbieber793,475672,45,92,Fan account. Not official.,0,0,1,1
xXx_profit_xXx,3302,4052,214809,btc eth airdrop free coins,0,0,1,1
selenagomez150,170923,31,107,Fan account. Not official.,0,0,1,1
tom_techie,699807,3478,49074,Blogger | Lifestyle & wellness,0,15694,1,0
airdrop_winner99,3997,4894,94041,earn $500/day 👇,0,0,1,1
nina_art,46810,27,9,FREE BTC airdrop → link in bio,0,0,1,1
billgates281,182817,65,104,Fan account. Not official.,0,0,1,1
everyday_elena,50,110,690,Environmental activist 🌱,0,428,1,0
tom_techie,906810,3511,14764,Nurse practitioner | women's health advocate,0,26720,1,0
beyonce,189904499,413,26440,Oscar-winning director | Production company: @StudioX,1,172492,1,0
real_human_01234,3788,3276,461103,crypto signals ✅ 99% win rate,0,0,1,1
everyday_elena,27866,4,4,investment advisor DM me,0,0,0,1
mark_adventure,50,104,250,News journalist @NYT,0,320,1,0
get_rich_88,1728,4077,458882,,0,0,1,1
lisa_writes,116775,24,9,,0,0,0,1
real_human_01234,1402,3021,411307,investment advisor DM me,0,0,1,1
b.scott.official,50,92,100,Retired engineer | amateur astronomer 🔭,0,645,1,0
mike_2023,293894,17,8,crypto signals ✅ 99% win rate,0,0,1,1
code_master,1412728,1154,11618,Blogger | Lifestyle & wellness,0,45696,1,0
lisa_writes,109,77,145,Entrepreneur | Founder @startup,0,173,1,0
lena_captures,455142,45,4,,0,0,0,1
follow_back_101,2265,3505,288093,♻️ repost to win $1000,0,0,1,1
daniel_f,50,72,100,UX designer @Meta,0,375,1,0
lena_captures,134318,47,1,investment advisor DM me,0,0,1,1
elonmusk821,253954,49,111,Fan account. Not official.,0,0,1,1
therock323,149424,59,93,Fan account. Not official.,0,0,1,1
realmadrid113,471388,80,144,Fan account. Not official.,0,0,1,1
paul_runs,103552,2,4,,0,0,0,1
journeys_with_kai,1432764,2825,9601,Podcaster | interviewing founders,0,40721,1,0
mike_2023,76,139,226,Medical student | future doctor 🩺,0,522,1,0
nina_art,50,64,100,UX designer @Meta,0,372,1,0
b.scott.official,50,103,100,High school teacher | making STEM fun,0,814,1,0
fcbarcelona720,440534,47,47,Fan account. Not official.,0,0,1,1
jeffbezos,189988493,1661,50412,Official account. For business: manager@agency.com,1,443766,1,0
mike_2023,50,22,629,Podcaster | interviewing founders,0,606,1,0
selenagomez64,323820,21,99,Fan account. Not official.,0,0,1,1
creative_dan,257,60,100,Traveler | 50+ countries visited ✈️,0,160,1,0
zz_promo_zz,68,4663,29,DM me to grow your account fast,0,0,1,1
airdrop_winner99,48,3527,34,Click link below 💰,0,0,0,1
real_human_01234,423,3046,210254,♻️ repost to win $1000,0,0,1,1
nike,88444194,1891,69480,International supermodel | Agency: IMG Models,1,433377,1,0
9182736450,21,4746,19,📈 passive income daily,0,0,0,1
jeffbezos,84191295,461,45616,Iconic musician 🎸 | 40+ years on stage,1,448474,1,0
nina_art,50,35,100,photographer | travel 📷,0,392,1,0
neymarjr536,125517,67,78,Fan account. Not official.,0,0,1,1
kimkardashian181,39230,95,65,Fan account. Not official.,0,0,1,1
fcbarcelona924,419686,46,109,Fan account. Not official.,0,0,1,1
john_doe,361,666,100,photographer | travel 📷,0,793,1,0
bot_account_7,66,3697,38,🔞 link in bio,0,0,0,1
alex_travel,50,91,152,Blogger | Lifestyle & wellness,0,323,1,0
chef_marco,50,103,117,UX designer @Meta,0,786,1,0
chef_marco,440587,11,15,Click link below 💰,0,0,1,1
bot_account_7,70,4510,23,crypto signals ✅ 99% win rate,0,0,0,1
fit_jessica,50,14,1342,Yoga instructor | wellness coach 🧘,0,300,1,0
xXx_profit_xXx,13,4329,39,follow for follow back,0,0,1,1
mark_adventure,50,19,100,Marketing professional | keynote speaker,0,606,1,0
billgates,169173101,1958,24891,Fashion icon | Creative Director @LuxuryBrand,1,33307,1,0
selenagomez463,12982,81,114,Fan account. Not official.,0,0,1,1
free_follower_bot,49,3282,1,Click link below 💰,0,0,0,1
tom_techie,340102,0,4,follow for follow back,0,0,0,1
taylorswift,127176637,990,7181,World #1 tennis player 🎾 | Foundation: @AidFundation,1,173354,1,0
paul_runs,186,463,100,Developer | Open source enthusiast,0,676,1,0
free_followers_now,1961,3395,419764,,0,0,1,1
taylorswift601,378995,14,67,Fan account. Not official.,0,0,1,1
photo_by_anna,50,101,2055,Environmental activist 🌱,0,511,1,0
alex_travel,297751,46,7,,0,0,1,1
get_rich_88,35,3917,15,🔞 link in bio,0,0,1,1
9182736450,60,3118,49,Real estate investor | DM for passive income secrets,0,0,0,1
nina_art,88,90,203,Nurse practitioner | women's health advocate,0,303,1,0
jeffbezos,39675774,1179,63088,Hollywood actor | Upcoming: Summer Blockbuster 2025,1,111039,1,0
xXx_profit_xXx,3333,3412,85100,,0,0,1,1
tom_techie,1010721,1357,48167,Musician. Coffee addict. ☕,0,14685,1,0
the_real_sam,50,80,100,fitness coach 💪 DM for plans,0,274,1,0
follow_back_101,30,3218,25,,0,0,0,1
crypto_king_9999,1446,3412,110138,promo available 📩,0,0,1,1
free_follower_bot,2152,4435,341352,Real estate investor | DM for passive income secrets,0,0,1,1
lisa_writes,504,899,514,Freelance illustrator | art prints available,0,721,1,0
therock998,214268,78,108,Fan account. Not official.,0,0,1,1
grace_beauty,84,53,251,Traveler | 50+ countries visited ✈️,0,720,1,0
emma.j,309763,4,12,♻️ repost to win $1000,0,0,0,1
earn_fast_2024,91,3421,23,btc eth airdrop free coins,0,0,1,1
mark_adventure,50,32,392,High school teacher | making STEM fun,0,693,1,0
arianagrande35,481747,15,108,Fan account. Not official.,0,0,1,1
real_human_01234,52,4443,9,📈 passive income daily,0,0,1,1
justinbieber915,108484,42,77,Fan account. Not official.,0,0,1,1
botanist_beth,1010,953,879,Dance teacher | choreographer,0,807,1,0
zz_promo_zz,1,4796,25,Real estate investor | DM for passive income secrets,0,0,1,1
mike_2023,50,16,221,mom of 3 | foodie 🍕,0,392,1,0
9182736450,1030,4192,114352,promo available 📩,0,0,1,1
airdrop_winner99,41,3541,37,,0,0,1,1
nft_dropper_69,3389,4391,74045,,0,0,1,1
9182736450,46,3920,28,Get free followers — click bio link,0,0,0,1
a8f7d3k9p2,40,4741,34,follow for follow back,0,0,1,1
tradebot_fx,9,3989,21,FREE BTC airdrop → link in bio,0,0,1,1
lena_captures,221,500,100,Blogger | Lifestyle & wellness,0,791,1,0
amy_joy,66,91,118,Wildlife photographer based in Kenya,0,435,1,0
crypto_king_9999,3,4844,26,earn $500/day 👇,0,0,0,1
the_real_sam,446520,2617,36907,UX designer @Meta,1,43305,1,0
journeys_with_kai,103,221,102,Architect | sustainable design,0,140,1,0
sarah_smith,50,46,100,Wildlife photographer based in Kenya,0,950,1,0
alex_travel,50,107,930,Medical student | future doctor 🩺,0,626,1,0
mike_2023,3586375,2688,25692,Dog lover 🐾 | Hiking | Books,1,10823,1,0
emma.j,1428845,3127,26170,Data scientist | ML researcher,0,1056,1,0
elonmusk,179420455,560,40772,World #1 tennis player 🎾 | Foundation: @AidFundation,1,472894,1,0
earn_fast_2024,106,3406,206710,DM me to grow your account fast,0,0,1,1
free_followers_now,1356,4954,445112,Real estate investor | DM for passive income secrets,0,0,1,1
b.scott.official,126,146,532,fitness coach 💪 DM for plans,0,857,1,0
selenagomez,5952270,1836,64517,Iconic musician 🎸 | 40+ years on stage,1,329560,1,0
everyday_elena,64,123,100,Musician. Coffee addict. ☕,0,920,1,0
fit_jessica,289435,16,7,📈 passive income daily,0,0,0,1
daniel_f,387057,3289,33516,Yoga instructor | wellness coach 🧘,0,10975,1,0
paul_runs,149,329,100,Entrepreneur | Founder @startup,0,10,1,0
creative_dan,50,68,100,mom of 3 | foodie 🍕,1,476,1,0
arianagrande,199823345,1614,84846,CEO @Fortune500 | Author | Speaker,1,403760,1,0
lena_captures,3850766,2527,46682,Environmental activist 🌱,0,15004,1,0
everyday_elena,67836,3,13,Real estate investor | DM for passive income secrets,0,0,1,1
arianagrande,26219349,1924,60999,Professional athlete | Team captain | Brand ambassador,1,145635,1,0
lisa_writes,267,405,109,mom of 3 | foodie 🍕,0,986,1,0
neymarjr925,1681,93,135,Fan account. Not official.,0,0,1,1
kyliejenner,99014267,1071,93900,Hollywood actor | Upcoming: Summer Blockbuster 2025,1,420174,1,0
9182736450,2369,3548,463249,earn $500/day 👇,0,0,1,1
dev_pete,652744,3949,20949,software engineer @ Google,0,7509,1,0
9182736450,2659,4982,343017,investment advisor DM me,0,0,1,1
nft_dropper_69,89,3683,35,NFT investor | crypto tips,0,0,0,1
1234567890ab,45,4715,37,📈 passive income daily,0,0,0,1
the_real_sam,85120,19,15,follow for follow back,0,0,0,1
natgeo376,282361,17,92,Fan account. Not official.,0,0,1,1
real_human_01234,84,4552,8,,0,0,0,1
xXx_profit_xXx,2,4558,3,🔞 link in bio,0,0,0,1
beyonce,71762436,1797,41038,Fashion icon | Creative Director @LuxuryBrand,1,89088,1,0
lena_captures,3616944,3561,29993,fitness coach 💪 DM for plans,1,5778,1,0
b.scott.official,4894172,2887,38839,Traveler | 50+ countries visited ✈️,0,4391,1,0
chris_builds,234,577,100,software engineer @ Google,0,198,1,0
sarah_smith,54,14,341,Teacher & lifelong learner 📚,0,947,1,0
everyday_elena,1778401,3441,23761,Medical student | future doctor 🩺,0,28307,1,0
lena_captures,100,125,329,Podcaster | interviewing founders,0,207,1,0
everyday_elena,50,63,168,Architect | sustainable design,0,121,1,0
selenagomez525,358451,74,50,Fan account. Not official.,0,0,1,1
nasa,176067159,1901,15792,Iconic musician 🎸 | 40+ years on stage,1,462607,1,0
q7w8e9r0t1y2,10,3402,2,investment advisor DM me,0,0,0,1
b.scott.official,50,26,100,UX designer @Meta,0,642,1,0
natgeo621,30708,63,188,Fan account. Not official.,0,0,1,1
mindful_maya,333,587,100,Environmental activist 🌱,0,368,1,0
99882736450,40,4619,24,📈 passive income daily,0,0,0,1
john_doe,382206,18,6,,0,0,0,1
botanist_beth,102688,20,5,NFT investor | crypto tips,0,0,0,1
mike_2023,3033288,3719,18602,Chef | Recipe creator 🍳,0,28858,1,0
beyonce874,44611,92,99,Fan account. Not official.,0,0,1,1
justinbieber,102666433,290,27413,CEO @Fortune500 | Author | Speaker,1,319042,1,0
the_real_sam,132,233,209,High school teacher | making STEM fun,0,641,1,0
real_human_01234,74,4755,44,♻️ repost to win $1000,0,0,1,1
paul_runs,379,247,1474,Gaming streamer | Twitch partner 🎮,0,438,1,0
everyday_elena,316149,39,15,Get free followers — click bio link,0,0,0,1
1234567890ab,1068,3613,274254,promo available 📩,0,0,1,1
journeys_with_kai,50,33,146,software engineer @ Google,0,923,1,0
jeffbezos,179091127,1451,55671,World-renowned chef 👨‍🍳 | Author of 3 cookbooks,1,216914,1,0
mike_2023,50,28,457,Yoga instructor | wellness coach 🧘,0,464,1,0
airdrop_winner99,40,3551,7,Real estate investor | DM for passive income secrets,0,0,0,1
mark_adventure,50,124,100,High school teacher | making STEM fun,0,311,1,0
mark_adventure,368697,37,9,promo available 📩,0,0,1,1
9182736450,4124,3094,411992,Get free followers — click bio link,0,0,1,1
dev_pete,146,176,179,Podcaster | interviewing founders,0,820,1,0
kyliejenner341,159822,88,118,Fan account. Not official.,0,0,1,1
mindful_maya,572,1071,485,Dance teacher | choreographer,0,124,1,0
surf_with_evan,110,65,207,Blogger | Lifestyle & wellness,0,828,1,0
b.scott.official,4733883,3825,30395,Marketing professional | keynote speaker,0,4938,1,0
kyliejenner431,423875,89,105,Fan account. Not official.,0,0,1,1
bot_account_7,629,4392,251167,,0,0,1,1
daniel_f,50,98,182,Chef | Recipe creator 🍳,0,157,1,0
daniel_f,287,72,101,UX designer @Meta,0,156,1,0
grace_beauty,50,50,100,Medical student | future doctor 🩺,0,104,1,0
mike_2023,50,54,206,Entrepreneur | Founder @startup,0,444,1,0
q7w8e9r0t1y2,4609,3556,414907,NFT investor | crypto tips,0,0,1,1
oprah,53194942,1159,63674,Professional athlete | Team captain | Brand ambassador,1,293643,1,0
dev_pete,152,368,149,Data scientist | ML researcher,0,303,1,0
creative_dan,884901,2153,2607,Dance teacher | choreographer,0,9309,1,0
acc29471838,3231,3395,107858,,0,0,1,1
surf_with_evan,95213,14,7,♻️ repost to win $1000,0,0,0,1
alex_travel,77,84,100,Freelance illustrator | art prints available,0,230,1,0
jeffbezos892,145835,67,184,Fan account. Not official.,0,0,1,1
justinbieber629,373769,37,43,Fan account. Not official.,0,0,1,1
fit_jessica,50,14,100,Musician. Coffee addict. ☕,0,5,1,0
sarah_smith,50,44,276,Teacher & lifelong learner 📚,0,244,1,0
justinbieber739,92448,47,152,Fan account. Not official.,0,0,1,1
earn_fast_2024,88,3812,37,earn $500/day 👇,0,0,0,1
nasa502,178841,48,196,Fan account. Not official.,0,0,1,1
fcbarcelona594,229184,47,127,Fan account. Not official.,0,0,1,1
b.scott.official,208378,0,11,Get free followers — click bio link,0,0,1,1
the_real_sam,375,927,100,fitness coach 💪 DM for plans,0,966,1,0
mindful_maya,3769577,2583,39481,Artist | Digital creator ✨,0,41330,1,0
the_real_sam,71,108,100,Dog lover 🐾 | Hiking | Books,0,369,1,0
9182736450,55,3048,0,promo available 📩,0,0,1,1
cristiano682,171963,29,198,Fan account. Not official.,0,0,1,1
surf_with_evan,42421,39,16,,0,0,0,1
mike_2023,50,113,100,Architect | sustainable design,0,907,1,0
99882736450,84,3920,43,promo available 📩,0,0,0,1
botanist_beth,4376488,2481,14910,Chef | Recipe creator 🍳,0,21348,1,0
mark_adventure,197222,16,6,Get free followers — click bio link,0,0,1,1
lisa_writes,58681,27,14,NFT investor | crypto tips,0,0,0,1
dev_pete,104607,25,10,,0,0,0,1
follow_back_101,58,4183,17,crypto signals ✅ 99% win rate,0,0,0,1
crypto_king_9999,61,3294,23,DM me to grow your account fast,0,0,0,1
code_master,205051,10,16,crypto signals ✅ 99% win rate,0,0,1,1
everyday_elena,88,71,100,High school teacher | making STEM fun,0,899,1,0
amy_joy,50,86,387,Retired engineer | amateur astronomer 🔭,0,204,1,0
kyliejenner,74964707,1663,38288,International supermodel | Agency: IMG Models,1,371378,1,0
real_human_01234,136,3476,273861,,0,0,1,1
lena_captures,50,48,133,Musician. Coffee addict. ☕,0,433,1,0
therock,64671310,847,56480,Official account. For business: manager@agency.com,1,268837,1,0
grace_beauty,35379,45,15,🔞 link in bio,0,0,0,1
9182736450,1342,3423,163398,FREE BTC airdrop → link in bio,0,0,1,1
justinbieber,185639367,144,80674,World-renowned chef 👨‍🍳 | Author of 3 cookbooks,1,26808,1,0
arianagrande439,495308,7,110,Fan account. Not official.,0,0,1,1
natgeo145,218382,56,149,Fan account. Not official.,0,0,1,1
nft_dropper_69,1585,4935,155276,DM me to grow your account fast,0,0,1,1
free_followers_now,628,4646,415787,NFT investor | crypto tips,0,0,1,1
99882736450,58,3754,19,NFT investor | crypto tips,0,0,0,1
taylorswift751,66107,25,53,Fan account. Not official.,0,0,1,1
chris_builds,109672,38,14,btc eth airdrop free coins,0,0,0,1
natgeo820,459368,7,70,Fan account. Not official.,0,0,1,1
acc29471838,25,3657,21,♻️ repost to win $1000,0,0,0,1
follow_back_101,4101,4114,316757,DM me to grow your account fast,0,0,1,1
dev_pete,50,27,100,Artist | Digital creator ✨,0,922,1,0
natgeo,108183711,1457,71610,World-renowned chef 👨‍🍳 | Author of 3 cookbooks,1,219142,1,0
amy_joy,201384,38,12,NFT investor | crypto tips,0,0,0,1
kimkardashian314,61455,22,24,Fan account. Not official.,0,0,1,1
tim_cook539,224480,52,107,Fan account. Not official.,0,0,1,1
code_master,2527042,2252,23566,Musician. Coffee addict. ☕,0,48955,1,0
tradebot_fx,3200,3982,198959,,0,0,1,1
cristiano469,223224,19,164,Fan account. Not official.,0,0,1,1
nike397,418568,90,96,Fan account. Not official.,0,0,1,1
journeys_with_kai,53,28,298,News journalist @NYT,0,407,1,0
chef_marco,269330,20,12,crypto signals ✅ 99% win rate,0,0,1,1
bot_account_7,1355,3232,192077,,0,0,1,1
surf_with_evan,130160,14,7,Real estate investor | DM for passive income secrets,0,0,1,1
free_followers_now,670,3800,354909,Click link below 💰,0,0,1,1
journeys_with_kai,4728988,695,42026,Entrepreneur | Founder @startup,0,13748,1,0
creative_dan,50,109,152,Blogger | Lifestyle & wellness,0,135,1,0
99882736450,71,3913,26,,0,0,0,1
q7w8e9r0t1y2,791,4680,229455,promo available 📩,0,0,1,1
nike170,439571,22,97,Fan account. Not official.,0,0,1,1
justinbieber,172970879,1537,93888,CEO @Fortune500 | Author | Speaker,1,173684,1,0
emma.j,144,167,736,Artist | Digital creator ✨,0,280,1,0
fit_jessica,189095,46,12,btc eth airdrop free coins,0,0,0,1
journeys_with_kai,50,110,100,Wildlife photographer based in Kenya,0,236,1,0
nina_art,50,18,100,Freelance illustrator | art prints available,0,296,1,0
jeffbezos423,356480,7,58,Fan account. Not official.,0,0,1,1
xXx_profit_xXx,16,4170,23,investment advisor DM me,0,0,0,1
surf_with_evan,85540,3,14,investment advisor DM me,0,0,1,1
nft_dropper_69,4712,4616,485674,,0,0,1,1
get_rich_88,2216,4643,65502,📈 passive income daily,0,0,1,1
beyonce,168758624,1039,18534,Grammy-winning artist 🎵 | New album out now,1,489183,1,0
q7w8e9r0t1y2,49,4459,16,promo available 📩,0,0,0,1
kyliejenner862,115625,96,142,Fan account. Not official.,0,0,1,1
99882736450,4374,3767,80235,📈 passive income daily,0,0,1,1
99882736450,396,4117,83714,♻️ repost to win $1000,0,0,1,1
mindful_maya,50,74,100,Nurse practitioner | women's health advocate,0,289,1,0
tom_techie,123,163,105,Entrepreneur | Founder @startup,0,680,1,0
chris_builds,50,87,100,Traveler | 50+ countries visited ✈️,0,552,1,0
john_doe,167194,44,1,🔞 link in bio,0,0,0,1
airdrop_winner99,2778,4032,174217,Real estate investor | DM for passive income secrets,0,0,1,1
chris_builds,463350,0,3,Real estate investor | DM for passive income secrets,0,0,0,1
journeys_with_kai,92,159,601,Nurse practitioner | women's health advocate,0,241,1,0
tradebot_fx,1,4452,42,Get free followers — click bio link,0,0,1,1
selenagomez564,415985,54,179,Fan account. Not official.,0,0,1,1
mindful_maya,108,29,178,Retired engineer | amateur astronomer 🔭,0,170,1,0
real_human_01234,2,4387,39,,0,0,1,1
the_real_sam,102,133,159,UX designer @Meta,0,627,1,0
chef_marco,392020,810,14554,Chef | Recipe creator 🍳,0,27465,1,0
tradebot_fx,1394,4036,273253,🔞 link in bio,0,0,1,1
chris_builds,420393,12,14,,0,0,0,1
free_follower_bot,4827,4525,295631,promo available 📩,0,0,1,1
oprah,131544644,915,76817,Nobel Peace Prize laureate | Activist,1,403585,1,0
journeys_with_kai,59,103,100,Podcaster | interviewing founders,0,418,1,0
free_followers_now,4210,3653,353024,,0,0,1,1
mark_adventure,50,64,100,UX designer @Meta,0,18,1,0
neymarjr,50279427,1906,83344,Grammy-winning artist 🎵 | New album out now,1,346497,1,0
9182736450,91,3261,3,,0,0,0,1
bot_account_7,2029,3716,204095,📈 passive income daily,0,0,1,1
jeffbezos553,262382,98,110,Fan account. Not official.,0,0,1,1
grace_beauty,50,120,136,Wildlife photographer based in Kenya,0,741,1,0
creative_dan,135,54,100,software engineer @ Google,0,424,1,0
chris_builds,50,55,115,Marketing professional | keynote speaker,0,107,1,0
xXx_profit_xXx,148,3907,253492,🔞 link in bio,0,0,1,1
arianagrande289,391172,77,174,Fan account. Not official.,0,0,1,1
everyday_elena,158341,43,17,,0,0,1,1
daniel_f,50,14,280,software engineer @ Google,0,672,1,0
justinbieber,16536029,1650,40583,Hollywood actor | Upcoming: Summer Blockbuster 2025,1,437393,1,0
real_human_01234,84,4052,22,,0,0,1,1
grace_beauty,223834,42,7,btc eth airdrop free coins,0,0,0,1
tim_cook740,75085,56,150,Fan account. Not official.,0,0,1,1
crypto_king_9999,21,4638,41,FREE BTC airdrop → link in bio,0,0,0,1
earn_fast_2024,31,3900,25,,0,0,1,1
john_doe,228,338,198,Developer | Open source enthusiast,0,689,1,0
code_master,50,14,175,Medical student | future doctor 🩺,0,412,1,0
realmadrid,180305770,1982,95691,International supermodel | Agency: IMG Models,1,478584,1,0
nina_art,4739898,1984,47246,Data scientist | ML researcher,1,8695,1,0
selenagomez826,413280,6,69,Fan account. Not official.,0,0,1,1
tradebot_fx,3681,4594,332390,,0,0,1,1
fit_jessica,4643152,323,13124,Gaming streamer | Twitch partner 🎮,1,45748,1,0
nina_art,69,67,133,Marketing professional | keynote speaker,0,146,1,0
amy_joy,50,57,217,Musician. Coffee addict. ☕,0,292,1,0
tim_cook308,252369,85,41,Fan account. Not official.,0,0,1,1
journeys_with_kai,50,17,138,Marketing professional | keynote speaker,0,681,1,0
code_master,101,65,100,Wildlife photographer based in Kenya,0,686,1,0
tim_cook,169080696,426,99062,Grammy-winning artist 🎵 | New album out now,1,144932,1,0
sarah_smith,2499880,2901,43003,Marketing professional | keynote speaker,0,34363,1,0
grace_beauty,640905,2873,37629,High school teacher | making STEM fun,0,42865,1,0
airdrop_winner99,779,4472,80837,earn $500/day 👇,0,0,1,1
lena_captures,50,79,100,Gaming streamer | Twitch partner 🎮,0,747,1,0
mike_2023,176,433,100,Architect | sustainable design,0,955,1,0
dev_pete,50,90,192,fitness coach 💪 DM for plans,0,608,1,0
fit_jessica,50,90,144,mom of 3 | foodie 🍕,0,444,1,0
fcbarcelona66,334387,9,177,Fan account. Not official.,0,0,1,1
natgeo,113996583,546,26128,Official account. For business: manager@agency.com,1,45463,1,0
botanist_beth,50,26,138,Architect | sustainable design,0,969,1,0
paul_runs,50,89,100,High school teacher | making STEM fun,0,29,1,0
nft_dropper_69,4050,3042,86782,,0,0,1,1
lisa_writes,50,121,655,Dance teacher | choreographer,0,494,1,0
everyday_elena,50,67,156,Dog lover 🐾 | Hiking | Books,0,778,1,0
code_master,142,143,100,Artist | Digital creator ✨,0,758,1,0
fit_jessica,228798,48,8,,0,0,0,1
elonmusk196,100183,50,124,Fan account. Not official.,0,0,1,1
alex_travel,210723,38,11,Get free followers — click bio link,0,0,0,1
daniel_f,50,108,100,Environmental activist 🌱,0,629,1,0
oprah407,451078,72,100,Fan account. Not official.,0,0,1,1
photo_by_anna,50,75,100,UX designer @Meta,0,680,1,0
paul_runs,50,91,100,Dog lover 🐾 | Hiking | Books,0,346,1,0
journeys_with_kai,166,74,133,photographer | travel 📷,0,111,1,0
botanist_beth,178821,22,6,follow for follow back,0,0,1,1
neymarjr76,99572,78,20,Fan account. Not official.,0,0,1,1
xXx_profit_xXx,674,3306,84742,btc eth airdrop free coins,0,0,1,1
chef_marco,151399,30,16,NFT investor | crypto tips,0,0,1,1
acc29471838,2370,4897,232250,btc eth airdrop free coins,0,0,1,1
surf_with_evan,50,67,101,Medical student | future doctor 🩺,0,987,1,0
dev_pete,72413,49,19,,0,0,0,1
john_doe,203,321,100,UX designer @Meta,0,268,1,0
jeffbezos732,408820,51,61,Fan account. Not official.,0,0,1,1
lena_captures,50,13,100,Environmental activist 🌱,0,480,1,0
amy_joy,50,76,100,Dog lover 🐾 | Hiking | Books,0,703,1,0
acc29471838,23,3340,46,,0,0,0,1
chef_marco,258846,48,6,DM me to grow your account fast,0,0,1,1
99882736450,823,3292,286920,Click link below 💰,0,0,1,1
mark_adventure,3104461,1983,39125,Teacher & lifelong learner 📚,0,37314,1,0
jeffbezos,171776023,543,33119,Professional athlete | Team captain | Brand ambassador,1,370662,1,0
tim_cook322,208500,44,124,Fan account. Not official.,0,0,1,1
botanist_beth,79,54,100,UX designer @Meta,0,935,1,0
nike412,284029,59,169,Fan account. Not official.,0,0,1,1
b.scott.official,50,10,100,Teacher & lifelong learner 📚,0,241,1,0
user8374629,69,4212,1,investment advisor DM me,0,0,0,1
therock475,386354,80,50,Fan account. Not official.,0,0,1,1
grace_beauty,50,64,100,fitness coach 💪 DM for plans,0,509,1,0
cristiano,174475853,127,49165,Professional athlete | Team captain | Brand ambassador,1,380023,1,0
mindful_maya,52,129,120,Dance teacher | choreographer,0,119,1,0
chris_builds,3836540,3326,22325,Entrepreneur | Founder @startup,0,25462,1,0
therock,132767431,1285,74584,Professional athlete | Team captain | Brand ambassador,1,442549,1,0
alex_travel,50,37,100,Dance teacher | choreographer,0,854,1,0
9182736450,2209,3796,299884,btc eth airdrop free coins,0,0,1,1
alex_travel,143,81,288,Data scientist | ML researcher,0,793,1,0
fit_jessica,50,57,537,Marketing professional | keynote speaker,0,781,1,0
john_doe,836275,425,7695,Retired engineer | amateur astronomer 🔭,0,4948,1,0
nike,69395307,312,33513,World #1 tennis player 🎾 | Foundation: @AidFundation,1,75362,1,0
tim_cook,146682315,1384,81895,Nobel Peace Prize laureate | Activist,1,158558,1,0
9182736450,827,3370,189042,crypto signals ✅ 99% win rate,0,0,1,1
emma.j,3630684,1220,49268,Chef | Recipe creator 🍳,0,48278,1,0
daniel_f,3170936,3170,38503,Traveler | 50+ countries visited ✈️,0,39882,1,0
selenagomez71,132463,90,123,Fan account. Not official.,0,0,1,1
alex_travel,50,65,157,Medical student | future doctor 🩺,0,79,1,0
nina_art,50,112,100,Blogger | Lifestyle & wellness,0,428,1,0
mike_2023,403718,23,8,Get free followers — click bio link,0,0,0,1
chef_marco,56,19,100,Dog lover 🐾 | Hiking | Books,0,658,1,0
realmadrid323,317973,71,81,Fan account. Not official.,0,0,1,1
airdrop_winner99,58,3418,37,follow for follow back,0,0,1,1
99882736450,77,3097,26,,0,0,1,1
xXx_profit_xXx,2155,4900,213415,,0,0,1,1
earn_fast_2024,45,4430,33,,0,0,1,1
mark_adventure,50,115,1708,Gaming streamer | Twitch partner 🎮,0,781,1,0
acc29471838,4454,4871,466178,DM me to grow your account fast,0,0,1,1
nft_dropper_69,1017,3663,468751,Real estate investor | DM for passive income secrets,0,0,1,1
lena_captures,124779,10,16,Click link below 💰,0,0,0,1
alex_travel,441604,41,1,,0,0,0,1
tim_cook416,17496,34,147,Fan account. Not official.,0,0,1,1
the_real_sam,1586042,4989,46742,Wildlife photographer based in Kenya,0,46406,1,0
lisa_writes,381235,4671,4028,Freelance illustrator | art prints available,1,1263,1,0
a8f7d3k9p2,2397,3995,488842,promo available 📩,0,0,1,1
earn_fast_2024,8,3805,28,NFT investor | crypto tips,0,0,1,1
surf_with_evan,172,237,100,UX designer @Meta,0,649,1,0
john_doe,183120,37,8,,0,0,0,1
arianagrande501,179345,94,151,Fan account. Not official.,0,0,1,1
zz_promo_zz,24,4719,1,,0,0,0,1
chef_marco,529,761,100,Artist | Digital creator ✨,0,725,1,0
get_rich_88,32,4791,22,Click link below 💰,0,0,1,1
acc29471838,47,3593,48,♻️ repost to win $1000,0,0,1,1
justinbieber,145031847,947,66923,Fashion icon | Creative Director @LuxuryBrand,1,283517,1,0
real_human_01234,87,4907,8,Click link below 💰,0,0,0,1
kimkardashian902,272402,5,169,Fan account. Not official.,0,0,1,1
follow_back_101,73,3021,35,🔞 link in bio,0,0,1,1
sarah_smith,65,76,122,Dance teacher | choreographer,0,479,1,0
user8374629,1745,3231,268521,FREE BTC airdrop → link in bio,0,0,1,1
cristiano,87972944,1787,30454,Iconic musician 🎸 | 40+ years on stage,1,86835,1,0
chef_marco,306383,35,10,FREE BTC airdrop → link in bio,0,0,1,1
tom_techie,50,61,100,News journalist @NYT,0,179,1,0
journeys_with_kai,55075,43,7,NFT investor | crypto tips,0,0,1,1
mindful_maya,372464,46,12,♻️ repost to win $1000,0,0,0,1
daniel_f,323,357,175,Fashion designer | PR welcome,0,988,1,0
natgeo,173474004,742,69290,Hollywood actor | Upcoming: Summer Blockbuster 2025,1,320437,1,0
justinbieber649,157667,73,105,Fan account. Not official.,0,0,1,1
fit_jessica,65,69,2759,Wildlife photographer based in Kenya,0,358,1,0
paul_runs,2887921,239,15711,Chef | Recipe creator 🍳,0,43750,1,0
acc29471838,419,4035,61273,,0,0,1,1
botanist_beth,260,647,336,Blogger | Lifestyle & wellness,0,816,1,0
emma.j,50,24,100,News journalist @NYT,0,543,1,0
nina_art,110,92,100,Developer | Open source enthusiast,0,410,1,0
john_doe,107,144,100,Artist | Digital creator ✨,0,4,1,0
lisa_writes,50,15,318,Chef | Recipe creator 🍳,0,170,1,0
oprah,21298642,1864,10120,Professional athlete | Team captain | Brand ambassador,1,338123,1,0
fit_jessica,50,79,100,Entrepreneur | Founder @startup,0,778,1,0
xXx_profit_xXx,48,4848,18,📈 passive income daily,0,0,0,1
therock501,23888,61,127,Fan account. Not official.,0,0,1,1
chris_builds,4085786,2555,43156,mom of 3 | foodie 🍕,0,2498,1,0
therock988,236690,27,179,Fan account. Not official.,0,0,1,1
journeys_with_kai,3596591,1576,20340,Artist | Digital creator ✨,0,23191,1,0
amy_joy,181,314,100,fitness coach 💪 DM for plans,0,473,1,0
acc29471838,73,4907,28,,0,0,1,1
lisa_writes,406,123,100,Medical student | future doctor 🩺,0,206,1,0
neymarjr,124810773,1869,51749,Grammy-winning artist 🎵 | New album out now,1,370945,1,0
amy_joy,50,124,100,Medical student | future doctor 🩺,0,317,1,0
everyday_elena,50,36,100,Fashion designer | PR welcome,0,609,1,0
mike_2023,50,116,156,software engineer @ Google,0,696,1,0
nina_art,57883,8,7,btc eth airdrop free coins,0,0,1,1
cristiano,37870381,1446,7495,Nobel Peace Prize laureate | Activist,1,183115,1,0
sarah_smith,367,552,147,Teacher & lifelong learner 📚,0,407,1,0
the_real_sam,176,72,100,Entrepreneur | Founder @startup,0,456,1,0
nina_art,4388132,968,43765,High school teacher | making STEM fun,0,30716,1,0
surf_with_evan,51,58,100,Traveler | 50+ countries visited ✈️,0,364,1,0
amy_joy,50,63,304,Dance teacher | choreographer,0,81,1,0
code_master,50,62,719,Musician. Coffee addict. ☕,0,921,1,0
b.scott.official,474875,49,0,follow for follow back,0,0,0,1
photo_by_anna,3383228,486,46872,Dog lover 🐾 | Hiking | Books,0,1311,1,0
a8f7d3k9p2,67,4995,39,investment advisor DM me,0,0,0,1
cristiano,87992653,1969,62323,Grammy-winning artist 🎵 | New album out now,1,177442,1,0
photo_by_anna,383914,25,15,🔞 link in bio,0,0,1,1
mike_2023,56143,26,13,🔞 link in bio,0,0,1,1
grace_beauty,50,49,283,Dance teacher | choreographer,0,173,1,0
everyday_elena,148,306,327,Chef | Recipe creator 🍳,0,228,1,0
b.scott.official,50,26,100,Marketing professional | keynote speaker,0,995,1,0
emma.j,195,109,190,UX designer @Meta,0,592,1,0
jeffbezos481,265737,19,50,Fan account. Not official.,0,0,1,1
elonmusk,22028257,1663,42406,Oscar-winning director | Production company: @StudioX,1,150241,1,0
creative_dan,113,117,100,Traveler | 50+ countries visited ✈️,0,673,1,0
earn_fast_2024,235,3376,90582,Click link below 💰,0,0,1,1
lisa_writes,188,269,100,Traveler | 50+ countries visited ✈️,0,299,1,0
code_master,130087,16,12,,0,0,0,1
alex_travel,344140,28,9,,0,0,1,1
selenagomez,161820990,1343,26515,Hollywood actor | Upcoming: Summer Blockbuster 2025,1,480398,1,0
cristiano886,384903,53,49,Fan account. Not official.,0,0,1,1
user8374629,48,3478,33,🔞 link in bio,0,0,1,1
taylorswift937,483238,62,59,Fan account. Not official.,0,0,1,1
chris_builds,50,14,1411,Podcaster | interviewing founders,0,245,1,0
arianagrande,132450317,283,44051,Nobel Peace Prize laureate | Activist,1,261883,1,0
taylorswift623,458078,67,29,Fan account. Not official.,0,0,1,1
get_rich_88,3731,3544,260948,DM me to grow your account fast,0,0,1,1
q7w8e9r0t1y2,1540,3973,104529,NFT investor | crypto tips,0,0,1,1
chris_builds,58648,6,12,promo available 📩,0,0,1,1
fit_jessica,336,713,278,software engineer @ Google,0,647,1,0
elonmusk99,315023,47,157,Fan account. Not official.,0,0,1,1
paul_runs,50,50,169,Marketing professional | keynote speaker,0,634,1,0
beyonce475,347970,45,84,Fan account. Not official.,0,0,1,1
crypto_king_9999,90,4373,12,,0,0,0,1
the_real_sam,3988774,4984,7309,Yoga instructor | wellness coach 🧘,0,7196,1,0
realmadrid867,235875,21,41,Fan account. Not official.,0,0,1,1
nasa995,436521,20,105,Fan account. Not official.,0,0,1,1
9182736450,910,4920,123724,earn $500/day 👇,0,0,1,1
alex_travel,3497675,1581,31392,Traveler | 50+ countries visited ✈️,1,28081,1,0
user8374629,304,3826,307600,follow for follow back,0,0,1,1
daniel_f,141069,35,13,crypto signals ✅ 99% win rate,0,0,0,1
1234567890ab,2806,3713,452479,📈 passive income daily,0,0,1,1
selenagomez,36597144,1646,96031,Official account. For business: manager@agency.com,1,341443,1,0
99882736450,3759,4254,209346,Click link below 💰,0,0,1,1
daniel_f,50,102,100,Podcaster | interviewing founders,0,933,1,0
tradebot_fx,54,4614,10,earn $500/day 👇,0,0,0,1
alex_travel,208015,26,15,investment advisor DM me,0,0,0,1
lisa_writes,4482252,3844,7664,Dog lover 🐾 | Hiking | Books,1,38379,1,0
get_rich_88,43,4706,43,,0,0,1,1
justinbieber129,14614,55,124,Fan account. Not official.,0,0,1,1
a8f7d3k9p2,1017,3757,490421,Real estate investor | DM for passive income secrets,0,0,1,1
creative_dan,156,312,100,Artist | Digital creator ✨,0,779,1,0
journeys_with_kai,161,195,481,Wildlife photographer based in Kenya,0,362,1,0
q7w8e9r0t1y2,66,3382,36,,0,0,1,1
chef_marco,91,143,100,Architect | sustainable design,0,42,1,0
alex_travel,50,31,120,Freelance illustrator | art prints available,0,999,1,0
john_doe,3361828,3484,40167,Entrepreneur | Founder @startup,1,9396,1,0
photo_by_anna,50,31,100,Developer | Open source enthusiast,0,119,1,0
alex_travel,50,109,100,Dance teacher | choreographer,0,447,1,0
paul_runs,50,115,164,Architect | sustainable design,0,978,1,0
tom_techie,123,71,192,Dance teacher | choreographer,0,335,1,0
journeys_with_kai,298637,48,15,,0,0,0,1
9182736450,3443,4525,140718,Real estate investor | DM for passive income secrets,0,0,1,1
earn_fast_2024,34,4695,10,btc eth airdrop free coins,0,0,1,1
amy_joy,327546,34,15,btc eth airdrop free coins,0,0,1,1
user8374629,2155,4414,158894,Click link below 💰,0,0,1,1
q7w8e9r0t1y2,1187,3666,69321,promo available 📩,0,0,1,1
chris_builds,50,123,100,Environmental activist 🌱,0,544,1,0
get_rich_88,20,4922,0,investment advisor DM me,0,0,1,1
code_master,101,56,129,Medical student | future doctor 🩺,0,187,1,0
free_followers_now,8,4548,16,btc eth airdrop free coins,0,0,0,1
photo_by_anna,185,133,100,Traveler | 50+ countries visited ✈️,0,567,1,0
xXx_profit_xXx,2567,4019,279145,investment advisor DM me,0,0,1,1
oprah383,56540,70,188,Fan account. Not official.,0,0,1,1
lena_captures,146,279,249,photographer | travel 📷,0,654,1,0
journeys_with_kai,112106,30,17,btc eth airdrop free coins,0,0,0,1
mark_adventure,154,361,100,Developer | Open source enthusiast,0,285,1,0
crypto_king_9999,46,3640,21,,0,0,1,1
acc29471838,4908,3951,220148,NFT investor | crypto tips,0,0,1,1
grace_beauty,357101,13,14,,0,0,1,1
daniel_f,319491,33,3,📈 passive income daily,0,0,0,1
nasa,159427423,247,59393,World-renowned chef 👨‍🍳 | Author of 3 cookbooks,1,136891,1,0
daniel_f,50,63,100,photographer | travel 📷,0,88,1,0
lena_captures,482872,10,15,,0,0,0,1
creative_dan,312,91,100,Architect | sustainable design,0,398,1,0
amy_joy,50,99,100,Nurse practitioner | women's health advocate,0,214,1,0
emma.j,1766706,2745,2183,Medical student | future doctor 🩺,0,45685,1,0
john_doe,50,81,100,Podcaster | interviewing founders,0,176,1,0
get_rich_88,52,4936,2,Click link below 💰,0,0,1,1
grace_beauty,75,116,328,Freelance illustrator | art prints available,0,611,1,0
mindful_maya,50,111,100,Fashion designer | PR welcome,0,651,1,0
1234567890ab,206,4195,490576,,0,0,1,1
code_master,399603,31,10,follow for follow back,0,0,1,1
nft_dropper_69,3405,3088,229856,,0,0,1,1
b.scott.official,50,23,204,Teacher & lifelong learner 📚,0,77,1,0
mark_adventure,100,79,104,Dance teacher | choreographer,0,18,1,0
john_doe,66808,14,19,,0,0,1,1
nft_dropper_69,2970,3552,351445,investment advisor DM me,0,0,1,1
neymarjr,45635066,102,52568,Iconic musician 🎸 | 40+ years on stage,1,395093,1,0
billgates,166404384,468,39962,International supermodel | Agency: IMG Models,1,482723,1,0
botanist_beth,429925,15,16,,0,0,0,1
the_real_sam,4586035,3482,35688,Dog lover 🐾 | Hiking | Books,0,36614,1,0
taylorswift269,244527,73,31,Fan account. Not official.,0,0,1,1
amy_joy,1851089,1190,27371,mom of 3 | foodie 🍕,0,19491,1,0
earn_fast_2024,3006,3911,335897,earn $500/day 👇,0,0,1,1
taylorswift,141914908,1975,5596,World-renowned chef 👨‍🍳 | Author of 3 cookbooks,1,139423,1,0
surf_with_evan,50,36,100,Artist | Digital creator ✨,0,20,1,0
chef_marco,50,41,100,Podcaster | interviewing founders,0,539,1,0
real_human_01234,3779,4448,366829,,0,0,1,1
amy_joy,166,361,563,Marketing professional | keynote speaker,0,13,1,0
crypto_king_9999,3600,4687,449361,♻️ repost to win $1000,0,0,1,1
selenagomez,105807759,1252,64776,World-renowned chef 👨‍🍳 | Author of 3 cookbooks,1,235659,1,0
realmadrid17,251592,60,182,Fan account. Not official.,0,0,1,1
photo_by_anna,146545,18,13,earn $500/day 👇,0,0,0,1
justinbieber423,108705,58,192,Fan account. Not official.,0,0,1,1
emma.j,50,42,100,Blogger | Lifestyle & wellness,0,38,1,0
emma.j,257,527,215,Developer | Open source enthusiast,0,645,1,0
lisa_writes,50,59,100,Environmental activist 🌱,0,791,1,0
fit_jessica,59,41,100,Wildlife photographer based in Kenya,0,510,1,0
fcbarcelona,135412023,1022,14366,Official account. For business: manager@agency.com,1,417758,1,0
bot_account_7,2227,3622,55279,investment advisor DM me,0,0,1,1
oprah,187040135,1853,6928,Iconic musician 🎸 | 40+ years on stage,1,245131,1,0
nft_dropper_69,79,3912,28,follow for follow back,0,0,0,1
chris_builds,50,60,100,Teacher & lifelong learner 📚,0,203,1,0
lena_captures,751467,4561,15149,Medical student | future doctor 🩺,1,26501,1,0
john_doe,279184,9,9,NFT investor | crypto tips,0,0,1,1
crypto_king_9999,3376,4597,368966,FREE BTC airdrop → link in bio,0,0,1,1
chef_marco,69,136,159,Environmental activist 🌱,0,355,1,0
bot_account_7,82,3791,1,🔞 link in bio,0,0,1,1
nike349,421704,8,188,Fan account. Not official.,0,0,1,1
natgeo,10377702,1495,23414,Grammy-winning artist 🎵 | New album out now,1,81417,1,0
alex_travel,463601,41,17,🔞 link in bio,0,0,1,1
surf_with_evan,50,105,200,Architect | sustainable design,0,613,1,0
fcbarcelona,184197425,1020,60113,World-renowned chef 👨‍🍳 | Author of 3 cookbooks,1,390673,1,0
follow_back_101,1831,3487,152339,FREE BTC airdrop → link in bio,0,0,1,1
billgates757,437729,42,92,Fan account. Not official.,0,0,1,1
photo_by_anna,240,183,100,Data scientist | ML researcher,0,609,1,0
photo_by_anna,50,23,1235,Marketing professional | keynote speaker,0,548,1,0
free_followers_now,1975,3686,356348,,0,0,1,1
mindful_maya,67,112,100,Musician. Coffee addict. ☕,0,218,1,0
earn_fast_2024,17,4009,48,,0,0,1,1
b.scott.official,4253815,251,22048,Medical student | future doctor 🩺,0,5319,1,0
xXx_profit_xXx,91,3640,36,investment advisor DM me,0,0,1,1
alex_travel,411,960,100,News journalist @NYT,0,932,1,0
justinbieber,63714037,196,6525,World-renowned chef 👨‍🍳 | Author of 3 cookbooks,1,157816,1,0
dev_pete,50,107,196,photographer | travel 📷,0,980,1,0
dev_pete,3369712,752,23480,Retired engineer | amateur astronomer 🔭,0,12279,1,0
code_master,50,59,100,Dog lover 🐾 | Hiking | Books,0,818,1,0
neymarjr686,447357,73,103,Fan account. Not official.,0,0,1,1
dev_pete,495090,31,5,,0,0,0,1
oprah756,438059,10,104,Fan account. Not official.,0,0,1,1
fit_jessica,50,104,179,Gaming streamer | Twitch partner 🎮,0,644,1,0
nft_dropper_69,2711,3947,95178,promo available 📩,0,0,1,1
mark_adventure,4224764,3661,10125,Yoga instructor | wellness coach 🧘,0,11666,1,0
billgates,20612089,1787,88944,Fashion icon | Creative Director @LuxuryBrand,1,62804,1,0
fit_jessica,623923,854,17960,Environmental activist 🌱,0,49904,1,0
lena_captures,50,83,100,Teacher & lifelong learner 📚,0,253,1,0
xXx_profit_xXx,3297,3212,122905,,0,0,1,1
photo_by_anna,2856075,3252,47405,Dog lover 🐾 | Hiking | Books,1,20653,1,0
acc29471838,4479,3825,310040,📈 passive income daily,0,0,1,1
follow_back_101,5,3888,33,,0,0,1,1
99882736450,3152,4893,83363,FREE BTC airdrop → link in bio,0,0,1,1
beyonce47,130975,75,34,Fan account. Not official.,0,0,1,1
airdrop_winner99,90,3731,7,,0,0,1,1
earn_fast_2024,82,4508,37,Click link below 💰,0,0,0,1
tom_techie,1431995,3528,16292,Marketing professional | keynote speaker,0,31710,1,0
dev_pete,124,107,100,Data scientist | ML researcher,0,325,1,0
lisa_writes,197593,1536,25336,Artist | Digital creator ✨,0,46975,1,0
photo_by_anna,50,43,528,Teacher & lifelong learner 📚,0,640,1,0
a8f7d3k9p2,96,3636,3,promo available 📩,0,0,1,1
kimkardashian263,427616,54,176,Fan account. Not official.,0,0,1,1
q7w8e9r0t1y2,3778,3105,375688,DM me to grow your account fast,0,0,1,1
nasa56,179886,10,110,Fan account. Not official.,0,0,1,1
bot_account_7,73,3828,36,,0,0,1,1
lisa_writes,249,588,363,Wildlife photographer based in Kenya,0,137,1,0
selenagomez604,5352,16,113,Fan account. Not official.,0,0,1,1
b.scott.official,50,14,100,Dance teacher | choreographer,0,386,1,0
mike_2023,134,254,100,mom of 3 | foodie 🍕,0,600,1,0
nike,89530359,928,20343,Fashion icon | Creative Director @LuxuryBrand,1,197483,1,0
code_master,50,39,436,Developer | Open source enthusiast,0,305,1,0
nasa638,221479,20,18,Fan account. Not official.,0,0,1,1
oprah,129662978,1185,79276,Hollywood actor | Upcoming: Summer Blockbuster 2025,1,165267,1,0
mike_2023,184138,12,11,,0,0,1,1
mindful_maya,50,61,189,Dance teacher | choreographer,0,204,1,0
paul_runs,2890642,1375,46493,Chef | Recipe creator 🍳,0,2804,1,0
99882736450,99,3628,18,♻️ repost to win $1000,0,0,0,1
bot_account_7,24,4549,10,DM me to grow your account fast,0,0,0,1
daniel_f,50,94,489,Blogger | Lifestyle & wellness,0,752,1,0
lisa_writes,343716,25,17,NFT investor | crypto tips,0,0,0,1
mindful_maya,50,55,695,Podcaster | interviewing founders,0,255,1,0
journeys_with_kai,50,46,317,Nurse practitioner | women's health advocate,0,186,1,0
99882736450,1360,3242,168093,promo available 📩,0,0,1,1
mike_2023,2956562,918,37285,UX designer @Meta,0,29570,1,0
dev_pete,2155490,406,34659,Yoga instructor | wellness coach 🧘,0,34019,1,0
neymarjr,179666374,1505,54123,Oscar-winning director | Production company: @StudioX,1,437070,1,0
lena_captures,279416,26,6,📈 passive income daily,0,0,0,1
1234567890ab,2974,4922,79057,earn $500/day 👇,0,0,1,1
nasa114,425946,47,198,Fan account. Not official.,0,0,1,1
elonmusk,31936194,1231,65995,Oscar-winning director | Production company: @StudioX,1,377975,1,0
beyonce53,7147,84,193,Fan account. Not official.,0,0,1,1
paul_runs,487106,9,13,,0,0,1,1
jeffbezos,130693165,1929,59159,Fashion icon | Creative Director @LuxuryBrand,1,149319,1,0
free_followers_now,5,4732,31,,0,0,1,1
botanist_beth,318751,34,13,🔞 link in bio,0,0,0,1
dev_pete,495316,17,9,Click link below 💰,0,0,1,1
chef_marco,83,78,100,UX designer @Meta,0,222,1,0
tom_techie,50,51,101,UX designer @Meta,0,292,1,0
photo_by_anna,50,88,128,Chef | Recipe creator 🍳,0,537,1,0
daniel_f,88568,46,16,,0,0,0,1
99882736450,2234,4252,412227,Real estate investor | DM for passive income secrets,0,0,1,1
billgates,142477827,729,75693,Hollywood actor | Upcoming: Summer Blockbuster 2025,1,377394,1,0
code_master,98465,9,11,DM me to grow your account fast,0,0,1,1
sarah_smith,346394,2,16,,0,0,1,1
journeys_with_kai,194276,8,0,DM me to grow your account fast,0,0,1,1
taylorswift425,385933,14,106,Fan account. Not official.,0,0,1,1
code_master,50,89,465,Teacher & lifelong learner 📚,0,840,1,0
free_followers_now,2209,4672,322052,FREE BTC airdrop → link in bio,0,0,1,1
arianagrande460,479334,63,163,Fan account. Not official.,0,0,1,1
code_master,59,15,100,Dog lover 🐾 | Hiking | Books,0,21,1,0
acc29471838,1400,4909,125133,Get free followers — click bio link,0,0,1,1
alex_travel,94,147,140,Fashion designer | PR welcome,0,909,1,0
photo_by_anna,140443,17,1,FREE BTC airdrop → link in bio,0,0,1,1
tim_cook528,392589,29,54,Fan account. Not official.,0,0,1,1
daniel_f,50,10,108,Dance teacher | choreographer,0,382,1,0
bot_account_7,2141,3811,381256,♻️ repost to win $1000,0,0,1,1
realmadrid23,249817,80,29,Fan account. Not official.,0,0,1,1
sarah_smith,4867880,3193,3803,Nurse practitioner | women's health advocate,1,38732,1,0
a8f7d3k9p2,201,3690,257445,♻️ repost to win $1000,0,0,1,1
fit_jessica,4089669,988,33703,Teacher & lifelong learner 📚,1,38831,1,0
daniel_f,41047,11,14,📈 passive income daily,0,0,0,1
cristiano47,310351,40,32,Fan account. Not official.,0,0,1,1
bot_account_7,4,4918,9,FREE BTC airdrop → link in bio,0,0,0,1
a8f7d3k9p2,3637,3940,297281,crypto signals ✅ 99% win rate,0,0,1,1
lena_captures,50,61,100,Environmental activist 🌱,0,231,1,0
botanist_beth,378939,18,16,promo available 📩,0,0,1,1
q7w8e9r0t1y2,69,4539,7,,0,0,0,1
nasa246,153123,82,62,Fan account. Not official.,0,0,1,1
lisa_writes,53,64,100,Dance teacher | choreographer,0,928,1,0
tom_techie,50,112,100,Data scientist | ML researcher,0,924,1,0
selenagomez76,172084,55,117,Fan account. Not official.,0,0,1,1
code_master,127369,2851,29102,Architect | sustainable design,1,8704,1,0
lisa_writes,221259,18,5,DM me to grow your account fast,0,0,1,1
emma.j,50,58,100,Dance teacher | choreographer,0,331,1,0
everyday_elena,2211106,3033,40442,Wildlife photographer based in Kenya,0,28679,1,0
crypto_king_9999,76,4263,25,,0,0,1,1
q7w8e9r0t1y2,52,3706,13,Click link below 💰,0,0,1,1
chef_marco,158494,46,13,,0,0,0,1
natgeo,145110079,309,61220,Oscar-winning director | Production company: @StudioX,1,38123,1,0
alex_travel,50,38,338,Artist | Digital creator ✨,0,666,1,0
arianagrande,153098570,1087,59730,Nobel Peace Prize laureate | Activist,1,462290,1,0
free_followers_now,95,3956,39,,0,0,1,1
crypto_king_9999,4449,3032,394757,btc eth airdrop free coins,0,0,1,1
neymarjr,142282281,385,12594,World #1 tennis player 🎾 | Foundation: @AidFundation,1,226081,1,0
dev_pete,186504,33,14,,0,0,1,1
lisa_writes,50,107,122,Retired engineer | amateur astronomer 🔭,0,434,1,0
everyday_elena,50,40,100,Wildlife photographer based in Kenya,0,154,1,0
kyliejenner532,378448,10,76,Fan account. Not official.,0,0,1,1
therock,35959392,1077,84453,World #1 tennis player 🎾 | Foundation: @AidFundation,1,291424,1,0
surf_with_evan,50,114,100,Marketing professional | keynote speaker,0,216,1,0
a8f7d3k9p2,4677,4006,401937,Real estate investor | DM for passive income secrets,0,0,1,1
beyonce902,172919,47,139,Fan account. Not official.,0,0,1,1
taylorswift,190502284,712,76238,International supermodel | Agency: IMG Models,1,219279,1,0
1234567890ab,1655,4869,162811,earn $500/day 👇,0,0,1,1
earn_fast_2024,904,4263,132831,investment advisor DM me,0,0,1,1
acc29471838,1,4689,41,crypto signals ✅ 99% win rate,0,0,0,1
photo_by_anna,3743640,1366,20689,Environmental activist 🌱,0,2318,1,0
lisa_writes,73,54,100,Chef | Recipe creator 🍳,0,257,1,0
botanist_beth,172137,24,12,♻️ repost to win $1000,0,0,1,1
cristiano,178269012,459,90797,World-renowned chef 👨‍🍳 | Author of 3 cookbooks,1,409627,1,0
sarah_smith,2324475,3247,26052,High school teacher | making STEM fun,0,26657,1,0
tim_cook,5009872,1500,93381,CEO @Fortune500 | Author | Speaker,1,262404,1,0
tim_cook,81206897,964,47883,Official account. For business: manager@agency.com,1,308080,1,0
nina_art,1059856,893,18556,Yoga instructor | wellness coach 🧘,0,34036,1,0
nasa,66277380,1544,23782,Iconic musician 🎸 | 40+ years on stage,1,384606,1,0
dev_pete,252,354,100,Data scientist | ML researcher,0,287,1,0
arianagrande37,3269,29,33,Fan account. Not official.,0,0,1,1
taylorswift607,28331,20,165,Fan account. Not official.,0,0,1,1
creative_dan,129640,36,6,DM me to grow your account fast,0,0,0,1
nft_dropper_69,98,3138,32,♻️ repost to win $1000,0,0,1,1
sarah_smith,4245049,2925,18748,High school teacher | making STEM fun,0,1875,1,0
creative_dan,62863,29,2,crypto signals ✅ 99% win rate,0,0,0,1
mindful_maya,108,77,342,photographer | travel 📷,0,515,1,0
the_real_sam,187223,20,12,,0,0,1,1
tradebot_fx,63,3467,3,NFT investor | crypto tips,0,0,0,1
follow_back_101,2284,4695,476882,crypto signals ✅ 99% win rate,0,0,1,1
fcbarcelona649,351290,26,33,Fan account. Not official.,0,0,1,1
the_real_sam,50,117,100,Entrepreneur | Founder @startup,0,686,1,0
alex_travel,72,169,100,Gaming streamer | Twitch partner 🎮,0,739,1,0
natgeo,130276735,1793,97365,International supermodel | Agency: IMG Models,1,211399,1,0
a8f7d3k9p2,78,4047,41,btc eth airdrop free coins,0,0,0,1
mike_2023,50,67,100,Blogger | Lifestyle & wellness,0,61,1,0
amy_joy,50,26,198,Medical student | future doctor 🩺,0,753,1,0
amy_joy,4348675,2135,42077,Yoga instructor | wellness coach 🧘,0,13642,1,0
acc29471838,83,3330,47,Get free followers — click bio link,0,0,0,1
mark_adventure,126889,4,11,btc eth airdrop free coins,0,0,1,1
nike,199073325,1466,90481,Hollywood actor | Upcoming: Summer Blockbuster 2025,1,492031,1,0
dev_pete,50,19,100,Architect | sustainable design,0,669,1,0
free_followers_now,448,4057,166929,NFT investor | crypto tips,0,0,1,1
kyliejenner,115272338,914,56756,Fashion icon | Creative Director @LuxuryBrand,1,450610,1,0
jeffbezos,107637149,499,72622,Official account. For business: manager@agency.com,1,434577,1,0
nft_dropper_69,209,3302,274779,NFT investor | crypto tips,0,0,1,1
photo_by_anna,4511057,2534,43263,High school teacher | making STEM fun,0,41820,1,0
fit_jessica,50,18,100,Podcaster | interviewing founders,0,995,1,0
beyonce,9265611,203,37243,Hollywood actor | Upcoming: Summer Blockbuster 2025,1,479264,1,0
chris_builds,80,40,100,software engineer @ Google,0,628,1,0
lena_captures,50,42,100,Data scientist | ML researcher,0,665,1,0
lena_captures,3895696,4835,17421,Marketing professional | keynote speaker,1,3483,1,0
nasa,166316055,1009,6851,Iconic musician 🎸 | 40+ years on stage,1,176420,1,0
everyday_elena,191,260,437,Blogger | Lifestyle & wellness,0,296,1,0
code_master,4649924,2223,42946,Artist | Digital creator ✨,0,32575,1,0
kimkardashian,99428282,1361,58845,World #1 tennis player 🎾 | Foundation: @AidFundation,1,236405,1,0
the_real_sam,132,57,104,software engineer @ Google,0,50,1,0
amy_joy,452417,35,15,NFT investor | crypto tips,0,0,1,1
sarah_smith,50,104,100,Freelance illustrator | art prints available,0,143,1,0
daniel_f,50,100,100,Dog lover 🐾 | Hiking | Books,0,818,1,0
fcbarcelona615,354347,32,64,Fan account. Not official.,0,0,1,1
alex_travel,487004,16,9,,0,0,1,1
amy_joy,2313201,3669,12534,Blogger | Lifestyle & wellness,0,23918,1,0
everyday_elena,440487,4,10,crypto signals ✅ 99% win rate,0,0,1,1
selenagomez712,315195,99,17,Fan account. Not official.,0,0,1,1
daniel_f,99,54,100,UX designer @Meta,0,159,1,0
everyday_elena,50,109,100,Environmental activist 🌱,0,818,1,0
kyliejenner742,346325,1,165,Fan account. Not official.,0,0,1,1
arianagrande523,135759,21,168,Fan account. Not official.,0,0,1,1
airdrop_winner99,98,4339,22,btc eth airdrop free coins,0,0,1,1
free_follower_bot,72,3013,35,follow for follow back,0,0,0,1
kyliejenner682,118220,48,60,Fan account. Not official.,0,0,1,1
selenagomez,140825160,978,12251,Iconic musician 🎸 | 40+ years on stage,1,246249,1,0
alex_travel,93,93,112,Freelance illustrator | art prints available,0,674,1,0
elonmusk132,86776,62,180,Fan account. Not official.,0,0,1,1
grace_beauty,97329,5,6,btc eth airdrop free coins,0,0,0,1
nasa478,346179,77,183,Fan account. Not official.,0,0,1,1
9182736450,140,4321,51050,DM me to grow your account fast,0,0,1,1
99882736450,526,4943,368195,investment advisor DM me,0,0,1,1
dev_pete,205709,7,0,Get free followers — click bio link,0,0,0,1
grace_beauty,2183218,912,34745,Freelance illustrator | art prints available,0,19981,1,0
free_follower_bot,4505,3895,235064,📈 passive income daily,0,0,1,1
1234567890ab,38,3904,7,FREE BTC airdrop → link in bio,0,0,1,1
real_human_01234,2421,3509,313257,FREE BTC airdrop → link in bio,0,0,1,1
photo_by_anna,50,85,100,Nurse practitioner | women's health advocate,0,666,1,0
paul_runs,179,341,100,Architect | sustainable design,0,852,1,0
paul_runs,50,88,100,Blogger | Lifestyle & wellness,0,9,1,0
a8f7d3k9p2,49,3326,6,follow for follow back,0,0,0,1
tom_techie,62,140,296,Traveler | 50+ countries visited ✈️,0,97,1,0
journeys_with_kai,4382224,3696,20238,Dance teacher | choreographer,0,28109,1,0
earn_fast_2024,29,4976,10,Get free followers — click bio link,0,0,1,1
john_doe,904,1686,715,Musician. Coffee addict. ☕,0,341,1,0
elonmusk292,218099,38,23,Fan account. Not official.,0,0,1,1
mindful_maya,50,101,100,mom of 3 | foodie 🍕,0,281,1,0
elonmusk735,27376,82,163,Fan account. Not official.,0,0,1,1
jeffbezos611,180239,78,162,Fan account. Not official.,0,0,1,1
lisa_writes,55,93,100,Dog lover 🐾 | Hiking | Books,0,380,1,0
fcbarcelona,127903364,748,62746,Iconic musician 🎸 | 40+ years on stage,1,85673,1,0
bot_account_7,85,3506,9,FREE BTC airdrop → link in bio,0,0,1,1
billgates399,305154,74,69,Fan account. Not official.,0,0,1,1
natgeo,189810856,1073,88353,Oscar-winning director | Production company: @StudioX,1,199979,1,0
natgeo,10703835,457,22344,International supermodel | Agency: IMG Models,1,401472,1,0
surf_with_evan,50,107,103,Yoga instructor | wellness coach 🧘,0,624,1,0
neymarjr,103045277,813,46807,Nobel Peace Prize laureate | Activist,1,384185,1,0
tim_cook,45658070,1938,37663,Grammy-winning artist 🎵 | New album out now,1,202117,1,0
therock105,463458,66,101,Fan account. Not official.,0,0,1,1
nina_art,3000209,2050,2663,Entrepreneur | Founder @startup,1,37381,1,0
elonmusk,161912237,591,91736,Fashion icon | Creative Director @LuxuryBrand,1,484111,1,0
code_master,92,105,234,software engineer @ Google,0,885,1,0
code_master,377557,4,10,Click link below 💰,0,0,0,1
airdrop_winner99,2513,4774,183193,🔞 link in bio,0,0,1,1
journeys_with_kai,363124,28,12,,0,0,0,1
journeys_with_kai,23068,10,1,promo available 📩,0,0,0,1
chef_marco,2883663,1873,35599,Dog lover 🐾 | Hiking | Books,1,38374,1,0
crypto_king_9999,33,4518,13,FREE BTC airdrop → link in bio,0,0,0,1
cristiano325,144949,91,154,Fan account. Not official.,0,0,1,1
chef_marco,489102,45,5,follow for follow back,0,0,0,1
everyday_elena,106118,27,1,,0,0,1,1
a8f7d3k9p2,2282,4467,294963,♻️ repost to win $1000,0,0,1,1
photo_by_anna,75,180,109,Developer | Open source enthusiast,0,595,1,0
acc29471838,25,4080,45,investment advisor DM me,0,0,1,1
mike_2023,50,57,100,Data scientist | ML researcher,0,108,1,0
code_master,290,101,100,Yoga instructor | wellness coach 🧘,0,183,1,0
the_real_sam,143,309,100,Musician. Coffee addict. ☕,0,289,1,0
paul_runs,50,19,340,Podcaster | interviewing founders,0,300,1,0
free_follower_bot,2714,3445,373860,btc eth airdrop free coins,0,0,1,1
dev_pete,161826,2781,47907,Retired engineer | amateur astronomer 🔭,0,14132,1,0
nike,134638251,1934,75854,International supermodel | Agency: IMG Models,1,183282,1,0
sarah_smith,1511692,3138,9992,Teacher & lifelong learner 📚,0,32700,1,0
creative_dan,1334840,3105,15013,Data scientist | ML researcher,0,3212,1,0
sarah_smith,163,386,100,Gaming streamer | Twitch partner 🎮,0,835,1,0
selenagomez,131964503,634,44143,Grammy-winning artist 🎵 | New album out now,1,71071,1,0
tom_techie,71,149,100,Yoga instructor | wellness coach 🧘,0,100,1,0
emma.j,1181600,3350,38029,Chef | Recipe creator 🍳,1,34013,1,0
lena_captures,204422,15,18,NFT investor | crypto tips,0,0,0,1
mark_adventure,53,120,179,Retired engineer | amateur astronomer 🔭,0,284,1,0
billgates754,22606,82,84,Fan account. Not official.,0,0,1,1
the_real_sam,50,88,431,fitness coach 💪 DM for plans,0,231,1,0
tradebot_fx,4938,3596,255091,earn $500/day 👇,0,0,1,1
lisa_writes,50,10,174,photographer | travel 📷,0,482,1,0
emma.j,62,135,140,Dance teacher | choreographer,0,538,1,0
journeys_with_kai,1300561,3866,25623,photographer | travel 📷,0,11735,1,0
selenagomez,191334568,697,64885,Official account. For business: manager@agency.com,1,60036,1,0
arianagrande,169076613,1108,94730,Oscar-winning director | Production company: @StudioX,1,207506,1,0
mark_adventure,50,71,164,Wildlife photographer based in Kenya,0,976,1,0
the_real_sam,50,67,523,Teacher & lifelong learner 📚,0,643,1,0
earn_fast_2024,3897,3564,467682,,0,0,1,1
tradebot_fx,2959,3042,434702,Get free followers — click bio link,0,0,1,1
lena_captures,60,149,100,Musician. Coffee addict. ☕,0,24,1,0
follow_back_101,4744,3347,105870,📈 passive income daily,0,0,1,1
paul_runs,442780,2639,3267,Podcaster | interviewing founders,1,6871,1,0
acc29471838,28,3768,28,promo available 📩,0,0,0,1
fit_jessica,186449,29,12,investment advisor DM me,0,0,0,1
lena_captures,99,38,100,Musician. Coffee addict. ☕,0,284,1,0
follow_back_101,46,4375,13,🔞 link in bio,0,0,0,1
jeffbezos980,182892,38,77,Fan account. Not official.,0,0,1,1
realmadrid,141641796,965,52002,CEO @Fortune500 | Author | Speaker,1,56662,1,0
oprah116,147140,76,145,Fan account. Not official.,0,0,1,1
creative_dan,180,212,100,Yoga instructor | wellness coach 🧘,0,488,1,0
neymarjr,59886371,154,58223,Official account. For business: manager@agency.com,1,419444,1,0
grace_beauty,50,40,167,Dog lover 🐾 | Hiking | Books,0,735,1,0
free_follower_bot,2848,3067,434005,NFT investor | crypto tips,0,0,1,1
daniel_f,197473,835,40258,Gaming streamer | Twitch partner 🎮,0,7442,1,0
9182736450,22,3400,25,♻️ repost to win $1000,0,0,0,1
emma.j,1216243,1077,15764,UX designer @Meta,0,40826,1,0
fit_jessica,78,155,250,Dog lover 🐾 | Hiking | Books,0,181,1,0
q7w8e9r0t1y2,2648,3384,185151,Real estate investor | DM for passive income secrets,0,0,1,1
free_followers_now,2857,3110,480034,Click link below 💰,0,0,1,1
chris_builds,50,116,593,Entrepreneur | Founder @startup,0,779,1,0
arianagrande818,173262,27,164,Fan account. Not official.,0,0,1,1
arianagrande,34856050,1807,35526,Official account. For business: manager@agency.com,1,222424,1,0
therock,100645644,668,60868,Professional athlete | Team captain | Brand ambassador,1,14936,1,0
a8f7d3k9p2,54,3867,40,Real estate investor | DM for passive income secrets,0,0,0,1
lena_captures,469774,38,9,,0,0,1,1
realmadrid,191516105,748,32180,Iconic musician 🎸 | 40+ years on stage,1,267329,1,0
nft_dropper_69,1277,3020,302525,crypto signals ✅ 99% win rate,0,0,1,1
b.scott.official,304263,48,1,,0,0,1,1
tim_cook,147144234,1179,33419,CEO @Fortune500 | Author | Speaker,1,273108,1,0
code_master,50,61,249,Musician. Coffee addict. ☕,0,469,1,0
mike_2023,50,63,100,News journalist @NYT,0,702,1,0
dev_pete,4262948,3013,38360,Environmental activist 🌱,0,9558,1,0
fit_jessica,87,93,100,Medical student | future doctor 🩺,0,73,1,0
daniel_f,87960,6,11,♻️ repost to win $1000,0,0,0,1
justinbieber,104916030,182,39372,CEO @Fortune500 | Author | Speaker,1,264991,1,0
billgates,84874315,1774,77581,World-renowned chef 👨‍🍳 | Author of 3 cookbooks,1,180660,1,0
emma.j,186,446,100,High school teacher | making STEM fun,0,117,1,0
bot_account_7,1017,3227,384522,,0,0,1,1
code_master,2202725,2113,13273,Entrepreneur | Founder @startup,1,6912,1,0
surf_with_evan,50,114,100,Nurse practitioner | women's health advocate,0,33,1,0
sarah_smith,50,82,610,Traveler | 50+ countries visited ✈️,0,382,1,0
nasa781,438368,55,130,Fan account. Not official.,0,0,1,1
sarah_smith,1853753,4104,35894,Environmental activist 🌱,0,816,1,0
emma.j,257322,36,6,follow for follow back,0,0,1,1
botanist_beth,50,64,100,News journalist @NYT,0,716,1,0
chris_builds,364991,28,14,promo available 📩,0,0,1,1
nasa693,160534,13,169,Fan account. Not official.,0,0,1,1
99882736450,1499,4676,336570,btc eth airdrop free coins,0,0,1,1
john_doe,50,72,100,Dog lover 🐾 | Hiking | Books,0,543,1,0
mark_adventure,4415598,1603,18629,Entrepreneur | Founder @startup,0,33871,1,0
cristiano,159750084,1973,49968,Professional athlete | Team captain | Brand ambassador,1,187818,1,0
surf_with_evan,286814,24,2,Real estate investor | DM for passive income secrets,0,0,1,1
user8374629,3413,3757,200957,♻️ repost to win $1000,0,0,1,1
beyonce,48742357,1073,42118,World-renowned chef 👨‍🍳 | Author of 3 cookbooks,1,303606,1,0
emma.j,50,88,121,Freelance illustrator | art prints available,0,433,1,0
paul_runs,3141934,1728,13251,fitness coach 💪 DM for plans,0,20602,1,0
sarah_smith,89,140,100,Medical student | future doctor 🩺,0,316,1,0
natgeo,26125577,1970,52515,Nobel Peace Prize laureate | Activist,1,425702,1,0
real_human_01234,98,3979,21,,0,0,1,1
journeys_with_kai,250454,23,10,🔞 link in bio,0,0,1,1
q7w8e9r0t1y2,4166,4700,368224,,0,0,1,1
photo_by_anna,168647,29,17,,0,0,1,1
everyday_elena,152404,30,7,,0,0,0,1
arianagrande789,467733,59,48,Fan account. Not official.,0,0,1,1
mindful_maya,4407277,4574,48214,Dog lover 🐾 | Hiking | Books,0,22763,1,0
free_follower_bot,26,3544,11,Real estate investor | DM for passive income secrets,0,0,1,1
paul_runs,65,40,100,Marketing professional | keynote speaker,0,15,1,0
journeys_with_kai,150676,2,14,Real estate investor | DM for passive income secrets,0,0,1,1
nina_art,33374,13,0,crypto signals ✅ 99% win rate,0,0,1,1
free_follower_bot,4414,3259,98136,DM me to grow your account fast,0,0,1,1
airdrop_winner99,1484,4943,411010,investment advisor DM me,0,0,1,1
fit_jessica,50,98,100,Teacher & lifelong learner 📚,0,268,1,0
therock,106163787,244,12184,Fashion icon | Creative Director @LuxuryBrand,1,257289,1,0
alex_travel,196571,33,2,FREE BTC airdrop → link in bio,0,0,1,1
get_rich_88,4,3941,31,investment advisor DM me,0,0,0,1
free_follower_bot,3116,4523,388212,FREE BTC airdrop → link in bio,0,0,1,1
real_human_01234,33,3026,33,🔞 link in bio,0,0,0,1
9182736450,2950,3621,129613,🔞 link in bio,0,0,1,1
daniel_f,128390,1373,26953,Environmental activist 🌱,0,3247,1,0
john_doe,1048474,4901,43055,Artist | Digital creator ✨,0,21986,1,0
tom_techie,1970498,608,9017,Yoga instructor | wellness coach 🧘,1,43065,1,0
surf_with_evan,1987919,280,3402,News journalist @NYT,1,38755,1,0
b.scott.official,499749,21,15,crypto signals ✅ 99% win rate,0,0,1,1
everyday_elena,411484,44,11,DM me to grow your account fast,0,0,1,1
tradebot_fx,95,3587,8,investment advisor DM me,0,0,0,1
cristiano841,226743,87,66,Fan account. Not official.,0,0,1,1
everyday_elena,50,40,776,Fashion designer | PR welcome,0,855,1,0
chef_marco,50,112,592,Retired engineer | amateur astronomer 🔭,0,457,1,0
nasa,19807242,1961,54396,Official account. For business: manager@agency.com,1,495956,1,0
mindful_maya,50,79,100,Blogger | Lifestyle & wellness,0,756,1,0
taylorswift355,49795,59,68,Fan account. Not official.,0,0,1,1
paul_runs,50,42,100,UX designer @Meta,0,438,1,0
natgeo,179834928,377,17474,Official account. For business: manager@agency.com,1,310886,1,0
creative_dan,2589253,1118,47475,Dance teacher | choreographer,0,1858,1,0
user8374629,625,4468,346881,Click link below 💰,0,0,1,1
tom_techie,499411,2,8,crypto signals ✅ 99% win rate,0,0,0,1
oprah895,287187,92,147,Fan account. Not official.,0,0,1,1
grace_beauty,387435,28,15,,0,0,0,1
fcbarcelona255,62918,26,59,Fan account. Not official.,0,0,1,1
cristiano,146920930,1565,54533,Professional athlete | Team captain | Brand ambassador,1,233164,1,0
get_rich_88,3396,3179,477578,📈 passive income daily,0,0,1,1
user8374629,4096,3985,282165,earn $500/day 👇,0,0,1,1
grace_beauty,50,84,819,Medical student | future doctor 🩺,0,910,1,0
nasa,108679912,589,64189,Official account. For business: manager@agency.com,1,100457,1,0
real_human_01234,27,3123,18,FREE BTC airdrop → link in bio,0,0,0,1
creative_dan,181492,1015,32582,Freelance illustrator | art prints available,1,25902,1,0
follow_back_101,44,4386,11,investment advisor DM me,0,0,0,1
lisa_writes,50,52,323,Artist | Digital creator ✨,1,779,1,0
a8f7d3k9p2,1738,4241,380842,🔞 link in bio,0,0,1,1
b.scott.official,94720,39,17,,0,0,1,1
surf_with_evan,178,335,100,mom of 3 | foodie 🍕,0,109,1,0
free_follower_bot,852,3168,298023,,0,0,1,1
dev_pete,50,49,100,Artist | Digital creator ✨,0,837,1,0
oprah,57192735,1321,32124,Fashion icon | Creative Director @LuxuryBrand,1,125403,1,0
creative_dan,50,91,252,photographer | travel 📷,0,94,1,0
code_master,2617192,3389,22222,Fashion designer | PR welcome,0,22634,1,0
daniel_f,239508,38,18,FREE BTC airdrop → link in bio,0,0,1,1
amy_joy,50,103,110,Marketing professional | keynote speaker,0,969,1,0
dev_pete,244,112,621,News journalist @NYT,0,84,1,0
the_real_sam,91,22,496,Nurse practitioner | women's health advocate,0,902,1,0
mike_2023,3015242,804,8915,Developer | Open source enthusiast,0,40228,1,0
sarah_smith,92,182,225,Artist | Digital creator ✨,0,907,1,0
mike_2023,4308930,3032,27260,Marketing professional | keynote speaker,0,29983,1,0
journeys_with_kai,50,57,116,Fashion designer | PR welcome,0,220,1,0
chef_marco,251,195,100,High school teacher | making STEM fun,1,365,1,0
grace_beauty,261,133,100,Architect | sustainable design,0,742,1,0
b.scott.official,2868332,336,11484,Fashion designer | PR welcome,0,33905,1,0
the_real_sam,50,14,100,Nurse practitioner | women's health advocate,0,635,1,0
fcbarcelona87,183088,36,81,Fan account. Not official.,0,0,1,1
a8f7d3k9p2,71,3843,19,btc eth airdrop free coins,0,0,0,1
grace_beauty,200,256,100,Entrepreneur | Founder @startup,0,42,1,0
q7w8e9r0t1y2,3366,3192,261364,crypto signals ✅ 99% win rate,0,0,1,1
get_rich_88,59,3064,42,promo available 📩,0,0,1,1
fit_jessica,126742,19,4,investment advisor DM me,0,0,0,1
chef_marco,50,42,365,Teacher & lifelong learner 📚,0,739,1,0
get_rich_88,4,3380,39,FREE BTC airdrop → link in bio,0,0,0,1
mike_2023,113,149,100,Data scientist | ML researcher,0,864,1,0
nike190,192882,29,44,Fan account. Not official.,0,0,1,1
cristiano,101925860,1843,41017,Oscar-winning director | Production company: @StudioX,1,453988,1,0
botanist_beth,177,420,100,Architect | sustainable design,0,406,1,0
journeys_with_kai,50,67,162,Dog lover 🐾 | Hiking | Books,0,782,1,0
zz_promo_zz,356,4222,476098,FREE BTC airdrop → link in bio,0,0,1,1
mindful_maya,111166,0,9,♻️ repost to win $1000,0,0,0,1
taylorswift422,418770,69,83,Fan account. Not official.,0,0,1,1
lisa_writes,462551,21,15,♻️ repost to win $1000,0,0,0,1
fcbarcelona,15549555,1979,20656,Oscar-winning director | Production company: @StudioX,1,302180,1,0
mindful_maya,67,58,212,Environmental activist 🌱,0,112,1,0
journeys_with_kai,50,42,104,Developer | Open source enthusiast,0,864,1,0
lisa_writes,80,152,604,mom of 3 | foodie 🍕,0,134,1,0
the_real_sam,542,408,719,Retired engineer | amateur astronomer 🔭,0,551,1,0
airdrop_winner99,37,4100,22,earn $500/day 👇,0,0,1,1
journeys_with_kai,50,56,100,Teacher & lifelong learner 📚,0,988,1,0
photo_by_anna,2163330,1955,36807,Wildlife photographer based in Kenya,0,10008,1,0
realmadrid788,421984,3,77,Fan account. Not official.,0,0,1,1
q7w8e9r0t1y2,1060,4061,348631,btc eth airdrop free coins,0,0,1,1
crypto_king_9999,664,3110,362711,Real estate investor | DM for passive income secrets,0,0,1,1
chris_builds,50,81,100,Retired engineer | amateur astronomer 🔭,0,270,1,0
nina_art,50,123,385,Artist | Digital creator ✨,0,561,1,0
chris_builds,50,56,816,UX designer @Meta,0,712,1,0
natgeo266,51749,48,161,Fan account. Not official.,0,0,1,1
q7w8e9r0t1y2,43,3227,31,NFT investor | crypto tips,0,0,0,1
chef_marco,446947,39,3,Click link below 💰,0,0,0,1
chris_builds,74082,9,10,earn $500/day 👇,0,0,1,1
emma.j,74389,4,2,crypto signals ✅ 99% win rate,0,0,0,1
creative_dan,50,28,100,Marketing professional | keynote speaker,0,76,1,0
selenagomez,192180772,1917,85417,Iconic musician 🎸 | 40+ years on stage,1,196906,1,0
therock,115764727,416,24573,World-renowned chef 👨‍🍳 | Author of 3 cookbooks,1,226765,1,0
cristiano866,306985,19,141,Fan account. Not official.,0,0,1,1
journeys_with_kai,50,66,100,Environmental activist 🌱,0,535,1,0
neymarjr,121102267,802,71658,World-renowned chef 👨‍🍳 | Author of 3 cookbooks,1,26122,1,0
neymarjr33,458385,64,44,Fan account. Not official.,0,0,1,1
fit_jessica,73,85,210,Developer | Open source enthusiast,0,867,1,0
tom_techie,494156,10,9,promo available 📩,0,0,0,1
acc29471838,321,3893,460859,,0,0,1,1
chef_marco,56,68,134,Dance teacher | choreographer,0,824,1,0
botanist_beth,50,18,225,High school teacher | making STEM fun,0,26,1,0
tim_cook,62440198,1816,21310,Hollywood actor | Upcoming: Summer Blockbuster 2025,1,195318,1,0
journeys_with_kai,1877181,2120,23872,fitness coach 💪 DM for plans,1,37519,1,0
tradebot_fx,58,4360,26,earn $500/day 👇,0,0,0,1
the_real_sam,3950466,638,45369,Nurse practitioner | women's health advocate,1,21303,1,0
sarah_smith,58668,33,2,Get free followers — click bio link,0,0,0,1
9182736450,792,4951,185858,Get free followers — click bio link,0,0,1,1
mark_adventure,50,113,100,High school teacher | making STEM fun,0,837,1,0
follow_back_101,45,3611,48,promo available 📩,0,0,1,1
kyliejenner330,421163,20,183,Fan account. Not official.,0,0,1,1
zz_promo_zz,1273,4641,484863,Get free followers — click bio link,0,0,1,1
a8f7d3k9p2,27,3621,21,,0,0,0,1
everyday_elena,70,40,186,Dance teacher | choreographer,0,518,1,0
q7w8e9r0t1y2,69,4037,10,🔞 link in bio,0,0,0,1
mindful_maya,290626,45,13,promo available 📩,0,0,0,1
tom_techie,343711,46,2,Get free followers — click bio link,0,0,0,1
follow_back_101,27,3907,22,investment advisor DM me,0,0,1,1
chef_marco,50,74,100,Nurse practitioner | women's health advocate,0,792,1,0
1234567890ab,48,4604,5,investment advisor DM me,0,0,1,1
mark_adventure,50,82,207,Gaming streamer | Twitch partner 🎮,0,249,1,0
tom_techie,78,18,100,High school teacher | making STEM fun,0,577,1,0
taylorswift,26356394,585,24391,Iconic musician 🎸 | 40+ years on stage,1,244285,1,0
tom_techie,173,388,100,Blogger | Lifestyle & wellness,0,493,1,0
natgeo813,287600,90,36,Fan account. Not official.,0,0,1,1
dev_pete,100,71,100,Dog lover 🐾 | Hiking | Books,0,616,1,0
mike_2023,24465,21,5,🔞 link in bio,0,0,0,1
botanist_beth,137,319,242,Medical student | future doctor 🩺,0,279,1,0
mark_adventure,292,381,486,Medical student | future doctor 🩺,0,990,1,0
chef_marco,488090,12,1,btc eth airdrop free coins,0,0,1,1
creative_dan,193,300,100,Marketing professional | keynote speaker,0,388,1,0
amy_joy,50,49,285,Fashion designer | PR welcome,0,435,1,0
1234567890ab,61,3488,4,promo available 📩,0,0,0,1
billgates291,142956,67,161,Fan account. Not official.,0,0,1,1
alex_travel,50,78,100,Architect | sustainable design,0,567,1,0
billgates,106159768,1077,23943,Oscar-winning director | Production company: @StudioX,1,277448,1,0
elonmusk989,327918,41,158,Fan account. Not official.,0,0,1,1
sarah_smith,50,76,324,Architect | sustainable design,0,962,1,0
emma.j,50,59,100,Dog lover 🐾 | Hiking | Books,0,570,1,0
fcbarcelona192,472482,13,114,Fan account. Not official.,0,0,1,1
nasa,196335261,157,34686,Iconic musician 🎸 | 40+ years on stage,1,40918,1,0
jeffbezos,139601428,1443,39070,Fashion icon | Creative Director @LuxuryBrand,1,375819,1,0
botanist_beth,3622482,664,7090,UX designer @Meta,0,39963,1,0
alex_travel,181657,26,2,FREE BTC airdrop → link in bio,0,0,0,1
the_real_sam,290903,41,2,follow for follow back,0,0,0,1
arianagrande661,115564,38,66,Fan account. Not official.,0,0,1,1
fit_jessica,1634321,2702,25573,Podcaster | interviewing founders,0,12376,1,0
mindful_maya,76,162,152,Marketing professional | keynote speaker,0,771,1,0
jeffbezos870,404801,36,20,Fan account. Not official.,0,0,1,1
free_followers_now,1036,3437,341353,,0,0,1,1
the_real_sam,50,120,102,UX designer @Meta,0,232,1,0
john_doe,243515,6,6,,0,0,0,1
the_real_sam,121,36,100,Environmental activist 🌱,0,665,1,0
xXx_profit_xXx,491,4595,482917,,0,0,1,1
photo_by_anna,252,507,100,Fashion designer | PR welcome,0,994,1,0
kimkardashian454,123894,85,33,Fan account. Not official.,0,0,1,1
get_rich_88,61,4036,12,FREE BTC airdrop → link in bio,0,0,0,1
billgates,31819055,705,76989,World #1 tennis player 🎾 | Foundation: @AidFundation,1,24890,1,0
b.scott.official,496200,25,16,♻️ repost to win $1000,0,0,0,1
dev_pete,441905,22,15,Click link below 💰,0,0,0,1
emma.j,59773,45,7,promo available 📩,0,0,0,1
amy_joy,79,165,272,Freelance illustrator | art prints available,1,874,1,0
earn_fast_2024,9,3077,47,NFT investor | crypto tips,0,0,0,1
fit_jessica,94,43,100,Traveler | 50+ countries visited ✈️,0,124,1,0
botanist_beth,208775,44,0,📈 passive income daily,0,0,0,1
crypto_king_9999,3916,4626,148690,,0,0,1,1
everyday_elena,163,346,734,Data scientist | ML researcher,0,370,1,0
lena_captures,50,19,100,Yoga instructor | wellness coach 🧘,0,502,1,0
john_doe,4001292,3246,7816,Artist | Digital creator ✨,1,38432,1,0
99882736450,73,4274,32,📈 passive income daily,0,0,1,1
follow_back_101,74,3358,41,,0,0,1,1
journeys_with_kai,50,49,100,photographer | travel 📷,0,481,1,0
alex_travel,50,116,125,UX designer @Meta,0,715,1,0
realmadrid,84793427,1450,11964,World #1 tennis player 🎾 | Foundation: @AidFundation,1,364832,1,0
lisa_writes,3660102,1708,3131,Podcaster | interviewing founders,1,29315,1,0
free_followers_now,48,4730,16,crypto signals ✅ 99% win rate,0,0,0,1
neymarjr10,493342,66,124,Fan account. Not official.,0,0,1,1
tim_cook,87607362,1063,80911,Hollywood actor | Upcoming: Summer Blockbuster 2025,1,367241,1,0
airdrop_winner99,1087,3093,118298,crypto signals ✅ 99% win rate,0,0,1,1
mike_2023,464,300,235,News journalist @NYT,0,848,1,0
free_followers_now,2,4223,43,follow for follow back,0,0,0,1
elonmusk,125038491,924,95838,World #1 tennis player 🎾 | Foundation: @AidFundation,1,196015,1,0
botanist_beth,4193792,4828,39627,Entrepreneur | Founder @startup,0,14926,1,0
mike_2023,50,68,100,Yoga instructor | wellness coach 🧘,0,166,1,0
mindful_maya,101,247,378,Retired engineer | amateur astronomer 🔭,0,208,1,0
xXx_profit_xXx,81,3568,1,,0,0,1,1
oprah68,273707,27,188,Fan account. Not official.,0,0,1,1
natgeo784,403093,50,102,Fan account. Not official.,0,0,1,1
jeffbezos835,112228,14,60,Fan account. Not official.,0,0,1,1
get_rich_88,60,4583,6,FREE BTC airdrop → link in bio,0,0,0,1
amy_joy,353271,3,3,,0,0,0,1
acc29471838,84,4559,25,Real estate investor | DM for passive income secrets,0,0,0,1
photo_by_anna,50,109,335,mom of 3 | foodie 🍕,0,825,1,0
grace_beauty,201630,6,18,Get free followers — click bio link,0,0,1,1
amy_joy,50,116,872,Yoga instructor | wellness coach 🧘,0,899,1,0
fit_jessica,4614225,3957,13251,fitness coach 💪 DM for plans,1,42144,1,0
mike_2023,124751,23,17,,0,0,0,1
get_rich_88,1994,3700,289718,NFT investor | crypto tips,0,0,1,1
sarah_smith,361053,3200,37515,Dance teacher | choreographer,0,566,1,0
the_real_sam,2982739,4017,38255,Fashion designer | PR welcome,0,41061,1,0
photo_by_anna,205,480,100,Traveler | 50+ countries visited ✈️,0,557,1,0
grace_beauty,50,96,100,Data scientist | ML researcher,1,251,1,0
kyliejenner763,20817,70,39,Fan account. Not official.,0,0,1,1
earn_fast_2024,4260,4615,365957,earn $500/day 👇,0,0,1,1
free_followers_now,1479,4380,271063,Click link below 💰,0,0,1,1
zz_promo_zz,4755,3293,355246,FREE BTC airdrop → link in bio,0,0,1,1
chef_marco,3953397,2944,40221,Podcaster | interviewing founders,1,22013,1,0
elonmusk785,225635,98,71,Fan account. Not official.,0,0,1,1
nina_art,74,60,100,Nurse practitioner | women's health advocate,0,253,1,0
99882736450,91,4455,8,,0,0,1,1
journeys_with_kai,4885168,2652,13743,Medical student | future doctor 🩺,0,41706,1,0
photo_by_anna,395602,3,13,NFT investor | crypto tips,0,0,0,1
daniel_f,657,1041,100,Musician. Coffee addict. ☕,0,695,1,0
cristiano998,356532,36,128,Fan account. Not official.,0,0,1,1
tom_techie,174,365,279,High school teacher | making STEM fun,0,98,1,0
9182736450,4637,4936,315140,follow for follow back,0,0,1,1
emma.j,489779,36,19,,0,0,0,1
lisa_writes,367,774,100,Musician. Coffee addict. ☕,0,612,1,0
mindful_maya,88,127,136,Musician. Coffee addict. ☕,0,411,1,0
justinbieber192,153134,20,163,Fan account. Not official.,0,0,1,1
everyday_elena,50,97,146,Traveler | 50+ countries visited ✈️,0,177,1,0
earn_fast_2024,30,4386,0,crypto signals ✅ 99% win rate,0,0,0,1
tim_cook,141748912,974,35418,Official account. For business: manager@agency.com,1,27109,1,0
kyliejenner336,336724,74,192,Fan account. Not official.,0,0,1,1
lena_captures,441,382,427,software engineer @ Google,0,684,1,0
free_follower_bot,52,3613,13,📈 passive income daily,0,0,1,1
amy_joy,115,209,212,Dog lover 🐾 | Hiking | Books,0,506,1,0
journeys_with_kai,50,83,100,Data scientist | ML researcher,0,858,1,0
alex_travel,50,66,207,Wildlife photographer based in Kenya,0,324,1,0
creative_dan,4062371,1400,48406,Yoga instructor | wellness coach 🧘,1,39992,1,0
fit_jessica,2750154,2132,15148,Blogger | Lifestyle & wellness,0,23431,1,0
mike_2023,196,236,165,Medical student | future doctor 🩺,0,478,1,0
code_master,50,86,568,Wildlife photographer based in Kenya,0,991,1,0
chris_builds,559027,4088,5048,UX designer @Meta,0,3002,1,0
emma.j,50,123,125,Retired engineer | amateur astronomer 🔭,0,785,1,0
everyday_elena,152708,20,0,DM me to grow your account fast,0,0,1,1
free_follower_bot,55,3260,42,Get free followers — click bio link,0,0,1,1
lena_captures,211,124,100,Chef | Recipe creator 🍳,0,121,1,0
acc29471838,429,4473,205237,investment advisor DM me,0,0,1,1
mindful_maya,108,131,100,Podcaster | interviewing founders,0,324,1,0
realmadrid647,470459,77,107,Fan account. Not official.,0,0,1,1
taylorswift,112424138,794,95910,Hollywood actor | Upcoming: Summer Blockbuster 2025,1,381183,1,0
code_master,268,620,100,High school teacher | making STEM fun,0,98,1,0
tim_cook338,138396,35,54,Fan account. Not official.,0,0,1,1
get_rich_88,241,3469,281651,earn $500/day 👇,0,0,1,1
amy_joy,50,89,100,Entrepreneur | Founder @startup,0,822,1,0
real_human_01234,254,3063,206456,,0,0,1,1
paul_runs,50,22,100,software engineer @ Google,0,256,1,0
jeffbezos,26661701,536,54729,Grammy-winning artist 🎵 | New album out now,1,485417,1,0
john_doe,93,122,100,Teacher & lifelong learner 📚,0,906,1,0
kyliejenner393,41124,33,199,Fan account. Not official.,0,0,1,1
realmadrid131,154788,15,185,Fan account. Not official.,0,0,1,1
elonmusk911,455755,22,55,Fan account. Not official.,0,0,1,1
grace_beauty,50,115,107,High school teacher | making STEM fun,0,22,1,0
creative_dan,2879885,3670,19122,Artist | Digital creator ✨,0,35124,1,0
fcbarcelona,69246258,438,41954,World #1 tennis player 🎾 | Foundation: @AidFundation,1,243003,1,0
oprah,128958170,1044,50107,Official account. For business: manager@agency.com,1,435151,1,0
amy_joy,58,89,1150,software engineer @ Google,0,557,1,0
lena_captures,50,76,1355,fitness coach 💪 DM for plans,0,930,1,0
everyday_elena,50,98,294,Retired engineer | amateur astronomer 🔭,0,362,1,0
botanist_beth,216,294,100,News journalist @NYT,0,841,1,0
journeys_with_kai,55,94,477,Podcaster | interviewing founders,0,481,1,0
natgeo,148619787,1633,68434,Oscar-winning director | Production company: @StudioX,1,45912,1,0
9182736450,76,3266,11,follow for follow back,0,0,0,1
john_doe,92171,48,16,📈 passive income daily,0,0,1,1
emma.j,50,41,100,Entrepreneur | Founder @startup,0,352,1,0
creative_dan,50,41,118,Traveler | 50+ countries visited ✈️,0,815,1,0
daniel_f,50,69,100,Yoga instructor | wellness coach 🧘,0,26,1,0
zz_promo_zz,48,3060,42,,0,0,1,1
daniel_f,103134,34,4,🔞 link in bio,0,0,1,1
john_doe,338860,7,6,🔞 link in bio,0,0,1,1
fit_jessica,243721,4,15,,0,0,1,1
journeys_with_kai,255,186,138,Freelance illustrator | art prints available,0,942,1,0
alex_travel,74,38,107,Freelance illustrator | art prints available,1,830,1,0
tim_cook,53938118,1432,75477,Hollywood actor | Upcoming: Summer Blockbuster 2025,1,132154,1,0
everyday_elena,50,54,139,Traveler | 50+ countries visited ✈️,0,262,1,0
earn_fast_2024,1467,4752,366586,Click link below 💰,0,0,1,1
crypto_king_9999,1885,3790,281831,,0,0,1,1
tom_techie,219,523,247,High school teacher | making STEM fun,0,855,1,0
mike_2023,155,204,120,Medical student | future doctor 🩺,0,992,1,0
the_real_sam,50,121,312,fitness coach 💪 DM for plans,0,489,1,0
tradebot_fx,3098,3490,320386,follow for follow back,0,0,1,1
fit_jessica,50,28,100,Data scientist | ML researcher,0,855,1,0
mark_adventure,2242452,3004,45624,News journalist @NYT,0,31834,1,0
grace_beauty,266488,27,10,NFT investor | crypto tips,0,0,1,1
jeffbezos,188800065,763,94528,Professional athlete | Team captain | Brand ambassador,1,98512,1,0
mike_2023,50,105,337,Developer | Open source enthusiast,0,490,1,0
kimkardashian,40504955,199,32196,Nobel Peace Prize laureate | Activist,1,31575,1,0
tim_cook288,40376,23,94,Fan account. Not official.,0,0,1,1
daniel_f,3533033,2180,20555,software engineer @ Google,0,18501,1,0
tim_cook453,301189,28,32,Fan account. Not official.,0,0,1,1
emma.j,50,36,100,Blogger | Lifestyle & wellness,0,641,1,0
a8f7d3k9p2,3612,4351,496078,crypto signals ✅ 99% win rate,0,0,1,1
xXx_profit_xXx,1694,4223,318620,crypto signals ✅ 99% win rate,0,0,1,1
paul_runs,1831563,1162,29766,Musician. Coffee addict. ☕,0,15915,1,0
acc29471838,92,3343,6,btc eth airdrop free coins,0,0,0,1
oprah475,341366,86,90,Fan account. Not official.,0,0,1,1
tim_cook,22486255,242,10764,Official account. For business: manager@agency.com,1,404336,1,0
grace_beauty,97,111,100,photographer | travel 📷,0,474,1,0
99882736450,13,3430,2,🔞 link in bio,0,0,0,1
elonmusk,39587942,367,70226,International supermodel | Agency: IMG Models,1,178843,1,0
bot_account_7,62,3776,8,NFT investor | crypto tips,0,0,1,1
mike_2023,110,115,100,Musician. Coffee addict. ☕,0,803,1,0
elonmusk106,382493,18,183,Fan account. Not official.,0,0,1,1
alex_travel,157,217,158,High school teacher | making STEM fun,0,798,1,0
tom_techie,96,56,198,Retired engineer | amateur astronomer 🔭,0,690,1,0
user8374629,3551,4160,346961,🔞 link in bio,0,0,1,1
airdrop_winner99,4091,4094,231571,♻️ repost to win $1000,0,0,1,1
follow_back_101,3060,4564,413623,🔞 link in bio,0,0,1,1
selenagomez,18262898,1838,91324,Iconic musician 🎸 | 40+ years on stage,1,59767,1,0
oprah446,371233,17,66,Fan account. Not official.,0,0,1,1
nft_dropper_69,398,3474,358336,,0,0,1,1
alex_travel,50,36,100,Environmental activist 🌱,0,42,1,0
beyonce364,153651,61,145,Fan account. Not official.,0,0,1,1
kyliejenner,177690715,977,92092,Professional athlete | Team captain | Brand ambassador,1,315914,1,0
grace_beauty,73,29,385,High school teacher | making STEM fun,0,530,1,0
john_doe,66,137,100,Podcaster | interviewing founders,0,736,1,0
code_master,50,43,100,Musician. Coffee addict. ☕,0,22,1,0
emma.j,68,148,307,mom of 3 | foodie 🍕,0,59,1,0
nasa,186678148,1580,90363,Iconic musician 🎸 | 40+ years on stage,1,478828,1,0
lena_captures,2698196,1522,8562,Medical student | future doctor 🩺,0,16036,1,0
oprah318,173351,77,55,Fan account. Not official.,0,0,1,1
surf_with_evan,194,344,100,Podcaster | interviewing founders,0,161,1,0
natgeo410,92335,51,130,Fan account. Not official.,0,0,1,1
fcbarcelona537,156739,33,91,Fan account. Not official.,0,0,1,1
daniel_f,50,118,100,Environmental activist 🌱,0,403,1,0
paul_runs,239426,16,19,DM me to grow your account fast,0,0,0,1
chef_marco,50,53,505,Data scientist | ML researcher,0,180,1,0
nasa,108910191,1243,5666,Nobel Peace Prize laureate | Activist,1,138067,1,0
fcbarcelona177,135328,94,55,Fan account. Not official.,0,0,1,1
emma.j,1823268,4015,41217,Architect | sustainable design,0,1663,1,0
dev_pete,225,111,100,Environmental activist 🌱,0,500,1,0
oprah937,210626,90,151,Fan account. Not official.,0,0,1,1
cristiano778,480771,81,57,Fan account. Not official.,0,0,1,1
zz_promo_zz,88,3586,43,,0,0,0,1
amy_joy,131,79,1177,Wildlife photographer based in Kenya,0,905,1,0
dev_pete,323171,40,8,,0,0,0,1
tom_techie,50,73,119,Wildlife photographer based in Kenya,0,861,1,0
tim_cook,197475779,783,99972,Professional athlete | Team captain | Brand ambassador,1,404600,1,0
bot_account_7,4793,3460,170400,,0,0,1,1
earn_fast_2024,2337,4851,348448,Real estate investor | DM for passive income secrets,0,0,1,1
nike109,77115,56,81,Fan account. Not official.,0,0,1,1
elonmusk979,259019,44,93,Fan account. Not official.,0,0,1,1
daniel_f,85898,1,1,earn $500/day 👇,0,0,1,1
acc29471838,2306,4629,364984,,0,0,1,1
airdrop_winner99,7,4037,46,,0,0,1,1
lena_captures,50,97,100,Podcaster | interviewing founders,0,137,1,0
the_real_sam,3050235,4885,16305,Gaming streamer | Twitch partner 🎮,0,32169,1,0
paul_runs,121,61,451,Freelance illustrator | art prints available,0,981,1,0
neymarjr944,314851,86,190,Fan account. Not official.,0,0,1,1
mark_adventure,57,64,100,Entrepreneur | Founder @startup,0,965,1,0
therock990,437474,73,65,Fan account. Not official.,0,0,1,1
dev_pete,189,173,100,Environmental activist 🌱,0,56,1,0
surf_with_evan,50,66,100,UX designer @Meta,0,363,1,0
crypto_king_9999,1,3812,49,Real estate investor | DM for passive income secrets,0,0,1,1
jeffbezos119,156642,68,141,Fan account. Not official.,0,0,1,1
earn_fast_2024,35,4227,23,,0,0,0,1
oprah442,319818,5,76,Fan account. Not official.,0,0,1,1
lena_captures,50,26,167,Entrepreneur | Founder @startup,0,243,1,0
neymarjr467,20824,20,10,Fan account. Not official.,0,0,1,1
9182736450,87,4560,6,,0,0,0,1
beyonce,19792253,1350,20857,Professional athlete | Team captain | Brand ambassador,1,201035,1,0
get_rich_88,20,3499,32,Click link below 💰,0,0,1,1
emma.j,50,15,233,Gaming streamer | Twitch partner 🎮,0,672,1,0
justinbieber936,380971,40,166,Fan account. Not official.,0,0,1,1
photo_by_anna,50,33,140,Medical student | future doctor 🩺,0,862,1,0
q7w8e9r0t1y2,685,3088,492025,Click link below 💰,0,0,1,1
airdrop_winner99,2201,3967,154786,♻️ repost to win $1000,0,0,1,1
lena_captures,91252,36,7,FREE BTC airdrop → link in bio,0,0,1,1
jeffbezos,65959357,111,18954,International supermodel | Agency: IMG Models,1,22583,1,0
selenagomez469,212122,25,165,Fan account. Not official.,0,0,1,1
kyliejenner,126329538,1543,50326,Fashion icon | Creative Director @LuxuryBrand,1,126473,1,0
kimkardashian,97395844,684,5990,World-renowned chef 👨‍🍳 | Author of 3 cookbooks,1,242081,1,0
9182736450,12,4270,30,btc eth airdrop free coins,0,0,0,1
zz_promo_zz,62,3982,47,btc eth airdrop free coins,0,0,1,1
free_followers_now,84,4049,1,,0,0,1,1
alex_travel,50,59,445,Yoga instructor | wellness coach 🧘,0,498,1,0
journeys_with_kai,50,71,100,Freelance illustrator | art prints available,1,203,1,0
crypto_king_9999,23,4962,1,Click link below 💰,0,0,0,1
emma.j,251123,20,14,earn $500/day 👇,0,0,1,1
lena_captures,70264,30,7,,0,0,1,1
alex_travel,1521817,4751,39183,Dog lover 🐾 | Hiking | Books,0,24080,1,0
dev_pete,50,72,175,Nurse practitioner | women's health advocate,0,876,1,0
alex_travel,440770,20,13,📈 passive income daily,0,0,1,1
follow_back_101,77,3040,22,Click link below 💰,0,0,1,1
9182736450,2800,3509,340204,,0,0,1,1
realmadrid534,82949,79,64,Fan account. Not official.,0,0,1,1
photo_by_anna,195955,3630,46376,Freelance illustrator | art prints available,1,37254,1,0
lisa_writes,266285,1,2,Click link below 💰,0,0,0,1
fit_jessica,50,49,447,Traveler | 50+ countries visited ✈️,0,296,1,0
get_rich_88,721,3831,234643,DM me to grow your account fast,0,0,1,1
john_doe,102,209,100,Musician. Coffee addict. ☕,0,189,1,0
natgeo732,354711,4,193,Fan account. Not official.,0,0,1,1
fit_jessica,69,84,602,fitness coach 💪 DM for plans,0,525,1,0
paul_runs,50603,13,0,,0,0,0,1
kyliejenner719,65529,37,47,Fan account. Not official.,0,0,1,1
1234567890ab,2654,4344,481155,FREE BTC airdrop → link in bio,0,0,1,1
taylorswift,94227589,175,36269,Oscar-winning director | Production company: @StudioX,1,132782,1,0
get_rich_88,0,3471,37,Click link below 💰,0,0,0,1
xXx_profit_xXx,49,4964,26,Click link below 💰,0,0,1,1
sarah_smith,200639,9,3,btc eth airdrop free coins,0,0,0,1
crypto_king_9999,4981,3808,342997,btc eth airdrop free coins,0,0,1,1
oprah803,68221,87,48,Fan account. Not official.,0,0,1,1
earn_fast_2024,3941,3658,417537,♻️ repost to win $1000,0,0,1,1
b.scott.official,50,104,217,Nurse practitioner | women's health advocate,0,309,1,0
the_real_sam,440423,0,8,btc eth airdrop free coins,0,0,1,1
justinbieber193,7320,69,136,Fan account. Not official.,0,0,1,1
crypto_king_9999,4235,4203,186672,♻️ repost to win $1000,0,0,1,1
lena_captures,3164285,2817,27816,Musician. Coffee addict. ☕,0,10670,1,0
q7w8e9r0t1y2,3165,4272,492620,📈 passive income daily,0,0,1,1
airdrop_winner99,73,4671,11,crypto signals ✅ 99% win rate,0,0,0,1
fcbarcelona,31903497,1721,66532,Hollywood actor | Upcoming: Summer Blockbuster 2025,1,297410,1,0
free_followers_now,29,4627,23,,0,0,0,1
acc29471838,3585,4439,302187,btc eth airdrop free coins,0,0,1,1
john_doe,68,110,100,Podcaster | interviewing founders,0,16,1,0
natgeo58,397030,19,51,Fan account. Not official.,0,0,1,1
elonmusk273,251894,89,44,Fan account. Not official.,0,0,1,1
mike_2023,50,41,100,Medical student | future doctor 🩺,0,972,1,0
99882736450,2983,4691,204738,crypto signals ✅ 99% win rate,0,0,1,1
realmadrid840,101424,80,19,Fan account. Not official.,0,0,1,1
realmadrid,8924750,1036,67681,Professional athlete | Team captain | Brand ambassador,1,35253,1,0
nina_art,75,77,735,Teacher & lifelong learner 📚,0,476,1,0
mindful_maya,50,32,100,Dog lover 🐾 | Hiking | Books,0,847,1,0
botanist_beth,464445,20,8,investment advisor DM me,0,0,0,1
earn_fast_2024,4368,4802,313122,follow for follow back,0,0,1,1
kimkardashian,21726654,973,59395,World-renowned chef 👨‍🍳 | Author of 3 cookbooks,1,16355,1,0
mark_adventure,327012,17,11,,0,0,0,1
mindful_maya,2107451,4019,42816,Yoga instructor | wellness coach 🧘,1,23240,1,0
emma.j,79,91,547,Medical student | future doctor 🩺,0,899,1,0
paul_runs,421058,3970,44262,Entrepreneur | Founder @startup,0,29396,1,0
nasa,182083949,1923,67690,Hollywood actor | Upcoming: Summer Blockbuster 2025,1,27362,1,0
justinbieber,111456299,1179,63941,World #1 tennis player 🎾 | Foundation: @AidFundation,1,474231,1,0
journeys_with_kai,50,56,279,photographer | travel 📷,0,644,1,0
fit_jessica,239572,40,4,,0,0,1,1
zz_promo_zz,60,3740,13,♻️ repost to win $1000,0,0,1,1
real_human_01234,84,3077,38,🔞 link in bio,0,0,0,1
99882736450,52,4489,28,Real estate investor | DM for passive income secrets,0,0,0,1
free_follower_bot,9,3220,44,crypto signals ✅ 99% win rate,0,0,0,1
jeffbezos685,127276,68,181,Fan account. Not official.,0,0,1,1
lena_captures,50,20,100,Environmental activist 🌱,0,335,1,0
follow_back_101,30,3159,25,Real estate investor | DM for passive income secrets,0,0,0,1
chris_builds,46531,42,6,follow for follow back,0,0,0,1
earn_fast_2024,3147,3960,343223,FREE BTC airdrop → link in bio,0,0,1,1
everyday_elena,50,108,170,Retired engineer | amateur astronomer 🔭,0,737,1,0
acc29471838,26,3717,2,Click link below 💰,0,0,1,1
everyday_elena,265918,21,0,NFT investor | crypto tips,0,0,0,1
lena_captures,50,106,219,Data scientist | ML researcher,0,227,1,0
neymarjr,138929313,185,12017,Iconic musician 🎸 | 40+ years on stage,1,57695,1,0
amy_joy,392080,40,9,crypto signals ✅ 99% win rate,0,0,1,1
fit_jessica,88,35,249,Retired engineer | amateur astronomer 🔭,0,128,1,0
free_follower_bot,98,4904,15,FREE BTC airdrop → link in bio,0,0,1,1
mike_2023,176,98,100,Dance teacher | choreographer,0,725,1,0
nike555,15360,12,165,Fan account. Not official.,0,0,1,1
taylorswift899,178508,69,15,Fan account. Not official.,0,0,1,1
bot_account_7,63,4110,3,,0,0,0,1
follow_back_101,3602,4241,118913,,0,0,1,1
botanist_beth,170,136,515,Nurse practitioner | women's health advocate,0,586,1,0
elonmusk304,2322,57,143,Fan account. Not official.,0,0,1,1
free_follower_bot,43,3743,41,,0,0,1,1
9182736450,2714,4470,457200,follow for follow back,0,0,1,1
grace_beauty,75,72,100,Entrepreneur | Founder @startup,0,35,1,0
sarah_smith,50,28,100,Marketing professional | keynote speaker,0,988,1,0
paul_runs,50,62,100,Developer | Open source enthusiast,0,300,1,0
mike_2023,3096434,4326,31786,photographer | travel 📷,1,33363,1,0
dev_pete,50,90,100,Architect | sustainable design,0,925,1,0
free_follower_bot,84,4203,35,DM me to grow your account fast,0,0,1,1
9182736450,48,4156,7,🔞 link in bio,0,0,1,1
creative_dan,341,249,834,Dance teacher | choreographer,0,403,1,0
nina_art,50,14,131,Nurse practitioner | women's health advocate,0,911,1,0
airdrop_winner99,3198,4385,367808,,0,0,1,1
alex_travel,50,96,107,Wildlife photographer based in Kenya,0,722,1,0
b.scott.official,50,33,128,High school teacher | making STEM fun,0,620,1,0
get_rich_88,99,4542,12,📈 passive income daily,0,0,0,1
99882736450,53,3862,15,Click link below 💰,0,0,0,1
john_doe,263260,39,12,crypto signals ✅ 99% win rate,0,0,0,1
9182736450,15,4843,15,promo available 📩,0,0,1,1
get_rich_88,386,3820,88170,NFT investor | crypto tips,0,0,1,1
airdrop_winner99,83,3370,37,NFT investor | crypto tips,0,0,1,1
q7w8e9r0t1y2,99,3339,5,,0,0,1,1
paul_runs,158,336,228,Data scientist | ML researcher,0,298,1,0
tim_cook873,97455,99,91,Fan account. Not official.,0,0,1,1
neymarjr397,267552,93,176,Fan account. Not official.,0,0,1,1
1234567890ab,36,3687,43,crypto signals ✅ 99% win rate,0,0,0,1
b.scott.official,109,206,100,software engineer @ Google,0,506,1,0
nina_art,50,71,528,photographer | travel 📷,0,701,1,0
tradebot_fx,85,4885,42,📈 passive income daily,0,0,1,1
justinbieber423,398386,52,62,Fan account. Not official.,0,0,1,1
cristiano852,144017,73,132,Fan account. Not official.,0,0,1,1
free_followers_now,2633,3517,204780,FREE BTC airdrop → link in bio,0,0,1,1
99882736450,23,4514,30,🔞 link in bio,0,0,1,1
alex_travel,50,100,163,photographer | travel 📷,0,588,1,0
therock953,160762,80,71,Fan account. Not official.,0,0,1,1
mindful_maya,204,446,100,Entrepreneur | Founder @startup,0,583,1,0
surf_with_evan,2030307,1475,40368,Architect | sustainable design,0,24449,1,0
crypto_king_9999,99,4403,23,NFT investor | crypto tips,0,0,1,1
nike557,224158,62,46,Fan account. Not official.,0,0,1,1
kyliejenner500,201066,43,144,Fan account. Not official.,0,0,1,1
free_followers_now,955,3296,168599,DM me to grow your account fast,0,0,1,1
1234567890ab,1173,3843,366705,NFT investor | crypto tips,0,0,1,1
kyliejenner,72873882,293,68054,Official account. For business: manager@agency.com,1,453033,1,0
chef_marco,284,662,100,News journalist @NYT,0,706,1,0
mindful_maya,114,133,100,High school teacher | making STEM fun,0,872,1,0
chef_marco,239,546,271,Data scientist | ML researcher,0,804,1,0
free_follower_bot,40,3631,4,FREE BTC airdrop → link in bio,0,0,0,1
earn_fast_2024,3135,4664,170556,DM me to grow your account fast,0,0,1,1
john_doe,99,47,155,Fashion designer | PR welcome,0,246,1,0
cristiano,34997568,1543,92355,International supermodel | Agency: IMG Models,1,195382,1,0
code_master,4012249,1934,30727,Artist | Digital creator ✨,0,16937,1,0
botanist_beth,50,44,100,Developer | Open source enthusiast,0,777,1,0
photo_by_anna,1477279,3322,2158,Podcaster | interviewing founders,0,47943,1,0
fcbarcelona9,435960,43,107,Fan account. Not official.,0,0,1,1
journeys_with_kai,50,38,349,Medical student | future doctor 🩺,0,891,1,0
follow_back_101,63,4417,37,,0,0,1,1
selenagomez494,396040,83,12,Fan account. Not official.,0,0,1,1
photo_by_anna,72,125,100,Yoga instructor | wellness coach 🧘,0,688,1,0
real_human_01234,54,3068,14,Click link below 💰,0,0,0,1
nft_dropper_69,2825,4243,467756,earn $500/day 👇,0,0,1,1
sarah_smith,165800,23,7,follow for follow back,0,0,0,1
daniel_f,50,17,379,Blogger | Lifestyle & wellness,0,661,1,0
airdrop_winner99,1090,3177,169688,Real estate investor | DM for passive income secrets,0,0,1,1
cristiano737,50701,6,33,Fan account. Not official.,0,0,1,1
code_master,2368732,2596,39688,Medical student | future doctor 🩺,0,34975,1,0
surf_with_evan,50,72,119,Retired engineer | amateur astronomer 🔭,0,854,1,0
9182736450,1921,3878,152152,📈 passive income daily,0,0,1,1
realmadrid,98969102,1965,7144,Official account. For business: manager@agency.com,1,128232,1,0
everyday_elena,204903,41,3,Real estate investor | DM for passive income secrets,0,0,1,1
9182736450,3103,4126,488706,DM me to grow your account fast,0,0,1,1
nina_art,195829,36,17,,0,0,1,1
airdrop_winner99,3215,3664,102128,,0,0,1,1
the_real_sam,709879,267,1113,High school teacher | making STEM fun,1,7030,1,0
lena_captures,49666,47,6,investment advisor DM me,0,0,1,1
alex_travel,2800755,2833,40681,Dog lover 🐾 | Hiking | Books,0,23011,1,0
a8f7d3k9p2,95,4206,49,📈 passive income daily,0,0,0,1
surf_with_evan,435973,3994,35787,Nurse practitioner | women's health advocate,1,539,1,0
selenagomez206,214360,18,134,Fan account. Not official.,0,0,1,1
real_human_01234,87,3999,24,Real estate investor | DM for passive income secrets,0,0,0,1
fit_jessica,222,378,549,Yoga instructor | wellness coach 🧘,0,539,1,0
bot_account_7,0,4148,13,DM me to grow your account fast,0,0,0,1
nike641,189030,62,97,Fan account. Not official.,0,0,1,1
xXx_profit_xXx,880,4913,191530,,0,0,1,1
lisa_writes,71,135,100,UX designer @Meta,0,810,1,0
tom_techie,100,30,100,Medical student | future doctor 🩺,0,338,1,0
oprah252,260664,63,36,Fan account. Not official.,0,0,1,1
nike,56123686,392,91090,Iconic musician 🎸 | 40+ years on stage,1,127327,1,0
q7w8e9r0t1y2,628,3771,479189,promo available 📩,0,0,1,1
mike_2023,50,48,114,Fashion designer | PR welcome,0,853,1,0
botanist_beth,2069584,540,40805,Musician. Coffee addict. ☕,0,32077,1,0
paul_runs,2953672,4226,49360,Retired engineer | amateur astronomer 🔭,1,46159,1,0
photo_by_anna,320488,8,15,Click link below 💰,0,0,1,1
john_doe,50,67,316,Traveler | 50+ countries visited ✈️,0,233,1,0
mindful_maya,347092,16,16,,0,0,1,1
botanist_beth,50,104,100,Architect | sustainable design,0,620,1,0
grace_beauty,108,86,100,Podcaster | interviewing founders,0,945,1,0
code_master,122,263,100,Dance teacher | choreographer,1,250,1,0
daniel_f,4040871,4462,31511,mom of 3 | foodie 🍕,1,13307,1,0
everyday_elena,171934,5,9,🔞 link in bio,0,0,0,1
dev_pete,50,24,100,Developer | Open source enthusiast,0,183,1,0
mindful_maya,50,65,146,Dance teacher | choreographer,0,127,1,0
code_master,1176425,4232,28330,photographer | travel 📷,0,9417,1,0
mike_2023,197,257,204,Podcaster | interviewing founders,0,317,1,0
mindful_maya,393275,21,19,follow for follow back,0,0,1,1
lisa_writes,151,158,199,UX designer @Meta,0,16,1,0
9182736450,1178,4505,156682,follow for follow back,0,0,1,1
kyliejenner,58886148,891,35288,CEO @Fortune500 | Author | Speaker,1,428450,1,0
arianagrande,29487668,382,95633,Fashion icon | Creative Director @LuxuryBrand,1,317997,1,0
airdrop_winner99,12,4831,8,,0,0,0,1
daniel_f,270433,45,15,,0,0,0,1
chris_builds,460,664,203,photographer | travel 📷,0,641,1,0
1234567890ab,22,3716,35,🔞 link in bio,0,0,1,1
mike_2023,71,96,655,News journalist @NYT,0,645,1,0
neymarjr551,82739,81,156,Fan account. Not official.,0,0,1,1
mark_adventure,506,792,167,Architect | sustainable design,0,651,1,0
real_human_01234,86,3922,20,Click link below 💰,0,0,0,1
a8f7d3k9p2,1280,4146,234146,FREE BTC airdrop → link in bio,0,0,1,1
amy_joy,149412,17,13,Click link below 💰,0,0,0,1
cristiano,156206630,1674,16997,Hollywood actor | Upcoming: Summer Blockbuster 2025,1,252463,1,0
photo_by_anna,50,105,100,Chef | Recipe creator 🍳,0,158,1,0
therock118,346908,17,21,Fan account. Not official.,0,0,1,1
a8f7d3k9p2,62,4365,39,📈 passive income daily,0,0,0,1
alex_travel,90,88,121,Medical student | future doctor 🩺,0,872,1,0
mark_adventure,140463,41,12,promo available 📩,0,0,1,1
fit_jessica,50,103,253,Nurse practitioner | women's health advocate,0,411,1,0
kyliejenner65,162857,72,48,Fan account. Not official.,0,0,1,1
nft_dropper_69,4530,4173,103073,🔞 link in bio,0,0,1,1
elonmusk,124314439,1211,28692,CEO @Fortune500 | Author | Speaker,1,51808,1,0
xXx_profit_xXx,4204,3481,444619,,0,0,1,1
chris_builds,327296,40,7,,0,0,0,1
mindful_maya,148,362,544,Environmental activist 🌱,0,981,1,0
mark_adventure,301069,45,6,btc eth airdrop free coins,0,0,0,1
mike_2023,50,75,412,Traveler | 50+ countries visited ✈️,0,887,1,0
journeys_with_kai,385944,41,1,Click link below 💰,0,0,1,1
q7w8e9r0t1y2,3211,3368,275151,investment advisor DM me,0,0,1,1
the_real_sam,68,122,140,Environmental activist 🌱,0,641,1,0
a8f7d3k9p2,67,3830,14,FREE BTC airdrop → link in bio,0,0,0,1
alex_travel,50,60,100,Data scientist | ML researcher,0,120,1,0
a8f7d3k9p2,956,3873,185554,Get free followers — click bio link,0,0,1,1
lisa_writes,50,47,100,Environmental activist 🌱,0,583,1,0
arianagrande672,338399,81,163,Fan account. Not official.,0,0,1,1
elonmusk,184943129,480,94338,Professional athlete | Team captain | Brand ambassador,1,184600,1,0
free_follower_bot,1457,3370,459851,FREE BTC airdrop → link in bio,0,0,1,1
the_real_sam,72,118,100,Musician. Coffee addict. ☕,0,229,1,0
arianagrande367,12278,55,97,Fan account. Not official.,0,0,1,1
q7w8e9r0t1y2,714,4504,431585,btc eth airdrop free coins,0,0,1,1
selenagomez643,489927,91,31,Fan account. Not official.,0,0,1,1
alex_travel,50,107,100,photographer | travel 📷,0,622,1,0
surf_with_evan,4661108,3700,48451,Retired engineer | amateur astronomer 🔭,0,28556,1,0
mike_2023,142,329,104,Traveler | 50+ countries visited ✈️,0,327,1,0
the_real_sam,323538,19,10,btc eth airdrop free coins,0,0,1,1
realmadrid,180737262,1542,19936,Grammy-winning artist 🎵 | New album out now,1,68985,1,0
mindful_maya,813638,206,24417,Entrepreneur | Founder @startup,0,19550,1,0
tom_techie,50,90,100,Wildlife photographer based in Kenya,0,65,1,0
john_doe,387216,30,3,Real estate investor | DM for passive income secrets,0,0,0,1
sarah_smith,134,145,219,Data scientist | ML researcher,0,981,1,0
lena_captures,233,435,1149,High school teacher | making STEM fun,0,815,1,0
john_doe,490094,6,1,follow for follow back,0,0,0,1
free_follower_bot,29,3776,24,,0,0,1,1
code_master,41699,28,1,📈 passive income daily,0,0,1,1
journeys_with_kai,178,439,100,Data scientist | ML researcher,0,306,1,0
airdrop_winner99,93,4419,17,♻️ repost to win $1000,0,0,1,1
nike,96441390,189,94696,Official account. For business: manager@agency.com,1,187766,1,0
sarah_smith,313728,28,0,,0,0,1,1
airdrop_winner99,44,3044,9,DM me to grow your account fast,0,0,0,1
lisa_writes,741415,4155,30152,Podcaster | interviewing founders,0,47494,1,0
daniel_f,63,140,100,fitness coach 💪 DM for plans,0,529,1,0
mike_2023,4636453,4010,35628,Retired engineer | amateur astronomer 🔭,0,48062,1,0
chris_builds,304555,35,10,Real estate investor | DM for passive income secrets,0,0,0,1
real_human_01234,49,4274,9,Get free followers — click bio link,0,0,0,1
paul_runs,211,272,154,Artist | Digital creator ✨,0,459,1,0
photo_by_anna,73,149,100,Wildlife photographer based in Kenya,0,240,1,0
journeys_with_kai,50,123,100,Artist | Digital creator ✨,0,553,1,0
mark_adventure,55,43,168,software engineer @ Google,0,476,1,0
