channel_name,subscribers,videos,about,avg_views,is_verified,label
Free Money Channel,171,2,Make money online — click here,30,0,1
CookingWithSarah,100,756,News and current affairs,21,0,0
Crypto Tips Daily,223,2,Crypto investment tips,4,0,1
GamingPro,100,205,True crime documentary channel,4,0,0
Free Money Channel,671,4,Earn $500/day from home,38,0,1
BotChannel9999,510,4,Crypto investment tips,15,0,1
CookingWithSarah,165,701,Fitness and workout videos 💪,46,0,0
Crypto Tips Daily,909,4,Earn $500/day from home,41,0,1
PewDiePie,80608214,1704,Official channel of NASA,12818238,1,0
Easy Profit 2024,762,4,,4,0,1
PewDiePie,90403169,3451,Official YouTube channel of MrBeast. Subscribe!,10614986,1,0
Crypto Tips Daily,153,4,Subscribe for free giveaways,24,0,1
Free Money Channel,682,4,Earn $500/day from home,9,0,1
FitnessFirst,102,96,True crime documentary channel,21,0,0
MusicMaestro,202,127,Travel vlogs from around the world,22,0,0
MusicMaestro,125,503,Tech reviews and unboxings,30,0,0
CookingWithSarah,186,755,Science experiments for kids 🔬,42,0,0
PewDiePie,45572021,4527,T-Series — Bollywood music and film,6637846,1,0
Crypto Tips Daily,337,1,Subscribe for free giveaways,36,0,1
BotChannel9999,582,2,SUBSCRIBE NOW for $100 giveaway,3,0,1
TechWithMike,100,660,News and current affairs,12,0,0
BotChannel9999,982,1,,45,0,1
Easy Profit 2024,103,4,,5,0,1
Easy Profit 2024,935,2,Make money online — click here,24,0,1
Easy Profit 2024,331,1,,39,0,1
NatGeo,110181710,4262,T-Series — Bollywood music and film,26857942,1,0
Crypto Tips Daily,426,1,Free gift cards daily,28,0,1
FitnessFirst,100,548,DIY and home projects,15,0,0
TechWithMike,100,178,Gaming channel | daily uploads,9,0,0
MrBeast,76294781,2784,Official channel of NASA,3893647,1,0
GamingPro,168,335,Music covers and originals 🎵,45,0,0
CookingWithSarah,159,452,Comedy sketches and skits,4,0,0
MusicMaestro,100,262,Educational content for students,26,0,0
FitnessFirst,100,312,Travel vlogs from around the world,20,0,0
Free Money Channel,738,2,Earn $500/day from home,17,0,1
CookingWithSarah,100,622,Educational content for students,0,0,0
Free Money Channel,128,2,SUBSCRIBE NOW for $100 giveaway,39,0,1
BotChannel9999,251,4,Free gift cards daily,3,0,1
Easy Profit 2024,153,0,NFT and crypto alpha,8,0,1
TechWithMike,100,229,True crime documentary channel,20,0,0
T-Series,134203251,1137,Official YouTube channel of MrBeast. Subscribe!,35599096,1,0
BotChannel9999,229,0,Make money online — click here,5,0,1
CookingWithSarah,364,50,True crime documentary channel,47,0,0
TechWithMike,100,693,Music covers and originals 🎵,19,0,0
Free Money Channel,853,1,Crypto investment tips,24,0,1
MusicMaestro,100,437,Gaming channel | daily uploads,23,0,0
FitnessFirst,100,330,Music covers and originals 🎵,27,0,0
FitnessFirst,100,783,True crime documentary channel,15,0,0
NatGeo,163333700,1501,Official channel of NASA,42743037,1,0
Free Money Channel,361,0,Free gift cards daily,32,0,1
Free Money Channel,105,0,,16,0,1
GamingPro,239,913,True crime documentary channel,66,0,0
Free Money Channel,508,1,,28,0,1
GamingPro,248,693,Science experiments for kids 🔬,63,0,0
MusicMaestro,1356,221,Comedy sketches and skits,199,0,0
Easy Profit 2024,692,4,,8,0,1
Free Money Channel,61,4,,25,0,1
Easy Profit 2024,737,3,,16,0,1
Crypto Tips Daily,897,1,Subscribe for free giveaways,34,0,1
MusicMaestro,100,169,DIY and home projects,7,0,0
BotChannel9999,297,2,Free gift cards daily,13,0,1
FitnessFirst,100,813,Fitness and workout videos 💪,2,0,0
Easy Profit 2024,639,0,Crypto investment tips,27,0,1
BotChannel9999,215,4,NFT and crypto alpha,27,0,1
Free Money Channel,845,2,Free gift cards daily,44,0,1
Easy Profit 2024,746,1,SUBSCRIBE NOW for $100 giveaway,39,0,1
CookingWithSarah,100,252,Comedy sketches and skits,24,0,0
Free Money Channel,313,2,Earn $500/day from home,46,0,1
NatGeo,217265998,3447,T-Series — Bollywood music and film,63723495,1,0
Free Money Channel,964,4,,42,0,1
BotChannel9999,470,2,Earn $500/day from home,35,0,1
FitnessFirst,574,352,Gaming channel | daily uploads,166,0,0
Free Money Channel,987,4,Make money online — click here,40,0,1
Easy Profit 2024,613,0,SUBSCRIBE NOW for $100 giveaway,9,0,1
GamingPro,100,947,News and current affairs,2,0,0
CookingWithSarah,2479,720,Tech reviews and unboxings,569,0,0
Free Money Channel,589,4,Free gift cards daily,41,0,1
GamingPro,129,920,DIY and home projects,3,0,0
TechWithMike,751,133,Fitness and workout videos 💪,181,0,0
Crypto Tips Daily,904,2,SUBSCRIBE NOW for $100 giveaway,19,0,1
MrBeast,167336608,4338,Official YouTube channel of MrBeast. Subscribe!,23869436,1,0
GamingPro,444,937,Comedy sketches and skits,17,0,0
Free Money Channel,419,4,Free gift cards daily,16,0,1
Easy Profit 2024,749,3,Make money online — click here,5,0,1
BotChannel9999,135,3,Earn $500/day from home,11,0,1
BotChannel9999,72,4,Free gift cards daily,40,0,1
BotChannel9999,914,4,Free gift cards daily,1,0,1
FitnessFirst,100,77,DIY and home projects,12,0,0
TechWithMike,100,357,Cooking tutorials and recipes 🍳,28,0,0
Crypto Tips Daily,621,1,Earn $500/day from home,21,0,1
Free Money Channel,820,4,,34,0,1
BotChannel9999,294,3,Subscribe for free giveaways,6,0,1
CookingWithSarah,359,552,Science experiments for kids 🔬,100,0,0
CookingWithSarah,100,604,Travel vlogs from around the world,20,0,0
BotChannel9999,138,0,Free gift cards daily,22,0,1
BotChannel9999,944,1,,32,0,1
GamingPro,100,479,Fitness and workout videos 💪,11,0,0
Easy Profit 2024,881,0,Subscribe for free giveaways,19,0,1
Crypto Tips Daily,159,2,SUBSCRIBE NOW for $100 giveaway,4,0,1
Free Money Channel,448,3,Earn $500/day from home,39,0,1
GamingPro,126,888,Tech reviews and unboxings,36,0,0
TechWithMike,1330,403,Science experiments for kids 🔬,366,0,0
MusicMaestro,100,59,True crime documentary channel,10,0,0
Easy Profit 2024,513,3,,10,0,1
GamingPro,167,656,Travel vlogs from around the world,25,0,0
TechWithMike,100,222,Gaming channel | daily uploads,8,0,0
FitnessFirst,165,602,Comedy sketches and skits,3,0,0
TechWithMike,159,514,Cooking tutorials and recipes 🍳,27,0,0
GamingPro,120,972,Music covers and originals 🎵,28,0,0
FitnessFirst,130,362,Educational content for students,17,0,0
FitnessFirst,182,794,Music covers and originals 🎵,15,0,0
BotChannel9999,417,3,Free gift cards daily,19,0,1
BotChannel9999,301,0,,48,0,1
Easy Profit 2024,531,3,SUBSCRIBE NOW for $100 giveaway,18,0,1
GamingPro,100,270,Comedy sketches and skits,14,0,0
TechWithMike,107,34,Fitness and workout videos 💪,8,0,0
Crypto Tips Daily,660,3,Free gift cards daily,22,0,1
MusicMaestro,100,811,Cooking tutorials and recipes 🍳,10,0,0
GamingPro,153,70,Music covers and originals 🎵,4,0,0
Free Money Channel,821,2,,49,0,1
Easy Profit 2024,56,4,SUBSCRIBE NOW for $100 giveaway,14,0,1
Easy Profit 2024,510,0,,44,0,1
BotChannel9999,63,3,NFT and crypto alpha,15,0,1
TechWithMike,100,219,Music covers and originals 🎵,21,0,0
TechWithMike,1036,219,True crime documentary channel,143,0,0
Crypto Tips Daily,888,3,Crypto investment tips,42,0,1
TechWithMike,365,94,Travel vlogs from around the world,106,0,0
TechWithMike,222,120,True crime documentary channel,64,0,0
Easy Profit 2024,15,0,Crypto investment tips,30,0,1
CookingWithSarah,100,771,Travel vlogs from around the world,7,0,0
Easy Profit 2024,750,2,Earn $500/day from home,31,0,1
Easy Profit 2024,630,1,SUBSCRIBE NOW for $100 giveaway,3,0,1
CookingWithSarah,100,545,Cooking tutorials and recipes 🍳,23,0,0
TechWithMike,158,156,Travel vlogs from around the world,1,0,0
GamingPro,1011,872,Gaming channel | daily uploads,90,0,0
Easy Profit 2024,873,0,,35,0,1
Free Money Channel,499,4,,32,0,1
Easy Profit 2024,746,2,Subscribe for free giveaways,28,0,1
Easy Profit 2024,54,3,Subscribe for free giveaways,4,0,1
Easy Profit 2024,607,2,Free gift cards daily,34,0,1
BotChannel9999,247,2,SUBSCRIBE NOW for $100 giveaway,20,0,1
CookingWithSarah,100,914,Music covers and originals 🎵,21,0,0
BotChannel9999,960,1,Subscribe for free giveaways,11,0,1
FitnessFirst,100,784,Cooking tutorials and recipes 🍳,6,0,0
Easy Profit 2024,867,2,SUBSCRIBE NOW for $100 giveaway,14,0,1
CookingWithSarah,1103,25,Gaming channel | daily uploads,64,0,0
GamingPro,100,840,News and current affairs,21,0,0
Easy Profit 2024,403,0,,37,0,1
GamingPro,359,652,Cooking tutorials and recipes 🍳,84,0,0
T-Series,148347079,4548,T-Series — Bollywood music and film,37786999,1,0
Easy Profit 2024,892,3,Make money online — click here,44,0,1
CookingWithSarah,128,486,Travel vlogs from around the world,18,0,0
CookingWithSarah,100,712,Comedy sketches and skits,21,0,0
BotChannel9999,529,0,Crypto investment tips,30,0,1
FitnessFirst,112,804,Music covers and originals 🎵,27,0,0
NASA,217669488,2516,T-Series — Bollywood music and film,51987597,1,0
GamingPro,100,834,Fitness and workout videos 💪,5,0,0
Easy Profit 2024,425,1,,42,0,1
FitnessFirst,110,582,Gaming channel | daily uploads,21,0,0
Easy Profit 2024,417,4,NFT and crypto alpha,5,0,1
FitnessFirst,100,68,Music covers and originals 🎵,12,0,0
TechWithMike,100,526,Educational content for students,22,0,0
MrBeast,68884885,2105,Official YouTube channel of MrBeast. Subscribe!,3842709,1,0
Easy Profit 2024,375,0,,24,0,1
Crypto Tips Daily,824,4,,48,0,1
Easy Profit 2024,627,1,SUBSCRIBE NOW for $100 giveaway,14,0,1
BotChannel9999,873,3,Earn $500/day from home,45,0,1
Easy Profit 2024,999,0,NFT and crypto alpha,16,0,1
TechWithMike,191,354,Educational content for students,11,0,0
BotChannel9999,194,4,Subscribe for free giveaways,26,0,1
Free Money Channel,750,3,,26,0,1
MusicMaestro,131,355,True crime documentary channel,23,0,0
Easy Profit 2024,105,4,Free gift cards daily,39,0,1
Crypto Tips Daily,284,3,NFT and crypto alpha,23,0,1
CookingWithSarah,100,135,Travel vlogs from around the world,2,0,0
Crypto Tips Daily,951,3,Crypto investment tips,15,0,1
CookingWithSarah,108,455,Science experiments for kids 🔬,15,0,0
BotChannel9999,345,1,Crypto investment tips,40,0,1
TechWithMike,100,48,Gaming channel | daily uploads,15,0,0
BotChannel9999,616,4,,48,0,1
Easy Profit 2024,468,1,Crypto investment tips,8,0,1
GamingPro,100,522,Music covers and originals 🎵,14,0,0
BotChannel9999,592,0,Crypto investment tips,5,0,1
Free Money Channel,519,0,Subscribe for free giveaways,5,0,1
FitnessFirst,246,665,Fitness and workout videos 💪,63,0,0
TechWithMike,376,530,Music covers and originals 🎵,109,0,0
Crypto Tips Daily,148,2,,43,0,1
Free Money Channel,820,1,SUBSCRIBE NOW for $100 giveaway,35,0,1
Free Money Channel,543,0,Crypto investment tips,46,0,1
Easy Profit 2024,871,3,Make money online — click here,40,0,1
TechWithMike,100,217,Travel vlogs from around the world,19,0,0
GamingPro,100,481,Tech reviews and unboxings,24,0,0
Free Money Channel,210,0,Earn $500/day from home,28,0,1
FitnessFirst,100,943,DIY and home projects,13,0,0
NASA,137621488,4263,Official YouTube channel of MrBeast. Subscribe!,28814220,1,0
TechWithMike,100,294,Travel vlogs from around the world,13,0,0
Crypto Tips Daily,119,0,,20,0,1
CookingWithSarah,104,907,Music covers and originals 🎵,11,0,0
CookingWithSarah,100,16,Music covers and originals 🎵,22,0,0
Crypto Tips Daily,64,4,Subscribe for free giveaways,11,0,1
Crypto Tips Daily,639,4,Crypto investment tips,45,0,1
TechWithMike,138,114,Music covers and originals 🎵,2,0,0
T-Series,153664961,4684,Official YouTube channel of MrBeast. Subscribe!,37078306,1,0
GamingPro,100,652,Educational content for students,5,0,0
GamingPro,100,313,Educational content for students,1,0,0
MusicMaestro,228,679,Fitness and workout videos 💪,57,0,0
Free Money Channel,700,2,Subscribe for free giveaways,16,0,1
BotChannel9999,274,4,,40,0,1
Easy Profit 2024,610,4,SUBSCRIBE NOW for $100 giveaway,27,0,1
NASA,102134696,2167,T-Series — Bollywood music and film,12116016,1,0
Crypto Tips Daily,75,3,Earn $500/day from home,32,0,1
NASA,172440343,3511,Official YouTube channel of MrBeast. Subscribe!,10368737,1,0
FitnessFirst,184,913,Gaming channel | daily uploads,34,0,0
TED,232822220,2116,T-Series — Bollywood music and film,15051029,1,0
GamingPro,100,484,Comedy sketches and skits,6,0,0
Crypto Tips Daily,193,3,Free gift cards daily,32,0,1
Easy Profit 2024,974,0,SUBSCRIBE NOW for $100 giveaway,22,0,1
TechWithMike,140,880,News and current affairs,17,0,0
GamingPro,514,386,Tech reviews and unboxings,85,0,0
Crypto Tips Daily,834,3,,6,0,1
GamingPro,107,770,Fitness and workout videos 💪,4,0,0
BBC,207946035,700,Official channel of NASA,54082318,1,0
MusicMaestro,215,231,Music covers and originals 🎵,36,0,0
Crypto Tips Daily,150,1,SUBSCRIBE NOW for $100 giveaway,25,0,1
Crypto Tips Daily,709,0,Earn $500/day from home,41,0,1
Easy Profit 2024,341,2,,46,0,1
GamingPro,147,644,DIY and home projects,9,0,0
NatGeo,217041367,4134,T-Series — Bollywood music and film,49717887,1,0
Free Money Channel,677,3,,48,0,1
MusicMaestro,100,438,Gaming channel | daily uploads,14,0,0
BotChannel9999,802,4,,1,0,1
TechWithMike,172,957,Tech reviews and unboxings,3,0,0
Crypto Tips Daily,658,1,,8,0,1
Easy Profit 2024,26,0,SUBSCRIBE NOW for $100 giveaway,39,0,1
BotChannel9999,559,1,,48,0,1
TechWithMike,100,172,Fitness and workout videos 💪,17,0,0
Free Money Channel,601,3,Crypto investment tips,15,0,1
TechWithMike,249,629,True crime documentary channel,45,0,0
Crypto Tips Daily,783,2,Crypto investment tips,35,0,1
GamingPro,190,379,DIY and home projects,35,0,0
MusicMaestro,100,623,Comedy sketches and skits,15,0,0
Easy Profit 2024,462,0,Crypto investment tips,28,0,1
FitnessFirst,100,27,DIY and home projects,5,0,0
CookingWithSarah,842,626,Cooking tutorials and recipes 🍳,67,0,0
BotChannel9999,109,4,Free gift cards daily,12,0,1
MrBeast,201197164,2924,T-Series — Bollywood music and film,43744763,1,0
GamingPro,100,195,Tech reviews and unboxings,27,0,0
Crypto Tips Daily,802,4,,45,0,1
MusicMaestro,232,915,Gaming channel | daily uploads,19,0,0
BotChannel9999,183,2,Subscribe for free giveaways,13,0,1
BotChannel9999,855,3,Earn $500/day from home,12,0,1
FitnessFirst,201,550,News and current affairs,12,0,0
Crypto Tips Daily,421,4,,43,0,1
TechWithMike,232,316,Fitness and workout videos 💪,8,0,0
BotChannel9999,332,2,Crypto investment tips,17,0,1
Easy Profit 2024,965,0,Earn $500/day from home,48,0,1
FitnessFirst,100,194,Music covers and originals 🎵,2,0,0
FitnessFirst,267,505,Music covers and originals 🎵,12,0,0
Easy Profit 2024,604,1,Crypto investment tips,18,0,1
BotChannel9999,431,2,,42,0,1
MrBeast,168170289,1998,"PewDiePie — gaming, vlogs, memes.",26157136,1,0
Free Money Channel,133,3,Crypto investment tips,18,0,1
T-Series,109178539,3141,Official channel of NASA,18282397,1,0
Crypto Tips Daily,814,4,Crypto investment tips,10,0,1
Crypto Tips Daily,823,1,Earn $500/day from home,45,0,1
Crypto Tips Daily,478,3,Make money online — click here,46,0,1
FitnessFirst,100,331,Travel vlogs from around the world,14,0,0
NASA,31131603,3964,Official channel of NASA,3670566,1,0
GamingPro,100,920,DIY and home projects,22,0,0
Easy Profit 2024,664,4,Free gift cards daily,30,0,1
Crypto Tips Daily,601,3,,6,0,1
BotChannel9999,257,3,Subscribe for free giveaways,40,0,1
GamingPro,100,260,Travel vlogs from around the world,21,0,0
Free Money Channel,838,3,,44,0,1
Easy Profit 2024,231,1,Crypto investment tips,1,0,1
Free Money Channel,771,2,SUBSCRIBE NOW for $100 giveaway,19,0,1
MusicMaestro,100,46,News and current affairs,17,0,0
GamingPro,132,738,Cooking tutorials and recipes 🍳,1,0,0
Crypto Tips Daily,478,0,,14,0,1
TechWithMike,100,649,Comedy sketches and skits,27,0,0
Free Money Channel,52,4,NFT and crypto alpha,26,0,1
Crypto Tips Daily,157,3,NFT and crypto alpha,17,0,1
TechWithMike,100,751,Educational content for students,17,0,0
Free Money Channel,245,0,,15,0,1
Easy Profit 2024,466,4,Earn $500/day from home,46,0,1
BBC,38515495,2521,Official channel of NASA,11083971,1,0
MusicMaestro,100,392,Fitness and workout videos 💪,1,0,0
Easy Profit 2024,53,1,NFT and crypto alpha,45,0,1
NatGeo,146316343,4090,Official YouTube channel of MrBeast. Subscribe!,24844791,1,0
BBC,198662083,2937,Official channel of NASA,19224837,1,0
Crypto Tips Daily,300,1,Crypto investment tips,12,0,1
BotChannel9999,812,4,,0,0,1
Easy Profit 2024,864,1,Subscribe for free giveaways,13,0,1
Easy Profit 2024,578,2,SUBSCRIBE NOW for $100 giveaway,18,0,1
MusicMaestro,256,562,Fitness and workout videos 💪,59,0,0
FitnessFirst,100,702,News and current affairs,2,0,0
TED,51745112,1742,Official channel of NASA,4901167,1,0
Easy Profit 2024,666,4,SUBSCRIBE NOW for $100 giveaway,5,0,1
Easy Profit 2024,381,1,Make money online — click here,31,0,1
CookingWithSarah,1107,375,Travel vlogs from around the world,72,0,0
GamingPro,100,51,Educational content for students,29,0,0
NatGeo,171179800,2350,T-Series — Bollywood music and film,19934445,1,0
BotChannel9999,585,2,NFT and crypto alpha,47,0,1
BotChannel9999,107,4,Earn $500/day from home,3,0,1
CookingWithSarah,154,21,News and current affairs,28,0,0
Free Money Channel,927,4,Make money online — click here,1,0,1
BotChannel9999,359,2,Earn $500/day from home,8,0,1
Easy Profit 2024,659,0,,47,0,1
MusicMaestro,100,879,Gaming channel | daily uploads,27,0,0
NatGeo,10799990,1322,"PewDiePie — gaming, vlogs, memes.",2592179,1,0
BotChannel9999,975,4,SUBSCRIBE NOW for $100 giveaway,29,0,1
Easy Profit 2024,592,2,,7,0,1
Free Money Channel,616,4,Earn $500/day from home,20,0,1
MusicMaestro,100,452,Music covers and originals 🎵,19,0,0
Crypto Tips Daily,44,2,Earn $500/day from home,9,0,1
FitnessFirst,179,83,Cooking tutorials and recipes 🍳,22,0,0
Crypto Tips Daily,216,1,NFT and crypto alpha,38,0,1
BotChannel9999,26,2,Earn $500/day from home,35,0,1
Crypto Tips Daily,301,3,,49,0,1
Crypto Tips Daily,259,2,,14,0,1
T-Series,168344923,3408,"PewDiePie — gaming, vlogs, memes.",42255540,1,0
Crypto Tips Daily,876,4,Subscribe for free giveaways,13,0,1
NASA,208633874,2603,Official channel of NASA,41071918,1,0
MusicMaestro,209,156,Comedy sketches and skits,15,0,0
MusicMaestro,135,82,News and current affairs,30,0,0
TechWithMike,100,846,Gaming channel | daily uploads,6,0,0
BotChannel9999,651,3,Free gift cards daily,25,0,1
TechWithMike,100,807,Educational content for students,20,0,0
Crypto Tips Daily,153,1,NFT and crypto alpha,21,0,1
GamingPro,100,754,Comedy sketches and skits,3,0,0
FitnessFirst,1475,76,Comedy sketches and skits,258,0,0
CookingWithSarah,100,561,Educational content for students,9,0,0
Easy Profit 2024,365,0,NFT and crypto alpha,5,0,1
CookingWithSarah,100,560,True crime documentary channel,28,0,0
GamingPro,100,379,Comedy sketches and skits,23,0,0
Crypto Tips Daily,907,0,SUBSCRIBE NOW for $100 giveaway,46,0,1
CookingWithSarah,220,823,Music covers and originals 🎵,2,0,0
NASA,191449922,3590,T-Series — Bollywood music and film,49128497,1,0
Free Money Channel,281,4,Subscribe for free giveaways,4,0,1
BotChannel9999,90,0,Free gift cards daily,22,0,1
Crypto Tips Daily,935,3,Crypto investment tips,41,0,1
MusicMaestro,610,317,Gaming channel | daily uploads,106,0,0
BotChannel9999,161,3,,26,0,1
GamingPro,374,635,Science experiments for kids 🔬,16,0,0
FitnessFirst,100,616,Tech reviews and unboxings,11,0,0
Easy Profit 2024,260,3,,13,0,1
MusicMaestro,100,234,Science experiments for kids 🔬,17,0,0
BotChannel9999,95,3,NFT and crypto alpha,20,0,1
Easy Profit 2024,921,4,Subscribe for free giveaways,21,0,1
GamingPro,331,872,Tech reviews and unboxings,49,0,0
MrBeast,191075067,4956,Official channel of NASA,53317258,1,0
CookingWithSarah,118,279,Music covers and originals 🎵,7,0,0
BotChannel9999,403,2,Earn $500/day from home,31,0,1
Crypto Tips Daily,803,2,SUBSCRIBE NOW for $100 giveaway,13,0,1
PewDiePie,13532484,2190,T-Series — Bollywood music and film,2092007,1,0
FitnessFirst,100,771,Fitness and workout videos 💪,14,0,0
BotChannel9999,213,0,NFT and crypto alpha,16,0,1
BotChannel9999,981,1,Make money online — click here,23,0,1
Free Money Channel,664,3,,37,0,1
Easy Profit 2024,916,1,,38,0,1
MusicMaestro,100,105,Tech reviews and unboxings,0,0,0
TechWithMike,720,263,Fitness and workout videos 💪,44,0,0
FitnessFirst,151,640,Gaming channel | daily uploads,1,0,0
PewDiePie,223761143,2423,Official YouTube channel of MrBeast. Subscribe!,17590672,1,0
TechWithMike,100,584,Gaming channel | daily uploads,18,0,0
FitnessFirst,100,933,Fitness and workout videos 💪,11,0,0
BotChannel9999,974,1,Make money online — click here,43,0,1
MusicMaestro,100,358,Comedy sketches and skits,18,0,0
Free Money Channel,670,2,Make money online — click here,6,0,1
CookingWithSarah,290,736,Fitness and workout videos 💪,64,0,0
BotChannel9999,988,0,Crypto investment tips,13,0,1
BotChannel9999,125,4,,11,0,1
MrBeast,182300078,4505,Official channel of NASA,24781511,1,0
BotChannel9999,454,2,Make money online — click here,33,0,1
BotChannel9999,858,4,Earn $500/day from home,17,0,1
Easy Profit 2024,755,3,,23,0,1
GamingPro,100,771,Fitness and workout videos 💪,6,0,0
Crypto Tips Daily,818,0,Crypto investment tips,41,0,1
Crypto Tips Daily,0,2,,30,0,1
Easy Profit 2024,266,4,Make money online — click here,1,0,1
Crypto Tips Daily,986,1,Crypto investment tips,0,0,1
GamingPro,100,243,Music covers and originals 🎵,2,0,0
TechWithMike,100,819,Music covers and originals 🎵,5,0,0
BotChannel9999,449,1,SUBSCRIBE NOW for $100 giveaway,23,0,1
BotChannel9999,985,2,,21,0,1
GamingPro,100,305,News and current affairs,16,0,0
GamingPro,100,301,Fitness and workout videos 💪,1,0,0
Free Money Channel,467,3,Crypto investment tips,6,0,1
CookingWithSarah,439,219,Music covers and originals 🎵,22,0,0
Free Money Channel,907,4,,42,0,1
Crypto Tips Daily,332,2,NFT and crypto alpha,18,0,1
Crypto Tips Daily,22,2,Free gift cards daily,18,0,1
MusicMaestro,104,836,Comedy sketches and skits,30,0,0
TechWithMike,248,601,Cooking tutorials and recipes 🍳,22,0,0
TechWithMike,100,577,Tech reviews and unboxings,17,0,0
FitnessFirst,100,822,Travel vlogs from around the world,10,0,0
Crypto Tips Daily,284,1,Earn $500/day from home,10,0,1
Free Money Channel,208,3,Make money online — click here,44,0,1
MusicMaestro,160,63,Science experiments for kids 🔬,19,0,0
CookingWithSarah,100,713,DIY and home projects,17,0,0
MusicMaestro,221,997,Cooking tutorials and recipes 🍳,49,0,0
FitnessFirst,103,500,News and current affairs,5,0,0
CookingWithSarah,100,170,Science experiments for kids 🔬,1,0,0
TechWithMike,142,19,Gaming channel | daily uploads,25,0,0
TechWithMike,297,146,True crime documentary channel,6,0,0
BotChannel9999,765,3,Subscribe for free giveaways,35,0,1
Free Money Channel,114,1,Crypto investment tips,32,0,1
MusicMaestro,100,387,Travel vlogs from around the world,0,0,0
Easy Profit 2024,398,1,SUBSCRIBE NOW for $100 giveaway,26,0,1
Free Money Channel,578,4,Make money online — click here,7,0,1
CookingWithSarah,100,974,True crime documentary channel,18,0,0
MusicMaestro,100,706,Music covers and originals 🎵,13,0,0
BotChannel9999,851,1,,14,0,1
TechWithMike,554,761,Science experiments for kids 🔬,66,0,0
NatGeo,214264741,4607,Official channel of NASA,20610607,1,0
Easy Profit 2024,768,1,Make money online — click here,33,0,1
MusicMaestro,105,264,Travel vlogs from around the world,29,0,0
NASA,54990938,1648,"PewDiePie — gaming, vlogs, memes.",6972323,1,0
NatGeo,165009892,4478,"PewDiePie — gaming, vlogs, memes.",20444001,1,0
Free Money Channel,33,4,,48,0,1
MusicMaestro,421,831,Tech reviews and unboxings,49,0,0
MusicMaestro,286,538,Fitness and workout videos 💪,47,0,0
BotChannel9999,506,0,NFT and crypto alpha,38,0,1
CookingWithSarah,246,844,Gaming channel | daily uploads,49,0,0
Easy Profit 2024,333,0,Crypto investment tips,11,0,1
Free Money Channel,166,2,Make money online — click here,41,0,1
Free Money Channel,780,2,,31,0,1
Crypto Tips Daily,898,1,,11,0,1
Easy Profit 2024,816,0,Make money online — click here,3,0,1
Easy Profit 2024,586,0,SUBSCRIBE NOW for $100 giveaway,36,0,1
MusicMaestro,100,657,Music covers and originals 🎵,15,0,0
BotChannel9999,680,1,Free gift cards daily,7,0,1
Free Money Channel,35,4,Free gift cards daily,30,0,1
FitnessFirst,100,63,Tech reviews and unboxings,8,0,0
Crypto Tips Daily,738,3,Crypto investment tips,46,0,1
Crypto Tips Daily,551,2,,2,0,1
Easy Profit 2024,246,4,Subscribe for free giveaways,43,0,1
MusicMaestro,100,573,Tech reviews and unboxings,15,0,0
CookingWithSarah,244,690,Cooking tutorials and recipes 🍳,23,0,0
Easy Profit 2024,913,1,Earn $500/day from home,42,0,1
GamingPro,100,131,Music covers and originals 🎵,26,0,0
PewDiePie,118785944,3254,Official YouTube channel of MrBeast. Subscribe!,9370855,1,0
Crypto Tips Daily,636,0,SUBSCRIBE NOW for $100 giveaway,34,0,1
GamingPro,365,725,Music covers and originals 🎵,16,0,0
Crypto Tips Daily,962,0,Free gift cards daily,19,0,1
CookingWithSarah,100,803,News and current affairs,19,0,0
FitnessFirst,389,776,Music covers and originals 🎵,30,0,0
Easy Profit 2024,311,2,Earn $500/day from home,36,0,1
FitnessFirst,1062,990,Science experiments for kids 🔬,5,0,0
Free Money Channel,16,0,Free gift cards daily,39,0,1
BBC,201795825,3612,T-Series — Bollywood music and film,21766020,1,0
Crypto Tips Daily,514,1,Free gift cards daily,2,0,1
NatGeo,209544268,4212,"PewDiePie — gaming, vlogs, memes.",62803067,1,0
BotChannel9999,557,0,Make money online — click here,36,0,1
Free Money Channel,457,0,Subscribe for free giveaways,13,0,1
BotChannel9999,713,3,Free gift cards daily,39,0,1
TechWithMike,262,185,Music covers and originals 🎵,30,0,0
Crypto Tips Daily,881,1,Earn $500/day from home,26,0,1
Crypto Tips Daily,444,1,SUBSCRIBE NOW for $100 giveaway,11,0,1
FitnessFirst,100,569,Fitness and workout videos 💪,12,0,0
FitnessFirst,100,547,Science experiments for kids 🔬,22,0,0
CookingWithSarah,128,131,Fitness and workout videos 💪,30,0,0
MusicMaestro,251,787,Comedy sketches and skits,47,0,0
BotChannel9999,737,4,Crypto investment tips,46,0,1
MusicMaestro,100,173,True crime documentary channel,15,0,0
CookingWithSarah,100,682,True crime documentary channel,29,0,0
BBC,65930724,4199,Official channel of NASA,14280407,1,0
FitnessFirst,250,33,Fitness and workout videos 💪,52,0,0
MusicMaestro,100,535,Travel vlogs from around the world,13,0,0
TechWithMike,1228,153,Tech reviews and unboxings,348,0,0
GamingPro,100,932,Comedy sketches and skits,12,0,0
GamingPro,793,312,Gaming channel | daily uploads,171,0,0
CookingWithSarah,100,36,DIY and home projects,11,0,0
Easy Profit 2024,477,3,,27,0,1
Crypto Tips Daily,827,1,NFT and crypto alpha,6,0,1
FitnessFirst,100,346,News and current affairs,24,0,0
TechWithMike,100,235,Educational content for students,18,0,0
MusicMaestro,125,376,DIY and home projects,25,0,0
GamingPro,121,86,Travel vlogs from around the world,20,0,0
BotChannel9999,474,2,Free gift cards daily,49,0,1
Crypto Tips Daily,515,3,SUBSCRIBE NOW for $100 giveaway,48,0,1
Easy Profit 2024,851,3,SUBSCRIBE NOW for $100 giveaway,34,0,1
FitnessFirst,109,391,Comedy sketches and skits,17,0,0
TechWithMike,110,548,True crime documentary channel,25,0,0
BotChannel9999,603,4,Subscribe for free giveaways,16,0,1
Easy Profit 2024,907,1,Crypto investment tips,15,0,1
CookingWithSarah,100,399,True crime documentary channel,22,0,0
TechWithMike,100,649,Educational content for students,1,0,0
MusicMaestro,238,804,Gaming channel | daily uploads,8,0,0
MusicMaestro,154,174,Travel vlogs from around the world,41,0,0
Free Money Channel,200,0,Free gift cards daily,24,0,1
MusicMaestro,116,956,News and current affairs,3,0,0
Easy Profit 2024,401,2,NFT and crypto alpha,21,0,1
MusicMaestro,100,645,Cooking tutorials and recipes 🍳,10,0,0
TechWithMike,479,871,News and current affairs,80,0,0
FitnessFirst,109,816,Music covers and originals 🎵,25,0,0
BotChannel9999,615,1,,16,0,1
CookingWithSarah,100,900,Fitness and workout videos 💪,20,0,0
Crypto Tips Daily,852,0,Free gift cards daily,46,0,1
CookingWithSarah,100,640,News and current affairs,24,0,0
BotChannel9999,582,2,NFT and crypto alpha,16,0,1
FitnessFirst,140,456,Tech reviews and unboxings,27,0,0
FitnessFirst,508,131,Science experiments for kids 🔬,35,0,0
Easy Profit 2024,71,0,Crypto investment tips,18,0,1
Easy Profit 2024,907,1,Make money online — click here,33,0,1
Easy Profit 2024,597,4,SUBSCRIBE NOW for $100 giveaway,5,0,1
Easy Profit 2024,189,3,Free gift cards daily,21,0,1
T-Series,111562830,1163,T-Series — Bollywood music and film,7631451,1,0
Easy Profit 2024,386,4,Free gift cards daily,40,0,1
Easy Profit 2024,635,1,,49,0,1
MrBeast,19930039,1243,Official YouTube channel of MrBeast. Subscribe!,4347853,1,0
FitnessFirst,100,715,Tech reviews and unboxings,24,0,0
MusicMaestro,100,437,True crime documentary channel,21,0,0
BotChannel9999,504,1,NFT and crypto alpha,27,0,1
Easy Profit 2024,126,1,NFT and crypto alpha,25,0,1
Crypto Tips Daily,61,1,Make money online — click here,22,0,1
CookingWithSarah,134,324,Music covers and originals 🎵,21,0,0
TechWithMike,100,491,News and current affairs,22,0,0
Free Money Channel,606,4,Crypto investment tips,33,0,1
Free Money Channel,834,3,SUBSCRIBE NOW for $100 giveaway,22,0,1
Easy Profit 2024,394,3,NFT and crypto alpha,28,0,1
TechWithMike,100,242,Fitness and workout videos 💪,5,0,0
Easy Profit 2024,409,3,,11,0,1
MusicMaestro,100,329,Fitness and workout videos 💪,5,0,0
MusicMaestro,193,716,True crime documentary channel,24,0,0
FitnessFirst,100,198,Gaming channel | daily uploads,20,0,0
CookingWithSarah,300,748,Gaming channel | daily uploads,76,0,0
TechWithMike,100,961,Travel vlogs from around the world,22,0,0
FitnessFirst,100,368,Educational content for students,20,0,0
BotChannel9999,411,4,Subscribe for free giveaways,34,0,1
BotChannel9999,142,2,Subscribe for free giveaways,2,0,1
Crypto Tips Daily,601,3,Free gift cards daily,0,0,1
NatGeo,31605878,3351,Official YouTube channel of MrBeast. Subscribe!,6027317,1,0
FitnessFirst,146,790,Comedy sketches and skits,29,0,0
GamingPro,115,921,Tech reviews and unboxings,22,0,0
Easy Profit 2024,898,2,Earn $500/day from home,34,0,1
BotChannel9999,518,0,Crypto investment tips,16,0,1
TechWithMike,147,127,Fitness and workout videos 💪,32,0,0
GamingPro,152,731,Gaming channel | daily uploads,9,0,0
Crypto Tips Daily,1,3,,11,0,1
NatGeo,122289776,2952,"PewDiePie — gaming, vlogs, memes.",26930151,1,0
BotChannel9999,256,2,Crypto investment tips,40,0,1
Easy Profit 2024,407,4,Make money online — click here,0,0,1
Crypto Tips Daily,106,2,Make money online — click here,19,0,1
BotChannel9999,290,3,Earn $500/day from home,47,0,1
TechWithMike,100,310,Cooking tutorials and recipes 🍳,17,0,0
GamingPro,100,969,Music covers and originals 🎵,29,0,0
Free Money Channel,126,2,Make money online — click here,10,0,1
BotChannel9999,355,3,Crypto investment tips,9,0,1
BotChannel9999,461,0,Subscribe for free giveaways,12,0,1
CookingWithSarah,100,105,Cooking tutorials and recipes 🍳,3,0,0
TED,213833454,883,Official YouTube channel of MrBeast. Subscribe!,27495835,1,0
FitnessFirst,100,87,News and current affairs,27,0,0
BotChannel9999,658,3,Free gift cards daily,4,0,1
BBC,62512574,3796,Official channel of NASA,15546613,1,0
Free Money Channel,12,1,Earn $500/day from home,37,0,1
BotChannel9999,665,2,,6,0,1
BotChannel9999,170,0,NFT and crypto alpha,44,0,1
PewDiePie,211412786,239,Official YouTube channel of MrBeast. Subscribe!,14303646,1,0
BotChannel9999,939,2,,41,0,1
CookingWithSarah,100,865,Cooking tutorials and recipes 🍳,26,0,0
BotChannel9999,485,1,Crypto investment tips,6,0,1
CookingWithSarah,100,329,Educational content for students,9,0,0
TechWithMike,148,81,True crime documentary channel,42,0,0
TechWithMike,165,664,True crime documentary channel,15,0,0
Easy Profit 2024,256,1,NFT and crypto alpha,2,0,1
Crypto Tips Daily,456,2,SUBSCRIBE NOW for $100 giveaway,39,0,1
TechWithMike,100,909,True crime documentary channel,25,0,0
BotChannel9999,789,4,Free gift cards daily,37,0,1
PewDiePie,198290480,2064,"PewDiePie — gaming, vlogs, memes.",22698104,1,0
Easy Profit 2024,998,1,,49,0,1
Free Money Channel,142,4,,22,0,1
Free Money Channel,36,3,Earn $500/day from home,7,0,1
Free Money Channel,275,2,,9,0,1
FitnessFirst,118,94,Comedy sketches and skits,13,0,0
Crypto Tips Daily,861,0,NFT and crypto alpha,35,0,1
CookingWithSarah,100,297,Comedy sketches and skits,21,0,0
BotChannel9999,123,1,,22,0,1
BotChannel9999,326,3,Subscribe for free giveaways,2,0,1
Free Money Channel,508,1,Make money online — click here,43,0,1
Easy Profit 2024,993,3,,11,0,1
Crypto Tips Daily,865,2,Subscribe for free giveaways,45,0,1
Free Money Channel,929,4,Make money online — click here,1,0,1
MusicMaestro,324,948,True crime documentary channel,19,0,0
MusicMaestro,100,309,Travel vlogs from around the world,16,0,0
CookingWithSarah,100,724,Tech reviews and unboxings,20,0,0
BotChannel9999,872,2,Make money online — click here,46,0,1
Easy Profit 2024,730,4,Make money online — click here,28,0,1
CookingWithSarah,100,730,Tech reviews and unboxings,27,0,0
MusicMaestro,298,464,True crime documentary channel,61,0,0
Crypto Tips Daily,241,2,Make money online — click here,10,0,1
CookingWithSarah,511,446,Music covers and originals 🎵,144,0,0
Free Money Channel,646,1,Free gift cards daily,13,0,1
Free Money Channel,855,2,NFT and crypto alpha,20,0,1
Free Money Channel,986,1,SUBSCRIBE NOW for $100 giveaway,4,0,1
TED,30254938,3141,Official YouTube channel of MrBeast. Subscribe!,5544454,1,0
Crypto Tips Daily,149,0,,0,0,1
Crypto Tips Daily,60,1,,36,0,1
GamingPro,102,267,Music covers and originals 🎵,2,0,0
GamingPro,100,515,Gaming channel | daily uploads,27,0,0
TechWithMike,161,565,Cooking tutorials and recipes 🍳,22,0,0
CookingWithSarah,100,678,Fitness and workout videos 💪,1,0,0
TechWithMike,100,923,Music covers and originals 🎵,7,0,0
Free Money Channel,904,4,Free gift cards daily,23,0,1
Easy Profit 2024,768,1,Earn $500/day from home,38,0,1
Crypto Tips Daily,477,3,,32,0,1
BotChannel9999,496,1,Earn $500/day from home,17,0,1
Easy Profit 2024,689,1,Make money online — click here,4,0,1
FitnessFirst,100,735,Fitness and workout videos 💪,21,0,0
Free Money Channel,22,2,Earn $500/day from home,1,0,1
Easy Profit 2024,143,0,SUBSCRIBE NOW for $100 giveaway,26,0,1
GamingPro,100,480,Cooking tutorials and recipes 🍳,29,0,0
CookingWithSarah,100,888,Fitness and workout videos 💪,21,0,0
Free Money Channel,622,2,Subscribe for free giveaways,19,0,1
Easy Profit 2024,273,0,Crypto investment tips,14,0,1
Crypto Tips Daily,594,3,Crypto investment tips,29,0,1
Crypto Tips Daily,267,0,NFT and crypto alpha,36,0,1
BotChannel9999,911,1,,48,0,1
CookingWithSarah,278,205,Fitness and workout videos 💪,32,0,0
MusicMaestro,100,134,True crime documentary channel,2,0,0
Easy Profit 2024,267,2,,6,0,1
Crypto Tips Daily,94,0,,30,0,1
GamingPro,100,174,Fitness and workout videos 💪,3,0,0
MusicMaestro,2083,803,Gaming channel | daily uploads,516,0,0
Free Money Channel,930,2,Crypto investment tips,17,0,1
Easy Profit 2024,517,2,NFT and crypto alpha,42,0,1
BotChannel9999,948,4,Earn $500/day from home,30,0,1
Crypto Tips Daily,462,0,,41,0,1
GamingPro,258,395,Cooking tutorials and recipes 🍳,50,0,0
Crypto Tips Daily,50,0,,11,0,1
GamingPro,907,679,DIY and home projects,261,0,0
Easy Profit 2024,501,4,,12,0,1
MusicMaestro,100,143,Educational content for students,20,0,0
Easy Profit 2024,115,2,NFT and crypto alpha,34,0,1
GamingPro,119,548,Educational content for students,27,0,0
FitnessFirst,100,811,Educational content for students,19,0,0
Easy Profit 2024,285,0,,10,0,1
Crypto Tips Daily,648,0,Make money online — click here,5,0,1
GamingPro,100,81,Music covers and originals 🎵,10,0,0
BotChannel9999,821,4,Earn $500/day from home,16,0,1
BotChannel9999,409,3,Make money online — click here,2,0,1
MrBeast,78000203,4313,"PewDiePie — gaming, vlogs, memes.",10754525,1,0
FitnessFirst,218,618,Tech reviews and unboxings,40,0,0
Free Money Channel,390,4,Crypto investment tips,18,0,1
Crypto Tips Daily,599,4,Make money online — click here,46,0,1
BotChannel9999,198,1,Subscribe for free giveaways,10,0,1
TechWithMike,100,196,True crime documentary channel,24,0,0
CookingWithSarah,166,373,Tech reviews and unboxings,32,0,0
Free Money Channel,579,4,Subscribe for free giveaways,46,0,1
Crypto Tips Daily,255,4,,21,0,1
Easy Profit 2024,977,2,NFT and crypto alpha,38,0,1
Free Money Channel,697,0,NFT and crypto alpha,13,0,1
Crypto Tips Daily,33,2,,49,0,1
Crypto Tips Daily,555,4,SUBSCRIBE NOW for $100 giveaway,23,0,1
BotChannel9999,616,2,Free gift cards daily,34,0,1
TED,98697257,4448,Official YouTube channel of MrBeast. Subscribe!,24548373,1,0
Crypto Tips Daily,159,3,SUBSCRIBE NOW for $100 giveaway,2,0,1
BotChannel9999,670,1,,44,0,1
FitnessFirst,142,722,Gaming channel | daily uploads,16,0,0
GamingPro,100,213,True crime documentary channel,29,0,0
MrBeast,11677826,3766,"PewDiePie — gaming, vlogs, memes.",2059357,1,0
FitnessFirst,170,810,True crime documentary channel,44,0,0
BotChannel9999,812,4,Subscribe for free giveaways,9,0,1
CookingWithSarah,100,989,Tech reviews and unboxings,16,0,0
Easy Profit 2024,803,2,Make money online — click here,30,0,1
Easy Profit 2024,937,2,Make money online — click here,29,0,1
PewDiePie,33258332,4261,T-Series — Bollywood music and film,6384425,1,0
BotChannel9999,813,0,Crypto investment tips,34,0,1
GamingPro,100,945,DIY and home projects,14,0,0
TED,188045434,1284,"PewDiePie — gaming, vlogs, memes.",14894696,1,0
FitnessFirst,511,10,Science experiments for kids 🔬,103,0,0
BotChannel9999,982,4,SUBSCRIBE NOW for $100 giveaway,27,0,1
CookingWithSarah,1323,772,Educational content for students,279,0,0
CookingWithSarah,100,126,Music covers and originals 🎵,15,0,0
TechWithMike,168,56,News and current affairs,40,0,0
CookingWithSarah,100,469,DIY and home projects,25,0,0
Crypto Tips Daily,198,3,Crypto investment tips,34,0,1
CookingWithSarah,234,762,Travel vlogs from around the world,38,0,0
FitnessFirst,201,416,Tech reviews and unboxings,15,0,0
Easy Profit 2024,542,0,Earn $500/day from home,47,0,1
Free Money Channel,282,1,,16,0,1
Easy Profit 2024,711,2,NFT and crypto alpha,14,0,1
GamingPro,100,423,News and current affairs,26,0,0
Crypto Tips Daily,244,3,Crypto investment tips,29,0,1
Crypto Tips Daily,712,4,SUBSCRIBE NOW for $100 giveaway,33,0,1
Free Money Channel,705,1,Free gift cards daily,44,0,1
Easy Profit 2024,585,4,NFT and crypto alpha,15,0,1
Free Money Channel,844,2,,40,0,1
BotChannel9999,929,3,,11,0,1
Free Money Channel,730,2,SUBSCRIBE NOW for $100 giveaway,11,0,1
CookingWithSarah,100,517,Comedy sketches and skits,15,0,0
TechWithMike,100,882,Music covers and originals 🎵,9,0,0
GamingPro,100,684,Science experiments for kids 🔬,5,0,0
Crypto Tips Daily,290,4,,41,0,1
Free Money Channel,463,1,Make money online — click here,42,0,1
Free Money Channel,497,4,NFT and crypto alpha,18,0,1
NatGeo,230495268,1275,Official channel of NASA,64635046,1,0
BotChannel9999,905,4,Free gift cards daily,40,0,1
GamingPro,100,523,Science experiments for kids 🔬,7,0,0
PewDiePie,176881234,3916,"PewDiePie — gaming, vlogs, memes.",20007756,1,0
Easy Profit 2024,162,0,Subscribe for free giveaways,31,0,1
BotChannel9999,269,1,Subscribe for free giveaways,31,0,1
MusicMaestro,466,149,Music covers and originals 🎵,65,0,0
Free Money Channel,997,4,Earn $500/day from home,2,0,1
PewDiePie,121656102,2294,T-Series — Bollywood music and film,23806983,1,0
Free Money Channel,901,2,SUBSCRIBE NOW for $100 giveaway,34,0,1
TechWithMike,100,240,Music covers and originals 🎵,1,0,0
TechWithMike,100,315,DIY and home projects,18,0,0
TechWithMike,100,581,Science experiments for kids 🔬,11,0,0
PewDiePie,109655729,2921,T-Series — Bollywood music and film,28074729,1,0
MusicMaestro,138,333,News and current affairs,28,0,0
Easy Profit 2024,476,3,NFT and crypto alpha,10,0,1
FitnessFirst,132,864,DIY and home projects,5,0,0
MrBeast,156098213,1808,Official channel of NASA,36479486,1,0
FitnessFirst,161,845,Science experiments for kids 🔬,41,0,0
CookingWithSarah,1881,104,Music covers and originals 🎵,218,0,0
Free Money Channel,6,2,,6,0,1
NASA,147134534,375,"PewDiePie — gaming, vlogs, memes.",28073407,1,0
TechWithMike,209,71,Educational content for students,44,0,0
Free Money Channel,695,0,SUBSCRIBE NOW for $100 giveaway,20,0,1
TechWithMike,3471,58,Science experiments for kids 🔬,310,0,0
Easy Profit 2024,519,3,,25,0,1
GamingPro,100,771,Travel vlogs from around the world,27,0,0
Easy Profit 2024,810,2,Make money online — click here,14,0,1
BotChannel9999,909,2,Free gift cards daily,26,0,1
CookingWithSarah,328,166,News and current affairs,43,0,0
NASA,29599648,4384,Official YouTube channel of MrBeast. Subscribe!,5302172,1,0
MusicMaestro,375,150,Educational content for students,110,0,0
TechWithMike,100,786,Travel vlogs from around the world,6,0,0
GamingPro,100,887,DIY and home projects,20,0,0
MusicMaestro,180,12,Cooking tutorials and recipes 🍳,22,0,0
TechWithMike,100,15,News and current affairs,11,0,0
TechWithMike,413,938,Tech reviews and unboxings,3,0,0
FitnessFirst,100,265,Cooking tutorials and recipes 🍳,16,0,0
Free Money Channel,494,1,,20,0,1
CookingWithSarah,100,966,Comedy sketches and skits,24,0,0
Free Money Channel,52,2,,35,0,1
Free Money Channel,930,0,,49,0,1
MusicMaestro,188,919,Cooking tutorials and recipes 🍳,44,0,0
FitnessFirst,100,107,Travel vlogs from around the world,27,0,0
NASA,229632522,896,Official YouTube channel of MrBeast. Subscribe!,56535228,1,0
BotChannel9999,273,0,Earn $500/day from home,45,0,1
MusicMaestro,111,162,Cooking tutorials and recipes 🍳,1,0,0
NASA,163607668,4091,Official channel of NASA,38397661,1,0
NatGeo,131465201,3461,Official YouTube channel of MrBeast. Subscribe!,29638605,1,0
CookingWithSarah,302,862,Music covers and originals 🎵,35,0,0
TED,232511959,809,Official channel of NASA,49256126,1,0
FitnessFirst,138,440,Educational content for students,19,0,0
Easy Profit 2024,469,4,Subscribe for free giveaways,31,0,1
Free Money Channel,75,0,,7,0,1
BotChannel9999,649,2,Crypto investment tips,13,0,1
Crypto Tips Daily,120,4,Make money online — click here,17,0,1
Crypto Tips Daily,284,3,Free gift cards daily,5,0,1
CookingWithSarah,100,162,Comedy sketches and skits,10,0,0
Easy Profit 2024,228,3,Make money online — click here,24,0,1
NatGeo,237080081,4060,Official YouTube channel of MrBeast. Subscribe!,52852622,1,0
BotChannel9999,601,0,,12,0,1
Easy Profit 2024,119,4,Subscribe for free giveaways,6,0,1
CookingWithSarah,100,516,Fitness and workout videos 💪,9,0,0
Free Money Channel,490,1,Crypto investment tips,34,0,1
Easy Profit 2024,792,2,,4,0,1
FitnessFirst,100,61,Tech reviews and unboxings,16,0,0
GamingPro,795,525,Travel vlogs from around the world,212,0,0
Easy Profit 2024,945,1,,25,0,1
BotChannel9999,584,2,Crypto investment tips,25,0,1
Crypto Tips Daily,630,4,Subscribe for free giveaways,13,0,1
Free Money Channel,166,1,SUBSCRIBE NOW for $100 giveaway,35,0,1
Easy Profit 2024,219,1,NFT and crypto alpha,8,0,1
FitnessFirst,100,505,Tech reviews and unboxings,6,0,0
Easy Profit 2024,153,4,Free gift cards daily,29,0,1
FitnessFirst,100,803,Travel vlogs from around the world,21,0,0
Crypto Tips Daily,781,0,SUBSCRIBE NOW for $100 giveaway,42,0,1
BotChannel9999,509,0,Free gift cards daily,28,0,1
Free Money Channel,811,1,Earn $500/day from home,17,0,1
GamingPro,153,988,Tech reviews and unboxings,44,0,0
MusicMaestro,161,696,Comedy sketches and skits,2,0,0
BotChannel9999,543,1,,42,0,1
Easy Profit 2024,344,0,Subscribe for free giveaways,38,0,1
GamingPro,100,225,True crime documentary channel,25,0,0
FitnessFirst,100,777,Fitness and workout videos 💪,27,0,0
CookingWithSarah,202,180,DIY and home projects,53,0,0
TechWithMike,292,768,Educational content for students,62,0,0
TechWithMike,100,126,News and current affairs,14,0,0
TechWithMike,563,162,Fitness and workout videos 💪,44,0,0
MrBeast,82617124,1673,Official channel of NASA,18127957,1,0
Easy Profit 2024,29,0,,1,0,1
GamingPro,100,513,DIY and home projects,18,0,0
CookingWithSarah,100,290,Comedy sketches and skits,24,0,0
Crypto Tips Daily,231,0,Make money online — click here,3,0,1
CookingWithSarah,100,193,Educational content for students,19,0,0
BotChannel9999,292,1,NFT and crypto alpha,31,0,1
Easy Profit 2024,469,3,Free gift cards daily,48,0,1
CookingWithSarah,100,343,Educational content for students,10,0,0
Easy Profit 2024,988,2,Free gift cards daily,6,0,1
CookingWithSarah,100,151,Cooking tutorials and recipes 🍳,11,0,0
MusicMaestro,100,553,True crime documentary channel,14,0,0
TechWithMike,100,62,Music covers and originals 🎵,22,0,0
Easy Profit 2024,701,1,Free gift cards daily,21,0,1
Free Money Channel,661,3,,45,0,1
GamingPro,189,156,Comedy sketches and skits,40,0,0
GamingPro,326,160,Gaming channel | daily uploads,37,0,0
Free Money Channel,390,3,Crypto investment tips,41,0,1
NatGeo,90816110,2111,T-Series — Bollywood music and film,7797194,1,0
PewDiePie,124543109,1081,"PewDiePie — gaming, vlogs, memes.",23308224,1,0
Crypto Tips Daily,63,1,,46,0,1
MusicMaestro,100,942,DIY and home projects,3,0,0
GamingPro,244,566,Music covers and originals 🎵,49,0,0
Free Money Channel,934,1,NFT and crypto alpha,30,0,1
FitnessFirst,100,201,Music covers and originals 🎵,23,0,0
FitnessFirst,100,954,Music covers and originals 🎵,18,0,0
Easy Profit 2024,734,3,NFT and crypto alpha,2,0,1
MusicMaestro,100,847,Comedy sketches and skits,4,0,0
BotChannel9999,620,0,,12,0,1
T-Series,157266984,2151,Official channel of NASA,37259824,1,0
Free Money Channel,496,0,Make money online — click here,14,0,1
Free Money Channel,463,3,,24,0,1
BotChannel9999,493,0,Earn $500/day from home,48,0,1
Crypto Tips Daily,779,4,Earn $500/day from home,18,0,1
Easy Profit 2024,409,2,SUBSCRIBE NOW for $100 giveaway,38,0,1
BotChannel9999,177,3,Crypto investment tips,1,0,1
Free Money Channel,509,1,Subscribe for free giveaways,28,0,1
MusicMaestro,100,819,Travel vlogs from around the world,26,0,0
Free Money Channel,127,4,Earn $500/day from home,26,0,1
MusicMaestro,100,986,Cooking tutorials and recipes 🍳,12,0,0
GamingPro,100,18,Fitness and workout videos 💪,10,0,0
NatGeo,168601584,2252,Official channel of NASA,13995796,1,0
Free Money Channel,20,3,NFT and crypto alpha,19,0,1
Free Money Channel,8,1,Free gift cards daily,40,0,1
FitnessFirst,100,61,Cooking tutorials and recipes 🍳,4,0,0
CookingWithSarah,194,826,DIY and home projects,41,0,0
Free Money Channel,410,0,NFT and crypto alpha,4,0,1
GamingPro,100,420,Gaming channel | daily uploads,4,0,0
MusicMaestro,100,729,Science experiments for kids 🔬,26,0,0
GamingPro,100,65,Cooking tutorials and recipes 🍳,27,0,0
GamingPro,317,562,News and current affairs,70,0,0
GamingPro,100,255,Cooking tutorials and recipes 🍳,23,0,0
NASA,78463332,3468,"PewDiePie — gaming, vlogs, memes.",9027441,1,0
Crypto Tips Daily,378,3,NFT and crypto alpha,29,0,1
FitnessFirst,100,753,Fitness and workout videos 💪,16,0,0
Easy Profit 2024,882,3,Earn $500/day from home,49,0,1
CookingWithSarah,100,246,News and current affairs,21,0,0
GamingPro,206,235,Gaming channel | daily uploads,25,0,0
Free Money Channel,985,4,Earn $500/day from home,4,0,1
GamingPro,100,290,News and current affairs,4,0,0
CookingWithSarah,100,651,Music covers and originals 🎵,24,0,0
CookingWithSarah,270,673,True crime documentary channel,46,0,0
FitnessFirst,100,737,Music covers and originals 🎵,14,0,0
Free Money Channel,767,1,Free gift cards daily,24,0,1
Crypto Tips Daily,853,0,NFT and crypto alpha,41,0,1
T-Series,61767874,2858,Official YouTube channel of MrBeast. Subscribe!,5539849,1,0
Crypto Tips Daily,590,2,Subscribe for free giveaways,29,0,1
GamingPro,100,782,Tech reviews and unboxings,22,0,0
FitnessFirst,100,219,DIY and home projects,13,0,0
TechWithMike,100,720,True crime documentary channel,5,0,0
FitnessFirst,964,134,Cooking tutorials and recipes 🍳,111,0,0
Crypto Tips Daily,662,1,,26,0,1
Free Money Channel,474,0,Subscribe for free giveaways,36,0,1
TechWithMike,100,711,Tech reviews and unboxings,13,0,0
T-Series,129051128,1464,T-Series — Bollywood music and film,10528655,1,0
Easy Profit 2024,40,0,Free gift cards daily,33,0,1
TechWithMike,157,595,DIY and home projects,2,0,0
FitnessFirst,298,119,Science experiments for kids 🔬,8,0,0
TED,223030091,1180,T-Series — Bollywood music and film,47552607,1,0
BotChannel9999,659,3,Crypto investment tips,25,0,1
BotChannel9999,418,2,Crypto investment tips,49,0,1
NatGeo,179329604,346,T-Series — Bollywood music and film,40213998,1,0
TechWithMike,142,913,DIY and home projects,3,0,0
BotChannel9999,481,2,SUBSCRIBE NOW for $100 giveaway,32,0,1
FitnessFirst,167,174,DIY and home projects,26,0,0
Free Money Channel,102,0,Make money online — click here,22,0,1
FitnessFirst,100,141,True crime documentary channel,5,0,0
BotChannel9999,23,3,Make money online — click here,30,0,1
Easy Profit 2024,399,3,Free gift cards daily,10,0,1
Easy Profit 2024,262,3,,37,0,1
MusicMaestro,170,215,Science experiments for kids 🔬,25,0,0
MusicMaestro,150,137,News and current affairs,17,0,0
MrBeast,150406546,4870,Official channel of NASA,24106048,1,0
FitnessFirst,166,147,Science experiments for kids 🔬,22,0,0
FitnessFirst,747,58,True crime documentary channel,8,0,0
Free Money Channel,957,1,Crypto investment tips,28,0,1
Free Money Channel,646,4,NFT and crypto alpha,46,0,1
Free Money Channel,550,0,Free gift cards daily,21,0,1
Easy Profit 2024,68,4,Make money online — click here,22,0,1
BotChannel9999,901,0,,41,0,1
MusicMaestro,319,77,Gaming channel | daily uploads,47,0,0
Easy Profit 2024,687,1,,40,0,1
CookingWithSarah,321,487,True crime documentary channel,75,0,0
Free Money Channel,943,0,Make money online — click here,41,0,1
GamingPro,100,193,News and current affairs,3,0,0
NASA,193840164,2933,Official channel of NASA,14483151,1,0
Free Money Channel,624,4,Crypto investment tips,49,0,1
Crypto Tips Daily,161,1,Subscribe for free giveaways,15,0,1
FitnessFirst,100,692,Educational content for students,8,0,0
GamingPro,100,117,Travel vlogs from around the world,28,0,0
CookingWithSarah,100,238,Comedy sketches and skits,22,0,0
Crypto Tips Daily,784,3,Earn $500/day from home,7,0,1
MusicMaestro,180,643,Cooking tutorials and recipes 🍳,32,0,0
Free Money Channel,798,1,,20,0,1
FitnessFirst,209,829,True crime documentary channel,46,0,0
GamingPro,100,264,Comedy sketches and skits,24,0,0
MusicMaestro,100,800,Gaming channel | daily uploads,16,0,0
BotChannel9999,760,2,Subscribe for free giveaways,32,0,1
Easy Profit 2024,342,0,,2,0,1
MrBeast,22785862,3346,T-Series — Bollywood music and film,5539499,1,0
NASA,137212582,3026,Official channel of NASA,19475675,1,0
Free Money Channel,938,1,Make money online — click here,33,0,1
Easy Profit 2024,267,4,Make money online — click here,49,0,1
NASA,243444164,1276,T-Series — Bollywood music and film,14406037,1,0
Free Money Channel,466,4,,32,0,1
Crypto Tips Daily,429,3,Make money online — click here,40,0,1
Free Money Channel,314,2,Free gift cards daily,15,0,1
BotChannel9999,312,2,Subscribe for free giveaways,7,0,1
Free Money Channel,192,2,,46,0,1
Easy Profit 2024,169,1,Make money online — click here,11,0,1
NatGeo,243282007,3928,"PewDiePie — gaming, vlogs, memes.",59881518,1,0
GamingPro,167,624,News and current affairs,10,0,0
FitnessFirst,405,973,True crime documentary channel,109,0,0
Crypto Tips Daily,860,2,Free gift cards daily,35,0,1
Crypto Tips Daily,470,2,Crypto investment tips,16,0,1
BotChannel9999,128,3,Crypto investment tips,42,0,1
Easy Profit 2024,60,3,,5,0,1
Free Money Channel,29,4,Free gift cards daily,14,0,1
TechWithMike,195,154,Tech reviews and unboxings,18,0,0
TechWithMike,100,867,Educational content for students,16,0,0
CookingWithSarah,100,295,Travel vlogs from around the world,27,0,0
Free Money Channel,166,1,Subscribe for free giveaways,41,0,1
CookingWithSarah,212,31,Comedy sketches and skits,28,0,0
FitnessFirst,191,768,Travel vlogs from around the world,24,0,0
FitnessFirst,140,397,DIY and home projects,17,0,0
Free Money Channel,274,4,SUBSCRIBE NOW for $100 giveaway,44,0,1
Crypto Tips Daily,910,2,Free gift cards daily,44,0,1
BotChannel9999,948,4,Free gift cards daily,31,0,1
BotChannel9999,592,3,NFT and crypto alpha,45,0,1
BotChannel9999,835,1,NFT and crypto alpha,33,0,1
NatGeo,196844254,2387,"PewDiePie — gaming, vlogs, memes.",30025424,1,0
TechWithMike,100,209,News and current affairs,11,0,0
GamingPro,312,824,Music covers and originals 🎵,62,0,0
Easy Profit 2024,320,3,,23,0,1
TechWithMike,321,212,Travel vlogs from around the world,68,0,0
Easy Profit 2024,164,3,Subscribe for free giveaways,8,0,1
Free Money Channel,855,1,,39,0,1
Free Money Channel,617,3,Make money online — click here,34,0,1
GamingPro,492,312,Gaming channel | daily uploads,2,0,0
BotChannel9999,769,0,Crypto investment tips,3,0,1
Easy Profit 2024,872,0,Crypto investment tips,49,0,1
BotChannel9999,824,2,SUBSCRIBE NOW for $100 giveaway,8,0,1
Free Money Channel,548,4,,29,0,1
Free Money Channel,515,3,NFT and crypto alpha,46,0,1
FitnessFirst,100,266,Gaming channel | daily uploads,11,0,0
Crypto Tips Daily,755,4,NFT and crypto alpha,16,0,1
Easy Profit 2024,985,0,SUBSCRIBE NOW for $100 giveaway,0,0,1
MusicMaestro,149,318,True crime documentary channel,16,0,0
Free Money Channel,387,1,Make money online — click here,1,0,1
GamingPro,314,483,Educational content for students,79,0,0
BotChannel9999,540,2,Crypto investment tips,0,0,1
Easy Profit 2024,6,1,NFT and crypto alpha,38,0,1
Easy Profit 2024,35,3,Crypto investment tips,11,0,1
NatGeo,242980064,4784,"PewDiePie — gaming, vlogs, memes.",42128927,1,0
PewDiePie,120018681,2757,T-Series — Bollywood music and film,19266927,1,0
Easy Profit 2024,735,1,Subscribe for free giveaways,39,0,1
NatGeo,40967071,2099,T-Series — Bollywood music and film,5397233,1,0
CookingWithSarah,100,529,Science experiments for kids 🔬,9,0,0
Easy Profit 2024,56,4,Make money online — click here,32,0,1
FitnessFirst,100,769,Gaming channel | daily uploads,2,0,0
Free Money Channel,118,4,Free gift cards daily,4,0,1
Easy Profit 2024,384,3,Free gift cards daily,2,0,1
TechWithMike,3272,324,News and current affairs,283,0,0
FitnessFirst,100,401,Fitness and workout videos 💪,4,0,0
MusicMaestro,100,257,Gaming channel | daily uploads,7,0,0
GamingPro,469,694,Fitness and workout videos 💪,99,0,0
TechWithMike,133,245,Cooking tutorials and recipes 🍳,38,0,0
Easy Profit 2024,99,0,SUBSCRIBE NOW for $100 giveaway,46,0,1
PewDiePie,45268515,688,Official channel of NASA,8670270,1,0
FitnessFirst,100,92,True crime documentary channel,22,0,0
Easy Profit 2024,120,3,Free gift cards daily,22,0,1
GamingPro,1171,866,Educational content for students,124,0,0
FitnessFirst,254,988,Cooking tutorials and recipes 🍳,2,0,0
Crypto Tips Daily,569,3,SUBSCRIBE NOW for $100 giveaway,34,0,1
Crypto Tips Daily,115,0,,36,0,1
Easy Profit 2024,784,0,NFT and crypto alpha,48,0,1
MusicMaestro,306,851,Fitness and workout videos 💪,45,0,0
BBC,27350654,3550,Official YouTube channel of MrBeast. Subscribe!,6337839,1,0
Easy Profit 2024,799,3,,30,0,1
FitnessFirst,100,357,Comedy sketches and skits,26,0,0
MusicMaestro,193,892,Fitness and workout videos 💪,4,0,0
CookingWithSarah,100,424,Cooking tutorials and recipes 🍳,18,0,0
MusicMaestro,100,404,Gaming channel | daily uploads,14,0,0
Easy Profit 2024,648,1,,35,0,1
Easy Profit 2024,579,0,Earn $500/day from home,27,0,1
GamingPro,100,195,News and current affairs,1,0,0
CookingWithSarah,100,323,True crime documentary channel,26,0,0
BotChannel9999,668,1,,36,0,1
CookingWithSarah,100,593,True crime documentary channel,8,0,0
Free Money Channel,219,4,SUBSCRIBE NOW for $100 giveaway,18,0,1
Easy Profit 2024,420,4,Crypto investment tips,43,0,1
NatGeo,26603718,2329,"PewDiePie — gaming, vlogs, memes.",1415828,1,0
Crypto Tips Daily,118,4,Free gift cards daily,49,0,1
MusicMaestro,192,567,Tech reviews and unboxings,42,0,0
Free Money Channel,620,1,SUBSCRIBE NOW for $100 giveaway,3,0,1
PewDiePie,137531363,430,Official YouTube channel of MrBeast. Subscribe!,32394505,1,0
TechWithMike,100,877,Music covers and originals 🎵,22,0,0
MusicMaestro,100,245,DIY and home projects,25,0,0
TechWithMike,100,47,Fitness and workout videos 💪,23,0,0
FitnessFirst,100,212,Tech reviews and unboxings,15,0,0
CookingWithSarah,119,724,Educational content for students,3,0,0
TechWithMike,100,927,Tech reviews and unboxings,26,0,0
Crypto Tips Daily,468,2,Earn $500/day from home,7,0,1
Free Money Channel,934,0,Crypto investment tips,8,0,1
BotChannel9999,402,2,,13,0,1
FitnessFirst,278,577,Comedy sketches and skits,17,0,0
NASA,224856667,3967,Official channel of NASA,37600431,1,0
Free Money Channel,462,4,Free gift cards daily,21,0,1
Easy Profit 2024,558,1,NFT and crypto alpha,45,0,1
MusicMaestro,100,817,Comedy sketches and skits,10,0,0
GamingPro,100,585,Cooking tutorials and recipes 🍳,9,0,0
PewDiePie,39677919,2659,Official channel of NASA,7265380,1,0
FitnessFirst,182,26,Comedy sketches and skits,47,0,0
Crypto Tips Daily,637,4,,31,0,1
TechWithMike,113,967,Fitness and workout videos 💪,11,0,0
CookingWithSarah,100,868,Tech reviews and unboxings,19,0,0
MrBeast,27328925,4779,T-Series — Bollywood music and film,3525910,1,0
TechWithMike,1953,868,Comedy sketches and skits,483,0,0
CookingWithSarah,100,318,Educational content for students,26,0,0
MusicMaestro,100,71,Music covers and originals 🎵,6,0,0
BotChannel9999,414,0,NFT and crypto alpha,28,0,1
Crypto Tips Daily,675,0,SUBSCRIBE NOW for $100 giveaway,26,0,1
Free Money Channel,924,0,NFT and crypto alpha,39,0,1
TechWithMike,266,193,DIY and home projects,55,0,0
Easy Profit 2024,643,2,NFT and crypto alpha,25,0,1
Easy Profit 2024,28,4,,40,0,1
Easy Profit 2024,177,1,,0,0,1
MusicMaestro,756,423,DIY and home projects,57,0,0
BotChannel9999,844,1,,49,0,1
TechWithMike,425,51,True crime documentary channel,39,0,0
CookingWithSarah,100,257,DIY and home projects,1,0,0
Free Money Channel,217,1,SUBSCRIBE NOW for $100 giveaway,30,0,1
CookingWithSarah,183,523,News and current affairs,7,0,0
FitnessFirst,100,543,Fitness and workout videos 💪,19,0,0
Free Money Channel,293,2,,25,0,1
TechWithMike,100,919,Cooking tutorials and recipes 🍳,29,0,0
BotChannel9999,363,1,,4,0,1
Easy Profit 2024,23,1,Crypto investment tips,13,0,1
MusicMaestro,115,920,Gaming channel | daily uploads,32,0,0
Free Money Channel,884,3,,31,0,1
BotChannel9999,931,3,Subscribe for free giveaways,8,0,1
BotChannel9999,644,2,Earn $500/day from home,13,0,1
T-Series,200979852,4094,Official YouTube channel of MrBeast. Subscribe!,58915949,1,0
NASA,173369544,3522,T-Series — Bollywood music and film,27816201,1,0
NatGeo,229424280,3803,Official channel of NASA,38159352,1,0
MusicMaestro,100,841,Fitness and workout videos 💪,1,0,0
FitnessFirst,100,676,Cooking tutorials and recipes 🍳,17,0,0
Free Money Channel,403,1,SUBSCRIBE NOW for $100 giveaway,8,0,1
PewDiePie,38020366,2757,Official YouTube channel of MrBeast. Subscribe!,4403022,1,0
Crypto Tips Daily,294,2,Crypto investment tips,5,0,1
BotChannel9999,874,4,Crypto investment tips,22,0,1
BotChannel9999,281,2,,41,0,1
BotChannel9999,109,0,SUBSCRIBE NOW for $100 giveaway,17,0,1
Easy Profit 2024,253,1,Crypto investment tips,37,0,1
Easy Profit 2024,465,2,Earn $500/day from home,7,0,1
CookingWithSarah,100,53,Tech reviews and unboxings,27,0,0
Easy Profit 2024,901,1,Free gift cards daily,22,0,1
BotChannel9999,213,0,SUBSCRIBE NOW for $100 giveaway,19,0,1
Easy Profit 2024,316,2,Crypto investment tips,36,0,1
Easy Profit 2024,812,3,,14,0,1
Easy Profit 2024,409,0,Make money online — click here,16,0,1
BotChannel9999,606,2,,9,0,1
Crypto Tips Daily,943,0,SUBSCRIBE NOW for $100 giveaway,6,0,1
CookingWithSarah,113,622,Comedy sketches and skits,31,0,0
FitnessFirst,266,528,Fitness and workout videos 💪,66,0,0
TED,230255027,833,"PewDiePie — gaming, vlogs, memes.",59016489,1,0
TED,124253833,1396,Official YouTube channel of MrBeast. Subscribe!,15742852,1,0
Crypto Tips Daily,820,2,Crypto investment tips,11,0,1
GamingPro,100,504,True crime documentary channel,26,0,0
BotChannel9999,832,4,NFT and crypto alpha,12,0,1
NASA,23564802,463,T-Series — Bollywood music and film,4931086,1,0
MusicMaestro,132,277,Science experiments for kids 🔬,22,0,0
GamingPro,100,261,Cooking tutorials and recipes 🍳,0,0,0
CookingWithSarah,100,935,Cooking tutorials and recipes 🍳,7,0,0
GamingPro,100,149,Tech reviews and unboxings,8,0,0
TED,209088313,3279,"PewDiePie — gaming, vlogs, memes.",32253467,1,0
GamingPro,100,548,Cooking tutorials and recipes 🍳,19,0,0
Free Money Channel,776,1,Subscribe for free giveaways,26,0,1
GamingPro,100,538,Travel vlogs from around the world,8,0,0
NatGeo,153614986,4157,"PewDiePie — gaming, vlogs, memes.",24111653,1,0
Crypto Tips Daily,285,1,,6,0,1
TED,16209677,1275,Official channel of NASA,2331358,1,0
CookingWithSarah,100,973,DIY and home projects,12,0,0
BotChannel9999,57,2,Free gift cards daily,4,0,1
CookingWithSarah,100,254,Cooking tutorials and recipes 🍳,4,0,0
TechWithMike,100,386,Travel vlogs from around the world,12,0,0
Free Money Channel,876,4,Subscribe for free giveaways,43,0,1
Crypto Tips Daily,941,3,,21,0,1
TechWithMike,100,230,Travel vlogs from around the world,19,0,0
BotChannel9999,907,1,Free gift cards daily,37,0,1
BotChannel9999,12,2,Subscribe for free giveaways,48,0,1
BotChannel9999,500,1,Free gift cards daily,10,0,1
GamingPro,100,252,Travel vlogs from around the world,9,0,0
TechWithMike,100,885,Cooking tutorials and recipes 🍳,15,0,0
FitnessFirst,100,25,True crime documentary channel,8,0,0
BotChannel9999,106,1,,28,0,1
TechWithMike,100,437,Science experiments for kids 🔬,7,0,0
Easy Profit 2024,172,4,,13,0,1
TechWithMike,100,437,Fitness and workout videos 💪,29,0,0
Free Money Channel,656,1,Crypto investment tips,7,0,1
BotChannel9999,951,1,Free gift cards daily,4,0,1
Free Money Channel,104,1,Crypto investment tips,29,0,1
TED,234067371,2208,Official channel of NASA,22793410,1,0
BotChannel9999,698,4,Make money online — click here,29,0,1
BBC,239405974,1629,T-Series — Bollywood music and film,18931975,1,0
FitnessFirst,120,349,News and current affairs,31,0,0
GamingPro,215,963,Tech reviews and unboxings,21,0,0
Free Money Channel,890,3,Subscribe for free giveaways,37,0,1
FitnessFirst,590,301,Gaming channel | daily uploads,59,0,0
Easy Profit 2024,533,2,,24,0,1
Easy Profit 2024,235,4,Earn $500/day from home,2,0,1
TechWithMike,100,958,Travel vlogs from around the world,23,0,0
Easy Profit 2024,983,1,NFT and crypto alpha,19,0,1
NatGeo,35787060,4588,"PewDiePie — gaming, vlogs, memes.",9987457,1,0
BBC,91218567,3701,T-Series — Bollywood music and film,6687826,1,0
PewDiePie,93629287,3132,T-Series — Bollywood music and film,21208260,1,0
CookingWithSarah,353,776,Tech reviews and unboxings,18,0,0
PewDiePie,214561752,1633,Official YouTube channel of MrBeast. Subscribe!,52259237,1,0
TechWithMike,100,793,Music covers and originals 🎵,28,0,0
BBC,40105196,4780,Official channel of NASA,6454258,1,0
Easy Profit 2024,574,4,Free gift cards daily,9,0,1
BotChannel9999,637,2,Subscribe for free giveaways,10,0,1
T-Series,172411711,207,Official channel of NASA,17342889,1,0
NASA,90186625,2567,"PewDiePie — gaming, vlogs, memes.",9435352,1,0
TechWithMike,246,435,Travel vlogs from around the world,63,0,0
CookingWithSarah,100,807,Music covers and originals 🎵,9,0,0
T-Series,184275182,1563,"PewDiePie — gaming, vlogs, memes.",40616782,1,0
NatGeo,55822055,1460,Official YouTube channel of MrBeast. Subscribe!,6117677,1,0
Easy Profit 2024,949,4,Free gift cards daily,17,0,1
BotChannel9999,296,0,Make money online — click here,3,0,1
GamingPro,603,274,Tech reviews and unboxings,74,0,0
Easy Profit 2024,675,0,Earn $500/day from home,46,0,1
GamingPro,100,369,Gaming channel | daily uploads,7,0,0
MrBeast,92092024,2937,"PewDiePie — gaming, vlogs, memes.",23225035,1,0
FitnessFirst,148,602,Comedy sketches and skits,18,0,0
CookingWithSarah,117,487,Gaming channel | daily uploads,19,0,0
Crypto Tips Daily,386,0,Subscribe for free giveaways,6,0,1
FitnessFirst,100,53,News and current affairs,22,0,0
Free Money Channel,32,4,Free gift cards daily,30,0,1
PewDiePie,143930646,2724,"PewDiePie — gaming, vlogs, memes.",31279036,1,0
BotChannel9999,304,2,Earn $500/day from home,24,0,1
GamingPro,100,432,News and current affairs,16,0,0
Crypto Tips Daily,752,2,,20,0,1
TED,196737758,983,Official YouTube channel of MrBeast. Subscribe!,48382069,1,0
FitnessFirst,100,76,Fitness and workout videos 💪,1,0,0
BBC,201920791,1790,Official channel of NASA,23593153,1,0
Easy Profit 2024,951,1,SUBSCRIBE NOW for $100 giveaway,18,0,1
BotChannel9999,677,1,Subscribe for free giveaways,22,0,1
CookingWithSarah,100,861,News and current affairs,28,0,0
Easy Profit 2024,802,3,NFT and crypto alpha,21,0,1
BotChannel9999,349,3,Make money online — click here,39,0,1
BotChannel9999,200,1,,37,0,1
FitnessFirst,100,345,Music covers and originals 🎵,27,0,0
FitnessFirst,639,620,Cooking tutorials and recipes 🍳,28,0,0
TechWithMike,611,661,Fitness and workout videos 💪,103,0,0
FitnessFirst,100,108,Travel vlogs from around the world,27,0,0
Free Money Channel,941,1,NFT and crypto alpha,24,0,1
GamingPro,225,218,Science experiments for kids 🔬,17,0,0
Easy Profit 2024,861,3,Free gift cards daily,19,0,1
T-Series,23490855,2203,T-Series — Bollywood music and film,5429090,1,0
Crypto Tips Daily,176,2,,34,0,1
MusicMaestro,100,791,Tech reviews and unboxings,2,0,0
FitnessFirst,100,667,DIY and home projects,2,0,0
Easy Profit 2024,371,3,Crypto investment tips,0,0,1
Easy Profit 2024,125,2,Subscribe for free giveaways,13,0,1
PewDiePie,186577347,2057,"PewDiePie — gaming, vlogs, memes.",22399600,1,0
MrBeast,32771428,4804,T-Series — Bollywood music and film,2327254,1,0
BotChannel9999,503,0,Crypto investment tips,45,0,1
Easy Profit 2024,898,4,Subscribe for free giveaways,25,0,1
TechWithMike,213,586,Educational content for students,19,0,0
MusicMaestro,100,476,Fitness and workout videos 💪,25,0,0
BotChannel9999,948,3,,39,0,1
Crypto Tips Daily,464,2,NFT and crypto alpha,36,0,1
PewDiePie,176601421,985,Official YouTube channel of MrBeast. Subscribe!,34780677,1,0
BotChannel9999,934,1,,47,0,1
BotChannel9999,13,2,SUBSCRIBE NOW for $100 giveaway,14,0,1
Free Money Channel,236,2,Subscribe for free giveaways,13,0,1
Crypto Tips Daily,974,4,Subscribe for free giveaways,34,0,1
PewDiePie,76520931,536,Official YouTube channel of MrBeast. Subscribe!,22886771,1,0
BotChannel9999,967,1,,29,0,1
TechWithMike,100,139,Science experiments for kids 🔬,16,0,0
Crypto Tips Daily,106,3,Make money online — click here,18,0,1
BotChannel9999,951,4,Earn $500/day from home,11,0,1
FitnessFirst,155,978,DIY and home projects,18,0,0
Crypto Tips Daily,981,0,Crypto investment tips,21,0,1
BotChannel9999,708,4,Free gift cards daily,18,0,1
Free Money Channel,775,4,,22,0,1
Crypto Tips Daily,372,2,NFT and crypto alpha,17,0,1
TechWithMike,100,709,True crime documentary channel,24,0,0
Free Money Channel,284,0,NFT and crypto alpha,4,0,1
BotChannel9999,395,3,Make money online — click here,14,0,1
Free Money Channel,646,4,,13,0,1
T-Series,39750613,4845,T-Series — Bollywood music and film,2072925,1,0
GamingPro,243,546,Comedy sketches and skits,34,0,0
Easy Profit 2024,196,0,,34,0,1
TechWithMike,489,202,Gaming channel | daily uploads,61,0,0
PewDiePie,77655305,1165,T-Series — Bollywood music and film,22737659,1,0
MusicMaestro,379,44,Travel vlogs from around the world,109,0,0
Easy Profit 2024,0,1,SUBSCRIBE NOW for $100 giveaway,22,0,1
TechWithMike,111,750,DIY and home projects,13,0,0
TED,19799354,3860,Official YouTube channel of MrBeast. Subscribe!,3651253,1,0
Free Money Channel,898,4,NFT and crypto alpha,48,0,1
MusicMaestro,198,977,News and current affairs,9,0,0
BotChannel9999,270,4,,35,0,1
Crypto Tips Daily,407,2,NFT and crypto alpha,46,0,1
Crypto Tips Daily,548,0,,20,0,1
Crypto Tips Daily,209,3,Free gift cards daily,24,0,1
BotChannel9999,794,2,Free gift cards daily,24,0,1
BotChannel9999,911,0,Crypto investment tips,26,0,1
MrBeast,118242097,1936,T-Series — Bollywood music and film,22455445,1,0
CookingWithSarah,165,319,Gaming channel | daily uploads,23,0,0
TechWithMike,100,275,True crime documentary channel,9,0,0
GamingPro,100,157,Tech reviews and unboxings,1,0,0
FitnessFirst,100,735,Cooking tutorials and recipes 🍳,18,0,0
CookingWithSarah,100,702,News and current affairs,5,0,0
TechWithMike,126,618,DIY and home projects,25,0,0
GamingPro,104,492,News and current affairs,5,0,0
BotChannel9999,415,3,SUBSCRIBE NOW for $100 giveaway,22,0,1
Crypto Tips Daily,685,4,,43,0,1
TechWithMike,100,548,Educational content for students,13,0,0
Easy Profit 2024,75,2,SUBSCRIBE NOW for $100 giveaway,29,0,1
Easy Profit 2024,345,4,,12,0,1
Free Money Channel,138,2,Make money online — click here,44,0,1
CookingWithSarah,100,15,Science experiments for kids 🔬,17,0,0
GamingPro,2247,552,Fitness and workout videos 💪,613,0,0
FitnessFirst,225,300,News and current affairs,1,0,0
Easy Profit 2024,234,0,Earn $500/day from home,37,0,1
GamingPro,100,339,Science experiments for kids 🔬,28,0,0
GamingPro,100,351,Travel vlogs from around the world,8,0,0
CookingWithSarah,364,588,Science experiments for kids 🔬,35,0,0
Crypto Tips Daily,377,0,Subscribe for free giveaways,23,0,1
FitnessFirst,1153,675,Music covers and originals 🎵,201,0,0
BotChannel9999,894,4,Earn $500/day from home,49,0,1
BotChannel9999,253,0,Crypto investment tips,11,0,1
BotChannel9999,580,3,SUBSCRIBE NOW for $100 giveaway,38,0,1
Crypto Tips Daily,355,4,,37,0,1
FitnessFirst,152,465,Educational content for students,2,0,0
CookingWithSarah,192,840,Fitness and workout videos 💪,48,0,0
BotChannel9999,410,1,Subscribe for free giveaways,32,0,1
FitnessFirst,100,618,Cooking tutorials and recipes 🍳,0,0,0
CookingWithSarah,128,784,Travel vlogs from around the world,5,0,0
MusicMaestro,162,661,Educational content for students,45,0,0
MusicMaestro,100,964,Comedy sketches and skits,6,0,0
BotChannel9999,127,0,,44,0,1
MusicMaestro,100,22,Travel vlogs from around the world,7,0,0
Easy Profit 2024,39,4,SUBSCRIBE NOW for $100 giveaway,20,0,1
Easy Profit 2024,418,2,NFT and crypto alpha,33,0,1
Easy Profit 2024,279,0,Earn $500/day from home,17,0,1
Free Money Channel,8,1,Subscribe for free giveaways,48,0,1
Easy Profit 2024,396,1,Make money online — click here,23,0,1
Easy Profit 2024,458,1,,43,0,1
Crypto Tips Daily,91,2,,13,0,1
BotChannel9999,365,1,SUBSCRIBE NOW for $100 giveaway,38,0,1
Easy Profit 2024,253,0,Subscribe for free giveaways,26,0,1
TechWithMike,236,882,DIY and home projects,23,0,0
TED,98264361,1701,"PewDiePie — gaming, vlogs, memes.",14793077,1,0
Crypto Tips Daily,888,4,Make money online — click here,10,0,1
TechWithMike,100,605,Educational content for students,9,0,0
Free Money Channel,788,2,Free gift cards daily,13,0,1
MusicMaestro,132,437,Comedy sketches and skits,34,0,0
Easy Profit 2024,319,0,SUBSCRIBE NOW for $100 giveaway,1,0,1
NASA,95278368,2401,Official YouTube channel of MrBeast. Subscribe!,16254524,1,0
MrBeast,212686113,3275,T-Series — Bollywood music and film,37321510,1,0
BotChannel9999,370,1,,2,0,1
GamingPro,100,327,Fitness and workout videos 💪,29,0,0
BotChannel9999,38,1,Subscribe for free giveaways,23,0,1
GamingPro,100,504,True crime documentary channel,11,0,0
BotChannel9999,265,0,,26,0,1
GamingPro,289,294,Travel vlogs from around the world,66,0,0
Crypto Tips Daily,702,3,Earn $500/day from home,29,0,1
TechWithMike,100,827,Comedy sketches and skits,5,0,0
CookingWithSarah,512,354,DIY and home projects,80,0,0
BotChannel9999,538,2,Free gift cards daily,47,0,1
GamingPro,242,124,Educational content for students,33,0,0
TechWithMike,144,47,DIY and home projects,6,0,0
BotChannel9999,306,3,Crypto investment tips,10,0,1
TechWithMike,106,166,Fitness and workout videos 💪,6,0,0
Easy Profit 2024,509,1,SUBSCRIBE NOW for $100 giveaway,42,0,1
Easy Profit 2024,609,1,Subscribe for free giveaways,19,0,1
Free Money Channel,488,4,Subscribe for free giveaways,39,0,1
TechWithMike,481,823,DIY and home projects,137,0,0
TED,32695985,873,Official YouTube channel of MrBeast. Subscribe!,5124377,1,0
BotChannel9999,349,1,Earn $500/day from home,37,0,1
MrBeast,40144313,2534,Official channel of NASA,11103527,1,0
GamingPro,100,207,Travel vlogs from around the world,0,0,0
T-Series,82741062,763,Official channel of NASA,17033799,1,0
Easy Profit 2024,126,3,SUBSCRIBE NOW for $100 giveaway,49,0,1
Crypto Tips Daily,281,0,Crypto investment tips,48,0,1
MusicMaestro,380,672,Science experiments for kids 🔬,63,0,0
BotChannel9999,670,2,Free gift cards daily,38,0,1
Easy Profit 2024,523,2,SUBSCRIBE NOW for $100 giveaway,24,0,1
BotChannel9999,388,2,Earn $500/day from home,30,0,1
BotChannel9999,586,0,Make money online — click here,0,0,1
Crypto Tips Daily,536,2,Make money online — click here,13,0,1
Crypto Tips Daily,690,3,Free gift cards daily,24,0,1
GamingPro,100,348,True crime documentary channel,18,0,0
TechWithMike,100,261,Tech reviews and unboxings,15,0,0
Easy Profit 2024,140,3,,8,0,1
NatGeo,185978482,4960,Official channel of NASA,26124142,1,0
Free Money Channel,666,3,SUBSCRIBE NOW for $100 giveaway,18,0,1
Easy Profit 2024,626,0,Crypto investment tips,27,0,1
BotChannel9999,595,3,Earn $500/day from home,38,0,1
TechWithMike,100,290,Travel vlogs from around the world,20,0,0
MrBeast,226469101,1821,Official YouTube channel of MrBeast. Subscribe!,28287724,1,0
Crypto Tips Daily,670,4,NFT and crypto alpha,43,0,1
Free Money Channel,926,0,NFT and crypto alpha,13,0,1
Easy Profit 2024,935,2,Subscribe for free giveaways,30,0,1
Free Money Channel,399,2,Earn $500/day from home,32,0,1
MusicMaestro,100,809,DIY and home projects,27,0,0
MusicMaestro,100,238,Gaming channel | daily uploads,21,0,0
MusicMaestro,374,978,Gaming channel | daily uploads,51,0,0
Crypto Tips Daily,325,2,,11,0,1
Crypto Tips Daily,550,1,,0,0,1
TechWithMike,100,604,News and current affairs,25,0,0
MusicMaestro,100,807,Comedy sketches and skits,4,0,0
TechWithMike,100,645,Gaming channel | daily uploads,29,0,0
CookingWithSarah,100,222,Science experiments for kids 🔬,12,0,0
MusicMaestro,100,728,Cooking tutorials and recipes 🍳,2,0,0
BotChannel9999,682,1,,40,0,1
Easy Profit 2024,313,0,Subscribe for free giveaways,47,0,1
Free Money Channel,940,4,,20,0,1
BotChannel9999,683,3,Earn $500/day from home,33,0,1
Crypto Tips Daily,972,1,,21,0,1
Free Money Channel,897,4,,8,0,1
GamingPro,100,682,DIY and home projects,10,0,0
BotChannel9999,686,3,Subscribe for free giveaways,3,0,1
Free Money Channel,842,2,Make money online — click here,11,0,1
BBC,162850456,4491,"PewDiePie — gaming, vlogs, memes.",17821592,1,0
Easy Profit 2024,71,3,Subscribe for free giveaways,12,0,1
GamingPro,100,251,Tech reviews and unboxings,3,0,0
Crypto Tips Daily,360,2,Free gift cards daily,42,0,1
Crypto Tips Daily,211,3,,7,0,1
TechWithMike,100,361,Educational content for students,7,0,0
CookingWithSarah,100,739,Cooking tutorials and recipes 🍳,13,0,0
Easy Profit 2024,967,4,NFT and crypto alpha,36,0,1
Free Money Channel,695,3,Subscribe for free giveaways,14,0,1
Crypto Tips Daily,762,3,Crypto investment tips,10,0,1
Easy Profit 2024,176,4,NFT and crypto alpha,7,0,1
FitnessFirst,100,126,Educational content for students,4,0,0
Crypto Tips Daily,49,2,SUBSCRIBE NOW for $100 giveaway,19,0,1
FitnessFirst,320,674,Gaming channel | daily uploads,74,0,0
GamingPro,465,381,News and current affairs,37,0,0
GamingPro,102,946,Comedy sketches and skits,25,0,0
FitnessFirst,100,404,Music covers and originals 🎵,1,0,0
FitnessFirst,100,555,Music covers and originals 🎵,19,0,0
MrBeast,144583462,459,"PewDiePie — gaming, vlogs, memes.",28681952,1,0
Easy Profit 2024,659,1,SUBSCRIBE NOW for $100 giveaway,12,0,1
MusicMaestro,100,631,Travel vlogs from around the world,17,0,0
FitnessFirst,100,631,Gaming channel | daily uploads,10,0,0
BBC,168680771,4361,"PewDiePie — gaming, vlogs, memes.",32604599,1,0
BotChannel9999,929,0,Make money online — click here,10,0,1
BotChannel9999,925,0,,8,0,1
Free Money Channel,397,1,NFT and crypto alpha,32,0,1
Free Money Channel,888,0,Crypto investment tips,8,0,1
CookingWithSarah,989,543,Cooking tutorials and recipes 🍳,70,0,0
NASA,26908597,1389,T-Series — Bollywood music and film,4590244,1,0
Easy Profit 2024,914,2,,2,0,1
CookingWithSarah,398,149,Tech reviews and unboxings,66,0,0
Easy Profit 2024,176,0,SUBSCRIBE NOW for $100 giveaway,11,0,1
Crypto Tips Daily,400,0,,25,0,1
GamingPro,349,448,Educational content for students,42,0,0
TED,92753886,4236,"PewDiePie — gaming, vlogs, memes.",12321833,1,0
BotChannel9999,730,3,NFT and crypto alpha,47,0,1
TechWithMike,123,674,Fitness and workout videos 💪,5,0,0
BotChannel9999,163,1,NFT and crypto alpha,21,0,1
Crypto Tips Daily,882,4,Subscribe for free giveaways,14,0,1
FitnessFirst,121,944,Fitness and workout videos 💪,14,0,0
Crypto Tips Daily,434,0,SUBSCRIBE NOW for $100 giveaway,6,0,1
TechWithMike,468,315,Educational content for students,82,0,0
MrBeast,67735737,2442,T-Series — Bollywood music and film,9421809,1,0
FitnessFirst,167,330,DIY and home projects,46,0,0
MusicMaestro,100,872,Fitness and workout videos 💪,4,0,0
GamingPro,100,289,Fitness and workout videos 💪,15,0,0
FitnessFirst,100,491,News and current affairs,9,0,0
Crypto Tips Daily,425,0,,5,0,1
Free Money Channel,812,0,Earn $500/day from home,44,0,1
MusicMaestro,166,600,Educational content for students,8,0,0
FitnessFirst,182,690,Fitness and workout videos 💪,41,0,0
Free Money Channel,53,2,Earn $500/day from home,16,0,1
MusicMaestro,132,144,Travel vlogs from around the world,8,0,0
Easy Profit 2024,766,0,,23,0,1
MusicMaestro,108,985,DIY and home projects,22,0,0
NASA,171203237,4693,"PewDiePie — gaming, vlogs, memes.",46904686,1,0
TechWithMike,100,317,Cooking tutorials and recipes 🍳,12,0,0
Easy Profit 2024,481,3,Free gift cards daily,7,0,1
TechWithMike,460,786,Gaming channel | daily uploads,70,0,0
CookingWithSarah,100,962,Cooking tutorials and recipes 🍳,18,0,0
BotChannel9999,854,2,SUBSCRIBE NOW for $100 giveaway,48,0,1
BBC,114920619,1732,Official channel of NASA,15163577,1,0
CookingWithSarah,171,900,Educational content for students,29,0,0
Easy Profit 2024,512,3,NFT and crypto alpha,9,0,1
Crypto Tips Daily,946,2,Make money online — click here,47,0,1
FitnessFirst,239,611,Tech reviews and unboxings,9,0,0
CookingWithSarah,190,816,DIY and home projects,10,0,0
Crypto Tips Daily,896,1,Make money online — click here,25,0,1
Free Money Channel,375,4,NFT and crypto alpha,48,0,1
PewDiePie,184810352,718,"PewDiePie — gaming, vlogs, memes.",37332946,1,0
MusicMaestro,291,953,True crime documentary channel,84,0,0
TechWithMike,100,87,Tech reviews and unboxings,17,0,0
Crypto Tips Daily,580,4,Subscribe for free giveaways,30,0,1
Crypto Tips Daily,460,4,Crypto investment tips,47,0,1
Free Money Channel,953,1,Crypto investment tips,8,0,1
MusicMaestro,781,444,Science experiments for kids 🔬,86,0,0
Free Money Channel,854,3,Make money online — click here,1,0,1
Easy Profit 2024,740,0,NFT and crypto alpha,27,0,1
MusicMaestro,162,635,News and current affairs,7,0,0
GamingPro,260,763,True crime documentary channel,61,0,0
NatGeo,43220915,3553,Official channel of NASA,2341352,1,0
CookingWithSarah,100,933,DIY and home projects,12,0,0
Crypto Tips Daily,272,2,NFT and crypto alpha,12,0,1
FitnessFirst,100,533,Cooking tutorials and recipes 🍳,21,0,0
GamingPro,437,598,DIY and home projects,98,0,0
Easy Profit 2024,86,3,Make money online — click here,49,0,1
Free Money Channel,206,4,Crypto investment tips,23,0,1
TechWithMike,100,868,True crime documentary channel,4,0,0
Crypto Tips Daily,9,1,Earn $500/day from home,36,0,1
Crypto Tips Daily,542,4,SUBSCRIBE NOW for $100 giveaway,46,0,1
FitnessFirst,100,585,Travel vlogs from around the world,23,0,0
BotChannel9999,611,0,Free gift cards daily,22,0,1
MusicMaestro,100,74,True crime documentary channel,11,0,0
Free Money Channel,713,0,Subscribe for free giveaways,24,0,1
Easy Profit 2024,286,3,NFT and crypto alpha,42,0,1
BotChannel9999,60,1,,43,0,1
Crypto Tips Daily,388,1,Crypto investment tips,19,0,1
CookingWithSarah,203,372,Travel vlogs from around the world,59,0,0
BBC,133493238,4308,"PewDiePie — gaming, vlogs, memes.",30646175,1,0
CookingWithSarah,100,828,Fitness and workout videos 💪,13,0,0
BotChannel9999,742,3,Free gift cards daily,43,0,1
BotChannel9999,225,2,Crypto investment tips,43,0,1
Free Money Channel,69,0,Make money online — click here,48,0,1
TechWithMike,745,84,DIY and home projects,79,0,0
FitnessFirst,100,250,Cooking tutorials and recipes 🍳,12,0,0
TechWithMike,227,58,News and current affairs,60,0,0
FitnessFirst,100,434,Comedy sketches and skits,27,0,0
FitnessFirst,186,695,News and current affairs,32,0,0
BotChannel9999,290,3,Crypto investment tips,22,0,1
Free Money Channel,429,0,,22,0,1
Crypto Tips Daily,67,0,NFT and crypto alpha,8,0,1
Free Money Channel,165,4,Earn $500/day from home,9,0,1
BBC,185764321,3837,"PewDiePie — gaming, vlogs, memes.",25850434,1,0
BotChannel9999,713,4,Subscribe for free giveaways,25,0,1
Free Money Channel,929,4,Subscribe for free giveaways,36,0,1
Easy Profit 2024,318,3,SUBSCRIBE NOW for $100 giveaway,10,0,1
Crypto Tips Daily,723,2,SUBSCRIBE NOW for $100 giveaway,29,0,1
Crypto Tips Daily,389,1,Make money online — click here,16,0,1
FitnessFirst,277,622,Gaming channel | daily uploads,81,0,0
BotChannel9999,409,4,Free gift cards daily,42,0,1
TechWithMike,100,477,Cooking tutorials and recipes 🍳,23,0,0
BBC,111957353,847,Official YouTube channel of MrBeast. Subscribe!,17838598,1,0
BotChannel9999,520,3,Subscribe for free giveaways,21,0,1
Free Money Channel,214,2,,1,0,1
Crypto Tips Daily,17,3,Free gift cards daily,2,0,1
CookingWithSarah,192,534,Educational content for students,27,0,0
FitnessFirst,212,553,Music covers and originals 🎵,33,0,0
FitnessFirst,267,163,True crime documentary channel,43,0,0
Easy Profit 2024,741,2,Free gift cards daily,38,0,1
Easy Profit 2024,831,1,Subscribe for free giveaways,41,0,1
Free Money Channel,653,4,,31,0,1
Free Money Channel,984,4,Free gift cards daily,24,0,1
TechWithMike,100,211,Cooking tutorials and recipes 🍳,10,0,0
MusicMaestro,244,182,Science experiments for kids 🔬,17,0,0
Free Money Channel,741,1,Crypto investment tips,33,0,1
Crypto Tips Daily,529,0,Earn $500/day from home,30,0,1
GamingPro,143,900,Comedy sketches and skits,3,0,0
CookingWithSarah,100,299,Travel vlogs from around the world,9,0,0
CookingWithSarah,100,571,DIY and home projects,27,0,0
Easy Profit 2024,660,0,Make money online — click here,4,0,1
Crypto Tips Daily,70,3,Make money online — click here,36,0,1
BotChannel9999,983,2,,46,0,1
Easy Profit 2024,592,0,,2,0,1
CookingWithSarah,278,910,News and current affairs,29,0,0
BBC,91223868,2869,T-Series — Bollywood music and film,17694729,1,0
FitnessFirst,746,409,Tech reviews and unboxings,56,0,0
BotChannel9999,356,4,Make money online — click here,12,0,1
Easy Profit 2024,549,0,Free gift cards daily,45,0,1
MusicMaestro,170,863,Science experiments for kids 🔬,7,0,0
TED,57313629,1014,"PewDiePie — gaming, vlogs, memes.",15019121,1,0
FitnessFirst,341,738,Tech reviews and unboxings,22,0,0
Free Money Channel,572,0,Make money online — click here,22,0,1
TechWithMike,392,217,News and current affairs,114,0,0
CookingWithSarah,911,499,Educational content for students,244,0,0
TechWithMike,100,669,Fitness and workout videos 💪,6,0,0
FitnessFirst,274,870,News and current affairs,14,0,0
TechWithMike,132,934,Science experiments for kids 🔬,6,0,0
GamingPro,133,982,Music covers and originals 🎵,33,0,0
TechWithMike,100,757,Science experiments for kids 🔬,16,0,0
BBC,90437004,1214,"PewDiePie — gaming, vlogs, memes.",17671516,1,0
BotChannel9999,35,2,,0,0,1
Crypto Tips Daily,722,4,SUBSCRIBE NOW for $100 giveaway,3,0,1
TechWithMike,310,488,Comedy sketches and skits,65,0,0
FitnessFirst,100,339,Gaming channel | daily uploads,6,0,0
GamingPro,100,537,DIY and home projects,14,0,0
BotChannel9999,935,3,Free gift cards daily,35,0,1
Easy Profit 2024,134,2,Earn $500/day from home,44,0,1
TED,216786203,728,Official YouTube channel of MrBeast. Subscribe!,34955027,1,0
Crypto Tips Daily,29,0,SUBSCRIBE NOW for $100 giveaway,14,0,1
Crypto Tips Daily,495,2,,21,0,1
TechWithMike,274,103,Comedy sketches and skits,74,0,0
Crypto Tips Daily,329,4,SUBSCRIBE NOW for $100 giveaway,49,0,1
Free Money Channel,250,0,Crypto investment tips,13,0,1
TechWithMike,100,148,Tech reviews and unboxings,23,0,0
Easy Profit 2024,714,4,,10,0,1
Crypto Tips Daily,19,4,NFT and crypto alpha,29,0,1
TechWithMike,100,328,Comedy sketches and skits,18,0,0
BotChannel9999,60,3,SUBSCRIBE NOW for $100 giveaway,8,0,1
TechWithMike,100,812,DIY and home projects,8,0,0
Free Money Channel,158,0,Earn $500/day from home,29,0,1
BotChannel9999,810,1,SUBSCRIBE NOW for $100 giveaway,40,0,1
MusicMaestro,100,579,True crime documentary channel,29,0,0
MrBeast,70411073,4743,T-Series — Bollywood music and film,10396800,1,0
Easy Profit 2024,528,1,Subscribe for free giveaways,30,0,1
Free Money Channel,590,1,SUBSCRIBE NOW for $100 giveaway,8,0,1
MusicMaestro,215,654,Cooking tutorials and recipes 🍳,14,0,0
BBC,197541332,4660,"PewDiePie — gaming, vlogs, memes.",41409836,1,0
Easy Profit 2024,122,1,Crypto investment tips,5,0,1
GamingPro,144,193,Cooking tutorials and recipes 🍳,15,0,0
FitnessFirst,100,384,DIY and home projects,5,0,0
Easy Profit 2024,100,4,Make money online — click here,7,0,1
Easy Profit 2024,745,0,Free gift cards daily,12,0,1
Easy Profit 2024,85,2,Crypto investment tips,28,0,1
TechWithMike,279,787,Travel vlogs from around the world,81,0,0
CookingWithSarah,100,733,Music covers and originals 🎵,24,0,0
MusicMaestro,100,518,Gaming channel | daily uploads,21,0,0
FitnessFirst,100,75,Cooking tutorials and recipes 🍳,23,0,0
GamingPro,100,300,Fitness and workout videos 💪,7,0,0
GamingPro,100,902,Music covers and originals 🎵,28,0,0
NatGeo,74568247,2351,T-Series — Bollywood music and film,6412549,1,0
MusicMaestro,100,162,Educational content for students,4,0,0
MrBeast,141501960,1903,Official YouTube channel of MrBeast. Subscribe!,19211218,1,0
TechWithMike,100,983,Tech reviews and unboxings,15,0,0
Crypto Tips Daily,609,0,,46,0,1
CookingWithSarah,174,119,Educational content for students,17,0,0
Free Money Channel,734,2,Free gift cards daily,24,0,1
FitnessFirst,100,569,Educational content for students,20,0,0
MusicMaestro,100,333,Science experiments for kids 🔬,21,0,0
CookingWithSarah,220,870,Science experiments for kids 🔬,39,0,0
GamingPro,100,459,Travel vlogs from around the world,19,0,0
BotChannel9999,146,2,Make money online — click here,38,0,1
Free Money Channel,140,1,,5,0,1
Free Money Channel,98,4,,11,0,1
FitnessFirst,100,307,News and current affairs,1,0,0
Easy Profit 2024,20,0,Free gift cards daily,3,0,1
Free Money Channel,612,4,,12,0,1
MusicMaestro,100,302,Educational content for students,26,0,0
BotChannel9999,962,1,NFT and crypto alpha,1,0,1
CookingWithSarah,174,566,Fitness and workout videos 💪,23,0,0
NatGeo,45081398,4538,Official channel of NASA,12970270,1,0
MusicMaestro,171,764,Gaming channel | daily uploads,13,0,0
MusicMaestro,713,37,Cooking tutorials and recipes 🍳,158,0,0
BotChannel9999,130,3,Free gift cards daily,3,0,1
GamingPro,100,952,DIY and home projects,17,0,0
MusicMaestro,116,709,Educational content for students,15,0,0
Easy Profit 2024,106,3,Free gift cards daily,35,0,1
MusicMaestro,100,512,Educational content for students,2,0,0
Crypto Tips Daily,725,1,,24,0,1
TED,90381002,4992,T-Series — Bollywood music and film,20815928,1,0
NatGeo,30033495,255,Official YouTube channel of MrBeast. Subscribe!,6885617,1,0
Crypto Tips Daily,410,3,Subscribe for free giveaways,31,0,1
Easy Profit 2024,817,0,Earn $500/day from home,31,0,1
Free Money Channel,870,1,Earn $500/day from home,41,0,1
FitnessFirst,172,651,Cooking tutorials and recipes 🍳,30,0,0
MusicMaestro,143,286,Comedy sketches and skits,28,0,0
BotChannel9999,188,4,,24,0,1
NASA,173557896,2462,"PewDiePie — gaming, vlogs, memes.",10594798,1,0
Easy Profit 2024,106,2,Crypto investment tips,3,0,1
TechWithMike,100,316,Comedy sketches and skits,23,0,0
BotChannel9999,590,4,Make money online — click here,39,0,1
Free Money Channel,152,3,Subscribe for free giveaways,45,0,1
CookingWithSarah,100,618,Cooking tutorials and recipes 🍳,28,0,0
NatGeo,127254662,2271,Official channel of NASA,20422323,1,0
MusicMaestro,100,377,Fitness and workout videos 💪,2,0,0
CookingWithSarah,125,401,True crime documentary channel,30,0,0
Easy Profit 2024,24,0,,6,0,1
BotChannel9999,237,4,,17,0,1
Free Money Channel,299,3,,45,0,1
Free Money Channel,944,1,SUBSCRIBE NOW for $100 giveaway,44,0,1
FitnessFirst,100,893,Gaming channel | daily uploads,21,0,0
Crypto Tips Daily,399,1,Crypto investment tips,5,0,1
Easy Profit 2024,646,4,Make money online — click here,49,0,1
GamingPro,100,126,Fitness and workout videos 💪,3,0,0
PewDiePie,171351918,3351,Official YouTube channel of MrBeast. Subscribe!,22805275,1,0
Free Money Channel,902,2,SUBSCRIBE NOW for $100 giveaway,15,0,1
BotChannel9999,532,4,NFT and crypto alpha,11,0,1
T-Series,130957109,2208,Official channel of NASA,35813974,1,0
Easy Profit 2024,25,1,Crypto investment tips,33,0,1
Easy Profit 2024,992,0,Crypto investment tips,22,0,1
Easy Profit 2024,528,2,,13,0,1
GamingPro,100,448,Educational content for students,15,0,0
Crypto Tips Daily,689,0,NFT and crypto alpha,15,0,1
MusicMaestro,100,485,Cooking tutorials and recipes 🍳,4,0,0
BotChannel9999,650,4,Earn $500/day from home,21,0,1
Free Money Channel,873,3,Earn $500/day from home,16,0,1
BotChannel9999,796,1,Make money online — click here,48,0,1
Free Money Channel,858,4,,8,0,1
TechWithMike,190,530,Tech reviews and unboxings,37,0,0
Crypto Tips Daily,371,3,SUBSCRIBE NOW for $100 giveaway,14,0,1
FitnessFirst,100,125,Educational content for students,22,0,0
GamingPro,100,650,Educational content for students,25,0,0
BotChannel9999,475,0,,34,0,1
MusicMaestro,158,826,Science experiments for kids 🔬,30,0,0
BBC,109685385,2039,"PewDiePie — gaming, vlogs, memes.",12396923,1,0
Easy Profit 2024,936,4,NFT and crypto alpha,3,0,1
FitnessFirst,186,15,Tech reviews and unboxings,20,0,0
Free Money Channel,477,3,,14,0,1
Crypto Tips Daily,694,0,Crypto investment tips,29,0,1
FitnessFirst,100,399,Comedy sketches and skits,1,0,0
TED,122634016,1049,Official channel of NASA,35997276,1,0
CookingWithSarah,119,47,Educational content for students,30,0,0
Easy Profit 2024,471,0,NFT and crypto alpha,45,0,1
Easy Profit 2024,519,2,Earn $500/day from home,21,0,1
FitnessFirst,100,32,Educational content for students,12,0,0
Free Money Channel,332,4,Make money online — click here,5,0,1
Free Money Channel,702,3,Free gift cards daily,2,0,1
FitnessFirst,134,966,News and current affairs,31,0,0
Easy Profit 2024,922,0,Make money online — click here,22,0,1
CookingWithSarah,100,659,Cooking tutorials and recipes 🍳,13,0,0
Crypto Tips Daily,877,2,SUBSCRIBE NOW for $100 giveaway,32,0,1
Free Money Channel,873,2,Crypto investment tips,10,0,1
Free Money Channel,583,3,Crypto investment tips,33,0,1
Easy Profit 2024,722,0,Earn $500/day from home,5,0,1
Easy Profit 2024,789,3,Earn $500/day from home,31,0,1
BotChannel9999,406,1,SUBSCRIBE NOW for $100 giveaway,39,0,1
BotChannel9999,906,4,,41,0,1
Easy Profit 2024,87,1,Free gift cards daily,23,0,1
TechWithMike,214,293,Science experiments for kids 🔬,57,0,0
Free Money Channel,978,3,SUBSCRIBE NOW for $100 giveaway,16,0,1
TED,49770087,1088,T-Series — Bollywood music and film,5999407,1,0
MusicMaestro,199,678,DIY and home projects,42,0,0
Easy Profit 2024,976,0,,24,0,1
FitnessFirst,113,482,Fitness and workout videos 💪,1,0,0
Crypto Tips Daily,56,1,Free gift cards daily,29,0,1
MusicMaestro,489,342,Music covers and originals 🎵,6,0,0
TechWithMike,213,254,Science experiments for kids 🔬,58,0,0
PewDiePie,23107882,1075,Official channel of NASA,6410358,1,0
Easy Profit 2024,190,3,Free gift cards daily,46,0,1
Easy Profit 2024,385,0,NFT and crypto alpha,32,0,1
FitnessFirst,186,296,Gaming channel | daily uploads,11,0,0
Free Money Channel,779,1,,34,0,1
BotChannel9999,978,4,Earn $500/day from home,5,0,1
Crypto Tips Daily,179,1,Free gift cards daily,13,0,1
BBC,71662009,907,Official channel of NASA,21086786,1,0
Easy Profit 2024,495,1,,39,0,1
Crypto Tips Daily,513,2,Earn $500/day from home,46,0,1
GamingPro,100,786,Science experiments for kids 🔬,29,0,0
Free Money Channel,615,4,NFT and crypto alpha,14,0,1
Crypto Tips Daily,250,2,,28,0,1
T-Series,18410468,4697,T-Series — Bollywood music and film,1903241,1,0
PewDiePie,53746634,1024,"PewDiePie — gaming, vlogs, memes.",4605111,1,0
FitnessFirst,100,75,True crime documentary channel,18,0,0
Free Money Channel,89,4,,4,0,1
TechWithMike,100,563,Cooking tutorials and recipes 🍳,28,0,0
BotChannel9999,750,4,SUBSCRIBE NOW for $100 giveaway,3,0,1
Crypto Tips Daily,329,2,SUBSCRIBE NOW for $100 giveaway,18,0,1
Crypto Tips Daily,972,4,SUBSCRIBE NOW for $100 giveaway,7,0,1
BBC,46912383,2133,Official YouTube channel of MrBeast. Subscribe!,9896587,1,0
Easy Profit 2024,18,1,,44,0,1
BotChannel9999,405,3,SUBSCRIBE NOW for $100 giveaway,4,0,1
Free Money Channel,650,3,,28,0,1
CookingWithSarah,390,535,True crime documentary channel,70,0,0
TechWithMike,458,196,Travel vlogs from around the world,119,0,0
Crypto Tips Daily,793,2,NFT and crypto alpha,5,0,1
TechWithMike,100,248,Music covers and originals 🎵,23,0,0
Easy Profit 2024,22,0,Make money online — click here,9,0,1
CookingWithSarah,177,63,News and current affairs,51,0,0
Free Money Channel,306,2,,44,0,1
Crypto Tips Daily,869,0,Earn $500/day from home,16,0,1
GamingPro,100,968,True crime documentary channel,24,0,0
GamingPro,182,432,Travel vlogs from around the world,18,0,0
BotChannel9999,354,2,Free gift cards daily,45,0,1
FitnessFirst,100,680,News and current affairs,9,0,0
Easy Profit 2024,80,1,SUBSCRIBE NOW for $100 giveaway,18,0,1
Easy Profit 2024,829,0,Crypto investment tips,33,0,1
Crypto Tips Daily,311,1,Earn $500/day from home,17,0,1
TED,128347841,1677,"PewDiePie — gaming, vlogs, memes.",35627735,1,0
TechWithMike,230,236,True crime documentary channel,48,0,0
GamingPro,100,951,True crime documentary channel,12,0,0
Free Money Channel,183,0,NFT and crypto alpha,34,0,1
BotChannel9999,895,3,,44,0,1
GamingPro,180,274,Tech reviews and unboxings,53,0,0
Easy Profit 2024,606,2,Earn $500/day from home,18,0,1
CookingWithSarah,100,298,Gaming channel | daily uploads,1,0,0
GamingPro,207,379,Educational content for students,27,0,0
BotChannel9999,620,2,Subscribe for free giveaways,32,0,1
Free Money Channel,764,4,NFT and crypto alpha,25,0,1
TED,170562402,608,Official channel of NASA,26228138,1,0
Crypto Tips Daily,759,0,NFT and crypto alpha,9,0,1
Easy Profit 2024,720,3,Make money online — click here,19,0,1
TechWithMike,524,172,Music covers and originals 🎵,62,0,0
TechWithMike,196,54,Science experiments for kids 🔬,11,0,0
Free Money Channel,597,4,,9,0,1
CookingWithSarah,2366,401,Gaming channel | daily uploads,445,0,0
Free Money Channel,882,0,Earn $500/day from home,17,0,1
TechWithMike,100,78,Educational content for students,11,0,0
Crypto Tips Daily,396,4,Make money online — click here,12,0,1
BBC,169116796,2762,Official YouTube channel of MrBeast. Subscribe!,44956145,1,0
Easy Profit 2024,328,3,Earn $500/day from home,9,0,1
Easy Profit 2024,244,4,Free gift cards daily,10,0,1
GamingPro,100,398,True crime documentary channel,7,0,0
PewDiePie,195984848,1385,"PewDiePie — gaming, vlogs, memes.",30092709,1,0
MusicMaestro,493,58,True crime documentary channel,78,0,0
Free Money Channel,588,2,Make money online — click here,42,0,1
GamingPro,100,406,Tech reviews and unboxings,11,0,0
TED,143952931,2019,"PewDiePie — gaming, vlogs, memes.",39664277,1,0
Crypto Tips Daily,895,3,NFT and crypto alpha,23,0,1
MusicMaestro,133,105,Travel vlogs from around the world,14,0,0
CookingWithSarah,106,158,True crime documentary channel,2,0,0
MusicMaestro,100,59,News and current affairs,22,0,0
Crypto Tips Daily,515,0,,35,0,1
GamingPro,100,987,DIY and home projects,18,0,0
T-Series,51466097,3925,Official channel of NASA,10624732,1,0
Crypto Tips Daily,344,2,,43,0,1
TechWithMike,100,909,Fitness and workout videos 💪,17,0,0
Easy Profit 2024,430,4,,43,0,1
GamingPro,100,363,Tech reviews and unboxings,15,0,0
CookingWithSarah,148,143,Cooking tutorials and recipes 🍳,5,0,0
Free Money Channel,817,1,Make money online — click here,10,0,1
Easy Profit 2024,213,3,Make money online — click here,35,0,1
Easy Profit 2024,751,2,Make money online — click here,26,0,1
Crypto Tips Daily,711,1,Subscribe for free giveaways,46,0,1
BotChannel9999,618,0,,13,0,1
BotChannel9999,482,3,,15,0,1
Free Money Channel,45,1,,37,0,1
Crypto Tips Daily,223,3,SUBSCRIBE NOW for $100 giveaway,14,0,1
CookingWithSarah,1044,755,Travel vlogs from around the world,218,0,0
Free Money Channel,390,0,SUBSCRIBE NOW for $100 giveaway,23,0,1
TechWithMike,100,729,Comedy sketches and skits,16,0,0
Free Money Channel,538,2,,26,0,1
GamingPro,124,132,Music covers and originals 🎵,33,0,0
TechWithMike,100,49,News and current affairs,10,0,0
MrBeast,28133845,2940,Official channel of NASA,3207381,1,0
BBC,13124732,3602,"PewDiePie — gaming, vlogs, memes.",3059636,1,0
FitnessFirst,100,289,Tech reviews and unboxings,10,0,0
Free Money Channel,612,0,SUBSCRIBE NOW for $100 giveaway,5,0,1
CookingWithSarah,100,500,Music covers and originals 🎵,18,0,0
Easy Profit 2024,972,4,Subscribe for free giveaways,14,0,1
Free Money Channel,13,3,Free gift cards daily,45,0,1
Free Money Channel,452,0,NFT and crypto alpha,43,0,1
Crypto Tips Daily,11,4,,30,0,1
Free Money Channel,916,4,Free gift cards daily,10,0,1
BotChannel9999,281,1,NFT and crypto alpha,24,0,1
Easy Profit 2024,425,0,Subscribe for free giveaways,46,0,1
Free Money Channel,336,1,Subscribe for free giveaways,0,0,1
GamingPro,220,679,Fitness and workout videos 💪,28,0,0
Free Money Channel,370,2,,40,0,1
Easy Profit 2024,821,0,Make money online — click here,13,0,1
Easy Profit 2024,188,0,Crypto investment tips,43,0,1
Free Money Channel,735,3,NFT and crypto alpha,23,0,1
BotChannel9999,557,0,Crypto investment tips,6,0,1
Crypto Tips Daily,979,0,NFT and crypto alpha,6,0,1
Free Money Channel,945,2,Make money online — click here,39,0,1
Crypto Tips Daily,108,3,,12,0,1
MusicMaestro,100,372,Music covers and originals 🎵,8,0,0
Crypto Tips Daily,502,1,Free gift cards daily,41,0,1
BotChannel9999,672,1,Subscribe for free giveaways,47,0,1
Free Money Channel,7,0,,4,0,1
BotChannel9999,409,4,Free gift cards daily,44,0,1
MusicMaestro,155,807,DIY and home projects,28,0,0
CookingWithSarah,407,198,DIY and home projects,108,0,0
BotChannel9999,838,1,,40,0,1
BotChannel9999,692,2,,16,0,1
MusicMaestro,100,527,Cooking tutorials and recipes 🍳,24,0,0
Free Money Channel,383,1,Crypto investment tips,42,0,1
Easy Profit 2024,699,1,SUBSCRIBE NOW for $100 giveaway,31,0,1
FitnessFirst,261,924,Educational content for students,28,0,0
GamingPro,155,132,True crime documentary channel,0,0,0
MusicMaestro,100,90,Cooking tutorials and recipes 🍳,29,0,0
Easy Profit 2024,514,2,SUBSCRIBE NOW for $100 giveaway,17,0,1
Free Money Channel,127,1,Make money online — click here,21,0,1
BotChannel9999,454,2,,12,0,1
Crypto Tips Daily,536,2,NFT and crypto alpha,19,0,1
BotChannel9999,822,1,,11,0,1
Crypto Tips Daily,939,2,Free gift cards daily,31,0,1
Easy Profit 2024,582,0,SUBSCRIBE NOW for $100 giveaway,12,0,1
BotChannel9999,721,2,Subscribe for free giveaways,11,0,1
Easy Profit 2024,446,2,,12,0,1
Free Money Channel,338,2,Make money online — click here,47,0,1
Free Money Channel,127,0,Crypto investment tips,2,0,1
Easy Profit 2024,254,1,Make money online — click here,19,0,1
Easy Profit 2024,533,3,NFT and crypto alpha,9,0,1
Easy Profit 2024,728,4,Crypto investment tips,42,0,1
Easy Profit 2024,163,4,Make money online — click here,20,0,1
MusicMaestro,100,973,News and current affairs,19,0,0
GamingPro,141,91,Fitness and workout videos 💪,0,0,0
BotChannel9999,246,0,Earn $500/day from home,6,0,1
BotChannel9999,458,0,Earn $500/day from home,17,0,1
MusicMaestro,100,127,Tech reviews and unboxings,27,0,0
FitnessFirst,100,815,Science experiments for kids 🔬,21,0,0
FitnessFirst,336,596,Cooking tutorials and recipes 🍳,65,0,0
Free Money Channel,935,1,,15,0,1
Free Money Channel,978,2,Subscribe for free giveaways,34,0,1
Free Money Channel,622,3,SUBSCRIBE NOW for $100 giveaway,8,0,1
BotChannel9999,541,4,Earn $500/day from home,10,0,1
FitnessFirst,100,870,Tech reviews and unboxings,24,0,0
Crypto Tips Daily,454,4,Crypto investment tips,46,0,1
TechWithMike,100,274,Travel vlogs from around the world,10,0,0
Free Money Channel,742,2,,23,0,1
Crypto Tips Daily,981,0,Crypto investment tips,25,0,1
GamingPro,197,512,Gaming channel | daily uploads,30,0,0
Free Money Channel,821,0,SUBSCRIBE NOW for $100 giveaway,29,0,1
Easy Profit 2024,871,4,SUBSCRIBE NOW for $100 giveaway,12,0,1
FitnessFirst,100,845,Educational content for students,12,0,0
Easy Profit 2024,82,1,SUBSCRIBE NOW for $100 giveaway,32,0,1
T-Series,150654762,2949,Official channel of NASA,24286962,1,0
Easy Profit 2024,56,3,NFT and crypto alpha,31,0,1
TechWithMike,100,219,Cooking tutorials and recipes 🍳,26,0,0
Easy Profit 2024,42,3,Free gift cards daily,6,0,1
TechWithMike,408,413,News and current affairs,118,0,0
FitnessFirst,100,774,Cooking tutorials and recipes 🍳,26,0,0
BotChannel9999,987,2,SUBSCRIBE NOW for $100 giveaway,42,0,1
Crypto Tips Daily,649,3,Make money online — click here,33,0,1
BotChannel9999,984,4,Crypto investment tips,34,0,1
CookingWithSarah,107,927,News and current affairs,16,0,0
BotChannel9999,638,3,Earn $500/day from home,31,0,1
BotChannel9999,452,0,,31,0,1
CookingWithSarah,1045,844,News and current affairs,299,0,0
FitnessFirst,100,846,Gaming channel | daily uploads,2,0,0
TechWithMike,100,236,DIY and home projects,7,0,0
CookingWithSarah,282,176,True crime documentary channel,58,0,0
FitnessFirst,1097,871,Music covers and originals 🎵,194,0,0
MusicMaestro,100,831,Fitness and workout videos 💪,15,0,0
BotChannel9999,269,0,Free gift cards daily,10,0,1
Easy Profit 2024,166,3,Subscribe for free giveaways,33,0,1
BotChannel9999,130,1,Crypto investment tips,13,0,1
Free Money Channel,56,0,SUBSCRIBE NOW for $100 giveaway,39,0,1
CookingWithSarah,100,589,Travel vlogs from around the world,15,0,0
Free Money Channel,997,0,Free gift cards daily,35,0,1
GamingPro,100,500,Educational content for students,14,0,0
Free Money Channel,767,1,Crypto investment tips,32,0,1
GamingPro,126,183,DIY and home projects,37,0,0
Crypto Tips Daily,297,2,SUBSCRIBE NOW for $100 giveaway,4,0,1
FitnessFirst,326,732,Cooking tutorials and recipes 🍳,17,0,0
TechWithMike,192,266,Science experiments for kids 🔬,48,0,0
PewDiePie,15670955,377,Official channel of NASA,2407049,1,0
GamingPro,128,331,Gaming channel | daily uploads,10,0,0
BotChannel9999,644,1,SUBSCRIBE NOW for $100 giveaway,31,0,1
BotChannel9999,292,2,NFT and crypto alpha,18,0,1
MusicMaestro,100,764,Music covers and originals 🎵,27,0,0
CookingWithSarah,100,144,Comedy sketches and skits,6,0,0
Crypto Tips Daily,385,2,,11,0,1
Free Money Channel,204,4,Free gift cards daily,46,0,1
TechWithMike,100,187,True crime documentary channel,26,0,0
TechWithMike,130,84,Science experiments for kids 🔬,19,0,0
MusicMaestro,100,551,Music covers and originals 🎵,1,0,0
T-Series,156879834,3880,"PewDiePie — gaming, vlogs, memes.",39044847,1,0
BotChannel9999,86,4,Make money online — click here,48,0,1
BBC,137116941,4005,Official YouTube channel of MrBeast. Subscribe!,17973061,1,0
Easy Profit 2024,866,0,NFT and crypto alpha,25,0,1
FitnessFirst,100,208,Educational content for students,4,0,0
Free Money Channel,167,1,,25,0,1
Easy Profit 2024,743,4,Free gift cards daily,30,0,1
GamingPro,100,107,Comedy sketches and skits,8,0,0
CookingWithSarah,155,86,Educational content for students,27,0,0
GamingPro,100,973,Gaming channel | daily uploads,1,0,0
Easy Profit 2024,131,1,Earn $500/day from home,21,0,1
TechWithMike,100,82,Science experiments for kids 🔬,3,0,0
CookingWithSarah,1013,929,Tech reviews and unboxings,105,0,0
Free Money Channel,839,0,Free gift cards daily,10,0,1
Free Money Channel,252,2,Free gift cards daily,16,0,1
BotChannel9999,286,3,Make money online — click here,30,0,1
BotChannel9999,892,3,SUBSCRIBE NOW for $100 giveaway,26,0,1
TechWithMike,100,824,News and current affairs,7,0,0
Crypto Tips Daily,12,0,,33,0,1
Easy Profit 2024,836,1,Free gift cards daily,19,0,1
FitnessFirst,208,425,True crime documentary channel,49,0,0
BotChannel9999,522,3,Make money online — click here,22,0,1
MrBeast,227334645,4740,Official channel of NASA,38945753,1,0
Easy Profit 2024,9,4,Subscribe for free giveaways,17,0,1
BBC,87307405,1398,"PewDiePie — gaming, vlogs, memes.",24320756,1,0
Easy Profit 2024,80,1,Earn $500/day from home,39,0,1
Easy Profit 2024,992,1,Free gift cards daily,36,0,1
FitnessFirst,100,296,Tech reviews and unboxings,22,0,0
MusicMaestro,231,122,Travel vlogs from around the world,32,0,0
NASA,14234286,2458,"PewDiePie — gaming, vlogs, memes.",3889532,1,0
TechWithMike,120,999,True crime documentary channel,9,0,0
CookingWithSarah,100,716,Tech reviews and unboxings,7,0,0
MusicMaestro,100,171,Gaming channel | daily uploads,7,0,0
Easy Profit 2024,784,1,Crypto investment tips,36,0,1
CookingWithSarah,5056,619,Science experiments for kids 🔬,115,0,0
CookingWithSarah,122,576,Gaming channel | daily uploads,12,0,0
Easy Profit 2024,225,4,Make money online — click here,23,0,1
FitnessFirst,100,347,Music covers and originals 🎵,3,0,0
Crypto Tips Daily,436,1,Earn $500/day from home,12,0,1
FitnessFirst,100,11,News and current affairs,7,0,0
Free Money Channel,188,4,,2,0,1
BotChannel9999,201,3,,34,0,1
Free Money Channel,265,0,NFT and crypto alpha,43,0,1
Crypto Tips Daily,636,2,Free gift cards daily,42,0,1
Easy Profit 2024,412,2,,8,0,1
MusicMaestro,100,670,Science experiments for kids 🔬,14,0,0
BotChannel9999,162,2,Subscribe for free giveaways,27,0,1
GamingPro,309,509,DIY and home projects,40,0,0
Crypto Tips Daily,823,4,,29,0,1
FitnessFirst,100,389,Travel vlogs from around the world,13,0,0
FitnessFirst,1138,771,True crime documentary channel,335,0,0
FitnessFirst,223,904,Fitness and workout videos 💪,41,0,0
T-Series,28126224,3849,Official YouTube channel of MrBeast. Subscribe!,1908035,1,0
BotChannel9999,997,0,SUBSCRIBE NOW for $100 giveaway,46,0,1
TechWithMike,555,782,Cooking tutorials and recipes 🍳,55,0,0
GamingPro,100,13,Travel vlogs from around the world,27,0,0
GamingPro,100,670,Educational content for students,20,0,0
BotChannel9999,280,4,Free gift cards daily,29,0,1
Free Money Channel,877,0,Free gift cards daily,46,0,1
Crypto Tips Daily,506,3,,29,0,1
Easy Profit 2024,184,3,Earn $500/day from home,4,0,1
FitnessFirst,415,526,Cooking tutorials and recipes 🍳,35,0,0
Crypto Tips Daily,936,4,Subscribe for free giveaways,2,0,1
BotChannel9999,544,2,,12,0,1
Crypto Tips Daily,200,4,,5,0,1
Crypto Tips Daily,587,0,Make money online — click here,41,0,1
BotChannel9999,961,3,NFT and crypto alpha,10,0,1
BotChannel9999,939,3,NFT and crypto alpha,27,0,1
BotChannel9999,167,0,,35,0,1
GamingPro,100,568,Educational content for students,1,0,0
NASA,59891904,1546,"PewDiePie — gaming, vlogs, memes.",15998478,1,0
MusicMaestro,124,229,Tech reviews and unboxings,23,0,0
GamingPro,432,28,Fitness and workout videos 💪,78,0,0
Crypto Tips Daily,189,0,NFT and crypto alpha,41,0,1
Crypto Tips Daily,369,2,,41,0,1
BotChannel9999,476,3,,7,0,1
Free Money Channel,805,2,SUBSCRIBE NOW for $100 giveaway,34,0,1
BBC,149458157,2070,Official YouTube channel of MrBeast. Subscribe!,41528240,1,0
Free Money Channel,46,4,,6,0,1
CookingWithSarah,100,921,Educational content for students,13,0,0
TechWithMike,1091,868,Travel vlogs from around the world,260,0,0
BotChannel9999,133,0,Make money online — click here,48,0,1
CookingWithSarah,284,985,News and current affairs,85,0,0
CookingWithSarah,180,353,Science experiments for kids 🔬,45,0,0
TED,183669761,337,"PewDiePie — gaming, vlogs, memes.",51654803,1,0
CookingWithSarah,132,28,Cooking tutorials and recipes 🍳,7,0,0
CookingWithSarah,100,186,Fitness and workout videos 💪,13,0,0
FitnessFirst,198,913,Fitness and workout videos 💪,14,0,0
Free Money Channel,544,3,,13,0,1
BBC,141118392,3541,"PewDiePie — gaming, vlogs, memes.",19850772,1,0
MusicMaestro,100,964,DIY and home projects,4,0,0
MrBeast,58125935,2244,"PewDiePie — gaming, vlogs, memes.",12483884,1,0
CookingWithSarah,297,391,Tech reviews and unboxings,62,0,0
Crypto Tips Daily,753,2,SUBSCRIBE NOW for $100 giveaway,40,0,1
Free Money Channel,380,2,Crypto investment tips,41,0,1
Free Money Channel,407,0,Earn $500/day from home,26,0,1
Free Money Channel,908,1,Free gift cards daily,32,0,1
TechWithMike,100,652,Tech reviews and unboxings,22,0,0
Easy Profit 2024,257,4,,6,0,1
BotChannel9999,256,4,Crypto investment tips,19,0,1
Easy Profit 2024,440,1,Subscribe for free giveaways,31,0,1
MusicMaestro,176,564,Fitness and workout videos 💪,17,0,0
Crypto Tips Daily,371,4,SUBSCRIBE NOW for $100 giveaway,29,0,1
MusicMaestro,100,411,Science experiments for kids 🔬,5,0,0
CookingWithSarah,159,254,Science experiments for kids 🔬,20,0,0
PewDiePie,233937505,3379,T-Series — Bollywood music and film,60831386,1,0
Free Money Channel,597,3,Subscribe for free giveaways,30,0,1
FitnessFirst,100,204,Music covers and originals 🎵,22,0,0
GamingPro,100,608,Fitness and workout videos 💪,10,0,0
BotChannel9999,453,4,,23,0,1
Easy Profit 2024,927,1,SUBSCRIBE NOW for $100 giveaway,26,0,1
GamingPro,342,197,Science experiments for kids 🔬,93,0,0
Free Money Channel,796,1,NFT and crypto alpha,16,0,1
CookingWithSarah,100,175,Cooking tutorials and recipes 🍳,5,0,0
BotChannel9999,944,0,NFT and crypto alpha,14,0,1
FitnessFirst,100,897,True crime documentary channel,19,0,0
MusicMaestro,143,662,True crime documentary channel,23,0,0
TechWithMike,100,17,Cooking tutorials and recipes 🍳,24,0,0
T-Series,125941423,1366,"PewDiePie — gaming, vlogs, memes.",34490606,1,0
Free Money Channel,414,4,NFT and crypto alpha,25,0,1
CookingWithSarah,146,602,Tech reviews and unboxings,2,0,0
BotChannel9999,810,4,Crypto investment tips,38,0,1
MusicMaestro,100,358,Music covers and originals 🎵,4,0,0
GamingPro,100,430,Music covers and originals 🎵,16,0,0
Crypto Tips Daily,712,2,Subscribe for free giveaways,15,0,1
MusicMaestro,100,971,Tech reviews and unboxings,23,0,0
GamingPro,195,44,Educational content for students,58,0,0
Easy Profit 2024,498,3,SUBSCRIBE NOW for $100 giveaway,18,0,1
Free Money Channel,426,1,Free gift cards daily,22,0,1
MusicMaestro,934,60,News and current affairs,231,0,0
TechWithMike,415,929,News and current affairs,54,0,0
Crypto Tips Daily,567,0,,16,0,1
Crypto Tips Daily,554,1,,32,0,1
T-Series,203172940,4165,T-Series — Bollywood music and film,14626373,1,0
BotChannel9999,812,2,Crypto investment tips,12,0,1
GamingPro,138,148,DIY and home projects,40,0,0
Easy Profit 2024,716,0,Make money online — click here,26,0,1
BotChannel9999,611,2,,14,0,1
NASA,220063489,2707,"PewDiePie — gaming, vlogs, memes.",53455891,1,0
Easy Profit 2024,983,1,NFT and crypto alpha,15,0,1
CookingWithSarah,238,912,Tech reviews and unboxings,38,0,0
BotChannel9999,51,2,,0,0,1
MusicMaestro,100,546,True crime documentary channel,17,0,0
TED,84026763,4418,Official YouTube channel of MrBeast. Subscribe!,12283122,1,0
BotChannel9999,644,2,Free gift cards daily,26,0,1
BotChannel9999,73,4,,37,0,1
Free Money Channel,195,4,,37,0,1
Crypto Tips Daily,582,2,,25,0,1
Free Money Channel,567,3,,47,0,1
Free Money Channel,609,0,,36,0,1
CookingWithSarah,100,585,News and current affairs,13,0,0
Easy Profit 2024,487,1,,19,0,1
BotChannel9999,735,4,SUBSCRIBE NOW for $100 giveaway,20,0,1
